torque,wear_torque_interaction,power,rot_speed,temp_diff,tool_wear,air_temp,type_encoded,process_temp,machine_failure
42.8,0.0,6951.5905601573495,1551.0,10.5,0,298.1,1,308.6,0
46.3,138.89999999999998,6826.722724152667,1408.0,10.5,3,298.2,0,308.7,0
49.4,247.0,7749.387542560966,1498.0,10.399999999999977,5,298.1,0,308.5,0
39.5,276.5,5927.504658915662,1433.0,10.400000000000034,7,298.2,0,308.6,0
40.0,360.0,5897.816608339238,1408.0,10.5,9,298.2,0,308.7,0
41.9,460.9,6252.554778807085,1425.0,10.5,11,298.1,1,308.6,0
42.4,593.6,6917.703247400628,1558.0,10.5,14,298.1,0,308.6,0
40.2,643.2,6428.264055922363,1527.0,10.5,16,298.1,0,308.6,0
28.6,514.8000000000001,4992.6399890359235,1667.0,10.399999999999977,18,298.3,1,308.7,0
28.0,588.0,5104.878622573175,1741.0,10.5,21,298.5,1,309.0,0
23.9,573.5999999999999,4459.993426595285,1782.0,10.5,24,298.4,2,308.9,0
44.3,1284.6999999999998,6601.4181710127195,1423.0,10.5,29,298.6,2,309.1,0
51.1,1737.4,7165.229332576969,1339.0,10.5,34,298.6,1,309.1,0
30.0,1110.0,5472.6544025534195,1742.0,10.599999999999966,37,298.6,1,309.2,0
19.6,784.0,3890.527398254576,1895.5,10.599999999999966,40,298.6,0,309.2,0
48.4,2032.8,7815.528539894543,1542.0,10.599999999999966,42,298.6,0,309.2,0
46.6,2050.4,6397.602111623326,1311.0,10.599999999999966,44,298.6,1,309.2,0
45.6,2143.2000000000003,6733.061375173645,1410.0,10.5,47,298.7,1,309.2,0
54.5,2725.0,7453.6380101520235,1306.0,10.399999999999977,50,298.8,2,309.2,0
32.5,1787.5,5554.335811546754,1632.0,10.400000000000034,55,298.9,1,309.3,0
42.7,2476.6000000000004,6148.358622463024,1375.0,10.400000000000034,58,298.9,2,309.3,0
44.8,2822.3999999999996,6802.595292573098,1450.0,10.5,63,298.8,0,309.3,0
30.7,1995.5,5082.75133831639,1581.0,10.400000000000034,65,298.9,1,309.3,0
25.7,1747.6,4731.3013681593,1758.0,10.399999999999977,68,299.0,0,309.4,0
37.3,2611.0,6097.339157768725,1561.0,10.399999999999977,70,299.0,1,309.4,0
23.3,1700.9,4540.784717670103,1861.0,10.5,73,299.0,0,309.5,0
39.0,2925.0,6175.114519896097,1512.0,10.399999999999977,75,299.1,0,309.5,0
24.6,1894.2,4665.327922433915,1811.0,10.299999999999955,77,299.1,2,309.4,0
44.2,3624.4,6660.574360679816,1439.0,10.299999999999955,82,299.1,0,309.4,0
30.1,2528.4,5336.445417069278,1693.0,10.399999999999977,84,299.0,0,309.4,0
48.2,4145.2,6758.592051471817,1339.0,10.399999999999977,86,299.1,1,309.5,0
25.5,2269.5,4801.296052481281,1798.0,10.399999999999977,89,299.0,0,309.4,0
48.3,4395.3,7177.251160464705,1419.0,10.399999999999977,91,299.0,0,309.4,0
32.5,3022.5,5666.647748912589,1665.0,10.400000000000034,93,298.9,0,309.3,0
34.7,3296.5000000000005,5665.0560086347705,1559.0,10.300000000000011,95,298.8,1,309.1,0
48.6,4762.8,7389.779903480055,1452.0,10.399999999999977,98,298.8,1,309.2,0
36.7,3706.7000000000003,6076.122935381483,1581.0,10.300000000000011,101,298.9,1,309.2,0
39.2,4076.8,5907.115722593864,1439.0,10.300000000000011,104,298.8,0,309.1,0
50.7,5374.200000000001,7321.513095117549,1379.0,10.300000000000011,106,298.9,2,309.2,0
52.5,5827.5,7422.012644105886,1350.0,10.300000000000011,111,298.8,0,309.1,0
45.4,5130.2,6475.3251138731375,1362.0,10.300000000000011,113,298.8,0,309.1,0
50.8,5842.0,7277.436550187683,1368.0,10.300000000000011,115,298.8,0,309.1,0
49.1,5744.7,7033.900287681403,1368.0,10.300000000000011,117,298.8,1,309.1,0
48.5,5820.0,6968.2619451724,1372.0,10.399999999999977,120,298.8,2,309.2,0
47.5,5937.5,7322.005277966611,1472.0,10.300000000000011,125,298.8,1,309.1,0
49.1,6284.8,7656.050824822814,1489.0,10.300000000000011,128,298.8,0,309.1,0
25.8,3354.0,4979.36152408675,1843.0,10.300000000000011,130,298.7,1,309.0,0
46.3,6157.9,6875.20797077307,1418.0,10.300000000000011,133,298.8,0,309.1,0
53.9,7276.5,8043.262591353267,1425.0,10.399999999999977,135,298.8,2,309.2,0
44.1,6174.0,6520.815375497118,1412.0,10.300000000000011,140,298.9,1,309.2,0
12.800000000000011,1830.4000000000017,2540.7525866152355,1895.5,10.200000000000045,143,298.9,0,309.1,1
54.9,7960.5,7951.02543104387,1383.0,10.200000000000045,145,298.9,0,309.1,0
43.8,6438.599999999999,6866.327735538923,1497.0,10.199999999999989,147,298.8,2,309.0,0
35.1,5335.2,5752.41322835559,1565.0,10.300000000000011,152,298.7,0,309.0,0
30.1,4635.400000000001,5330.141287811075,1691.0,10.300000000000011,154,298.7,0,309.0,0
40.7,6349.200000000001,6444.286178455671,1512.0,10.300000000000011,156,298.8,0,309.1,0
42.4,6699.2,6558.053720417668,1477.0,10.300000000000011,158,298.8,0,309.1,0
40.3,6448.0,6385.171876690622,1513.0,10.300000000000011,160,298.8,0,309.1,0
29.5,4779.0,5131.215640985769,1661.0,10.199999999999989,162,298.8,1,309.0,0
54.4,8976.0,7850.127946986078,1378.0,10.300000000000011,165,298.8,0,309.1,0
52.6,8784.2,7673.004953176687,1393.0,10.300000000000011,167,298.8,0,309.1,0
38.2,6455.8,6368.469075749037,1592.0,10.199999999999989,169,298.8,1,309.0,0
22.9,3938.7999999999997,4386.092695407341,1829.0,10.199999999999989,172,298.8,0,309.0,0
25.9,4506.599999999999,4914.581883569728,1812.0,10.100000000000023,174,298.9,1,309.0,0
38.6,6832.2,6156.244020023535,1523.0,10.100000000000023,177,299.0,0,309.1,0
45.1,8072.900000000001,6583.668172519938,1394.0,10.100000000000023,179,299.0,0,309.1,0
28.7,5194.7,5046.162255877581,1679.0,10.0,181,298.9,1,308.9,0
44.1,8114.400000000001,6770.195000339076,1466.0,10.099999999999966,184,298.8,2,308.9,0
32.4,6123.599999999999,5180.988940594142,1527.0,10.099999999999966,189,298.8,0,308.9,0
65.7,12548.7,9700.923955019922,1410.0,10.100000000000023,191,298.9,0,309.0,1
22.6,4361.8,4486.016285742521,1895.5,10.100000000000023,193,298.9,1,309.0,0
45.5,8918.0,6918.415341735442,1452.0,10.200000000000045,196,298.9,0,309.1,0
44.4,8791.199999999999,6365.243707291351,1369.0,10.200000000000045,198,298.9,0,309.1,0
35.0,7000.0,5834.984755267442,1592.0,10.100000000000023,200,299.0,0,309.1,0
32.3,6524.599999999999,5415.299392674381,1601.0,10.100000000000023,202,298.9,0,309.0,0
46.7,9526.800000000001,6743.878925877505,1379.0,10.099999999999966,204,298.8,0,308.9,0
47.9,9867.4,7328.487430808517,1461.0,10.099999999999966,206,298.8,0,308.9,0
41.3,8590.4,6292.767164773034,1455.0,10.099999999999966,208,298.8,0,308.9,1
51.5,0.0,7539.508209350144,1398.0,10.099999999999966,0,298.8,0,308.9,0
37.9,75.8,5564.367964087217,1402.0,10.099999999999966,2,298.8,0,308.9,0
49.9,199.6,7550.870302780627,1445.0,10.0,4,298.8,2,308.8,0
47.5,427.5,7212.573133866566,1450.0,10.0,9,298.9,0,308.9,0
40.8,448.79999999999995,6208.038410905718,1453.0,10.0,11,298.9,0,308.9,0
40.1,521.3000000000001,6168.716142858286,1469.0,10.0,13,299.0,0,309.0,0
47.6,714.0,7088.187008735435,1422.0,10.0,15,298.9,0,308.9,0
26.8,455.6,5062.906944721215,1804.0,10.0,17,299.0,1,309.0,0
43.9,878.0,6601.5752506454,1436.0,10.0,20,299.0,2,309.0,0
31.8,795.0,5141.656200571199,1544.0,10.0,25,299.0,0,309.0,0
45.2,1220.4,6716.599429668834,1419.0,10.0,27,299.0,1,309.0,0
39.5,1185.0,6150.871896585896,1487.0,10.0,30,298.9,1,308.9,0
25.8,851.4,4736.2022526989,1753.0,10.0,33,298.9,0,308.9,0
24.9,871.5,4771.765081537536,1830.0,10.0,35,298.9,0,308.9,0
27.1,1002.7,4901.062563183781,1727.0,10.0,37,298.9,1,308.9,0
43.0,1720.0,6529.276731710786,1450.0,9.899999999999977,40,299.1,0,309.0,0
31.9,1339.8,5418.388625450411,1622.0,9.899999999999977,42,299.0,0,308.9,0
52.2,2296.8,7385.067514499669,1351.0,10.0,44,299.0,1,309.0,0
35.3,1659.1,5822.156585265283,1575.0,10.0,47,299.0,1,309.0,0
29.9,1495.0,5479.461186636197,1750.0,10.0,50,298.9,1,308.9,0
32.7,1733.1000000000001,5235.809732399285,1529.0,9.900000000000034,53,298.9,0,308.8,0
44.4,2442.0,7081.275504897537,1523.0,10.0,55,298.8,0,308.8,0
25.0,1425.0,4848.524662040247,1852.0,10.099999999999966,57,298.8,0,308.9,0
20.7,1221.3,4108.873323666822,1895.5,10.0,59,298.8,0,308.8,0
40.6,2476.6,6611.27229996948,1555.0,10.0,61,298.8,0,308.8,0
40.5,2551.5,6111.4972686609035,1441.0,10.0,63,298.8,1,308.8,0
43.4,2864.4,6590.014189680189,1450.0,9.899999999999977,66,298.8,0,308.7,0
31.1,2114.8,5181.543955296278,1591.0,9.899999999999977,68,298.8,0,308.7,0
48.5,3395.0,7339.022238173556,1445.0,9.899999999999977,70,298.8,0,308.7,0
46.8,3369.6,7336.624155781315,1497.0,10.0,72,298.8,1,308.8,0
32.7,2452.5,5550.84864370127,1621.0,9.900000000000034,75,298.9,2,308.8,0
34.1,2728.0,5613.523417140386,1572.0,9.800000000000011,80,298.9,0,308.7,0
22.5,1845.0,4410.79608564007,1872.0,9.800000000000011,82,298.8,0,308.6,0
43.5,3654.0,6828.408712210095,1499.0,9.900000000000034,84,298.7,2,308.6,0
39.5,3515.5,6196.372630185388,1498.0,9.899999999999977,89,298.8,1,308.7,0
41.9,3854.7999999999997,6520.208000917424,1486.0,9.800000000000011,92,298.8,1,308.6,0
29.4,2793.0,5172.318144870235,1680.0,9.800000000000011,95,298.8,0,308.6,0
45.7,4432.900000000001,6848.326409633854,1431.0,9.800000000000011,97,298.8,0,308.6,0
34.1,3375.9,5584.955867943742,1564.0,9.800000000000011,99,298.9,0,308.7,0
33.0,3333.0,5525.747318399087,1599.0,9.800000000000011,101,298.8,0,308.6,0
28.1,2894.3,5023.0610778981845,1707.0,9.800000000000011,103,298.8,1,308.6,0
40.7,4314.200000000001,6252.491946954014,1467.0,9.800000000000011,106,298.7,0,308.5,0
44.7,4827.6,6707.834386165319,1433.0,9.800000000000011,108,298.9,0,308.7,0
41.2,4532.0,6721.919193228913,1558.0,9.800000000000011,110,298.9,0,308.7,0
50.7,5678.400000000001,6955.171975782443,1310.0,9.800000000000011,112,299.0,0,308.8,0
43.4,4947.599999999999,7026.318577410739,1546.0,9.800000000000011,114,298.9,0,308.7,0
29.4,3410.3999999999996,5317.0199024945805,1727.0,9.800000000000011,116,298.9,0,308.7,0
32.2,3799.6000000000004,5260.282739170751,1560.0,9.700000000000045,118,298.9,0,308.6,0
60.5,7260.0,8419.939550518684,1329.0,9.600000000000023,120,299.0,0,308.6,0
46.5,5673.0,6880.559150259685,1413.0,9.700000000000045,122,298.9,0,308.6,0
38.6,4786.400000000001,6414.943703071142,1587.0,9.600000000000023,124,299.0,0,308.6,0
34.3,4321.799999999999,5599.75276934215,1559.0,9.600000000000023,126,298.9,0,308.5,0
41.1,5260.8,6339.765390870739,1473.0,9.599999999999966,128,298.8,0,308.4,0
27.7,3601.0,5038.580545606917,1737.0,9.599999999999966,130,298.8,0,308.4,0
43.2,5702.400000000001,6518.930419904965,1441.0,9.699999999999989,132,298.7,1,308.4,0
49.6,6696.0,7427.562791127228,1430.0,9.699999999999989,135,298.7,1,308.4,0
53.0,7314.0,7598.151272217154,1369.0,9.599999999999966,138,298.8,0,308.4,0
28.5,3990.0,5106.501778777529,1711.0,9.699999999999989,140,298.8,1,308.5,0
45.7,6535.1,6795.683788735201,1420.0,9.800000000000011,143,298.7,2,308.5,0
55.3,8184.4,7510.930188177988,1297.0,9.900000000000034,148,298.7,0,308.6,0
49.4,7410.0,7495.902903318317,1449.0,9.800000000000011,150,298.8,2,308.6,0
55.8,8649.0,7409.383441638454,1268.0,9.800000000000011,155,298.8,0,308.6,0
36.1,5667.7,5712.158954487593,1511.0,9.800000000000011,157,298.8,0,308.6,0
35.2,5596.8,5691.393027047365,1544.0,9.800000000000011,159,298.7,0,308.5,0
28.2,4540.2,5250.606633797693,1778.0,9.799999999999955,161,298.6,1,308.4,0
50.5,8282.0,7440.705120394745,1407.0,9.799999999999955,164,298.6,2,308.4,0
42.4,7165.599999999999,6176.203605349342,1391.0,9.799999999999955,169,298.6,1,308.4,0
33.6,5779.2,5323.61724706712,1513.0,9.899999999999977,172,298.5,0,308.4,0
36.1,6281.400000000001,6093.977653629385,1612.0,9.899999999999977,174,298.5,2,308.4,0
40.1,7177.900000000001,6361.88220315201,1515.0,10.0,179,298.4,0,308.4,0
48.0,8688.0,6931.610030880519,1379.0,10.0,181,298.3,1,308.3,0
39.9,7341.599999999999,6154.662751721227,1473.0,9.900000000000034,184,298.4,0,308.3,0
42.7,7942.200000000001,6358.520699012669,1422.0,9.900000000000034,186,298.4,0,308.3,0
37.6,7068.8,5760.50806542634,1463.0,9.800000000000011,188,298.4,1,308.2,0
41.0,7831.0,6800.919776491184,1584.0,9.800000000000011,191,298.4,1,308.2,0
27.0,5238.0,5230.751768227005,1850.0,9.800000000000011,194,298.4,0,308.2,0
36.2,7095.200000000001,5792.426646786813,1528.0,9.800000000000011,196,298.4,0,308.2,0
19.8,3920.4,3930.2266574204386,1895.5,9.800000000000011,198,298.4,2,308.2,0
46.0,9338.0,7201.577559579002,1495.0,9.700000000000045,203,298.4,1,308.1,0
43.5,8961.0,6732.747215908285,1478.0,9.800000000000011,206,298.4,2,308.2,0
40.0,8440.0,6278.996516974799,1499.0,9.800000000000011,211,298.4,1,308.2,0
47.0,10058.0,7240.009709707917,1471.0,9.800000000000011,214,298.4,0,308.2,0
60.7,13111.2,8149.0190720486125,1282.0,9.800000000000011,216,298.4,0,308.2,1
52.3,11401.4,7733.302588174585,1412.0,9.800000000000011,218,298.3,0,308.1,1
35.5,0.0,5896.036372502203,1586.0,9.800000000000011,0,298.3,0,308.1,0
43.8,87.6,6733.312702585931,1468.0,9.800000000000011,2,298.4,1,308.2,0
43.6,218.0,6574.725105432719,1440.0,9.800000000000011,5,298.5,1,308.3,0
26.0,208.0,4718.4627261816295,1733.0,9.899999999999977,8,298.5,0,308.4,0
32.6,326.0,5503.148795244265,1612.0,9.800000000000011,10,298.4,2,308.2,0
42.9,643.5,6550.032187175502,1458.0,9.900000000000034,15,298.4,2,308.3,0
62.3,1246.0,9348.950386087232,1433.0,9.900000000000034,20,298.4,0,308.3,1
59.1,1300.2,8157.019661339754,1318.0,9.900000000000034,22,298.4,0,308.3,0
35.0,840.0,5900.958200992828,1610.0,9.800000000000011,24,298.4,1,308.2,0
50.8,1371.6,7777.494324835082,1462.0,9.900000000000034,27,298.2,0,308.1,0
20.8,603.2,4128.722953249754,1895.5,9.899999999999977,29,298.1,1,308.0,0
33.7,1078.4,5614.727694324262,1591.0,9.800000000000011,32,298.2,1,308.0,0
58.3,2040.5,7973.341210859871,1306.0,9.900000000000034,35,298.2,0,308.1,0
43.5,1609.5,6295.437518528586,1382.0,9.900000000000034,37,298.2,0,308.1,0
34.7,1353.3000000000002,5879.4487632912505,1618.0,9.900000000000034,39,298.2,0,308.1,0
21.4,877.4,4247.820730747342,1895.5,10.0,41,298.2,0,308.2,0
50.2,2158.6,7548.953931261937,1436.0,10.0,43,298.2,0,308.2,0
49.8,2241.0,6800.417121666609,1304.0,10.100000000000023,45,298.2,0,308.3,0
49.9,2345.2999999999997,7707.635776194758,1475.0,10.100000000000023,47,298.2,0,308.3,0
24.2,1185.8,4622.413766785878,1824.0,10.100000000000023,49,298.2,2,308.3,0
48.1,2597.4,6759.681136925063,1342.0,10.099999999999966,54,298.1,1,308.2,0
40.7,2319.9,6329.209639554677,1485.0,10.099999999999966,57,298.1,0,308.2,0
30.6,1805.4,5341.775652604869,1667.0,10.0,59,298.2,0,308.2,0
38.2,2330.2000000000003,5784.426057495671,1446.0,10.0,61,298.2,0,308.2,0
56.0,3528.0,7629.462478997932,1301.0,10.199999999999989,63,298.1,0,308.3,0
43.1,2801.5,6224.008173561467,1379.0,10.199999999999989,65,298.2,0,308.4,0
33.6,2251.2000000000003,5650.845537865033,1606.0,10.199999999999989,67,298.3,0,308.5,0
43.4,2994.6,6994.504715805386,1539.0,10.099999999999966,69,298.3,1,308.4,0
49.9,3592.7999999999997,7718.086807755701,1477.0,10.199999999999989,72,298.2,0,308.4,0
34.6,2560.4,6036.423676215621,1666.0,10.199999999999989,74,298.2,0,308.4,0
51.8,3936.7999999999997,7583.427674647329,1398.0,10.199999999999989,76,298.2,2,308.4,0
34.6,2802.6,6079.903318541303,1678.0,10.199999999999989,81,298.2,2,308.4,0
12.800000000000011,1100.800000000001,2540.7525866152355,1895.5,10.300000000000011,86,298.2,1,308.5,1
42.9,3818.1,6527.569799702335,1453.0,10.199999999999989,89,298.3,0,308.5,0
49.5,4504.5,7422.955121901963,1432.0,10.300000000000011,91,298.3,2,308.6,0
40.9,3926.3999999999996,6540.199002169767,1527.0,10.200000000000045,96,298.4,1,308.6,0
35.0,3465.0,5820.3239895506895,1588.0,10.300000000000011,99,298.4,0,308.7,0
47.1,4757.1,7067.986567972853,1433.0,10.200000000000045,101,298.4,0,308.6,0
35.0,3605.0,5897.293009563639,1609.0,10.200000000000045,103,298.4,0,308.6,0
41.2,4326.0,6795.264909714723,1575.0,10.199999999999989,105,298.3,0,308.5,0
35.7,3819.9,6116.178241714753,1636.0,10.100000000000023,107,298.4,1,308.5,0
37.9,4169.0,5913.6292913623065,1490.0,10.100000000000023,110,298.4,0,308.5,0
32.8,3673.5999999999995,5980.000672157146,1741.0,10.100000000000023,112,298.4,0,308.5,0
53.0,6042.0,7459.397596683604,1344.0,10.100000000000023,114,298.5,1,308.6,0
35.3,4130.099999999999,5947.841235359899,1609.0,10.199999999999989,117,298.5,0,308.7,0
60.7,7223.3,9032.571061919716,1421.0,10.300000000000011,119,298.4,1,308.7,1
36.7,4477.400000000001,6114.555085510398,1591.0,10.200000000000045,122,298.4,0,308.6,0
44.0,5456.0,6805.527445716449,1477.0,10.200000000000045,124,298.4,0,308.6,0
36.1,4548.6,5757.523552405431,1523.0,10.300000000000011,126,298.4,0,308.7,0
33.9,4339.2,5591.249525226434,1575.0,10.199999999999989,128,298.5,0,308.7,0
52.9,6877.0,7445.323261595521,1344.0,10.300000000000011,130,298.4,2,308.7,0
44.9,6061.5,6516.856968753595,1386.0,10.300000000000011,135,298.4,0,308.7,0
37.1,5082.7,6173.428531838671,1589.0,10.300000000000011,137,298.3,1,308.6,0
40.3,5642.0,6532.879091286902,1548.0,10.300000000000011,140,298.3,0,308.6,0
38.3,5438.599999999999,6012.13916500337,1499.0,10.300000000000011,142,298.3,0,308.6,0
31.6,4550.400000000001,5506.416051603997,1664.0,10.199999999999989,144,298.3,0,308.5,0
38.1,5562.6,5773.273403575427,1447.0,10.300000000000011,146,298.3,0,308.6,0
46.2,6837.6,6937.767552481556,1434.0,10.199999999999989,148,298.3,1,308.5,0
52.7,7957.700000000001,7814.523230245394,1416.0,10.199999999999989,151,298.3,0,308.5,0
24.3,3717.9,4649.148720267926,1827.0,10.100000000000023,153,298.4,2,308.5,0
45.0,7110.0,6144.955230421635,1304.0,10.200000000000045,158,298.4,0,308.6,0
34.4,5504.0,5652.102174926468,1569.0,10.200000000000045,160,298.4,0,308.6,0
29.3,4746.6,4860.169498809554,1584.0,10.300000000000011,162,298.3,0,308.6,0
53.8,8823.199999999999,7673.40288824614,1362.0,10.199999999999989,164,298.3,0,308.5,0
49.2,8167.200000000001,6847.28968405817,1329.0,10.099999999999966,166,298.3,0,308.4,0
36.1,6064.8,5818.009682962545,1539.0,10.199999999999989,168,298.3,0,308.5,0
37.1,6307.0,6328.832648436246,1629.0,10.199999999999989,170,298.3,1,308.5,0
32.2,5570.6,5186.099264643983,1538.0,10.199999999999989,173,298.3,0,308.5,0
34.8,6089.999999999999,5721.46854071773,1570.0,10.300000000000011,175,298.3,0,308.6,0
43.1,7628.7,6354.897395485529,1408.0,10.099999999999966,177,298.3,0,308.4,0
47.6,8520.4,7098.156329422827,1424.0,10.199999999999989,179,298.2,0,308.4,0
34.9,6316.9,5525.935813958302,1512.0,10.199999999999989,181,298.2,0,308.4,0
42.9,7850.7,6639.881737068171,1478.0,10.199999999999989,183,298.2,0,308.4,0
33.7,6234.500000000001,5928.8136558546585,1680.0,10.199999999999989,185,298.1,1,308.3,0
38.7,7275.6,6058.718512080596,1495.0,10.199999999999989,188,298.1,0,308.3,0
36.6,6954.0,5948.417194013058,1552.0,10.100000000000023,190,298.0,1,308.1,0
50.3,9707.9,7337.493329748808,1393.0,10.200000000000045,193,297.9,0,308.1,0
30.6,5967.0,5162.32788023182,1611.0,10.199999999999989,195,298.0,0,308.2,0
51.6,10165.2,7235.339208629582,1339.0,10.100000000000023,197,298.0,1,308.1,0
24.3,4860.0,4521.91421779754,1777.0,10.100000000000023,200,298.0,0,308.1,0
58.8,11877.599999999999,8300.33911819652,1348.0,10.199999999999989,202,298.0,0,308.2,1
44.1,8996.4,6659.359611520428,1442.0,10.199999999999989,204,298.0,0,308.2,0
49.1,10114.6,7172.727267043536,1395.0,10.199999999999989,206,298.0,1,308.2,0
31.4,6562.599999999999,5349.901905602153,1627.0,10.200000000000045,209,297.9,1,308.1,0
33.5,7102.0,5560.3571974661345,1585.0,10.200000000000045,212,297.9,0,308.1,0
45.5,9737.0,6999.416072320499,1469.0,10.199999999999989,214,298.0,0,308.2,0
56.8,12268.8,8101.28780766507,1362.0,10.300000000000011,216,298.0,0,308.3,1
56.2,12251.6,8268.776584003455,1405.0,10.300000000000011,218,298.0,0,308.3,1
32.7,0.0,5691.246419390197,1662.0,10.300000000000011,0,298.0,0,308.3,0
42.6,85.2,6539.916258830944,1466.0,10.199999999999989,2,298.0,1,308.2,0
35.8,179.0,6073.326917919787,1620.0,10.199999999999989,5,298.0,0,308.2,0
48.2,337.40000000000003,6849.446911013634,1357.0,10.199999999999989,7,298.0,0,308.2,0
37.9,341.09999999999997,6008.882380619149,1514.0,10.199999999999989,9,298.0,0,308.2,0
40.4,444.4,6299.479701076205,1489.0,10.199999999999989,11,298.0,0,308.2,0
63.0,819.0,8781.06562604883,1331.0,10.199999999999989,13,298.1,0,308.3,0
29.5,442.5,4989.110933288391,1615.0,10.0,15,298.0,0,308.0,0
37.9,644.3,5881.878261610025,1482.0,10.099999999999966,17,298.1,0,308.2,0
63.9,1214.1,9502.061140047688,1420.0,10.099999999999966,19,298.1,1,308.2,1
49.1,1080.2,7825.728244043198,1522.0,10.100000000000023,22,298.2,1,308.3,0
32.1,802.5,5559.927846470144,1654.0,10.099999999999966,25,298.1,0,308.2,0
26.8,723.6,4872.065662991147,1736.0,10.099999999999966,27,298.1,1,308.2,0
32.3,968.9999999999999,5367.945119409272,1587.0,10.100000000000023,30,298.0,1,308.1,0
47.5,1567.5,6914.121831775536,1390.0,10.099999999999966,33,298.1,0,308.2,0
37.1,1298.5,5648.9396383218545,1454.0,10.100000000000023,35,298.0,0,308.1,0
43.7,1616.9,6589.80475016995,1440.0,10.100000000000023,37,298.0,2,308.1,0
21.1,886.2,4188.271841998549,1895.5,10.100000000000023,42,297.9,0,308.0,0
24.8,1091.2,4674.689868541612,1800.0,10.100000000000023,44,297.9,2,308.0,0
37.0,1813.0,5904.937551687375,1524.0,10.0,49,298.0,0,308.0,0
39.6,2019.6000000000001,6303.291500162561,1520.0,10.0,51,298.0,2,308.0,0
40.8,2284.7999999999997,6203.765844896836,1452.0,10.0,56,298.1,1,308.1,0
40.4,2383.6,6278.326310542034,1484.0,10.0,59,298.1,0,308.1,0
46.0,2806.0,6869.197056829202,1426.0,9.899999999999977,61,298.1,0,308.0,0
28.5,1795.5,4930.415510543821,1652.0,9.899999999999977,63,298.1,0,308.0,0
54.7,3555.5,8025.16701766859,1401.0,10.0,65,298.0,0,308.0,0
26.6,1782.2,4874.704600820162,1750.0,9.899999999999977,67,298.0,1,307.9,0
50.7,3549.0,7852.442253574224,1479.0,10.0,70,298.0,2,308.0,0
29.4,2205.0,4987.5924968391555,1620.0,10.0,75,298.0,1,308.0,0
23.4,1825.1999999999998,4457.35448876627,1819.0,10.100000000000023,78,298.0,0,308.1,0
43.7,3496.0,6663.024802949616,1456.0,10.0,80,298.1,1,308.1,0
36.5,3029.5,6215.012746596687,1626.0,9.899999999999977,83,298.1,0,308.0,0
49.8,4233.0,7248.910888893089,1390.0,10.0,85,298.1,1,308.1,0
43.0,3784.0,6614.832771643549,1469.0,10.0,88,298.2,0,308.2,0
19.2,1728.0,3811.1288799228496,1895.5,10.100000000000023,90,298.2,0,308.3,0
36.0,3312.0,5911.2207369945545,1568.0,10.100000000000023,92,298.2,0,308.3,0
33.2,3120.8,5524.4697373866275,1589.0,10.100000000000023,94,298.2,0,308.3,0
31.6,3033.6000000000004,5973.005392515153,1805.0,10.100000000000023,96,298.2,0,308.3,0
42.2,4135.6,6120.555527478755,1385.0,10.199999999999989,98,298.2,2,308.4,0
46.7,4810.1,7022.632442030527,1436.0,10.299999999999955,103,298.1,0,308.4,0
45.6,4788.0,6866.767558510426,1438.0,10.299999999999955,105,298.1,0,308.4,0
42.6,4558.2,6571.143689807626,1473.0,10.300000000000011,107,298.0,0,308.3,0
40.2,4381.8,5619.9950980067815,1335.0,10.299999999999955,109,298.1,0,308.4,0
44.8,4972.799999999999,6530.491480870174,1392.0,10.399999999999977,111,298.1,2,308.5,0
51.1,5927.6,7341.81825563525,1372.0,10.399999999999977,116,298.1,1,308.5,0
30.7,3653.2999999999997,5516.76236340982,1716.0,10.5,119,298.1,1,308.6,0
46.2,5636.400000000001,6749.083497706953,1395.0,10.5,122,298.0,0,308.5,0
25.3,3137.2000000000003,4538.438995155423,1713.0,10.5,124,298.0,0,308.5,0
18.7,2356.2,3711.880732008192,1895.5,10.600000000000023,126,297.9,2,308.5,0
35.6,4663.6,5841.812483301244,1567.0,10.5,131,297.8,1,308.3,0
38.3,5132.2,6505.463459396576,1622.0,10.599999999999966,134,297.8,0,308.4,0
27.1,3685.6000000000004,4937.9553329124365,1740.0,10.699999999999989,136,297.7,0,308.4,0
35.1,4843.8,5557.603067906488,1512.0,10.599999999999966,138,297.8,2,308.4,0
43.5,6220.5,6737.30252525599,1479.0,10.599999999999966,143,297.8,1,308.4,0
27.5,4015.0,5002.200902678348,1737.0,10.599999999999966,146,297.8,0,308.4,0
19.2,2841.6,3811.1288799228496,1895.5,10.599999999999966,148,297.8,0,308.4,0
47.1,7065.0,6776.98084047083,1374.0,10.599999999999966,150,297.8,0,308.4,0
36.6,5563.2,6051.9012560223055,1579.0,10.599999999999966,152,297.8,1,308.4,0
47.2,7316.0,6450.3180363505635,1305.0,10.600000000000023,155,297.9,0,308.5,0
40.8,6405.599999999999,6190.94814687019,1449.0,10.600000000000023,157,297.9,1,308.5,0
41.8,6688.0,6679.738075866713,1526.0,10.600000000000023,160,298.0,2,308.6,0
44.1,7276.5,6710.159164728975,1453.0,10.600000000000023,165,298.0,1,308.6,0
36.0,6048.0,5534.22961856378,1468.0,10.700000000000045,168,297.9,0,308.6,0
50.8,8636.0,6984.849554383353,1313.0,10.600000000000023,170,298.0,0,308.6,0
53.0,9116.0,7215.191127744558,1300.0,10.600000000000023,172,297.9,1,308.5,0
40.6,7105.0,6998.1699072345755,1646.0,10.5,175,297.9,0,308.4,0
33.2,5876.400000000001,5959.056721133215,1714.0,10.599999999999966,177,297.8,0,308.4,0
28.4,5083.599999999999,5011.259161496198,1685.0,10.599999999999966,179,297.8,0,308.4,0
39.9,7221.9,6317.617162662929,1512.0,10.599999999999966,181,297.8,0,308.4,0
32.1,5874.3,5418.744672617819,1612.0,10.599999999999966,183,297.8,0,308.4,0
38.2,7067.000000000001,6200.456700635055,1550.0,10.599999999999966,185,297.8,2,308.4,0
32.5,6175.0,5166.349118828414,1518.0,10.599999999999966,190,297.8,0,308.4,0
40.0,7680.0,6065.368216530694,1448.0,10.699999999999989,192,297.8,0,308.5,0
46.3,8982.199999999999,7568.546997444824,1561.0,10.699999999999989,194,297.8,0,308.5,0
41.9,8212.4,6528.983516396451,1488.0,10.699999999999989,196,297.8,1,308.5,0
27.8,5532.2,4946.144417762795,1699.0,10.699999999999989,199,297.8,0,308.5,0
41.4,8321.4,6507.432190792825,1501.0,10.800000000000011,201,297.7,0,308.5,0
56.7,11510.1,8152.338688285906,1373.0,10.800000000000011,203,297.7,0,308.5,1
31.4,6437.0,5599.80512921971,1703.0,10.799999999999955,205,297.6,2,308.4,0
29.9,6279.0,5385.527566293862,1720.0,10.800000000000011,210,297.7,2,308.5,0
41.9,9008.5,6134.085319840214,1398.0,10.799999999999955,215,297.6,1,308.4,0
51.9,11314.199999999999,7560.022809378085,1391.0,10.799999999999955,218,297.6,1,308.4,0
40.2,0.0,6474.571131636277,1538.0,10.699999999999989,0,297.6,1,308.3,0
31.3,93.9,5398.418568149093,1647.0,10.699999999999989,3,297.5,0,308.2,0
44.8,224.0,6891.732748130952,1469.0,10.600000000000023,5,297.5,1,308.1,0
25.9,207.2,4743.710659140979,1749.0,10.700000000000045,8,297.4,0,308.1,0
20.5,205.0,4069.174064500959,1895.5,10.599999999999966,10,297.6,1,308.2,0
27.7,360.09999999999997,5053.084231690991,1742.0,10.699999999999989,13,297.6,0,308.3,0
38.2,573.0,6252.460531027478,1563.0,10.699999999999989,15,297.5,0,308.2,0
32.2,547.4000000000001,5776.195084743265,1713.0,10.699999999999989,17,297.5,1,308.2,0
39.4,788.0,6081.662610427313,1474.0,10.700000000000045,20,297.4,0,308.1,0
32.6,717.2,5223.21194585839,1530.0,10.800000000000011,22,297.4,1,308.2,0
46.5,1162.5,7162.988329817407,1471.0,10.800000000000011,25,297.4,0,308.2,0
48.6,1312.2,7064.059577155866,1388.0,10.800000000000011,27,297.5,0,308.3,0
13.8,400.20000000000005,2739.248882444548,1895.5,10.699999999999989,29,297.5,1,308.2,0
32.9,1052.8,5460.768710347338,1585.0,10.800000000000011,32,297.5,0,308.3,0
45.2,1536.8000000000002,6905.932746925179,1459.0,10.800000000000011,34,297.5,1,308.3,0
40.8,1509.6,6596.84191771399,1544.0,10.800000000000011,37,297.5,0,308.3,0
31.7,1236.3,5367.819455703128,1617.0,10.699999999999989,39,297.6,0,308.3,0
34.3,1406.3,5729.060722963905,1595.0,10.699999999999989,41,297.6,0,308.3,0
44.3,1904.8999999999999,6494.719212521298,1400.0,10.699999999999989,43,297.6,2,308.3,0
31.0,1488.0,5229.809290430929,1611.0,10.799999999999955,48,297.6,1,308.4,0
46.0,2346.0,7259.3828644050545,1507.0,10.799999999999955,51,297.6,1,308.4,0
30.0,1620.0,5259.026102109314,1674.0,10.800000000000011,54,297.5,2,308.3,0
34.3,2023.6999999999998,5955.349641801979,1658.0,10.699999999999989,59,297.6,0,308.3,0
36.9,2250.9,6271.529998434768,1623.0,10.699999999999989,61,297.6,0,308.3,0
48.9,3080.7,7158.872843441204,1398.0,10.799999999999955,63,297.6,1,308.4,0
34.2,2257.2000000000003,5433.007503265117,1517.0,10.799999999999955,66,297.6,0,308.4,0
36.7,2495.6000000000004,5637.99642391185,1467.0,10.699999999999989,68,297.6,1,308.3,0
34.6,2456.6,5677.716627028738,1567.0,10.699999999999989,71,297.6,1,308.3,0
38.2,2826.8,6084.4481559134965,1521.0,10.800000000000011,74,297.5,1,308.3,0
36.8,2833.6,6150.484433491953,1596.0,10.800000000000011,77,297.5,0,308.3,0
30.9,2441.1,5306.778310443879,1640.0,10.699999999999989,79,297.6,2,308.3,0
47.8,4015.2,7198.058975806981,1438.0,10.699999999999989,84,297.6,0,308.3,0
55.2,4747.2,8133.206389025544,1407.0,10.799999999999955,86,297.6,0,308.4,0
57.5,5060.0,8146.935148921731,1353.0,10.799999999999955,88,297.6,0,308.4,0
40.9,3681.0,6647.274951779618,1552.0,10.899999999999977,90,297.6,1,308.5,0
38.3,3561.8999999999996,6292.892828479178,1569.0,10.799999999999955,93,297.6,1,308.4,0
39.5,3792.0,6159.144757240349,1489.0,10.899999999999977,96,297.5,0,308.4,0
36.1,3537.8,5999.468074633892,1587.0,10.899999999999977,98,297.5,2,308.4,0
37.2,3831.6000000000004,6318.622472312079,1622.0,10.800000000000011,103,297.5,1,308.3,0
38.1,4038.6000000000004,6399.675562774695,1604.0,10.899999999999977,106,297.5,0,308.4,0
51.7,5583.6,7606.6859322594055,1405.0,10.900000000000034,108,297.4,1,308.3,0
42.0,4662.0,6210.300357616303,1412.0,10.900000000000034,111,297.4,0,308.3,0
43.0,4859.0,6443.720691778024,1431.0,10.900000000000034,113,297.4,0,308.3,0
37.4,4301.0,6004.023383981596,1533.0,10.800000000000011,115,297.4,0,308.2,0
51.9,6072.3,7614.3723622851885,1401.0,10.800000000000011,117,297.4,1,308.2,0
53.9,6468.0,8037.6181965523165,1424.0,10.800000000000011,120,297.4,1,308.2,0
29.4,3616.2,5400.146444108566,1754.0,10.899999999999977,123,297.3,0,308.2,0
26.8,3350.0,4922.582472860871,1754.0,10.899999999999977,125,297.3,0,308.2,0
12.800000000000011,1625.6000000000015,2540.7525866152355,1895.5,10.800000000000011,127,297.5,0,308.3,1
40.4,5211.599999999999,6540.628353165757,1546.0,11.0,129,297.5,0,308.5,0
48.0,6288.0,6710.441908067798,1335.0,11.0,131,297.5,0,308.5,0
27.0,3591.0,5208.132301121159,1842.0,11.100000000000023,133,297.5,1,308.6,0
26.8,3644.8,4804.709916498181,1712.0,11.0,136,297.5,0,308.5,0
45.4,6265.2,6722.547511759631,1414.0,11.0,138,297.6,1,308.6,0
50.9,7176.9,7030.580671444109,1319.0,11.099999999999966,141,297.6,0,308.7,0
60.4,8637.199999999999,7900.016438325084,1249.0,11.0,143,297.7,0,308.7,0
48.2,6989.0,7344.101146296859,1455.0,11.099999999999966,145,297.6,0,308.7,0
54.8,8055.599999999999,8080.008753424756,1408.0,11.099999999999966,147,297.6,1,308.7,0
46.7,7005.0,7140.002343568643,1460.0,11.099999999999966,150,297.6,0,308.7,0
38.1,5791.2,5948.825601058024,1491.0,11.0,152,297.6,0,308.6,0
43.4,6683.599999999999,6771.807684567919,1490.0,10.899999999999977,154,297.6,1,308.5,0
52.2,8195.4,7379.601143282423,1350.0,10.899999999999977,157,297.5,1,308.4,0
39.9,6384.0,6384.470254331321,1528.0,10.899999999999977,160,297.5,0,308.4,0
37.7,6107.400000000001,6202.205520545554,1571.0,10.900000000000034,162,297.4,0,308.3,0
42.6,6986.400000000001,6646.981736465284,1490.0,10.900000000000034,164,297.4,0,308.3,0
28.9,4797.4,5368.8352373277885,1774.0,10.900000000000034,166,297.4,1,308.3,0
43.6,7368.400000000001,6857.803547472184,1502.0,10.900000000000034,169,297.4,2,308.3,0
49.7,8647.800000000001,7244.763986590351,1392.0,11.0,174,297.4,0,308.4,0
16.9,2974.3999999999996,3354.5873995154247,1895.5,11.100000000000023,176,297.4,0,308.5,0
30.4,5411.2,5481.953516808045,1722.0,11.0,178,297.5,0,308.5,0
32.3,5813.999999999999,5675.747895632487,1678.0,11.200000000000045,180,297.4,0,308.6,0
59.8,10883.6,7971.833246386147,1273.0,11.300000000000011,182,297.3,0,308.6,0
45.9,8445.6,6234.207877710121,1297.0,11.300000000000011,184,297.3,0,308.6,0
57.6,10713.6,8143.008158104743,1350.0,11.199999999999989,186,297.3,0,308.5,0
51.9,9757.199999999999,7820.900663332181,1439.0,11.200000000000045,188,297.4,0,308.6,0
42.1,7999.0,7053.922704860282,1600.0,11.100000000000023,190,297.4,1,308.5,0
44.4,8569.199999999999,6667.464920566689,1434.0,11.200000000000045,193,297.4,1,308.6,0
41.3,8094.799999999999,6310.066868318802,1459.0,11.200000000000045,196,297.4,0,308.6,0
44.9,8890.199999999999,6921.221831172649,1472.0,11.100000000000023,198,297.5,1,308.6,0
44.3,8904.3,6629.252681923525,1429.0,11.199999999999989,201,297.5,0,308.7,0
48.2,9784.6,7005.91916911343,1388.0,11.100000000000023,203,297.5,0,308.6,0
34.5,7072.5,5682.984030711256,1573.0,11.0,205,297.4,0,308.4,0
32.5,6727.5,5404.58656172564,1588.0,11.0,207,297.4,0,308.4,0
42.8,8945.199999999999,6772.310339392492,1511.0,10.899999999999977,209,297.5,0,308.4,0
37.8,7975.799999999999,5917.818081567092,1495.0,11.100000000000023,211,297.4,0,308.5,0
50.1,10671.300000000001,7313.564865703967,1394.0,11.0,213,297.4,0,308.4,0
17.7,0.0,3513.384436178877,1895.5,11.0,0,297.4,0,308.4,0
38.2,76.4,6004.442263002076,1501.0,11.0,2,297.3,1,308.3,0
39.6,198.0,5395.119895862823,1301.0,11.0,5,297.3,1,308.3,0
31.1,248.8,5396.491724654891,1657.0,11.0,8,297.3,1,308.3,0
55.2,607.2,7705.447133312758,1333.0,11.0,11,297.3,0,308.3,0
43.9,570.6999999999999,6822.240718633547,1484.0,11.0,13,297.3,0,308.3,0
45.7,685.5,6843.540716824886,1430.0,11.099999999999966,15,297.3,0,308.4,0
28.9,491.29999999999995,5038.957536725348,1665.0,11.099999999999966,17,297.3,1,308.4,0
44.9,898.0,7057.577424313958,1501.0,11.100000000000023,20,297.4,0,308.5,0
42.2,928.4000000000001,6611.083804410265,1496.0,11.0,22,297.5,1,308.5,0
36.9,922.5,6163.333547445135,1595.0,11.0,25,297.6,1,308.6,0
62.3,1744.3999999999999,7881.041218697402,1208.0,11.100000000000023,28,297.5,0,308.6,0
37.1,1113.0,6200.624252243247,1596.0,11.100000000000023,30,297.5,0,308.6,0
41.9,1340.8,6344.697691336874,1446.0,11.0,32,297.5,0,308.5,0
39.7,1349.8000000000002,6094.710691915223,1466.0,10.899999999999977,34,297.6,1,308.5,0
23.7,876.9,4586.473946828811,1848.0,10.899999999999977,37,297.6,1,308.5,0
44.7,1788.0,6946.564011911607,1484.0,11.0,40,297.5,1,308.5,0
41.2,1771.6000000000001,6441.479689018464,1493.0,10.900000000000034,43,297.4,0,308.3,0
36.3,1633.4999999999998,5717.195974708849,1504.0,11.0,45,297.3,0,308.3,0
38.5,1809.5,6200.770859900414,1538.0,11.0,47,297.3,0,308.3,0
52.2,2557.8,7330.403802327207,1341.0,11.0,49,297.4,0,308.4,0
34.6,1764.6000000000001,5561.77091416025,1535.0,10.900000000000034,51,297.4,1,308.3,0
39.2,2116.8,5701.865002559331,1389.0,11.100000000000023,54,297.4,0,308.5,0
46.6,2609.6,6797.7572398865705,1393.0,11.0,56,297.5,2,308.5,0
61.5,3751.5,9009.930650862847,1399.0,11.100000000000023,61,297.4,0,308.5,1
45.1,2841.3,6937.882744212187,1469.0,11.100000000000023,63,297.4,2,308.5,0
37.2,2529.6000000000004,6162.7994766940255,1582.0,11.0,68,297.4,0,308.4,0
26.7,1869.0,5013.259308818984,1793.0,11.100000000000023,70,297.5,0,308.6,0
39.0,2808.0,5930.070292916093,1452.0,11.100000000000023,72,297.5,0,308.6,0
59.9,4432.599999999999,8631.253544374644,1376.0,11.099999999999966,74,297.6,1,308.7,0
44.9,3457.2999999999997,7297.375191562467,1552.0,11.100000000000023,77,297.5,0,308.6,0
37.9,2994.1,6437.52128227494,1622.0,11.099999999999966,79,297.6,0,308.7,0
41.7,3377.7000000000003,6196.508765867044,1419.0,11.099999999999966,81,297.6,1,308.7,0
46.1,3872.4,6951.716223863494,1440.0,11.100000000000023,84,297.5,2,308.6,0
31.0,2759.0,5333.6912875096305,1643.0,11.200000000000045,89,297.4,1,308.6,0
36.2,3330.4,5724.191254350843,1510.0,11.300000000000011,92,297.4,0,308.7,0
46.6,4380.400000000001,7163.752784029782,1468.0,11.300000000000011,94,297.4,0,308.7,0
57.4,5510.4,8589.596025788043,1429.0,11.300000000000011,96,297.4,0,308.7,0
47.6,4664.8,7367.3279879823995,1478.0,11.399999999999977,98,297.3,2,308.7,0
53.6,5520.8,7162.161043751963,1276.0,11.200000000000045,103,297.4,0,308.6,0
42.6,4473.0,6629.137490192894,1486.0,11.300000000000011,105,297.3,0,308.6,0
42.3,4526.099999999999,6538.156966944933,1476.0,11.200000000000045,107,297.4,0,308.6,0
42.0,4578.0,6293.866722201791,1431.0,11.300000000000011,109,297.3,2,308.6,0
40.2,4582.8,5902.047286446073,1402.0,11.300000000000011,114,297.4,0,308.7,0
43.4,5034.4,6512.751954352903,1433.0,11.300000000000011,116,297.4,0,308.7,0
12.800000000000011,1510.4000000000015,2540.7525866152355,1895.5,11.300000000000011,118,297.4,0,308.7,1
35.7,4284.0,5648.866334493271,1511.0,11.300000000000011,120,297.3,0,308.6,0
42.9,5233.8,6541.047232186236,1456.0,11.300000000000011,122,297.3,1,308.6,0
41.5,5187.5,6736.098248072114,1550.0,11.300000000000011,125,297.2,0,308.5,0
16.5,2095.5,3275.188881183699,1895.5,11.300000000000011,127,297.2,0,308.5,0
31.6,4076.4,5357.504559823841,1619.0,11.399999999999977,129,297.3,0,308.7,0
32.7,4283.700000000001,5430.996883966819,1586.0,11.5,131,297.3,1,308.8,0
44.2,5922.8,6938.291151257154,1499.0,11.5,134,297.3,2,308.8,0
42.4,5893.599999999999,6300.526898627401,1419.0,11.5,139,297.3,2,308.8,0
41.8,6019.2,6552.7967887106615,1497.0,11.600000000000023,144,297.4,1,309.0,0
37.0,5439.0,5889.439027929665,1520.0,11.600000000000023,147,297.4,1,309.0,0
49.8,7470.0,7707.834743729484,1478.0,11.700000000000045,150,297.4,0,309.1,0
41.1,6247.2,5939.495070876863,1380.0,11.700000000000045,152,297.4,0,309.1,0
37.9,5836.599999999999,6231.139588885115,1570.0,11.600000000000023,154,297.4,0,309.0,0
41.4,6458.4,6364.364061348346,1468.0,11.600000000000023,156,297.4,2,309.0,0
22.6,3638.6000000000004,4338.0996316360015,1833.0,11.600000000000023,161,297.4,0,309.0,0
57.3,9339.9,7938.584724135655,1323.0,11.5,163,297.4,1,308.9,0
32.0,5312.0,5304.683915341485,1583.0,11.600000000000023,166,297.4,0,309.0,0
39.5,6636.0,6436.285589164529,1556.0,11.699999999999989,168,297.3,1,309.0,0
37.4,6395.4,6062.771166603726,1548.0,11.699999999999989,171,297.3,0,309.0,0
56.9,9843.699999999999,7889.125583792639,1324.0,11.600000000000023,173,297.4,0,309.0,0
33.7,5897.500000000001,5533.559412131014,1568.0,11.600000000000023,175,297.4,0,309.0,0
30.7,5433.9,5417.10057246244,1685.0,11.600000000000023,177,297.4,1,309.0,0
35.9,6462.0,5947.4328283149325,1582.0,11.700000000000045,180,297.4,1,309.1,0
35.0,6405.0,5362.175060902178,1463.0,11.700000000000045,183,297.4,1,309.1,0
42.8,7960.799999999999,7099.496742288357,1584.0,11.800000000000011,186,297.4,0,309.2,0
55.8,10490.4,7871.009066156938,1347.0,11.699999999999989,188,297.5,1,309.2,0
37.9,7238.9,5790.5940510722185,1459.0,11.800000000000011,191,297.4,0,309.2,0
45.6,8800.800000000001,6780.813583508209,1420.0,11.800000000000011,193,297.4,0,309.2,0
43.5,8482.5,6395.654324178101,1404.0,11.800000000000011,195,297.5,0,309.3,0
38.8,7643.599999999999,5972.795953004914,1470.0,11.800000000000011,197,297.5,0,309.3,0
49.8,9910.199999999999,6915.148085375709,1326.0,11.799999999999955,199,297.6,0,309.4,0
49.7,9989.7,7593.470299163305,1459.0,11.800000000000011,201,297.5,2,309.3,0
40.0,8240.0,6408.849013323178,1530.0,11.699999999999989,206,297.5,1,309.2,0
39.2,8192.800000000001,6178.046673039448,1505.0,11.600000000000023,209,297.4,0,309.0,0
30.2,6372.2,5094.84647003271,1611.0,11.600000000000023,211,297.5,0,309.1,0
35.1,7476.3,5568.630058120588,1515.0,11.600000000000023,213,297.5,0,309.1,0
27.4,5891.0,5176.255607662734,1804.0,11.699999999999989,215,297.5,1,309.2,0
46.2,10071.6,7082.909133077404,1464.0,11.699999999999989,218,297.6,1,309.3,0
43.3,9569.3,6302.767901386962,1390.0,11.599999999999966,221,297.6,0,309.2,0
48.1,0.0,7263.383159050625,1442.0,11.599999999999966,0,297.6,1,309.2,0
41.9,125.69999999999999,6708.881583716515,1529.0,11.699999999999989,3,297.6,1,309.3,0
35.0,210.0,5900.958200992828,1610.0,11.699999999999989,6,297.6,0,309.3,0
34.3,274.4,5542.282567732481,1543.0,11.699999999999989,8,297.6,0,309.3,0
48.2,482.0,7293.626224329183,1445.0,11.599999999999966,10,297.8,2,309.4,0
24.6,369.0,4876.568612461292,1893.0,11.600000000000023,15,297.7,0,309.3,0
41.3,702.0999999999999,6119.770129315356,1415.0,11.699999999999989,17,297.6,1,309.3,0
37.5,750.0,6141.813637768045,1564.0,11.800000000000011,20,297.5,0,309.3,0
39.4,866.8,6102.292402185885,1479.0,11.800000000000011,22,297.5,0,309.3,0
44.8,1075.1999999999998,6690.00061186844,1426.0,11.699999999999989,24,297.5,0,309.2,0
38.8,1008.8,5802.144640061916,1428.0,11.800000000000011,26,297.4,0,309.2,0
33.2,929.6000000000001,5632.247309355782,1620.0,11.800000000000011,28,297.4,0,309.2,0
28.0,840.0,5028.642640846062,1715.0,11.699999999999989,30,297.5,0,309.2,0
29.9,956.8,5423.101014430796,1732.0,11.800000000000011,32,297.5,0,309.3,0
58.2,1978.8000000000002,8477.7134394182,1391.0,11.899999999999977,34,297.5,1,309.4,0
20.6,762.2,4089.023694083891,1895.5,11.899999999999977,37,297.6,0,309.5,0
19.8,772.2,3930.2266574204386,1895.5,11.800000000000011,39,297.7,1,309.5,0
36.2,1520.4,6129.812753831332,1617.0,11.899999999999977,42,297.6,0,309.5,0
35.8,1575.1999999999998,5612.203948225878,1497.0,11.899999999999977,44,297.5,0,309.4,0
43.7,2010.2,6626.414776559784,1448.0,12.0,46,297.5,1,309.5,0
45.9,2249.1,6734.098100749329,1401.0,12.0,49,297.4,0,309.4,0
35.4,1805.3999999999999,6005.468516602248,1620.0,12.0,51,297.4,0,309.4,0
45.5,2411.5,6985.121825746665,1466.0,12.0,53,297.4,0,309.4,0
50.6,2783.0,7275.279323232219,1373.0,11.899999999999977,55,297.6,0,309.5,0
35.8,2040.6,5968.355835387841,1592.0,12.0,57,297.6,1,309.6,0
42.4,2544.0,6895.502659315261,1553.0,12.0,60,297.5,1,309.5,0
36.2,2280.6000000000004,5947.851707335411,1569.0,11.899999999999977,63,297.6,0,309.5,0
32.2,2093.0,5762.707180283854,1709.0,11.899999999999977,65,297.6,1,309.5,0
34.9,2373.2,5661.160433744319,1549.0,11.899999999999977,68,297.6,0,309.5,0
45.4,3178.0,6860.421541350174,1443.0,11.899999999999977,70,297.5,0,309.4,0
29.8,2145.6,5227.0865767978175,1675.0,11.800000000000011,72,297.5,0,309.3,0
33.4,2471.6,5676.66942947754,1623.0,11.800000000000011,74,297.5,0,309.3,0
52.4,3982.4,7490.185204688784,1365.0,11.900000000000034,76,297.4,2,309.3,0
24.8,2008.8,4568.210821535942,1759.0,11.900000000000034,81,297.4,0,309.3,0
43.0,3569.0,6826.47139674038,1516.0,11.900000000000034,83,297.4,2,309.3,0
36.8,3238.3999999999996,5776.676795616815,1499.0,11.900000000000034,88,297.4,1,309.3,0
25.8,2347.8,4795.641185704819,1775.0,11.900000000000034,91,297.4,1,309.3,0
45.5,4277.0,7018.475067752277,1473.0,12.0,94,297.4,0,309.4,0
52.3,5020.799999999999,7097.988777814635,1296.0,12.0,96,297.4,0,309.4,0
24.7,2420.6,4663.60004647444,1803.0,11.899999999999977,98,297.5,0,309.4,0
36.1,3610.0,5908.738878798219,1563.0,11.800000000000011,100,297.5,2,309.3,0
26.6,2793.0,5100.333785200982,1831.0,11.899999999999977,105,297.5,1,309.4,0
22.1,2386.8,4386.768137827864,1895.5,11.799999999999955,108,297.6,0,309.4,0
24.3,2673.0,4603.344299378588,1809.0,11.899999999999977,110,297.5,0,309.4,0
39.3,4401.599999999999,6099.150809532296,1482.0,11.899999999999977,112,297.5,1,309.4,0
53.2,6118.0,7420.693175191379,1332.0,11.900000000000034,115,297.4,0,309.3,0
40.4,4726.8,6079.484439520823,1437.0,11.800000000000011,117,297.4,0,309.2,0
29.4,3498.6,5227.735839279559,1698.0,11.800000000000011,119,297.4,0,309.2,0
54.3,6570.299999999999,7244.324163618847,1274.0,11.800000000000011,121,297.4,0,309.2,0
35.0,4305.0,5944.940498143085,1622.0,11.900000000000034,123,297.4,1,309.3,0
36.0,4536.0,5896.141092257323,1564.0,11.900000000000034,126,297.4,1,309.3,0
45.3,5843.7,6489.525112667363,1368.0,11.899999999999977,129,297.5,2,309.4,0
42.2,5654.8,6801.108272050399,1539.0,12.0,134,297.4,1,309.4,0
50.1,6863.7,7119.445855638653,1357.0,11.899999999999977,137,297.5,0,309.4,0
48.3,6713.7,7248.062658876618,1433.0,11.899999999999977,139,297.5,1,309.4,0
34.6,4913.2,5978.450819781376,1650.0,11.899999999999977,142,297.5,0,309.4,0
40.6,5846.400000000001,6390.187952960855,1503.0,11.899999999999977,144,297.5,0,309.4,0
58.2,8497.2,8032.801087816814,1318.0,11.899999999999977,146,297.5,0,309.4,0
34.4,5091.2,6044.759368723145,1678.0,11.899999999999977,148,297.5,1,309.4,0
30.9,4665.9,5093.212841852844,1574.0,11.899999999999977,151,297.6,0,309.5,0
35.2,5385.6,5636.100996344185,1529.0,11.900000000000034,153,297.7,0,309.6,0
32.1,4975.5,5610.35040856026,1669.0,12.0,155,297.6,2,309.6,0
35.8,5728.0,5885.878556255596,1570.0,12.0,160,297.7,2,309.7,0
33.7,5560.500000000001,5438.274906947636,1541.0,12.099999999999966,165,297.6,1,309.7,0
30.2,5073.599999999999,5313.061495751058,1680.0,12.0,168,297.7,1,309.7,0
22.1,3779.1000000000004,4386.768137827864,1895.5,11.899999999999977,171,297.8,0,309.7,0
35.2,6089.6,5883.07206681839,1596.0,11.900000000000034,173,297.7,1,309.6,0
41.0,7216.0,6431.677919939263,1498.0,12.0,176,297.7,0,309.7,0
29.0,5162.0,5089.798977835943,1676.0,12.0,178,297.8,1,309.8,0
49.0,8869.0,6932.343069166357,1351.0,12.099999999999966,181,297.8,0,309.9,0
45.0,8235.0,6936.636579126263,1472.0,12.0,183,297.9,0,309.9,0
41.7,7714.500000000001,6283.8450416368405,1439.0,12.100000000000023,185,297.9,1,310.0,0
55.4,10415.199999999999,8180.078951417103,1410.0,12.0,188,297.9,1,309.9,0
51.1,9760.1,7705.698460725044,1440.0,12.0,191,297.7,2,309.7,0
37.7,7389.200000000001,6281.164215905777,1591.0,12.0,196,297.7,0,309.7,0
36.8,7286.4,5907.7021532225335,1533.0,12.0,198,297.8,0,309.8,0
31.3,6260.0,5572.138169917096,1700.0,11.899999999999977,200,297.8,1,309.7,0
25.5,5176.5,4801.296052481281,1798.0,12.0,203,297.8,1,309.8,0
42.9,8837.4,6262.513627518965,1394.0,11.899999999999977,206,297.8,0,309.7,0
49.2,10233.6,6909.116227480816,1341.0,11.899999999999977,208,297.8,0,309.7,0
32.2,6762.000000000001,5722.2434669056165,1697.0,11.900000000000034,210,297.7,2,309.6,0
48.2,10363.0,7162.391427213226,1419.0,12.0,215,297.6,2,309.6,0
20.5,4510.0,4069.174064500959,1895.5,11.899999999999977,220,297.6,0,309.5,0
49.8,11055.599999999999,7827.780751243544,1501.0,12.0,222,297.6,0,309.6,1
33.1,7414.400000000001,5625.681380709779,1623.0,11.899999999999977,224,297.6,2,309.5,0
33.4,7648.599999999999,5694.157628582523,1628.0,11.799999999999955,229,297.6,0,309.4,0
40.2,9286.2,6276.7136263131915,1491.0,11.799999999999955,231,297.6,0,309.4,0
36.7,8551.1,5830.157174556426,1517.0,11.899999999999977,233,297.5,0,309.4,0
41.7,9799.5,6659.3910274469645,1525.0,11.800000000000011,235,297.5,2,309.3,0
27.9,6696.0,4873.36418795463,1668.0,12.0,240,297.5,2,309.5,0
50.7,0.0,6965.790558951577,1312.0,12.100000000000023,0,297.5,0,309.6,0
50.4,100.8,6745.125090963429,1278.0,12.0,2,297.6,2,309.6,0
53.1,371.7,7395.623265815731,1330.0,12.0,7,297.6,1,309.6,0
37.3,373.0,5976.251704923862,1530.0,12.0,10,297.6,1,309.6,0
46.6,605.8000000000001,6968.555160486735,1428.0,12.0,13,297.6,2,309.6,0
47.9,862.1999999999999,7423.79287994292,1480.0,11.900000000000034,18,297.7,0,309.6,0
31.1,622.0,5262.963564901814,1616.0,12.0,20,297.7,2,309.7,0
37.3,932.4999999999999,6042.654501645239,1547.0,11.899999999999977,25,297.8,0,309.7,0
16.8,453.6,3334.7377699324934,1895.5,11.800000000000011,27,297.9,0,309.7,0
21.3,617.7,4227.971101164411,1895.5,11.900000000000034,29,297.9,0,309.8,0
67.19999999999999,2083.2,9401.655838838957,1336.0,11.900000000000034,31,297.9,0,309.8,1
33.8,1115.3999999999999,5457.951748934619,1542.0,12.0,33,297.9,0,309.9,0
29.9,1046.5,5300.987307985761,1693.0,11.900000000000034,35,297.9,1,309.8,0
50.5,1919.0,7726.275892606057,1461.0,11.900000000000034,38,297.9,0,309.8,0
33.9,1356.0,5555.749528240869,1565.0,11.899999999999977,40,298.0,1,309.9,0
47.7,2051.1,7008.1706438485035,1403.0,11.899999999999977,43,298.0,0,309.9,0
32.5,1462.5,5544.125635422587,1629.0,11.799999999999955,45,298.1,0,309.9,0
33.7,1583.9,5413.571516714907,1534.0,11.899999999999977,47,298.1,0,310.0,0
40.9,2004.1,6651.557989764013,1553.0,11.899999999999977,49,298.1,0,310.0,0
32.8,1672.8,5368.6048538665245,1563.0,11.799999999999955,51,298.1,0,309.9,0
30.0,1590.0,5133.362395965722,1634.0,11.799999999999955,53,298.1,0,309.9,0
45.2,2486.0,6839.666085885458,1445.0,11.899999999999977,55,298.0,1,309.9,0
30.4,1763.1999999999998,5227.2750723570325,1642.0,11.799999999999955,58,298.1,0,309.9,0
29.1,1746.0,5137.82345753382,1686.0,11.799999999999955,60,298.1,2,309.9,0
43.1,2801.5,6287.196073800669,1393.0,11.899999999999977,65,298.1,1,310.0,0
44.2,3005.6000000000004,6632.802681622083,1433.0,11.800000000000011,68,298.2,2,310.0,0
44.7,3263.1000000000004,7054.22639215013,1507.0,11.699999999999989,73,298.3,0,310.0,0
49.6,3720.0,7214.6046971158885,1389.0,11.800000000000011,75,298.3,1,310.1,0
45.3,3533.3999999999996,6679.277308944186,1408.0,11.800000000000011,78,298.3,0,310.1,0
32.0,2560.0,5780.530482605219,1725.0,11.800000000000011,80,298.4,1,310.2,0
23.7,1967.1,4704.3622111547675,1895.5,11.700000000000045,83,298.4,0,310.1,0
37.6,3196.0,5941.631353881304,1509.0,11.800000000000011,85,298.3,2,310.1,0
36.3,3266.9999999999995,5873.050386253438,1545.0,11.800000000000011,90,298.3,0,310.1,0
35.2,3238.4,5650.845537865033,1533.0,11.700000000000045,92,298.4,0,310.1,0
42.2,3966.8,6429.89768410223,1455.0,11.700000000000045,94,298.4,0,310.1,0
57.8,5548.799999999999,8080.4904642983065,1335.0,11.700000000000045,96,298.4,1,310.1,0
45.9,4544.099999999999,7320.5077854684,1523.0,11.800000000000011,99,298.3,0,310.1,0
47.6,4807.6,7277.604101795875,1460.0,11.699999999999989,101,298.3,0,310.0,0
37.3,3841.8999999999996,6069.996829706983,1554.0,11.600000000000023,103,298.4,0,310.0,0
47.1,4945.5,6998.934361446949,1419.0,11.699999999999989,105,298.3,2,310.0,0
43.9,4829.0,6629.1584341439175,1442.0,11.699999999999989,110,298.3,0,310.0,0
41.6,4659.2,6565.007112157615,1507.0,11.599999999999966,112,298.3,0,309.9,0
23.9,2724.6,4650.2063897946355,1858.0,11.699999999999989,114,298.3,0,310.0,0
43.9,5092.4,6725.699576388732,1463.0,11.599999999999966,116,298.3,0,309.9,0
37.4,4413.2,6207.682363738311,1585.0,11.5,118,298.2,0,309.7,0
37.3,4476.0,5999.687986119643,1536.0,11.600000000000023,120,298.0,0,309.6,0
51.3,6258.599999999999,7537.0891830068795,1403.0,11.600000000000023,122,298.0,0,309.6,0
38.8,4811.2,6155.636645443839,1515.0,11.700000000000045,124,297.9,1,309.6,0
47.9,6083.3,6972.346015622067,1390.0,11.600000000000023,127,297.9,0,309.5,0
58.7,7572.3,7536.282840892458,1226.0,11.599999999999966,129,297.8,1,309.4,0
36.5,4818.0,5714.295237492034,1495.0,11.599999999999966,132,297.8,1,309.4,0
30.2,4077.0,5085.358860218869,1608.0,11.699999999999989,135,297.7,2,309.4,0
44.1,6174.0,6428.452551481579,1392.0,11.699999999999989,140,297.7,0,309.4,0
43.7,6205.400000000001,6685.906069443262,1461.0,11.699999999999989,142,297.7,1,309.4,0
36.9,5350.5,6024.223824744179,1559.0,11.600000000000023,145,297.7,0,309.3,0
48.9,7188.3,7169.114435491908,1400.0,11.600000000000023,147,297.7,2,309.3,0
28.8,4377.6,5223.58893697682,1732.0,11.5,152,297.7,1,309.2,0
33.1,5130.5,5584.08669397625,1611.0,11.599999999999966,155,297.6,0,309.2,0
38.9,6107.3,6122.618506654611,1503.0,11.5,157,297.6,0,309.1,0
44.5,7075.5,6482.100482029379,1391.0,11.5,159,297.7,0,309.2,0
20.1,3236.1000000000004,3989.7755461692336,1895.5,11.5,161,297.8,0,309.3,0
30.9,5036.7,5445.91944907137,1683.0,11.399999999999977,163,297.8,0,309.2,0
38.8,6401.999999999999,5830.586525552416,1435.0,11.400000000000034,165,297.7,0,309.1,0
28.1,4692.7,5096.626705869746,1732.0,11.400000000000034,167,297.7,1,309.1,0
58.6,9962.0,8376.428492266465,1365.0,11.5,170,297.7,0,309.2,0
36.8,6329.599999999999,6019.459075886235,1562.0,11.400000000000034,172,297.7,0,309.1,0
49.1,8543.4,7450.381225767803,1449.0,11.5,174,297.6,0,309.1,0
27.4,4822.4,4877.846193473752,1700.0,11.5,176,297.7,1,309.2,0
45.6,8162.400000000001,6814.240129342405,1427.0,11.399999999999977,179,297.6,1,309.0,0
38.1,6934.2,5900.947729017316,1479.0,11.299999999999955,182,297.6,1,308.9,0
44.0,8140.0,6768.666091914329,1469.0,11.399999999999977,185,297.5,0,308.9,0
47.4,8863.8,6899.565785813903,1390.0,11.399999999999977,187,297.5,0,308.9,0
28.1,5310.900000000001,5087.798830513158,1729.0,11.399999999999977,189,297.5,0,308.9,0
43.5,8308.5,6696.304741126643,1470.0,11.5,191,297.5,0,309.0,0
48.5,9360.5,7410.126951899804,1459.0,11.399999999999977,193,297.5,0,308.9,0
24.0,4680.0,4368.070425551248,1738.0,11.399999999999977,195,297.5,0,308.9,0
37.7,7426.900000000001,5807.412043744436,1471.0,11.399999999999977,197,297.5,2,308.9,0
25.4,5130.799999999999,4846.30460323171,1822.0,11.399999999999977,202,297.6,0,309.0,0
34.8,7099.2,5663.160581067104,1554.0,11.399999999999977,204,297.5,0,308.9,0
43.2,8899.2,6482.73927253561,1433.0,11.299999999999955,206,297.6,1,308.9,0
47.7,9969.300000000001,7237.94673053206,1449.0,11.299999999999955,209,297.6,0,308.9,0
41.2,0.0,6281.844894314055,1456.0,11.199999999999989,0,297.8,0,309.0,0
45.5,91.0,6785.002373712996,1424.0,11.300000000000011,2,297.8,1,309.1,0
34.7,173.5,5730.46396768251,1577.0,11.300000000000011,5,297.9,2,309.2,0
39.7,397.0,6144.599183254229,1478.0,11.300000000000011,10,297.9,0,309.2,0
61.2,734.4000000000001,8299.459472253515,1295.0,11.399999999999977,12,297.8,1,309.2,0
47.3,709.5,6795.851340343392,1372.0,11.399999999999977,15,297.8,0,309.2,0
42.6,724.2,6388.240165515629,1432.0,11.300000000000011,17,297.8,1,309.1,0
33.2,664.0,5757.408360674799,1656.0,11.300000000000011,20,297.7,1,309.0,0
48.8,1122.3999999999999,7205.556910273549,1410.0,11.199999999999989,23,297.8,2,309.0,0
24.4,683.1999999999999,4788.373634699515,1874.0,11.300000000000011,28,297.7,0,309.0,0
43.2,1296.0,6957.748081758387,1538.0,11.300000000000011,30,297.7,0,309.0,0
29.7,950.4,5088.249125460172,1636.0,11.300000000000011,32,297.7,1,309.0,0
40.4,1414.0,6362.9398726787185,1504.0,11.300000000000011,35,297.7,1,309.0,0
42.4,1611.2,6797.820071739642,1531.0,11.300000000000011,38,297.7,1,309.0,0
26.4,1082.3999999999999,4796.583663500896,1735.0,11.399999999999977,41,297.6,2,309.0,0
55.6,2557.6,7883.554492820275,1354.0,11.399999999999977,46,297.6,2,309.0,0
40.2,2050.2000000000003,5948.3543621599865,1413.0,11.399999999999977,51,297.6,2,309.0,0
39.3,2200.7999999999997,6432.505206004708,1563.0,11.400000000000034,56,297.7,0,309.1,0
42.1,2441.8,6520.4698003052235,1479.0,11.400000000000034,58,297.7,0,309.1,0
38.3,2298.0,5923.902299339545,1477.0,11.400000000000034,60,297.7,0,309.1,0
50.0,3100.0,7298.966931840286,1394.0,11.5,62,297.6,0,309.1,0
45.4,2905.6,7069.609724177207,1487.0,11.399999999999977,64,297.6,0,309.0,0
25.3,1669.8,4808.678795217216,1815.0,11.399999999999977,66,297.6,1,309.0,0
39.7,2739.3,6040.664826297966,1453.0,11.199999999999989,69,297.6,1,308.8,0
40.2,2894.4,6478.780865792087,1539.0,11.199999999999989,72,297.6,0,308.8,0
39.2,2900.8,5812.700391377979,1416.0,11.199999999999989,74,297.5,2,308.7,0
31.6,2496.4,5569.289792577842,1683.0,11.199999999999989,79,297.6,1,308.8,0
40.1,3288.2000000000003,6361.88220315201,1515.0,11.100000000000023,82,297.7,0,308.8,0
48.3,4057.2,7743.743147760017,1531.0,11.199999999999989,84,297.7,1,308.9,0
40.9,3558.2999999999997,6334.61317891885,1479.0,11.199999999999989,87,297.7,2,308.9,0
33.7,3100.4,5350.048513259322,1516.0,11.199999999999989,92,297.7,0,308.9,0
38.2,3590.8,6028.444030875502,1507.0,11.300000000000011,94,297.7,0,309.0,0
43.3,4156.799999999999,6502.2799788409375,1434.0,11.199999999999989,96,297.8,1,309.0,0
27.3,2702.7000000000003,5254.565040541216,1838.0,11.199999999999989,99,297.7,0,308.9,0
45.9,4635.9,6806.197652149215,1416.0,11.199999999999989,101,297.6,1,308.8,0
49.7,5168.8,7062.603972559703,1357.0,11.199999999999989,104,297.6,1,308.8,0
28.1,3006.7000000000003,4993.63482670956,1697.0,11.199999999999989,107,297.5,1,308.7,0
46.2,5082.0,6981.3100266603105,1443.0,11.199999999999989,110,297.5,0,308.7,0
37.6,4211.2,5721.133437501348,1453.0,11.199999999999989,112,297.5,0,308.7,0
46.4,5289.599999999999,6992.096161437634,1439.0,11.200000000000045,114,297.4,0,308.6,0
36.2,4199.200000000001,6099.485912748679,1609.0,11.200000000000045,116,297.4,0,308.6,0
59.1,6973.8,8194.153286505187,1324.0,11.200000000000045,118,297.4,0,308.6,0
45.8,5496.0,6810.553993962192,1420.0,11.200000000000045,120,297.4,2,308.6,0
36.9,4612.5,5970.125599249363,1545.0,11.300000000000011,125,297.4,0,308.7,0
39.0,4953.0,6032.1720541577615,1477.0,11.300000000000011,127,297.5,0,308.8,0
58.1,7494.900000000001,8803.86311673838,1447.0,11.400000000000034,129,297.4,0,308.8,0
23.8,3117.8,4508.625280872856,1809.0,11.5,131,297.4,0,308.9,0
30.9,4109.7,5487.9853747029365,1696.0,11.399999999999977,133,297.5,0,308.9,0
44.7,6034.5,6679.748547842226,1427.0,11.399999999999977,135,297.5,0,308.9,0
46.3,6343.099999999999,7272.786993060371,1500.0,11.5,137,297.4,1,308.9,0
44.6,6244.0,6491.9964988881875,1390.0,11.399999999999977,140,297.5,0,308.9,0
34.2,4856.400000000001,5873.521625151478,1640.0,11.400000000000034,142,297.4,0,308.8,0
37.4,5385.599999999999,6376.0926739217475,1628.0,11.400000000000034,144,297.4,1,308.8,0
37.6,5527.2,5902.256725956312,1499.0,11.300000000000011,147,297.3,2,308.6,0
50.3,7645.599999999999,7506.050247589413,1425.0,11.300000000000011,152,297.4,1,308.7,0
37.7,5843.5,6261.424542065721,1586.0,11.300000000000011,155,297.3,0,308.6,0
50.7,7959.900000000001,7809.9679208976895,1471.0,11.300000000000011,157,297.3,1,308.6,0
53.0,8480.0,7942.260387540356,1431.0,11.300000000000011,160,297.3,1,308.6,0
22.1,3602.3,4386.768137827864,1895.5,11.400000000000034,163,297.2,0,308.6,0
42.0,6930.0,6249.884425051534,1421.0,11.299999999999955,165,297.1,1,308.4,0
54.6,9172.800000000001,7461.596711541118,1305.0,11.399999999999977,168,297.0,2,308.4,0
32.4,5605.2,5282.776542570452,1557.0,11.5,173,296.9,0,308.4,0
38.2,6685.000000000001,6220.45817386291,1555.0,11.400000000000034,175,296.9,0,308.3,0
39.2,6938.400000000001,6050.791226618037,1474.0,11.400000000000034,177,296.9,2,308.3,0
45.9,8353.8,7238.794960548528,1506.0,11.5,182,296.8,0,308.3,0
41.8,7691.2,6084.427211962471,1390.0,11.5,184,296.9,0,308.4,0
46.9,8723.4,7121.466946912462,1450.0,11.5,186,296.9,1,308.4,0
38.8,7333.2,6147.510392446554,1513.0,11.400000000000034,189,296.9,0,308.3,0
34.7,6627.700000000001,5970.293150857555,1643.0,11.399999999999977,191,296.8,0,308.2,0
53.8,10383.4,7667.768965420703,1361.0,11.399999999999977,193,296.8,0,308.2,0
40.9,7975.5,6210.4050773714225,1450.0,11.400000000000034,195,296.7,0,308.1,0
50.7,9987.900000000001,7703.782089206354,1451.0,11.300000000000011,197,296.7,0,308.0,0
62.0,12338.0,8368.99338965297,1289.0,11.300000000000011,199,296.8,0,308.1,1
48.3,9708.3,6858.599417611092,1356.0,11.300000000000011,201,296.8,0,308.1,0
46.3,9398.9,7408.545683597497,1528.0,11.400000000000034,203,296.7,2,308.1,0
22.3,4638.400000000001,4426.467396993727,1895.5,11.399999999999977,208,296.6,0,308.0,0
36.8,7727.999999999999,5915.40952719934,1535.0,11.300000000000011,210,296.7,0,308.0,0
24.2,5130.4,4670.563910189897,1843.0,11.300000000000011,212,296.8,1,308.1,0
48.7,10470.5,7251.989649693607,1422.0,11.200000000000045,215,296.9,0,308.1,0
40.4,8766.8,6498.321572097414,1536.0,11.199999999999989,217,296.8,0,308.0,0
44.3,9701.699999999999,6879.763280120775,1483.0,11.200000000000045,219,296.9,1,308.1,0
43.7,9701.400000000001,6827.769921703864,1492.0,11.300000000000011,222,296.8,2,308.1,0
40.4,9170.8,6701.3941212254595,1584.0,11.199999999999989,227,296.8,0,308.0,0
33.7,7717.300000000001,5487.681687413091,1555.0,11.200000000000045,229,296.9,0,308.1,0
41.7,9632.7,6537.120241369249,1497.0,11.199999999999989,231,296.8,0,308.0,0
36.3,8457.9,5842.6397693666895,1537.0,11.100000000000023,233,296.7,1,307.8,0
39.4,9298.4,6209.567319330466,1505.0,11.100000000000023,236,296.7,0,307.8,0
34.6,8234.800000000001,5963.957605672816,1646.0,11.100000000000023,238,296.7,0,307.8,0
60.5,0.0,8147.511107574889,1286.0,11.100000000000023,0,296.7,1,307.8,0
47.5,142.5,6963.863715457374,1400.0,11.100000000000023,3,296.7,0,307.8,0
56.5,282.5,7910.582661616659,1337.0,11.099999999999966,5,296.8,0,307.9,0
53.9,377.3,7518.333874864949,1332.0,11.100000000000023,7,296.9,0,308.0,0
38.3,344.7,6260.806695510514,1561.0,11.199999999999989,9,296.8,0,308.0,0
31.1,342.1,5034.988658006314,1546.0,11.100000000000023,11,296.9,0,308.0,0
29.3,380.90000000000003,5255.978757235332,1713.0,11.100000000000023,13,296.9,0,308.0,0
44.5,667.5,6258.419085093787,1343.0,11.100000000000023,15,296.9,0,308.0,0
54.4,924.8,7924.185757806702,1391.0,11.199999999999989,17,296.8,0,308.0,0
58.6,1113.4,8045.053299165815,1311.0,11.199999999999989,19,296.8,2,308.0,0
51.0,1224.0,7760.048013632148,1453.0,11.199999999999989,24,296.8,2,308.0,0
39.4,1142.6,6230.197111089038,1510.0,11.199999999999989,29,296.8,0,308.0,0
48.8,1512.8,7399.749224167445,1448.0,11.099999999999966,31,296.8,0,307.9,0
46.0,1518.0,6999.258992687819,1453.0,11.100000000000023,33,296.7,0,307.8,0
39.2,1372.0,6026.161140213893,1468.0,11.100000000000023,35,296.7,0,307.8,0
47.5,1757.5,6874.328324830065,1382.0,11.100000000000023,37,296.7,0,307.8,0
32.2,1255.8000000000002,5327.722261467811,1580.0,11.300000000000011,39,296.7,0,308.0,0
29.8,1221.8,5199.000738474725,1666.0,11.199999999999989,41,296.8,0,308.0,0
50.7,2180.1,7480.791842654551,1409.0,11.100000000000023,43,296.9,1,308.0,0
29.7,1366.2,5209.546017815274,1675.0,11.199999999999989,46,296.8,0,308.0,0
30.8,1478.4,5476.675641150015,1698.0,11.099999999999966,48,296.8,0,307.9,0
33.4,1670.0,5522.773277353688,1579.0,11.199999999999989,50,296.7,2,307.9,0
27.9,1534.5,5092.490275542518,1743.0,11.199999999999989,55,296.7,0,307.9,0
44.8,2553.6,7023.093208953053,1497.0,11.100000000000023,57,296.9,1,308.0,0
28.8,1728.0,5250.732297503837,1741.0,11.200000000000045,60,296.9,0,308.1,0
45.3,2808.6,6807.360041431042,1435.0,11.200000000000045,62,296.9,0,308.1,0
46.3,2963.2,6981.875513337956,1440.0,11.200000000000045,64,296.9,1,308.1,0
33.3,2231.1,5722.442434440343,1641.0,11.100000000000023,67,296.9,1,308.0,0
45.4,3178.0,6751.073173054226,1420.0,11.099999999999966,70,296.8,0,307.9,0
35.4,2548.7999999999997,5972.104802621124,1611.0,11.099999999999966,72,296.8,0,307.9,0
42.9,3174.6,6168.171600131664,1373.0,11.0,74,296.8,0,307.8,0
31.8,2416.8,5604.538462151119,1683.0,11.099999999999966,76,296.8,1,307.9,0
32.6,2575.4,5281.247634145706,1547.0,11.0,79,296.9,2,307.9,0
37.0,3108.0,6218.782657780996,1605.0,10.900000000000034,84,296.9,0,307.8,0
18.9,1625.3999999999999,3751.5799911740546,1895.5,11.0,86,296.9,1,307.9,0
40.1,3568.9,6571.845312166928,1565.0,10.899999999999977,89,296.8,0,307.7,0
24.6,2238.6,4709.121724024956,1828.0,10.900000000000034,91,296.9,1,307.8,0
34.1,3205.4,5638.5200226874485,1579.0,10.800000000000011,94,297.0,1,307.8,0
24.2,2347.4,4769.3984150718325,1882.0,10.899999999999977,97,297.0,1,307.9,0
52.1,5210.0,7010.830525628542,1285.0,10.900000000000034,100,296.9,0,307.8,0
35.0,3570.0,5758.015735254492,1571.0,10.900000000000034,102,296.9,0,307.8,0
37.8,3931.2,6131.572045717342,1549.0,10.900000000000034,104,296.9,2,307.8,0
37.6,4098.400000000001,6079.442551618776,1544.0,10.900000000000034,109,296.9,1,307.8,0
47.4,5308.8,7008.767546452685,1412.0,10.899999999999977,112,297.0,1,307.9,0
53.0,6095.0,7892.309064348278,1422.0,10.899999999999977,115,297.0,1,307.9,0
22.8,2690.4,4457.668648031629,1867.0,10.699999999999989,118,297.0,0,307.7,0
43.3,5196.0,6456.936324874125,1424.0,10.800000000000011,120,296.9,0,307.7,0
45.7,5575.400000000001,6948.825958622192,1452.0,10.700000000000045,122,296.9,0,307.6,0
39.7,4922.8,6443.930131288264,1550.0,10.800000000000011,124,296.9,0,307.7,0
37.6,4737.6,6252.690914488741,1588.0,10.800000000000011,126,296.8,0,307.6,0
44.4,5683.2,6221.107436344651,1338.0,10.800000000000011,128,296.8,0,307.6,0
40.0,5200.0,6337.639579841809,1513.0,10.800000000000011,130,296.8,0,307.6,0
45.9,6058.8,7065.756037188803,1470.0,10.699999999999989,132,296.8,1,307.5,0
36.7,4954.5,5826.313959543535,1516.0,10.699999999999989,135,296.8,1,307.5,0
48.3,6665.4,7253.120623048899,1434.0,10.800000000000011,138,296.8,0,307.6,0
52.0,7280.0,7449.344500192117,1368.0,10.800000000000011,140,296.8,0,307.6,0
48.7,6915.400000000001,6650.20710492297,1304.0,10.800000000000011,142,296.8,0,307.6,0
46.7,6724.8,6836.79676459518,1398.0,10.800000000000011,144,296.8,0,307.6,0
37.4,5460.4,5937.442563676517,1516.0,10.900000000000034,146,296.7,0,307.6,0
41.7,6171.6,6436.683524233984,1474.0,10.900000000000034,148,296.7,0,307.6,0
34.7,5205.0,5621.450702602944,1547.0,10.900000000000034,150,296.7,1,307.6,0
39.9,6104.7,6192.267615784697,1482.0,10.899999999999977,153,296.6,1,307.5,0
42.8,6676.799999999999,6436.159925458384,1436.0,10.799999999999955,156,296.6,0,307.4,0
40.0,6320.0,6174.27676185514,1474.0,10.699999999999989,158,296.6,0,307.3,0
38.2,6112.0,5924.436370090656,1481.0,10.699999999999989,160,296.5,0,307.2,0
42.1,6820.2,6617.461237497052,1501.0,10.800000000000011,162,296.5,0,307.3,0
37.2,6100.8,6100.470278446804,1566.0,10.800000000000011,164,296.5,0,307.3,0
34.5,5727.0,5704.661020021025,1579.0,10.800000000000011,166,296.5,0,307.3,0
35.0,5880.0,5977.927221005778,1631.0,10.799999999999955,168,296.6,0,307.4,0
42.3,7190.999999999999,6839.372870571123,1544.0,10.799999999999955,170,296.6,1,307.4,0
38.6,6677.8,6148.159654928297,1521.0,10.799999999999955,173,296.6,0,307.4,0
28.0,4900.0,4738.359479654365,1616.0,10.799999999999955,175,296.6,0,307.4,0
50.2,8885.4,7007.489965440225,1333.0,10.799999999999955,177,296.6,2,307.4,0
32.5,5915.0,5217.399999449249,1533.0,10.699999999999989,182,296.7,1,307.4,0
45.1,8343.5,6460.873787666625,1368.0,10.799999999999955,185,296.6,0,307.4,0
47.8,8938.6,7333.210291764414,1465.0,10.799999999999955,187,296.6,0,307.4,0
41.5,7843.5,6110.2929914770275,1406.0,10.799999999999955,189,296.6,2,307.4,0
43.5,8439.0,7129.059129158638,1565.0,10.899999999999977,194,296.5,1,307.4,0
37.9,7466.299999999999,6278.766133513536,1582.0,10.899999999999977,197,296.6,0,307.5,0
45.5,9054.5,6856.4736065821635,1439.0,10.899999999999977,199,296.6,0,307.5,0
35.0,7035.0,5739.689778108552,1566.0,10.899999999999977,201,296.6,1,307.5,0
42.7,8710.800000000001,6640.227312260066,1485.0,10.899999999999977,204,296.6,0,307.5,0
35.1,7230.6,5756.0888917602915,1566.0,11.0,206,296.5,0,307.5,0
41.5,8632.0,6253.706696113401,1439.0,11.0,208,296.3,0,307.3,0
50.0,10500.0,7414.158662471911,1416.0,11.0,210,296.4,1,307.4,0
12.800000000000011,2726.4000000000024,2540.7525866152355,1895.5,11.0,213,296.4,0,307.4,1
47.1,10126.5,7225.820182889203,1465.0,11.099999999999966,215,296.3,0,307.4,0
35.5,0.0,5896.036372502203,1586.0,11.0,0,296.4,2,307.4,0
31.4,157.0,5152.609886956715,1567.0,11.0,5,296.3,0,307.3,0
48.6,340.2,7069.148957254682,1389.0,11.0,7,296.2,1,307.2,0
49.5,495.0,7091.2029376828805,1368.0,11.0,10,296.3,1,307.3,0
49.0,637.0,7409.550993246647,1444.0,11.0,13,296.3,0,307.3,0
41.6,624.0,6525.800035840814,1498.0,11.0,15,296.3,1,307.3,0
30.8,554.4,5208.970059162116,1615.0,11.099999999999966,18,296.1,0,307.2,0
22.7,454.0,4505.865915325452,1895.5,11.0,20,296.1,0,307.1,0
53.3,1172.6,7535.109979635118,1350.0,11.0,22,296.1,1,307.1,0
37.6,940.0,5969.193593428798,1516.0,10.800000000000011,25,296.2,1,307.0,0
40.6,1136.8,6556.001213217324,1542.0,10.800000000000011,28,296.2,2,307.0,0
32.6,1075.8,5260.7644500443,1541.0,10.799999999999955,33,296.1,2,306.9,0
23.3,885.4,4624.963692823042,1895.5,10.799999999999955,38,296.1,1,306.9,0
31.0,1271.0,5340.18391232705,1645.0,10.699999999999989,41,296.1,2,306.8,0
44.2,2033.2,6554.11625762517,1416.0,10.699999999999989,46,296.0,0,306.7,0
22.3,1070.4,4426.467396993727,1895.5,10.699999999999989,48,296.0,1,306.7,0
50.2,2560.2000000000003,7433.301433707786,1414.0,10.700000000000045,51,295.9,0,306.6,0
26.7,1415.1,4691.717300724068,1678.0,10.700000000000045,53,295.9,0,306.6,0
33.2,1826.0000000000002,5541.853216736491,1594.0,10.600000000000023,55,295.9,2,306.5,0
37.7,2262.0,5977.173238768916,1514.0,10.699999999999989,60,295.8,1,306.5,0
49.2,3099.6000000000004,6996.7038306629,1358.0,10.699999999999989,63,295.8,0,306.5,0
56.2,3653.0,7797.956564985465,1325.0,10.599999999999966,65,295.8,0,306.4,0
53.2,3564.4,7459.69081199794,1339.0,10.599999999999966,67,295.8,0,306.4,0
51.7,3567.3,7227.705138481358,1335.0,10.599999999999966,69,295.8,1,306.4,0
21.7,1562.3999999999999,4299.416154094799,1892.0,10.5,72,295.9,0,306.4,0
28.5,2109.0,4700.608007933728,1575.0,10.5,74,295.9,0,306.4,0
45.5,3458.0,6880.297350871886,1444.0,10.5,76,295.8,1,306.3,0
22.4,1769.6,4446.317026576658,1895.5,10.600000000000023,79,295.7,0,306.3,0
33.6,2721.6,5573.43669488058,1584.0,10.599999999999966,81,295.6,1,306.2,0
34.9,2931.6,6158.202279444272,1685.0,10.600000000000023,84,295.7,1,306.3,0
54.6,4750.2,7644.5630676861865,1337.0,10.5,87,295.8,0,306.3,0
67.19999999999999,5980.799999999999,8690.901916890802,1235.0,10.5,89,295.8,1,306.3,1
46.2,4250.400000000001,7082.909133077404,1464.0,10.5,92,295.7,0,306.2,0
25.9,2434.6,4716.588242564988,1739.0,10.5,94,295.7,1,306.2,0
34.3,3327.1,5351.912524900451,1490.0,10.600000000000023,97,295.7,0,306.3,0
48.0,4752.0,6815.999421228415,1356.0,10.599999999999966,99,295.8,0,306.4,0
52.0,5252.0,7607.261890912564,1397.0,10.5,101,295.7,0,306.2,0
40.6,4181.8,6198.864960357237,1458.0,10.5,103,295.7,0,306.2,0
16.5,1732.5,3275.188881183699,1895.5,10.5,105,295.7,2,306.2,0
28.1,3091.0,4858.274071241888,1651.0,10.5,110,295.6,1,306.1,0
46.2,5220.6,6720.0551815877825,1389.0,10.5,113,295.6,0,306.1,0
52.4,6026.0,7517.621780530135,1370.0,10.399999999999977,115,295.6,0,306.0,0
47.9,5604.3,7062.635388486237,1408.0,10.400000000000034,117,295.7,0,306.1,0
54.4,6473.599999999999,7650.741533238246,1343.0,10.400000000000034,119,295.7,0,306.1,0
42.5,5142.5,6333.188990249224,1423.0,10.5,121,295.7,1,306.2,0
48.6,6026.400000000001,7257.456020910853,1426.0,10.599999999999966,124,295.6,0,306.2,0
51.6,6501.6,7754.078987590327,1435.0,10.599999999999966,126,295.6,1,306.2,0
35.1,4527.900000000001,5781.818535593191,1573.0,10.600000000000023,129,295.5,0,306.1,0
31.2,4087.2,5266.8172518902165,1612.0,10.599999999999966,131,295.6,0,306.2,0
49.9,6636.7,7556.095818561098,1446.0,10.599999999999966,133,295.6,0,306.2,0
55.3,7465.5,7696.2422668377385,1329.0,10.599999999999966,135,295.6,2,306.2,0
35.1,4914.0,5767.1158819743905,1569.0,10.599999999999966,140,295.6,0,306.2,0
62.3,8846.6,8194.195174407234,1256.0,10.5,142,295.6,2,306.1,0
48.7,7158.900000000001,7053.095418794837,1383.0,10.5,147,295.6,0,306.1,0
14.6,2175.4,2898.0459191080004,1895.5,10.5,149,295.7,0,306.2,1
49.8,7519.799999999999,7603.533867630304,1458.0,10.5,151,295.7,2,306.2,0
41.2,6427.200000000001,6359.505064710795,1474.0,10.5,156,295.6,0,306.1,0
49.2,7773.6,7532.533873659176,1462.0,10.5,158,295.6,1,306.1,0
29.0,4669.0,5068.540867546652,1669.0,10.5,161,295.6,1,306.1,0
24.3,3985.2000000000003,4636.425270020888,1822.0,10.600000000000023,164,295.5,1,306.1,0
39.2,6546.400000000001,5976.900967405605,1456.0,10.5,167,295.5,0,306.0,0
35.9,6067.099999999999,5812.093016798284,1546.0,10.5,169,295.5,0,306.0,0
42.7,7301.700000000001,6662.5849799781145,1490.0,10.5,171,295.6,1,306.1,0
40.4,7029.599999999999,6637.933949622945,1569.0,10.399999999999977,174,295.6,0,306.0,0
29.5,5192.0,5007.64632994457,1621.0,10.5,176,295.5,0,306.0,0
40.6,7226.8,6453.962283828728,1518.0,10.5,178,295.4,1,305.9,0
38.2,6914.200000000001,6104.449629141351,1526.0,10.400000000000034,181,295.4,1,305.8,0
36.2,6660.8,6023.668810042045,1589.0,10.5,184,295.3,1,305.8,0
51.0,9537.0,7877.543578876406,1475.0,10.399999999999977,187,295.3,0,305.7,0
38.5,7276.5,5938.709672713465,1473.0,10.399999999999977,189,295.3,1,305.7,0
50.7,9734.400000000001,7470.173259485418,1407.0,10.400000000000034,192,295.4,0,305.8,0
44.1,8555.4,7010.33834277948,1518.0,10.399999999999977,194,295.5,1,305.9,0
37.2,7328.400000000001,6205.65080048899,1593.0,10.399999999999977,197,295.5,2,305.9,0
52.4,10584.8,7572.494932212837,1380.0,10.399999999999977,202,295.5,1,305.9,0
45.3,9286.5,6750.4343825479955,1423.0,10.5,205,295.5,1,306.0,0
27.6,5740.8,5202.477434344697,1800.0,10.5,208,295.5,0,306.0,0
30.9,6489.0,5251.769023079521,1623.0,10.5,210,295.6,2,306.1,0
55.6,11954.0,7988.358023744029,1372.0,10.5,215,295.6,0,306.1,1
52.4,0.0,7660.291974905159,1396.0,10.399999999999977,0,295.6,2,306.0,0
21.9,109.5,4347.068878662,1895.5,10.399999999999977,5,295.6,0,306.0,0
51.1,357.7,7593.323691506138,1419.0,10.399999999999977,7,295.6,0,306.0,0
47.3,425.7,7197.064138133344,1453.0,10.399999999999977,9,295.5,1,305.9,0
36.2,434.40000000000003,5845.498618681456,1542.0,10.399999999999977,12,295.5,0,305.9,0
50.0,700.0,7136.651311404813,1363.0,10.399999999999977,14,295.6,0,306.0,0
37.2,595.2,6221.233100050796,1597.0,10.5,16,295.5,0,306.0,0
50.8,914.4,7054.006480664378,1326.0,10.5,18,295.5,1,306.0,0
36.6,768.6,6289.531324339838,1641.0,10.5,21,295.5,1,306.0,0
46.2,1108.8000000000002,6860.3587094971035,1418.0,10.5,24,295.6,1,306.1,0
61.8,1668.6,8173.732934256851,1263.0,10.599999999999966,27,295.6,0,306.2,0
25.8,748.2,4925.326130445006,1823.0,10.599999999999966,29,295.6,0,306.2,0
40.7,1261.7,6341.995921654788,1488.0,10.600000000000023,31,295.5,0,306.1,0
48.9,1613.7,7389.308664582016,1443.0,10.599999999999966,33,295.6,0,306.2,0
28.2,987.0,4872.610205717769,1650.0,10.599999999999966,35,295.6,0,306.2,0
44.3,1639.1,6782.342491932956,1462.0,10.600000000000023,37,295.7,1,306.3,0
45.0,1800.0,6960.1985240281865,1477.0,10.599999999999966,40,295.6,1,306.2,0
28.5,1225.5,5109.486291798439,1712.0,10.600000000000023,43,295.7,1,306.3,0
50.4,2318.4,7109.298511367559,1347.0,10.600000000000023,46,295.7,1,306.3,0
54.8,2685.2,7385.633001177315,1287.0,10.599999999999966,49,295.6,0,306.2,0
44.5,2269.5,6654.5215588339,1428.0,10.599999999999966,51,295.6,0,306.2,0
45.5,2411.5,6794.531871428884,1426.0,10.699999999999989,53,295.6,1,306.3,0
32.7,1831.2000000000003,5602.213683587463,1636.0,10.699999999999989,56,295.6,0,306.3,0
42.5,2465.0,6337.639579841809,1424.0,10.599999999999966,58,295.6,0,306.2,0
35.8,2148.0,5657.191555025283,1509.0,10.699999999999989,60,295.6,2,306.3,0
48.9,3178.5,7414.912644708773,1448.0,10.699999999999989,65,295.5,0,306.2,0
32.8,2197.6,5667.433147075986,1650.0,10.600000000000023,67,295.5,0,306.1,0
42.5,2932.5,6293.133683915954,1414.0,10.599999999999966,69,295.6,2,306.2,0
20.9,1546.6,4148.572582832685,1895.5,10.699999999999989,74,295.6,0,306.3,0
32.2,2447.2000000000003,5503.065019440169,1632.0,10.599999999999966,76,295.6,2,306.2,0
40.1,3248.1,5824.376644073821,1387.0,10.699999999999989,81,295.7,1,306.4,0
47.6,3998.4,6973.539820830432,1399.0,10.599999999999966,84,295.8,0,306.4,0
35.2,3027.2000000000003,5547.633747219096,1505.0,10.699999999999989,86,295.8,0,306.5,0
37.9,3335.2,6088.259954999851,1534.0,10.699999999999989,88,295.8,0,306.5,0
40.5,3645.0,6332.037072942907,1493.0,10.699999999999989,90,295.8,0,306.5,0
43.2,3974.4,6695.362263330568,1480.0,10.800000000000011,92,295.8,1,306.6,0
31.6,3002.0,5364.122848347404,1621.0,10.800000000000011,95,295.8,0,306.6,0
26.2,2541.4,4765.733223642645,1737.0,10.800000000000011,97,295.7,0,306.5,0
46.5,4603.5,7343.158668500782,1508.0,10.800000000000011,99,295.8,0,306.6,0
32.2,3252.2000000000003,5533.412804473846,1641.0,10.699999999999989,101,295.8,1,306.5,0
38.6,4014.4,6192.6236629521045,1532.0,10.700000000000045,104,295.9,1,306.6,0
40.9,4376.3,6625.859761857648,1547.0,10.800000000000011,107,295.9,0,306.7,0
41.0,4469.0,6062.436063387343,1412.0,10.700000000000045,109,295.9,0,306.6,0
35.1,3896.1000000000004,5763.440218569691,1568.0,10.699999999999989,111,295.8,0,306.5,0
41.1,4644.3,6701.2998734458515,1557.0,10.700000000000045,113,295.9,0,306.6,0
35.2,4048.0000000000005,6060.006565068567,1644.0,10.800000000000011,115,295.8,0,306.6,0
30.4,3556.7999999999997,5345.063852915626,1679.0,10.700000000000045,117,295.9,0,306.6,0
35.2,4188.8,5569.750559500369,1511.0,10.600000000000023,119,296.0,0,306.6,0
36.8,4452.799999999999,6273.8024171208635,1628.0,10.600000000000023,121,296.0,1,306.6,0
51.3,6361.2,7477.995825192855,1392.0,10.600000000000023,124,296.0,1,306.6,0
21.0,2667.0,4168.422212415617,1895.5,10.699999999999989,127,296.0,0,306.7,0
42.3,5456.7,6759.639249023014,1526.0,10.600000000000023,129,296.2,1,306.8,0
53.3,7035.599999999999,7752.790934602355,1389.0,10.600000000000023,132,296.2,0,306.8,0
42.8,5735.2,6315.145776442106,1409.0,10.599999999999966,134,296.1,0,306.7,0
31.1,4229.6,5389.978155886448,1655.0,10.600000000000023,136,296.2,0,306.8,0
39.1,5395.8,6207.326316570904,1516.0,10.699999999999989,138,296.2,0,306.9,0
34.9,4886.0,5577.101886309768,1526.0,10.699999999999989,140,296.2,0,306.9,0
48.6,6901.2,7221.830360219145,1419.0,10.800000000000011,142,296.3,0,307.1,0
25.3,3643.2000000000003,4631.168338313882,1748.0,10.800000000000011,144,296.4,0,307.2,0
32.5,4745.0,5574.756163795088,1638.0,10.700000000000045,146,296.4,2,307.1,0
33.8,5103.799999999999,5429.6355271502625,1534.0,10.800000000000011,151,296.3,1,307.1,0
25.9,3988.6,4811.516700580959,1774.0,10.800000000000011,154,296.3,2,307.1,0
18.3,2909.7000000000003,3632.482213676466,1895.5,10.800000000000011,159,296.2,1,307.0,0
48.3,7824.599999999999,7151.961339603307,1414.0,10.800000000000011,162,296.2,0,307.0,0
42.0,6888.0,6698.503855984157,1523.0,10.899999999999977,164,296.1,1,307.0,0
35.7,5961.900000000001,6172.25567058133,1651.0,11.0,167,296.1,0,307.1,0
36.0,6084.0,5598.318108697011,1485.0,11.0,169,296.1,1,307.1,0
63.4,10904.8,7754.623530316949,1168.0,11.0,172,296.2,1,307.2,0
35.8,6264.999999999999,5870.882687322461,1566.0,11.0,175,296.3,0,307.3,0
51.1,9044.7,6881.616819786394,1286.0,10.899999999999977,177,296.3,1,307.2,0
45.9,8262.0,6950.396754948985,1446.0,10.899999999999977,180,296.3,1,307.2,0
19.4,3550.2,3850.8281390887123,1895.5,10.800000000000011,183,296.4,1,307.2,0
33.2,6175.200000000001,5423.64555715742,1560.0,10.800000000000011,186,296.3,0,307.1,0
29.6,5564.8,5126.911659050351,1654.0,10.800000000000011,188,296.3,0,307.1,0
32.9,6251.0,5726.055265991971,1662.0,10.800000000000011,190,296.3,0,307.1,0
35.0,6720.0,6032.905092443599,1646.0,10.899999999999977,192,296.3,0,307.2,0
46.7,9059.800000000001,7061.755742543232,1444.0,10.900000000000034,194,296.2,0,307.1,0
42.0,8232.0,6263.079114196611,1424.0,10.899999999999977,196,296.3,2,307.2,0
52.0,10452.0,7525.580481919229,1382.0,11.0,201,296.2,0,307.2,0
53.4,10840.199999999999,7901.545346749832,1413.0,10.900000000000034,203,296.2,0,307.1,0
31.1,0.0,5318.328899433577,1633.0,11.0,0,296.2,1,307.2,0
41.7,125.10000000000001,6292.57866921382,1441.0,10.900000000000034,3,296.2,0,307.1,0
44.0,220.0,6381.621876992066,1385.0,11.0,5,296.2,1,307.2,0
34.8,278.4,5655.872086110776,1552.0,11.0,8,296.2,1,307.2,0
42.8,470.79999999999995,6503.390008245206,1451.0,11.100000000000023,11,296.2,1,307.3,0
38.5,539.0,5777.4412498291895,1433.0,11.0,14,296.1,1,307.1,0
29.7,504.9,5035.376121100256,1619.0,11.099999999999966,17,296.1,1,307.2,0
41.8,836.0,6325.177928982569,1445.0,11.0,20,296.2,0,307.2,0
43.6,959.2,6191.199474282476,1356.0,11.0,22,296.2,0,307.2,0
67.19999999999999,1612.7999999999997,9282.023990590258,1319.0,10.899999999999977,24,296.3,1,307.2,1
31.6,853.2,5417.069156535905,1637.0,10.899999999999977,27,296.3,0,307.2,0
58.6,1699.4,7922.321746165573,1291.0,10.899999999999977,29,296.3,0,307.2,0
52.7,1633.7,7715.186070538886,1398.0,11.0,31,296.3,0,307.3,0
57.7,1904.1000000000001,8290.076582194795,1372.0,11.0,33,296.3,0,307.3,0
42.5,1487.5,6471.1572676193755,1454.0,10.899999999999977,35,296.3,1,307.2,0
36.5,1387.0,5790.740658729386,1515.0,11.0,38,296.2,0,307.2,0
24.3,972.0,4786.561982935945,1881.0,11.100000000000023,40,296.2,0,307.3,0
29.9,1255.8,5357.347480191162,1711.0,11.100000000000023,42,296.2,0,307.3,0
37.0,1628.0,5715.080635655432,1475.0,11.100000000000023,44,296.2,0,307.3,0
36.8,1692.8,5826.774726466061,1512.0,11.0,46,296.4,0,307.4,0
50.5,2424.0,7059.9440907796625,1335.0,11.099999999999966,48,296.3,1,307.4,0
39.9,2034.8999999999999,6150.484433491953,1472.0,11.099999999999966,51,296.3,0,307.4,0
35.2,1865.6000000000001,5444.421956573159,1477.0,11.100000000000023,53,296.2,1,307.3,0
28.4,1590.3999999999999,5234.312239901074,1760.0,11.099999999999966,56,296.3,0,307.4,0
36.1,2093.8,5855.813514560743,1549.0,11.100000000000023,58,296.4,0,307.5,0
34.0,2040.0,5867.657318864776,1648.0,11.099999999999966,60,296.3,0,307.4,0
38.0,2356.0,6191.869680715243,1556.0,11.100000000000023,62,296.4,2,307.5,0
19.1,1279.7,3791.2792503399182,1895.5,11.099999999999966,67,296.3,1,307.4,0
48.4,3388.0,7111.01591535152,1403.0,11.0,70,296.4,0,307.4,0
31.4,2260.7999999999997,5537.329323315321,1684.0,11.100000000000023,72,296.4,1,307.5,0
35.1,2632.5,5866.358793901293,1596.0,11.100000000000023,75,296.4,2,307.5,0
41.1,3288.0,6447.364939256189,1498.0,11.0,80,296.6,0,307.6,0
36.8,3017.6,5873.0189703269025,1524.0,11.0,82,296.7,0,307.7,0
43.9,3687.6,6904.990269129102,1502.0,11.0,84,296.7,0,307.7,0
25.1,2158.6,4754.89472898776,1809.0,11.0,86,296.6,0,307.6,0
37.4,3291.2,6039.272053554874,1542.0,11.0,88,296.6,0,307.6,0
45.2,4068.0000000000005,6773.3994248457375,1431.0,11.100000000000023,90,296.5,0,307.6,0
43.6,4011.2000000000003,6903.461360704355,1512.0,11.100000000000023,92,296.5,0,307.6,0
52.8,4963.2,7757.471907656203,1403.0,11.100000000000023,94,296.4,2,307.5,0
47.8,4732.2,6662.459316271969,1331.0,11.100000000000023,99,296.4,0,307.5,0
52.6,5312.6,8119.17394183951,1474.0,11.099999999999966,101,296.6,1,307.7,0
33.5,3484.0,5637.535656989324,1607.0,11.100000000000023,104,296.5,0,307.6,0
44.2,4685.200000000001,6549.487644448882,1415.0,11.100000000000023,106,296.5,0,307.6,0
28.8,3110.4,5039.617271182603,1671.0,11.0,108,296.6,0,307.6,0
37.7,4147.0,6142.986499025386,1556.0,11.099999999999966,110,296.6,0,307.7,0
23.9,2676.7999999999997,4744.06147032063,1895.5,11.0,112,296.7,0,307.7,0
32.1,3659.4,5368.3221105277025,1597.0,11.0,114,296.7,1,307.7,0
30.5,3568.5,5196.560768180437,1627.0,11.0,117,296.8,2,307.8,0
39.4,4806.8,6106.4183605376,1480.0,11.0,122,296.8,0,307.8,0
39.5,4898.0,6473.513462109568,1565.0,11.0,124,296.8,0,307.8,0
36.4,4586.4,5995.959962837383,1573.0,11.0,126,296.8,0,307.8,0
31.3,4006.4,5260.753978068788,1605.0,11.100000000000023,128,296.7,0,307.8,0
21.3,2769.0,4180.014689307363,1874.0,11.199999999999989,130,296.7,1,307.9,0
53.8,7155.4,8022.706103423278,1424.0,11.199999999999989,133,296.7,2,307.9,0
50.1,6913.8,7449.972818722835,1420.0,11.199999999999989,138,296.7,0,307.9,0
49.0,6860.0,7040.099697184487,1372.0,11.099999999999966,140,296.8,0,307.9,0
32.8,4657.599999999999,5715.520458626934,1664.0,11.0,142,296.8,1,307.8,0
44.3,6423.5,6536.470978887507,1409.0,11.099999999999966,145,296.8,1,307.9,0
25.2,3729.6,4533.695190248502,1718.0,11.099999999999966,148,296.8,0,307.9,0
40.3,6045.0,6515.998266761613,1544.0,10.900000000000034,150,296.9,1,307.8,0
45.7,6992.1,7015.825657947749,1466.0,10.900000000000034,153,296.9,0,307.8,0
47.7,7393.5,6963.214452975632,1394.0,11.0,155,296.8,0,307.8,0
24.6,3862.2000000000003,4740.03499573628,1840.0,10.900000000000034,157,296.9,1,307.8,0
37.2,5952.0,5753.764113196634,1477.0,10.900000000000034,160,296.9,1,307.8,0
49.1,8003.3,7326.979466334795,1425.0,10.900000000000034,163,296.9,0,307.8,0
46.2,7623.000000000001,6841.0064987509895,1414.0,10.899999999999977,165,297.0,1,307.9,0
47.5,7980.0,7033.5023526119485,1414.0,10.800000000000011,168,297.0,0,307.8,0
31.7,5389.0,5294.7878984826775,1595.0,10.899999999999977,170,297.0,0,307.9,0
54.5,9374.0,7676.21984965886,1345.0,10.900000000000034,172,296.9,2,307.8,0
35.9,6354.3,6214.353012139433,1653.0,10.800000000000011,177,296.9,0,307.7,0
36.5,6533.5,5913.053332709149,1547.0,10.800000000000011,179,296.8,0,307.6,0
30.8,5574.8,5341.210165927223,1656.0,10.800000000000011,181,296.9,2,307.7,0
28.5,5301.0,5166.192039195735,1731.0,10.699999999999989,186,297.0,0,307.7,0
28.0,5264.0,5201.63967630374,1774.0,10.800000000000011,188,297.0,0,307.8,0
40.2,7638.000000000001,6403.005650987501,1521.0,10.800000000000011,190,297.0,0,307.8,0
39.8,7641.599999999999,5918.341680342691,1420.0,10.799999999999955,192,297.1,2,307.9,0
32.3,6363.099999999999,5692.660136084312,1683.0,10.800000000000011,197,297.0,0,307.8,0
47.1,9372.9,7388.58609827169,1498.0,10.699999999999989,199,297.0,1,307.7,0
56.4,11392.8,8180.078951417103,1385.0,10.800000000000011,202,297.0,0,307.8,1
49.0,9996.0,7465.994941256143,1455.0,10.899999999999977,204,297.0,0,307.9,0
35.8,7374.799999999999,5807.150244356636,1549.0,10.900000000000034,206,296.9,2,307.8,1
43.9,0.0,6399.298571656264,1392.0,10.900000000000034,0,296.9,1,307.8,0
17.5,52.5,3473.685177013014,1895.5,10.800000000000011,3,296.9,1,307.7,0
41.4,248.39999999999998,6347.02246990053,1464.0,10.800000000000011,6,296.9,0,307.7,0
46.4,371.2,7030.968134538053,1447.0,10.699999999999989,8,297.0,0,307.7,0
32.0,320.0,5646.4891960520545,1685.0,10.700000000000045,10,296.9,1,307.6,0
39.2,509.6,5923.5357801966275,1443.0,10.699999999999989,13,296.8,1,307.5,0
44.4,710.4,6295.500350381658,1354.0,10.600000000000023,16,296.9,0,307.5,0
12.800000000000011,230.4000000000002,2540.7525866152355,1895.5,10.600000000000023,18,296.9,0,307.5,1
35.8,716.0,6298.264951916816,1680.0,10.600000000000023,20,297.0,0,307.6,0
48.3,1062.6,7065.975948674553,1397.0,10.600000000000023,22,296.9,2,307.5,0
37.9,1023.3,6036.664531652395,1521.0,10.5,27,296.9,1,307.4,0
43.9,1317.0,6767.074351636509,1472.0,10.599999999999966,30,296.8,1,307.4,0
30.0,990.0,5324.999547834699,1695.0,10.699999999999989,33,296.8,2,307.5,0
33.6,1276.8,5654.364121637053,1607.0,10.800000000000011,38,296.7,2,307.5,0
54.8,2356.4,7729.951556010757,1347.0,10.699999999999989,43,296.8,0,307.5,0
38.7,1741.5000000000002,6241.087965621484,1540.0,10.699999999999989,45,296.7,1,307.4,0
42.7,2049.6000000000004,6210.960092073557,1389.0,10.799999999999955,48,296.6,0,307.4,0
27.0,1350.0,4902.769495192231,1734.0,10.899999999999977,50,296.6,1,307.5,0
38.6,2045.8000000000002,6224.961123333055,1540.0,10.900000000000034,53,296.7,0,307.6,0
42.1,2315.5,6679.183061164579,1515.0,10.800000000000011,55,296.7,1,307.5,0
45.8,2656.3999999999996,7213.431835858547,1504.0,10.799999999999955,58,296.6,0,307.4,0
35.1,2106.0,5723.00792111799,1557.0,10.899999999999977,60,296.6,0,307.5,0
52.5,3255.0,7103.140989766522,1292.0,10.899999999999977,62,296.5,0,307.4,0
49.2,3148.8,7377.967515102558,1432.0,10.899999999999977,64,296.5,2,307.4,0
55.6,3836.4,7860.264819281662,1350.0,10.899999999999977,69,296.5,1,307.4,0
25.8,1857.6000000000001,4836.167730936128,1790.0,10.799999999999955,72,296.6,1,307.4,0
37.4,2805.0,6031.439015871924,1540.0,10.900000000000034,75,296.4,2,307.3,0
19.1,1528.0,3791.2792503399182,1895.5,10.900000000000034,80,296.4,1,307.3,0
37.5,3112.5,5839.435344860028,1487.0,10.900000000000034,83,296.4,0,307.3,0
40.7,3459.5000000000005,6491.169212822743,1523.0,10.899999999999977,85,296.5,0,307.4,0
41.8,3636.6,6316.423357454565,1443.0,11.0,87,296.5,0,307.5,0
59.1,5259.900000000001,8293.176286946336,1340.0,11.0,89,296.5,0,307.5,0
31.0,2821.0,5369.400724005435,1654.0,11.099999999999966,91,296.6,2,307.7,0
40.2,3859.2000000000003,6142.002133327261,1459.0,11.0,96,296.6,0,307.6,0
38.5,3773.0,6212.865991616734,1541.0,11.100000000000023,98,296.5,0,307.6,0
62.3,6230.0,9042.320471121358,1386.0,11.099999999999966,100,296.6,2,307.7,1
67.19999999999999,7055.999999999999,8852.756770403748,1258.0,11.100000000000023,105,296.7,1,307.8,1
51.4,5551.2,7401.068693081954,1375.0,11.100000000000023,108,296.7,1,307.8,0
30.8,3418.8,5502.478588811498,1706.0,11.099999999999966,111,296.8,0,307.9,0
32.4,3661.2,5672.962350146304,1672.0,11.100000000000023,113,296.7,1,307.8,0
25.2,2923.2,4863.56241887543,1843.0,11.099999999999966,116,296.8,1,307.9,0
29.6,3522.4,5238.50103010586,1690.0,11.199999999999989,119,296.7,0,307.9,0
46.5,5626.5,6880.559150259685,1413.0,11.099999999999966,121,296.8,0,307.9,0
33.4,4108.2,5207.985693463991,1489.0,11.099999999999966,123,296.8,0,307.9,0
61.4,7675.0,8172.266857685176,1271.0,11.099999999999966,125,296.8,0,307.9,0
47.9,6083.3,7112.796151188554,1418.0,11.099999999999966,127,296.8,1,307.9,0
50.7,6591.0,7571.049799592185,1426.0,10.900000000000034,130,296.9,1,307.8,0
39.2,5213.6,6301.197105060168,1535.0,11.0,133,296.9,0,307.9,0
38.1,5143.5,6212.153897281921,1557.0,10.900000000000034,135,296.9,0,307.8,0
29.7,4068.9,5141.122129820088,1653.0,10.900000000000034,137,296.9,0,307.8,0
41.6,5782.400000000001,6251.350501623209,1435.0,11.0,139,296.9,0,307.9,0
33.3,4695.299999999999,5471.366349565447,1569.0,10.899999999999977,141,297.0,1,307.9,0
44.8,6451.2,6497.651365664648,1385.0,11.0,144,296.9,1,307.9,0
31.6,4645.2,5410.450868012342,1635.0,10.899999999999977,147,297.0,0,307.9,0
43.9,6541.099999999999,6541.81168639861,1423.0,11.0,149,296.9,0,307.9,0
39.2,5919.200000000001,6071.31629862149,1479.0,10.899999999999977,151,297.0,0,307.9,0
67.19999999999999,10281.599999999999,9120.169137077311,1296.0,10.899999999999977,153,297.0,0,307.9,1
33.3,5161.5,5415.571664037692,1553.0,10.800000000000011,155,297.0,0,307.8,0
42.2,6625.400000000001,6756.916535389903,1529.0,10.899999999999977,157,297.0,0,307.9,0
25.6,4070.4,4530.5954854969605,1690.0,10.899999999999977,159,297.1,1,308.0,0
58.0,9396.0,8187.4093342754795,1348.0,10.899999999999977,162,297.1,0,308.0,0
38.5,6314.0,5829.853487266579,1446.0,10.900000000000034,164,297.2,0,308.1,0
50.0,8300.0,7623.598172711231,1456.0,10.799999999999955,166,297.1,0,307.9,0
47.7,8013.6,6743.428630930492,1350.0,10.899999999999977,168,297.0,0,307.9,0
38.3,6510.999999999999,6044.225297972034,1507.0,10.799999999999955,170,297.1,0,307.9,0
45.6,7843.2,6914.519766844991,1448.0,10.899999999999977,172,297.0,2,307.9,0
29.9,5292.3,5091.202222554546,1626.0,11.0,177,296.9,0,307.9,0
27.3,4886.7,5277.43583505935,1846.0,10.899999999999977,179,297.0,2,307.9,0
40.7,7488.8,5983.980022851694,1404.0,10.800000000000011,184,297.0,2,307.8,0
37.2,7030.8,6166.695051584477,1583.0,10.800000000000011,189,297.0,0,307.8,0
47.7,9110.7,7173.010010382359,1436.0,10.899999999999977,191,297.0,0,307.9,0
35.6,6870.8,5998.389461156159,1609.0,10.800000000000011,193,297.0,0,307.8,0
23.8,4641.0,4570.933535169053,1834.0,10.699999999999989,195,297.0,2,307.7,0
61.2,12240.0,8434.045301533302,1316.0,10.800000000000011,200,297.0,0,307.8,1
57.1,11534.2,8371.297224265601,1400.0,10.900000000000034,202,296.9,0,307.8,1
47.1,9608.4,6742.454737207879,1367.0,11.0,204,296.9,0,307.9,0
30.3,6241.8,5565.457049540462,1754.0,11.0,206,297.1,0,308.1,0
34.6,7196.8,5387.85234485752,1487.0,11.0,208,297.1,0,308.1,0
37.7,7917.000000000001,5945.589760624827,1506.0,11.0,210,297.1,1,308.1,0
52.5,11182.5,7487.986089831272,1362.0,11.100000000000023,213,297.0,0,308.1,1
36.8,7911.999999999999,6104.240189631111,1584.0,11.0,215,297.1,0,308.1,0
43.7,9482.900000000001,6200.823219777974,1355.0,11.100000000000023,217,297.0,0,308.1,0
24.3,5321.7,4638.969960070296,1823.0,11.0,219,297.1,1,308.1,0
41.4,9190.8,6576.798556584087,1517.0,11.100000000000023,222,297.0,2,308.1,0
36.6,8308.2,5542.146432050826,1446.0,11.0,227,297.1,0,308.1,0
38.8,8885.199999999999,6334.4142113841235,1559.0,10.899999999999977,229,297.1,2,308.0,0
44.4,0.0,6286.201236127032,1352.0,11.0,0,297.1,1,308.1,0
37.8,113.39999999999999,6246.365841279513,1578.0,11.100000000000023,3,297.2,1,308.3,0
42.0,252.0,6285.07026277174,1429.0,11.100000000000023,6,297.2,1,308.3,0
39.4,354.59999999999997,6618.03719615021,1604.0,11.100000000000023,9,297.2,1,308.3,0
60.4,724.8,8842.452346499975,1398.0,11.199999999999989,12,297.3,0,308.5,0
43.4,607.6,6549.11065333045,1441.0,11.099999999999966,14,297.3,0,308.4,0
35.6,569.6,5707.603645139888,1531.0,11.099999999999966,16,297.3,2,308.4,0
52.1,1094.1000000000001,7523.685054351565,1379.0,11.100000000000023,21,297.2,0,308.3,0
48.1,1106.3,7102.198511970445,1410.0,11.0,23,297.3,0,308.3,0
40.5,1012.5,6416.860074589832,1513.0,11.099999999999966,25,297.3,0,308.4,0
47.5,1282.5,7446.359987171207,1497.0,11.199999999999989,27,297.3,0,308.5,0
46.5,1348.5,7260.377702078691,1491.0,11.099999999999966,29,297.3,0,308.4,0
47.8,1481.8,7092.941285617866,1417.0,11.099999999999966,31,297.3,0,308.4,0
38.0,1254.0,6056.571757100643,1522.0,11.200000000000045,33,297.4,1,308.6,0
52.1,1875.6000000000001,7305.449084682194,1339.0,11.099999999999966,36,297.3,0,308.4,0
27.5,1045.0,5166.349118828414,1794.0,11.100000000000023,38,297.2,1,308.3,0
42.1,1726.1000000000001,6436.7044681850075,1460.0,11.199999999999989,41,297.2,0,308.4,0
28.0,1204.0,5207.5039825904405,1776.0,11.100000000000023,43,297.2,1,308.3,0
43.7,2010.2,6548.618470481388,1431.0,11.100000000000023,46,297.2,1,308.3,0
50.8,2489.2,7165.721515426029,1347.0,11.099999999999966,49,297.1,0,308.2,0
43.1,2198.1,6801.726118605606,1507.0,11.100000000000023,51,297.0,1,308.1,0
47.9,2586.6,7062.635388486237,1408.0,11.0,54,297.0,1,308.0,0
34.7,1977.9,5425.226825459726,1493.0,10.899999999999977,57,297.0,1,307.9,0
47.6,2856.0,7182.895555265655,1441.0,11.0,60,296.9,1,307.9,0
36.5,2299.5,5951.2760433278245,1557.0,11.0,63,296.9,2,307.9,0
20.4,1387.1999999999998,4049.3244349180272,1895.5,11.0,68,296.9,1,307.9,0
55.9,3968.9,8370.983065000242,1430.0,11.100000000000023,71,296.9,1,308.0,0
41.0,3034.0,7118.639513524232,1658.0,11.100000000000023,74,296.9,0,308.0,0
51.4,3906.4,7293.416784818944,1355.0,11.100000000000023,76,297.0,1,308.1,0
47.6,3760.4,7028.371084611085,1410.0,11.100000000000023,79,297.0,2,308.1,0
34.5,2898.0,5495.116790026586,1521.0,11.100000000000023,84,296.9,0,308.0,0
54.5,4687.0,7824.607742663418,1371.0,11.199999999999989,86,296.8,0,308.0,0
53.5,4708.0,7384.104092752569,1318.0,11.100000000000023,88,296.9,2,308.0,0
34.9,3245.7,5748.8737006325455,1573.0,11.100000000000023,93,297.0,1,308.1,0
44.1,4233.6,6876.412247956948,1489.0,11.100000000000023,96,297.0,0,308.1,0
13.3,1303.4,2640.000734529891,1895.5,11.100000000000023,98,297.0,2,308.1,0
39.0,4017.0,6277.216281137766,1537.0,11.100000000000023,103,297.0,0,308.1,0
46.9,4924.5,6954.480825398652,1416.0,11.100000000000023,105,296.9,2,308.0,0
56.5,6215.0,8040.749317230396,1359.0,11.0,110,296.9,0,307.9,0
38.9,4356.8,6318.15123341404,1551.0,11.0,112,296.8,1,307.8,0
33.0,3795.0,5854.04375069922,1694.0,11.0,115,296.8,1,307.8,0
28.4,3351.2,5082.636146585758,1709.0,11.099999999999966,118,296.8,0,307.9,0
41.0,4920.0,6500.3740792977605,1514.0,11.100000000000023,120,296.9,0,308.0,0
43.5,5307.0,6627.975100911066,1455.0,11.100000000000023,122,297.0,0,308.1,0
30.7,3806.7999999999997,5471.753812659391,1702.0,11.199999999999989,124,297.0,1,308.2,0
41.8,5308.599999999999,5939.976781750413,1357.0,11.200000000000045,127,296.9,1,308.1,0
29.4,3822.0,4855.205782416881,1577.0,11.199999999999989,130,297.0,0,308.2,0
46.4,6124.8,6797.736295935546,1399.0,11.300000000000011,132,297.0,1,308.3,0
59.0,7965.0,8643.673307331837,1399.0,11.300000000000011,135,297.0,0,308.3,0
48.1,6589.7,7515.234170113406,1492.0,11.300000000000011,137,297.0,0,308.3,0
25.7,3572.2999999999997,4744.757856692177,1763.0,11.199999999999989,139,297.1,0,308.3,0
41.5,5851.5,6484.037797499093,1492.0,11.199999999999989,141,297.1,2,308.3,0
42.5,6205.0,6622.477313767284,1488.0,11.299999999999955,146,297.1,0,308.4,0
42.1,6230.8,6269.173803944576,1422.0,11.299999999999955,148,297.1,0,308.4,0
38.2,5730.0,6332.4664239388985,1583.0,11.299999999999955,150,297.1,1,308.4,0
53.5,8185.5,7305.668996167944,1304.0,11.299999999999955,153,297.1,0,308.4,0
23.5,3642.5,4626.518781186568,1880.0,11.299999999999955,155,297.1,1,308.4,0
40.7,6430.6,6836.398829525725,1604.0,11.300000000000011,158,297.2,1,308.5,0
37.1,5973.1,5827.654372409066,1500.0,11.400000000000034,161,297.2,0,308.6,0
55.6,9062.800000000001,7941.778676666806,1364.0,11.300000000000011,163,297.2,1,308.5,0
14.0,2324.0,2778.9481416104113,1895.5,11.300000000000011,166,297.2,2,308.5,0
31.4,5369.4,5438.683313992601,1654.0,11.299999999999955,171,297.1,2,308.4,0
46.6,8201.6,6631.8392598749815,1359.0,11.299999999999955,176,297.1,2,308.4,0
37.3,6751.299999999999,5866.88239267689,1502.0,11.299999999999955,181,297.1,1,308.4,0
32.6,5998.400000000001,5513.390387294967,1615.0,11.299999999999955,184,297.1,1,308.4,0
39.3,7349.099999999999,6099.150809532296,1482.0,11.300000000000011,187,297.2,2,308.5,0
31.3,6009.6,5362.363556461394,1636.0,11.400000000000034,192,297.2,0,308.6,0
32.4,6285.599999999999,5499.923426786579,1621.0,11.399999999999977,194,297.1,1,308.5,0
44.4,8746.8,6825.549862895327,1468.0,11.299999999999955,197,297.1,0,308.4,0
53.4,10626.6,8007.794010294239,1432.0,11.299999999999955,199,297.1,1,308.4,0
28.4,5736.799999999999,5133.194844357529,1726.0,11.299999999999955,202,297.1,0,308.4,0
33.4,6813.599999999999,5554.252035742658,1588.0,11.299999999999955,204,297.1,1,308.4,0
33.3,6893.099999999999,5764.28844858616,1653.0,11.300000000000011,207,297.2,2,308.5,0
42.9,9094.8,6797.11844938034,1513.0,11.300000000000011,212,297.2,0,308.5,0
40.2,8602.800000000001,6268.29415800157,1489.0,11.400000000000034,214,297.2,0,308.6,0
36.8,7948.799999999999,5653.358811987904,1467.0,11.399999999999977,216,297.3,0,308.7,0
36.1,7869.8,5855.813514560743,1549.0,11.399999999999977,218,297.3,0,308.7,0
48.7,10714.0,6930.6989690109785,1359.0,11.400000000000034,220,297.4,1,308.8,0
41.5,9254.5,6662.2184608351945,1533.0,11.300000000000011,223,297.5,0,308.8,0
57.3,0.0,7854.578536578664,1309.0,11.300000000000011,0,297.5,0,308.8,0
49.4,98.8,7397.612941163005,1430.0,11.300000000000011,2,297.5,2,308.8,0
50.7,354.90000000000003,7533.884758500219,1419.0,11.399999999999977,7,297.5,2,308.9,0
37.7,452.40000000000003,6060.079868897152,1535.0,11.399999999999977,12,297.5,1,308.9,0
43.0,645.0,6601.3239232331125,1466.0,11.399999999999977,15,297.5,0,308.9,0
50.4,856.8,7531.5285640100265,1427.0,11.399999999999977,17,297.5,0,308.9,0
48.5,921.5,6501.002397828478,1280.0,11.399999999999977,19,297.5,1,308.9,0
33.8,743.5999999999999,5408.398360811995,1528.0,11.399999999999977,22,297.6,0,309.0,0
25.2,604.8,4974.397807694078,1885.0,11.399999999999977,24,297.6,2,309.0,0
33.0,957.0,5695.079162427577,1648.0,11.399999999999977,29,297.8,2,309.2,0
56.9,1934.6,8341.975692832097,1400.0,11.399999999999977,34,297.8,0,309.2,0
15.7,565.1999999999999,3116.3918445202467,1895.5,11.5,36,297.8,1,309.3,0
35.7,1392.3000000000002,5824.575611608549,1558.0,11.5,39,297.9,0,309.4,0
34.8,1426.8,5951.056131842072,1633.0,11.600000000000023,41,298.0,0,309.6,0
38.7,1664.1000000000001,6277.56185632966,1549.0,11.5,43,298.1,1,309.6,0
45.8,2106.7999999999997,7175.0625175827045,1496.0,11.5,46,298.0,0,309.5,0
41.8,2006.3999999999999,6421.478215790608,1467.0,11.399999999999977,48,298.1,0,309.5,0
65.9,3295.0000000000005,8805.716656404,1276.0,11.399999999999977,50,298.0,1,309.4,0
40.5,2146.5,6319.313622695869,1490.0,11.399999999999977,53,298.0,2,309.4,0
38.1,2209.8,6232.103010632216,1562.0,11.399999999999977,58,298.0,2,309.4,0
48.2,3036.6000000000004,7051.346598884339,1397.0,11.299999999999955,63,298.1,0,309.4,0
40.2,2613.0,6440.893258389794,1530.0,11.399999999999977,65,298.1,2,309.5,0
47.6,3332.0,6789.107388113686,1362.0,11.299999999999955,70,298.1,1,309.4,0
34.4,2511.2,6098.794762364889,1693.0,11.199999999999989,73,298.2,1,309.4,0
46.5,3534.0,6856.211807194364,1408.0,11.199999999999989,76,298.2,1,309.4,0
52.9,4179.099999999999,7744.465714070342,1398.0,11.199999999999989,79,298.2,0,309.4,0
40.1,3248.1,6429.070398036783,1531.0,11.300000000000011,81,298.3,1,309.6,0
37.1,3116.4,5909.241533622792,1521.0,11.199999999999989,84,298.3,2,309.5,0
54.3,4832.7,8114.325417177468,1427.0,11.199999999999989,89,298.3,2,309.5,0
36.1,3393.4,5844.472365081284,1546.0,11.099999999999966,94,298.3,0,309.4,0
45.4,4358.4,6446.7994525785425,1356.0,11.099999999999966,96,298.3,0,309.4,0
15.3,1499.4,3036.9933261885208,1895.5,11.100000000000023,98,298.4,0,309.5,1
41.7,4170.0,6515.2861724268,1492.0,11.100000000000023,100,298.5,1,309.6,0
40.3,4150.9,6676.36609975186,1582.0,11.100000000000023,103,298.5,0,309.6,0
41.5,4357.5,6166.789299364084,1419.0,11.100000000000023,105,298.5,0,309.6,0
48.2,5157.400000000001,7273.436255542112,1441.0,11.100000000000023,107,298.5,1,309.6,0
32.2,3542.0000000000005,5513.180947784728,1635.0,11.099999999999966,110,298.6,1,309.7,0
45.8,5175.4,6853.719477022516,1429.0,11.099999999999966,113,298.6,0,309.7,0
28.4,3266.0,4981.518751042215,1675.0,11.099999999999966,115,298.6,1,309.7,0
23.8,2808.4,4655.672761011881,1868.0,11.0,118,298.7,1,309.7,0
33.4,4041.3999999999996,5533.266196816678,1582.0,11.100000000000023,121,298.7,2,309.8,0
40.3,5077.799999999999,6271.22631114492,1486.0,11.099999999999966,126,298.8,0,309.9,0
54.3,6950.4,7972.16834960253,1402.0,11.100000000000023,128,298.7,0,309.8,0
34.1,4433.0,5788.499655969826,1621.0,11.199999999999989,130,298.7,0,309.9,0
42.4,5596.8,6340.487957181063,1428.0,11.099999999999966,132,298.8,0,309.9,0
53.6,7182.400000000001,7538.230628337685,1343.0,11.100000000000023,134,298.7,1,309.8,0
40.2,5507.400000000001,6137.792399171451,1458.0,11.199999999999989,137,298.7,1,309.9,0
57.0,7980.0,7891.052427286842,1322.0,11.100000000000023,140,298.7,0,309.8,0
32.8,4657.599999999999,5093.820216432538,1483.0,11.199999999999989,142,298.7,0,309.9,0
45.7,6580.8,7202.46767749752,1505.0,11.199999999999989,144,298.6,0,309.8,0
42.5,6205.0,7089.789220988765,1593.0,11.199999999999989,146,298.7,0,309.9,0
19.6,2900.8,3890.527398254576,1895.5,11.199999999999989,148,298.8,0,310.0,0
30.4,4560.0,5322.779489026162,1672.0,11.199999999999989,150,298.8,0,310.0,0
41.4,6292.8,6446.73662072547,1487.0,11.199999999999989,152,298.8,0,310.0,0
42.1,6483.400000000001,6273.582505635113,1423.0,11.199999999999989,154,298.8,0,310.0,0
25.0,3900.0,4581.4892864851145,1750.0,11.200000000000045,156,298.9,0,310.1,0
31.1,4913.8,5386.721371502227,1654.0,11.300000000000011,158,298.9,0,310.2,0
50.2,8032.0,7874.8836970963675,1498.0,11.300000000000011,160,298.9,0,310.2,0
30.2,4892.4,5018.945591521981,1587.0,11.200000000000045,162,298.9,0,310.1,0
42.6,6986.400000000001,6571.143689807626,1473.0,11.200000000000045,164,298.9,0,310.1,0
56.9,9445.4,8097.6749761134415,1359.0,11.300000000000011,166,298.9,0,310.2,0
34.5,5796.0,5906.979586912208,1635.0,11.300000000000011,168,299.0,1,310.3,0
45.0,7695.0,7162.831250184728,1520.0,11.300000000000011,171,299.0,0,310.3,0
36.7,6349.1,5791.725024427511,1507.0,11.300000000000011,173,299.0,0,310.3,0
46.3,8102.499999999999,6923.693217393472,1428.0,11.300000000000011,175,299.0,0,310.3,0
33.3,5894.099999999999,5516.699531556748,1582.0,11.300000000000011,177,299.0,1,310.3,0
24.4,4392.0,4843.309618235287,1895.5,11.300000000000011,180,299.0,0,310.3,0
38.1,6934.2,6144.3269118909175,1540.0,11.300000000000011,182,299.0,1,310.3,0
53.0,9805.0,7559.30024306776,1362.0,11.300000000000011,185,298.9,0,310.2,0
49.9,9331.3,7587.448913243925,1452.0,11.200000000000045,187,298.9,2,310.1,0
51.7,9926.400000000001,7368.469433313204,1361.0,11.200000000000045,192,298.9,0,310.1,0
67.19999999999999,13036.799999999997,8747.199257243132,1243.0,11.300000000000011,194,298.8,1,310.1,1
36.8,7249.599999999999,6038.727510828252,1567.0,11.300000000000011,197,298.8,2,310.1,0
46.5,9393.0,6870.820213033557,1411.0,11.300000000000011,202,298.9,0,310.2,0
26.8,5467.2,5090.971839093284,1814.0,11.399999999999977,204,298.8,0,310.2,0
28.8,5932.8,5184.381860660021,1719.0,11.300000000000011,206,298.8,1,310.1,0
30.4,6353.599999999999,5294.128164025423,1663.0,11.399999999999977,209,298.8,2,310.2,0
30.2,6462.8,5363.662081424877,1696.0,11.300000000000011,214,298.9,0,310.2,0
26.8,5788.8,4970.292793293388,1771.0,11.300000000000011,216,298.9,2,310.2,0
24.0,5304.0,4694.796061524587,1868.0,11.300000000000011,221,299.0,0,310.3,0
35.4,7894.2,5775.629598065619,1558.0,11.300000000000011,223,299.0,1,310.3,0
49.1,11096.6,7018.475067752277,1365.0,11.399999999999977,226,299.0,0,310.4,1
53.8,12266.4,7724.108193675081,1371.0,11.399999999999977,228,299.0,0,310.4,1
32.6,7498.0,5404.146738754138,1583.0,11.400000000000034,230,298.9,0,310.3,0
36.0,0.0,6080.866740288403,1613.0,11.5,0,298.7,2,310.2,0
27.2,136.0,4902.057400857417,1721.0,11.5,5,298.6,0,310.1,0
31.5,220.5,5502.185373497164,1668.0,11.599999999999966,7,298.6,1,310.2,0
36.3,363.0,5964.282236913686,1569.0,11.599999999999966,10,298.6,0,310.2,0
50.5,606.0,7022.925657344863,1328.0,11.599999999999966,12,298.6,1,310.2,0
33.0,495.0,5515.380062642241,1596.0,11.5,15,298.6,1,310.1,0
32.7,588.6,5739.187123283978,1676.0,11.699999999999989,18,298.5,0,310.2,0
28.9,578.0,5474.759269631324,1809.0,11.600000000000023,20,298.5,0,310.1,0
26.1,574.2,4930.666837956109,1804.0,11.5,22,298.5,0,310.0,0
33.9,813.5999999999999,5442.149537887062,1533.0,11.5,24,298.6,0,310.1,0
27.3,709.8000000000001,4908.6442734544435,1717.0,11.5,26,298.7,0,310.2,0
45.5,1274.0,6494.35269337838,1363.0,11.5,28,298.7,0,310.2,0
45.9,1377.0,6738.9047375093205,1402.0,11.5,30,298.7,0,310.2,0
47.5,1520.0,7142.934496711992,1436.0,11.5,32,298.7,0,310.2,0
43.7,1485.8000000000002,6978.786280561926,1525.0,11.5,34,298.7,0,310.2,0
33.3,1198.8,5572.494217084502,1598.0,11.5,36,298.7,1,310.2,0
48.1,1875.9,7273.4571994931375,1444.0,11.5,39,298.6,1,310.1,0
48.0,2016.0,6705.415359822054,1334.0,11.399999999999977,42,298.6,0,310.0,0
35.5,1562.0,6249.203746643257,1681.0,11.399999999999977,44,298.6,1,310.0,0
37.4,1757.8,6239.014514470113,1593.0,11.299999999999955,47,298.6,0,309.9,0
45.7,2239.3,6991.897193902907,1461.0,11.299999999999955,49,298.6,0,309.9,0
31.9,1626.8999999999999,5655.568398820928,1693.0,11.400000000000034,51,298.7,1,310.1,0
50.3,2716.2,7395.434770256516,1404.0,11.5,54,298.7,0,310.2,0
27.6,1545.6000000000001,4933.682766903555,1707.0,11.399999999999977,56,298.8,2,310.2,0
41.9,2555.9,6397.350784211038,1458.0,11.5,61,298.6,1,310.1,0
41.2,2636.8,6545.026582880783,1517.0,11.399999999999977,64,298.6,0,310.0,0
54.6,3603.6,8193.462136121396,1433.0,11.400000000000034,66,298.7,0,310.1,0
33.1,2250.8,5428.1066187255165,1566.0,11.5,68,298.7,0,310.2,0
33.5,2345.0,5879.595370948417,1676.0,11.400000000000034,70,298.7,0,310.1,0
56.8,4089.6,8136.976300209851,1368.0,11.400000000000034,72,298.7,1,310.1,0
37.5,2812.5,6208.572481656828,1581.0,11.399999999999977,75,298.8,1,310.2,0
27.1,2113.8,4847.142361272668,1708.0,11.5,78,298.8,2,310.3,0
41.5,3444.5,6436.233229286969,1481.0,11.600000000000023,83,298.7,1,310.3,0
40.0,3440.0,6077.934587145053,1451.0,11.600000000000023,86,298.7,0,310.3,0
38.7,3405.6000000000004,6058.718512080596,1495.0,11.600000000000023,88,298.7,1,310.3,0
41.8,3803.7999999999997,6885.470506774796,1573.0,11.5,91,298.8,1,310.3,0
59.0,5546.0,8439.783944113859,1366.0,11.5,94,298.8,1,310.3,0
36.8,3569.6,5984.775892990603,1553.0,11.5,97,298.8,0,310.3,0
37.1,3672.9,5936.437254027369,1528.0,11.5,99,298.8,1,310.3,0
31.2,3182.4,4989.100461312879,1527.0,11.399999999999977,102,298.8,1,310.2,0
46.7,4903.5,7144.89275613273,1461.0,11.399999999999977,105,298.8,0,310.2,0
44.9,4804.3,6841.289242089812,1455.0,11.399999999999977,107,298.8,2,310.2,0
34.8,3897.5999999999995,5903.680914625938,1620.0,11.400000000000034,112,298.7,0,310.1,0
27.7,3157.7999999999997,5180.716669230832,1786.0,11.400000000000034,114,298.7,0,310.1,0
35.7,4141.200000000001,5918.037993052845,1583.0,11.399999999999977,116,298.8,1,310.2,0
30.3,3605.7000000000003,5244.983182947767,1653.0,11.300000000000011,119,298.8,0,310.1,0
49.0,5929.0,6829.71770914909,1331.0,11.300000000000011,121,298.9,1,310.2,0
43.8,5431.2,6806.700306973788,1484.0,11.400000000000034,124,298.9,0,310.3,0
36.1,4548.6,6059.9542051910075,1603.0,11.300000000000011,126,298.9,1,310.2,0
40.0,5160.0,6052.801845916334,1445.0,11.300000000000011,129,298.9,0,310.2,0
26.1,3419.1000000000004,4982.597364519948,1823.0,11.200000000000045,131,298.9,0,310.1,0
45.3,6024.9,7073.013116218596,1491.0,11.200000000000045,133,298.9,2,310.1,0
42.8,5906.4,6870.914460813164,1533.0,11.300000000000011,138,298.9,0,310.2,0
54.8,7672.0,8085.747396005313,1409.0,11.300000000000011,140,298.9,0,310.2,0
12.800000000000011,1817.6000000000017,2540.7525866152355,1895.5,11.300000000000011,142,298.9,0,310.2,1
46.6,6710.400000000001,7290.631239332762,1494.0,11.300000000000011,144,299.0,1,310.3,0
33.3,4895.099999999999,5558.545545702564,1594.0,11.299999999999955,147,299.1,0,310.4,0
44.0,6556.0,7035.9109069797005,1527.0,11.299999999999955,149,299.1,0,310.4,0
39.7,5994.700000000001,6036.507452019716,1452.0,11.299999999999955,151,299.1,0,310.4,0
39.2,5997.6,6087.7363562242535,1483.0,11.300000000000011,153,299.0,0,310.3,0
38.2,5921.0,6276.462298900904,1569.0,11.099999999999966,155,299.1,0,310.2,0
46.6,7316.2,7183.272546384085,1472.0,11.199999999999989,157,299.1,0,310.3,0
43.5,6916.5,6983.289230032071,1533.0,11.199999999999989,159,299.0,0,310.2,0
62.7,10094.7,8969.058530439643,1366.0,11.200000000000045,161,298.9,2,310.1,0
37.7,6258.200000000001,6048.236064593118,1532.0,11.300000000000011,166,298.9,2,310.2,0
56.8,9712.8,7809.8317852160335,1313.0,11.200000000000045,171,298.9,1,310.1,0
48.0,8352.0,6896.424193160314,1372.0,11.199999999999989,174,299.0,0,310.2,0
40.6,7145.6,6611.27229996948,1555.0,11.200000000000045,176,298.9,1,310.1,0
42.7,7643.3,6233.317759791605,1394.0,11.200000000000045,179,298.9,0,310.1,0
48.0,8688.0,7248.28257036237,1442.0,11.200000000000045,181,298.9,0,310.1,0
33.8,6185.4,5535.821358841597,1564.0,11.100000000000023,183,298.9,0,310.0,0
48.9,9046.5,7435.3958288101785,1452.0,11.100000000000023,185,298.9,0,310.0,0
42.5,7947.5,6524.564342730402,1466.0,11.200000000000045,187,298.9,0,310.1,0
53.2,10054.800000000001,8183.932638405507,1469.0,11.200000000000045,189,298.9,1,310.1,0
23.4,4492.799999999999,4644.813322405973,1895.5,11.200000000000045,192,298.9,0,310.1,0
53.2,10320.800000000001,7883.093725897748,1415.0,11.099999999999966,194,298.8,1,309.9,0
36.7,7229.900000000001,5872.432539698233,1528.0,11.100000000000023,197,298.7,1,309.8,0
42.1,8420.0,6921.661654144152,1570.0,11.100000000000023,200,298.7,1,309.8,0
33.0,6699.0,5587.950852940165,1617.0,11.199999999999989,203,298.7,0,309.9,0
18.2,3731.0,3612.632584093534,1895.5,11.199999999999989,205,298.7,1,309.9,0
38.5,8008.0,6212.865991616734,1541.0,11.199999999999989,208,298.7,0,309.9,0
47.4,9954.0,6552.105638326872,1320.0,11.099999999999966,210,298.8,0,309.9,0
53.3,11299.599999999999,7557.43623142663,1354.0,11.100000000000023,212,298.7,0,309.8,1
35.2,7532.8,5510.772393416976,1495.0,11.099999999999966,214,298.8,1,309.9,0
31.8,6900.6,5291.510170147432,1589.0,11.100000000000023,217,298.7,0,309.8,0
35.5,0.0,5687.85349932432,1530.0,11.100000000000023,0,298.7,0,309.8,0
33.4,66.8,5382.8676845138225,1539.0,11.100000000000023,2,298.7,0,309.8,0
46.8,187.2,7165.093196895312,1462.0,11.0,4,298.7,0,309.7,0
54.0,324.0,7667.999348881966,1356.0,11.099999999999966,6,298.6,0,309.7,0
34.6,276.8,5876.9983210214505,1622.0,11.0,8,298.7,1,309.7,0
40.3,443.29999999999995,5882.96734706327,1394.0,11.100000000000023,11,298.7,0,309.8,0
33.7,438.1,5533.559412131014,1568.0,11.099999999999966,13,298.8,0,309.9,0
43.8,657.0,6678.271999295038,1456.0,11.100000000000023,15,298.9,1,310.0,0
49.3,887.4,7114.178451956133,1378.0,11.100000000000023,18,298.9,0,310.0,0
41.4,828.0,6086.898598183296,1404.0,11.0,20,298.9,1,309.9,0
42.8,984.4,6440.6419309775065,1437.0,11.0,23,298.8,0,309.8,0
44.0,1100.0,6280.253154036235,1363.0,11.0,25,298.8,0,309.8,0
49.6,1339.2,7152.275498868666,1377.0,11.0,27,298.8,1,309.8,0
42.1,1263.0,6727.678779760494,1526.0,11.099999999999966,30,298.8,2,309.9,0
44.2,1547.0,6989.205896196332,1510.0,11.0,35,298.8,2,309.8,0
45.2,1808.0,6811.266088297007,1439.0,11.099999999999966,40,298.8,2,309.9,1
39.1,1759.5,6068.111874114829,1482.0,11.099999999999966,45,298.8,0,309.9,0
37.0,1739.0,5943.683861081649,1534.0,11.0,47,298.8,1,309.8,0
27.7,1385.0,5050.183494474176,1741.0,11.099999999999966,50,298.8,1,309.9,0
38.8,2056.3999999999996,6297.846072896337,1550.0,11.099999999999966,53,298.8,0,309.9,0
38.5,2117.5,5991.121910150855,1486.0,11.199999999999989,55,298.8,1,310.0,0
38.2,2215.6000000000004,6408.472022204747,1602.0,11.200000000000045,58,298.9,0,310.1,0
37.9,2274.0,5862.03386801485,1477.0,11.199999999999989,60,299.0,0,310.2,0
29.2,1810.3999999999999,4947.547662481397,1618.0,11.100000000000023,62,299.0,0,310.1,0
35.8,2291.2,6103.318655786058,1628.0,11.199999999999989,64,299.0,1,310.2,0
33.6,2251.2000000000003,5847.886229098185,1662.0,11.300000000000011,67,299.0,1,310.3,0
31.0,2170.0,5379.139661231563,1657.0,11.300000000000011,70,299.0,1,310.3,0
30.8,2248.4,5408.942903538618,1677.0,11.399999999999977,73,299.0,2,310.4,0
39.9,3112.2,6046.026477760092,1447.0,11.300000000000011,78,299.0,1,310.3,0
25.4,2057.4,4870.243539252064,1831.0,11.5,81,298.9,0,310.4,0
34.4,2855.2,5706.137568568212,1584.0,11.300000000000011,83,299.0,0,310.3,0
40.9,3476.5,6210.4050773714225,1450.0,11.299999999999955,85,299.1,0,310.4,0
46.9,4080.2999999999997,7013.417103579997,1428.0,11.299999999999955,87,299.1,0,310.4,0
53.0,4717.0,7670.3031834946,1382.0,11.399999999999977,89,299.0,0,310.4,0
43.0,3913.0,6758.9271546882,1501.0,11.300000000000011,91,299.0,0,310.3,0
42.4,3943.2,6549.173485183522,1475.0,11.300000000000011,93,299.0,0,310.3,0
54.0,5130.0,7713.238283093659,1364.0,11.400000000000034,95,298.9,0,310.3,0
36.1,3501.7000000000003,5564.724011254625,1472.0,11.300000000000011,97,299.0,0,310.3,0
47.8,4732.2,7193.053371512261,1437.0,11.300000000000011,99,299.0,0,310.3,0
45.1,4555.1,7041.785685241914,1491.0,11.300000000000011,101,298.9,0,310.2,0
27.6,2842.8,4930.792501662252,1706.0,11.300000000000011,103,298.9,0,310.2,0
39.5,4147.5,6647.243535853083,1607.0,11.300000000000011,105,298.8,0,310.1,0
46.3,4954.099999999999,6846.116822800829,1412.0,11.199999999999989,107,298.8,0,310.0,0
40.9,4458.099999999999,6621.576723873254,1546.0,11.100000000000023,109,298.7,0,309.8,0
50.5,5605.5,7218.594519785946,1365.0,11.100000000000023,111,298.7,0,309.8,0
30.2,3412.6,4882.956517523591,1544.0,11.199999999999989,113,298.6,0,309.8,0
44.9,5163.5,6672.020229914395,1419.0,11.199999999999989,115,298.6,1,309.8,0
41.6,4908.8,6521.4436940278365,1497.0,11.199999999999989,118,298.6,0,309.8,0
42.6,5112.0,6410.545473356116,1437.0,11.199999999999989,120,298.5,0,309.7,0
53.6,6539.2,7976.042980541958,1421.0,11.100000000000023,122,298.5,0,309.6,0
44.5,5518.0,6701.121849862148,1438.0,11.100000000000023,124,298.5,1,309.6,0
48.9,6210.3,6733.846773337042,1315.0,11.0,127,298.5,1,309.5,0
61.9,8047.0,8854.620782044878,1366.0,11.0,130,298.5,1,309.5,0
35.4,4708.2,5631.053504147417,1519.0,11.100000000000023,133,298.4,1,309.5,0
28.3,3848.8,5014.3588662477405,1692.0,11.100000000000023,136,298.4,0,309.5,0
35.6,4912.8,5852.996553148024,1570.0,11.099999999999966,138,298.3,0,309.4,0
35.8,5012.0,5878.380621789029,1568.0,11.099999999999966,140,298.3,0,309.4,0
43.8,6219.599999999999,6215.012746596687,1355.0,11.100000000000023,142,298.2,0,309.3,0
18.7,2692.7999999999997,3711.880732008192,1895.5,11.100000000000023,144,298.2,1,309.3,0
60.2,8849.4,8397.100171927086,1332.0,11.0,147,298.2,1,309.2,0
52.5,7875.0,7960.795784196535,1448.0,11.0,150,298.1,1,309.1,0
35.6,5446.8,5882.820739406103,1578.0,10.899999999999977,153,298.0,0,308.9,0
39.2,6076.0,6412.032493878815,1562.0,11.0,155,298.0,1,309.0,0
19.3,3049.4,3830.9785095057814,1895.5,10.899999999999977,158,298.1,1,309.0,0
34.6,5570.6,5521.914575361708,1524.0,11.0,161,298.2,1,309.2,0
48.5,7954.0,7257.7597082007,1429.0,10.900000000000034,164,298.2,0,309.1,0
36.3,6025.799999999999,5960.480909802842,1568.0,10.900000000000034,166,298.2,0,309.1,0
26.6,4468.8,4799.4948726932225,1723.0,10.800000000000011,168,298.2,1,309.0,0
43.8,7489.799999999999,6150.798592757312,1341.0,10.800000000000011,171,298.2,0,309.0,0
46.2,7992.6,6545.885284872765,1353.0,10.799999999999955,173,298.1,1,308.9,0
58.5,10296.0,9060.510292585643,1479.0,10.699999999999989,176,298.0,1,308.7,1
44.9,8037.099999999999,7034.067839289593,1496.0,10.800000000000011,179,298.0,0,308.8,0
48.5,8778.5,6993.656485788918,1377.0,10.699999999999989,181,298.0,1,308.7,0
44.6,8206.4,6459.30299133983,1383.0,10.600000000000023,184,297.9,2,308.5,0
67.19999999999999,12700.799999999997,8923.12844584416,1268.0,10.699999999999989,189,298.0,0,308.7,1
34.3,6551.299999999999,5851.184901384453,1629.0,10.699999999999989,191,298.0,0,308.7,0
27.2,5249.599999999999,5098.595437265994,1790.0,10.800000000000011,193,298.0,0,308.8,0
16.3,3178.5,3235.489622017836,1895.5,10.699999999999989,195,298.1,1,308.8,0
17.4,3445.2,3453.835547430082,1895.5,10.699999999999989,198,298.0,1,308.7,0
48.2,9688.2,7248.198794558274,1436.0,10.699999999999989,201,298.0,1,308.7,0
48.2,9832.800000000001,7379.433591674233,1462.0,10.699999999999989,204,298.0,0,308.7,0
26.2,5397.2,4859.017581503237,1771.0,10.699999999999989,206,298.0,0,308.7,0
47.0,9776.0,7412.273706879758,1506.0,10.699999999999989,208,298.0,0,308.7,0
36.7,7707.000000000001,6249.0676109616015,1626.0,10.699999999999989,210,298.0,0,308.7,0
33.7,7144.400000000001,5681.77975352738,1610.0,10.800000000000011,212,298.0,0,308.8,0
55.7,11919.800000000001,8026.057135587107,1376.0,10.600000000000023,214,298.0,1,308.6,0
37.3,8094.099999999999,5886.412627006707,1507.0,10.600000000000023,217,298.0,1,308.6,0
37.7,8294.0,5641.598783487967,1429.0,10.5,220,298.0,0,308.5,1
38.9,0.0,6301.856839517421,1547.0,10.599999999999966,0,298.1,1,308.7,0
30.3,90.9,5210.080088566384,1642.0,10.599999999999966,3,298.1,0,308.7,0
36.3,181.5,5713.394647598005,1503.0,10.699999999999989,5,298.0,2,308.7,0
32.9,329.0,5402.198951308912,1568.0,10.599999999999966,10,298.1,0,308.7,0
37.6,451.20000000000005,6410.18942618871,1628.0,10.699999999999989,12,298.1,1,308.8,0
35.5,532.5,6000.1278090911455,1614.0,10.699999999999989,15,298.2,1,308.9,0
54.0,972.0,7226.91974031796,1278.0,10.699999999999989,18,298.2,0,308.9,0
38.8,776.0,5720.88211008906,1408.0,10.699999999999989,20,298.2,1,308.9,0
55.7,1281.1000000000001,7996.892683786282,1371.0,10.800000000000011,23,298.2,2,309.0,0
38.5,1078.0,6095.946385025634,1512.0,10.699999999999989,28,298.2,1,308.9,0
40.1,1243.1000000000001,6181.313929399182,1472.0,10.800000000000011,31,298.3,0,309.1,0
34.3,1131.8999999999999,5693.141846957862,1585.0,10.699999999999989,33,298.2,1,308.9,0
37.7,1357.2,6166.674107633453,1562.0,10.800000000000011,36,298.2,2,309.0,0
36.9,1512.8999999999999,5869.657466187561,1519.0,10.699999999999989,41,298.3,0,309.0,0
35.8,1539.3999999999999,6002.096540487395,1601.0,10.800000000000011,43,298.2,0,309.0,0
13.8,621.0,2739.248882444548,1895.5,10.800000000000011,45,298.2,0,309.0,0
27.6,1297.2,5164.903986207763,1787.0,10.899999999999977,47,298.1,0,309.0,0
44.5,2180.5,6640.541471525425,1425.0,11.0,49,298.1,2,309.1,0
34.0,1836.0,5550.775339872685,1559.0,10.899999999999977,54,298.1,0,309.0,0
36.0,2016.0,5869.751713967169,1557.0,10.899999999999977,56,298.1,0,309.0,0
40.5,2349.0,6349.0016732722925,1497.0,10.899999999999977,58,298.1,0,309.0,0
41.4,2484.0,6234.3021254897285,1438.0,10.899999999999977,60,298.1,2,309.0,0
39.2,2548.0,5816.805405778669,1417.0,10.799999999999955,65,298.1,1,308.9,0
51.4,3495.2,7207.2952582085345,1339.0,10.899999999999977,68,298.0,1,308.9,0
29.1,2066.1,5354.184943586549,1757.0,10.800000000000011,71,298.0,0,308.8,0
36.1,2635.3,5976.7857756749745,1581.0,10.800000000000011,73,298.0,0,308.8,0
54.4,4080.0,7553.8967037035845,1326.0,10.699999999999989,75,298.2,1,308.9,0
39.6,3088.8,6083.505678117419,1467.0,10.700000000000045,78,298.4,1,309.1,0
29.6,2397.6,5573.269143272389,1798.0,10.700000000000045,81,298.4,0,309.1,0
46.4,3851.2,7040.6861278131555,1449.0,10.699999999999989,83,298.5,1,309.2,0
39.3,3379.7999999999997,6276.1167237090085,1525.0,10.700000000000045,86,298.4,1,309.1,0
15.1,1343.8999999999999,2997.2940670226576,1895.5,10.600000000000023,89,298.4,0,309.0,0
54.7,4977.7,7899.147264357592,1379.0,10.599999999999966,91,298.3,0,308.9,0
34.9,3245.7,5949.883270584733,1628.0,10.5,93,298.4,0,308.9,0
52.7,5006.5,8134.609633744147,1474.0,10.600000000000023,95,298.4,0,309.0,0
38.8,3763.6,6273.467313904482,1544.0,10.600000000000023,97,298.4,1,309.0,0
48.4,4840.0,7050.194681578021,1391.0,10.5,100,298.4,0,308.9,0
55.5,5661.0,7834.503759522226,1348.0,10.599999999999966,102,298.3,0,308.9,0
52.1,5418.400000000001,7360.008077099536,1349.0,10.5,104,298.3,1,308.8,0
29.5,3156.5,5270.231115907117,1706.0,10.5,107,298.4,0,308.9,0
32.4,3531.6,5557.603067906487,1638.0,10.5,109,298.4,0,308.9,0
40.1,4451.1,6122.524258875004,1458.0,10.400000000000034,111,298.4,0,308.8,0
27.8,3141.4,5184.86357153357,1781.0,10.399999999999977,113,298.5,0,308.9,0
59.1,6796.5,8243.66478672576,1332.0,10.300000000000011,115,298.5,0,308.8,0
31.7,3708.9,5258.272119872451,1584.0,10.300000000000011,117,298.4,1,308.7,0
42.0,5040.0,6557.760505103334,1491.0,10.200000000000045,120,298.4,0,308.6,0
47.1,5746.2,6895.356051658094,1398.0,10.100000000000023,122,298.4,2,308.5,0
30.6,3886.2000000000003,5079.012843058618,1585.0,10.099999999999966,127,298.3,0,308.4,0
43.5,5611.5,6723.636597212875,1476.0,10.100000000000023,129,298.2,1,308.3,0
41.8,5517.599999999999,6382.082643914592,1458.0,10.100000000000023,132,298.2,0,308.3,0
39.9,5346.599999999999,6309.260526204382,1510.0,10.199999999999989,134,298.2,1,308.4,0
53.8,7370.599999999999,7819.88488170752,1388.0,10.199999999999989,137,298.2,0,308.4,0
16.8,2335.2000000000003,3334.7377699324934,1895.5,10.100000000000023,139,298.2,0,308.3,0
51.0,7191.0,7487.671930565913,1402.0,10.100000000000023,141,298.2,0,308.3,0
19.0,2717.0,3771.4296207569864,1895.5,10.199999999999989,143,298.0,1,308.2,0
42.1,6146.6,6432.29576649447,1459.0,10.199999999999989,146,298.0,0,308.2,0
44.8,6630.4,6582.097376193142,1403.0,10.100000000000023,148,298.0,1,308.1,0
39.3,5934.299999999999,6259.654778204198,1521.0,10.099999999999966,151,298.1,0,308.2,0
47.1,7206.3,6939.746755853316,1407.0,10.0,153,298.2,0,308.2,0
35.3,5471.5,6114.188566367478,1654.0,10.099999999999966,155,298.1,1,308.2,0
43.5,6873.0,6614.30917286795,1452.0,10.199999999999989,158,298.2,0,308.4,0
37.3,5968.0,5968.439611191936,1528.0,10.099999999999966,160,298.3,0,308.4,0
59.6,9655.2,7676.795808312018,1230.0,10.100000000000023,162,298.2,0,308.3,0
42.4,6953.599999999999,6509.21242662986,1466.0,10.0,164,298.2,0,308.2,0
50.1,8316.6,7754.267483149542,1478.0,10.0,166,298.2,0,308.2,0
18.0,3024.0,3572.9333249276715,1895.5,10.100000000000023,168,298.2,0,308.3,0
41.7,7089.000000000001,6506.552544849821,1490.0,10.099999999999966,170,298.3,0,308.4,0
43.4,7464.8,6744.538660334759,1484.0,10.099999999999966,172,298.3,0,308.4,0
37.0,6438.0,6172.287086507867,1593.0,10.099999999999966,174,298.3,0,308.4,0
43.8,7708.799999999999,6623.2312960041445,1444.0,10.0,176,298.3,0,308.3,0
47.5,8455.0,7182.728003657463,1444.0,10.099999999999966,178,298.3,1,308.4,0
33.0,5973.0,5390.972993560084,1560.0,10.100000000000023,181,298.2,1,308.3,0
42.0,7728.0,6729.291463989337,1530.0,10.199999999999989,184,298.1,2,308.3,0
61.0,11529.0,8368.155631612011,1310.0,10.199999999999989,189,298.2,0,308.4,1
33.3,6360.299999999999,5715.468098749374,1639.0,10.100000000000023,191,298.2,1,308.3,0
48.7,9447.800000000001,7139.792904058403,1400.0,10.100000000000023,194,298.2,0,308.3,0
44.2,8663.2,6878.119179965397,1486.0,10.099999999999966,196,298.3,1,308.4,0
43.3,8616.699999999999,6565.761094394476,1448.0,10.100000000000023,199,298.2,1,308.3,0
32.0,6464.0,5656.542292543542,1688.0,10.100000000000023,202,298.2,0,308.3,0
41.5,8466.0,6314.5488738379245,1453.0,10.199999999999989,204,298.1,1,308.3,0
37.7,7803.900000000001,5910.058347712727,1497.0,10.199999999999989,207,298.2,0,308.4,0
49.4,10324.6,7009.626248444666,1355.0,10.199999999999989,209,298.2,0,308.4,0
38.2,8060.200000000001,6368.469075749037,1592.0,10.299999999999955,211,298.1,0,308.4,0
34.7,7391.1,5610.549376094988,1544.0,10.300000000000011,213,298.0,0,308.3,0
51.2,11008.0,7361.547457499795,1373.0,10.199999999999989,215,298.0,1,308.2,0
52.9,11532.199999999999,7561.656437557952,1365.0,10.199999999999989,218,298.0,0,308.2,1
24.3,0.0,4776.383222738314,1877.0,10.100000000000023,0,298.0,0,308.1,0
40.8,81.6,6541.298559598523,1531.0,10.200000000000045,2,297.9,0,308.1,0
36.7,146.8,5768.665734350162,1501.0,10.100000000000023,4,297.9,0,308.0,0
46.2,277.20000000000005,7208.698502927139,1490.0,10.100000000000023,6,297.9,0,308.0,0
43.7,349.6,7061.158839939051,1543.0,10.0,8,297.8,1,307.8,0
38.2,420.20000000000005,6388.470548976892,1597.0,10.0,11,297.8,0,307.8,0
33.5,435.5,5612.978874413763,1600.0,10.099999999999966,13,297.8,2,307.9,0
32.1,577.8000000000001,5452.35971401123,1622.0,10.0,18,297.8,1,307.8,0
39.8,835.8,6051.71276046309,1452.0,10.0,21,297.8,0,307.8,0
42.5,977.5,6213.023071249414,1396.0,10.0,23,297.8,0,307.8,0
39.7,992.5000000000001,6256.8482887669925,1505.0,9.899999999999977,25,297.8,0,307.7,0
48.3,1304.1,7141.845411258747,1412.0,10.0,27,297.8,0,307.8,0
38.0,1102.0,5543.23551750407,1393.0,9.899999999999977,29,297.8,0,307.7,0
34.9,1081.8999999999999,5778.111456261954,1581.0,10.0,31,297.7,0,307.7,0
37.9,1250.7,6243.04622504222,1573.0,10.0,33,297.8,0,307.8,0
27.3,955.5,4934.373917287345,1726.0,10.099999999999966,35,297.8,1,307.9,0
39.8,1512.3999999999999,6418.483230794186,1540.0,10.0,38,297.9,1,307.9,0
62.9,2578.9,8536.586885746472,1296.0,10.100000000000023,41,297.9,0,308.0,0
25.8,1109.4,4868.5889671211735,1802.0,10.099999999999966,43,297.8,1,307.9,0
48.6,2235.6,7364.333002985977,1447.0,10.099999999999966,46,297.8,0,307.9,0
30.7,1473.6,5343.157953372448,1662.0,10.0,48,297.8,2,307.8,0
34.3,1817.8999999999999,5614.1203197445675,1563.0,10.0,53,297.8,0,307.8,0
59.5,3272.5,8012.841502491006,1286.0,9.900000000000034,55,297.9,0,307.8,0
34.6,1972.2,5761.052608152962,1590.0,9.800000000000011,57,297.9,0,307.7,0
43.7,2578.3,6827.769921703864,1492.0,9.800000000000011,59,297.9,0,307.7,0
21.9,1335.8999999999999,4228.960702850292,1844.0,9.900000000000034,61,297.7,0,307.6,0
38.3,2412.8999999999996,6168.559063225605,1538.0,9.900000000000034,63,297.7,2,307.6,0
22.9,1557.1999999999998,4545.565174491315,1895.5,9.900000000000034,68,297.7,0,307.6,0
57.9,4053.0,7942.888706071074,1310.0,10.0,70,297.8,1,307.8,0
46.9,3423.7,6704.001643127939,1365.0,9.900000000000034,73,297.9,0,307.8,0
59.3,4447.5,8091.475566610358,1303.0,9.900000000000034,75,297.9,1,307.8,0
37.5,2925.0,5886.559234663875,1499.0,9.900000000000034,78,297.9,0,307.8,0
38.2,3056.0,5804.427530723526,1451.0,9.900000000000034,80,297.9,0,307.8,0
54.4,4460.8,7610.864250488679,1336.0,10.0,82,297.9,1,307.9,0
44.5,3782.5,6579.961093188702,1412.0,10.0,85,297.9,0,307.9,0
39.2,3410.4,5882.48563618972,1433.0,10.0,87,298.0,0,308.0,0
43.6,3880.4,6510.804166907678,1426.0,10.0,89,297.9,0,307.9,0
45.2,4113.2,6986.399406759125,1476.0,10.0,91,297.9,0,307.9,0
58.5,5440.5,8613.304578347135,1406.0,10.0,93,297.9,2,307.9,0
56.5,5537.0,8182.749305172654,1383.0,10.0,98,297.8,0,307.8,0
37.3,3729.9999999999995,5878.60053327478,1505.0,9.900000000000034,100,297.9,0,307.8,0
33.9,3457.7999999999997,5910.749498096516,1665.0,9.900000000000034,102,297.9,0,307.8,0
45.0,4680.0,6583.207405597411,1397.0,9.900000000000034,104,297.9,0,307.8,0
43.5,4611.0,6605.19855417254,1450.0,9.900000000000034,106,297.9,1,307.8,0
36.4,3967.6,5973.089168319249,1567.0,9.800000000000011,109,298.0,0,307.8,0
37.0,4107.0,6025.051110809624,1555.0,10.0,111,298.0,1,308.0,0
35.4,4035.6,5886.841978002697,1588.0,9.800000000000011,114,298.0,2,307.8,0
37.7,4486.3,5736.349217920235,1453.0,9.800000000000011,119,298.0,0,307.8,0
33.3,4029.2999999999997,5656.186245376135,1622.0,9.800000000000011,121,298.0,0,307.8,0
38.5,4735.5,6200.770859900414,1538.0,9.900000000000034,123,297.9,0,307.8,0
42.8,5350.0,6844.022427698435,1527.0,9.800000000000011,125,297.9,1,307.7,0
28.9,3699.2,5329.492025329332,1761.0,10.0,128,297.8,0,307.8,0
50.2,6526.0,7217.767233720502,1373.0,9.900000000000034,130,297.9,0,307.8,0
37.8,4989.599999999999,5866.358793901292,1482.0,9.899999999999977,132,298.0,2,307.9,0
51.0,6987.0,7567.782543232453,1417.0,9.899999999999977,137,298.0,1,307.9,0
51.7,7238.0,7655.412034316584,1414.0,9.800000000000011,140,298.0,0,307.8,0
34.0,4828.0,5821.371187101887,1635.0,9.900000000000034,142,297.9,2,307.8,0
57.3,8423.1,8316.612568142116,1386.0,9.800000000000011,147,298.0,0,307.8,0
62.3,9282.699999999999,8996.652185913674,1379.0,9.900000000000034,149,298.2,0,308.1,0
35.9,5420.9,5928.6356322709535,1577.0,9.800000000000011,151,298.2,1,308.0,0
42.5,6545.0,6818.303255841048,1532.0,9.900000000000034,154,298.2,0,308.1,0
48.8,7612.799999999999,7021.585244479331,1374.0,9.899999999999977,156,298.1,1,308.0,0
35.3,5612.7,5803.673548486663,1570.0,9.899999999999977,159,298.1,2,308.0,0
31.0,5084.0,5508.992157579942,1697.0,9.899999999999977,164,298.1,0,308.0,0
44.1,7320.6,6922.5936599647175,1499.0,9.800000000000011,166,298.2,0,308.0,0
47.2,7929.6,6974.251915165244,1411.0,9.800000000000011,168,298.2,1,308.0,0
45.5,7780.5,6966.062830314887,1462.0,9.699999999999989,171,298.2,2,307.9,0
28.6,5033.6,5268.178608706772,1759.0,9.799999999999955,176,298.1,1,307.9,0
38.0,6802.0,6108.303316129754,1535.0,9.800000000000011,179,298.2,0,308.0,0
39.7,7185.700000000001,6198.645048871485,1491.0,9.699999999999989,181,298.2,2,307.9,0
36.0,6696.0,5847.1322468613225,1551.0,9.699999999999989,186,298.2,0,307.9,0
27.2,5113.599999999999,5038.779513141644,1769.0,9.699999999999989,188,298.2,0,307.9,0
34.1,6479.0,5538.533600499198,1551.0,9.699999999999989,190,298.2,0,307.9,0
31.4,6028.799999999999,5076.981279809297,1544.0,9.699999999999989,192,298.2,0,307.9,0
31.1,6033.400000000001,4976.366539090328,1528.0,9.600000000000023,194,298.2,0,307.8,0
35.8,7016.799999999999,6050.833114520085,1614.0,9.799999999999955,196,298.1,0,307.9,0
49.8,9860.4,7467.942728701368,1432.0,9.699999999999989,198,298.1,0,307.8,0
43.7,8740.0,6333.5345654411185,1384.0,9.699999999999989,200,298.1,1,307.8,0
37.8,7673.4,6095.946385025633,1540.0,9.699999999999989,203,298.1,0,307.8,0
43.9,8999.5,6468.25653040256,1407.0,9.699999999999989,205,298.0,0,307.7,0
43.0,8901.0,6385.182348666134,1418.0,9.700000000000045,207,297.9,2,307.6,0
30.8,6529.6,5312.181849808053,1647.0,9.600000000000023,212,297.9,1,307.5,0
32.8,7051.999999999999,5646.824299268437,1644.0,9.5,215,298.0,0,307.5,0
27.9,6054.299999999999,5235.652652766605,1792.0,9.5,217,298.0,0,307.5,0
34.6,7577.400000000001,5833.5186786957665,1610.0,9.5,219,297.9,1,307.4,0
26.0,5772.0,4911.775394132522,1804.0,9.5,222,297.8,1,307.3,0
36.1,8122.5,6063.734588350827,1604.0,9.5,225,297.9,2,307.4,1
52.8,0.0,7757.471907656203,1403.0,9.5,0,297.9,1,307.4,0
44.5,133.5,6701.121849862148,1438.0,9.5,3,297.8,0,307.3,0
26.3,131.5,5023.532316796223,1824.0,9.400000000000034,5,297.9,0,307.3,0
28.7,200.9,4998.074944326633,1663.0,9.400000000000034,7,297.9,2,307.3,0
36.7,440.40000000000003,5772.508949363053,1502.0,9.400000000000034,12,297.9,0,307.3,0
35.5,497.0,5970.387398637162,1606.0,9.5,14,297.9,0,307.4,0
37.7,603.2,6162.726172865442,1561.0,9.600000000000023,16,297.9,0,307.5,0
42.9,772.1999999999999,6446.705204798935,1435.0,9.5,18,297.9,1,307.4,0
38.3,804.3,6425.248126974916,1602.0,9.600000000000023,21,297.9,0,307.5,0
27.7,637.1,5116.900450460911,1764.0,9.5,23,298.1,1,307.6,0
27.8,722.8000000000001,4899.5650706855695,1683.0,9.5,26,298.0,2,307.5,0
35.2,1091.2,5964.167045183055,1618.0,9.5,31,298.0,0,307.5,0
41.6,1372.8,6573.719795783571,1509.0,9.600000000000023,33,298.0,0,307.6,0
39.0,1365.0,6330.309196983433,1550.0,9.700000000000045,35,297.9,0,307.6,0
44.0,1628.0,6999.0495531775805,1519.0,9.700000000000045,37,297.9,1,307.6,0
38.0,1520.0,5893.418378624212,1481.0,9.700000000000045,40,297.9,0,307.6,0
48.3,2028.6,6519.715818068361,1289.0,9.599999999999966,42,298.1,0,307.7,0
23.8,1047.2,4595.856836887532,1844.0,9.600000000000023,44,298.0,1,307.6,0
42.5,1997.5,6582.422007434014,1479.0,9.699999999999989,47,298.0,0,307.7,0
47.3,2317.7,7083.139516538667,1430.0,9.699999999999989,49,298.0,0,307.7,0
36.7,1871.7,6287.499761090517,1636.0,9.699999999999989,51,298.1,1,307.8,0
44.7,2413.8,7035.502499934734,1503.0,9.699999999999989,54,298.1,1,307.8,0
32.6,1858.2,5489.493339176661,1608.0,9.699999999999989,57,298.1,1,307.8,0
42.9,2574.0,6833.058269337407,1521.0,9.600000000000023,60,298.2,0,307.8,0
41.6,2579.2000000000003,6268.775868875121,1439.0,9.600000000000023,62,298.2,0,307.8,0
31.5,2016.0,5366.939809760122,1627.0,9.600000000000023,64,298.2,0,307.8,0
26.1,1722.6000000000001,4780.341629481837,1749.0,9.600000000000023,66,298.2,0,307.8,0
35.9,2441.2,5751.941989457552,1530.0,9.600000000000023,68,298.2,0,307.8,0
51.3,3591.0,7279.22725800023,1355.0,9.600000000000023,70,298.2,0,307.8,0
33.8,2433.6,5489.807498442019,1551.0,9.599999999999966,72,298.3,0,307.9,0
46.7,3455.8,7408.975034593488,1515.0,9.600000000000023,74,298.2,0,307.8,0
48.6,3693.6,7064.059577155866,1388.0,9.600000000000023,76,298.2,0,307.8,0
34.6,2698.8,5742.936090517262,1585.0,9.600000000000023,78,298.2,0,307.8,0
37.7,3016.0,6012.704651681017,1523.0,9.599999999999966,80,298.1,0,307.7,0
54.5,4469.0,7813.193289355375,1369.0,9.400000000000034,82,298.2,0,307.6,0
31.0,2604.0,5457.05115904059,1681.0,9.5,84,298.2,1,307.7,0
38.3,3332.1,6028.182231487702,1503.0,9.5,87,298.2,0,307.7,0
44.5,3960.5,6798.98246102147,1459.0,9.5,89,298.2,0,307.7,0
32.4,2948.4,5727.2490712003355,1688.0,9.5,91,298.2,0,307.7,0
21.6,2008.8000000000002,4287.519989913206,1895.5,9.5,93,298.2,1,307.7,0
19.9,1910.3999999999999,3950.07628700337,1895.5,9.600000000000023,96,298.2,0,307.8,0
52.5,5145.0,8010.275868490575,1457.0,9.5,98,298.3,1,307.8,0
50.4,5090.4,7346.802915978947,1392.0,9.5,101,298.3,1,307.8,0
22.1,2298.4,4386.768137827864,1895.5,9.5,104,298.3,0,307.8,0
33.4,3540.3999999999996,5603.218993236611,1602.0,9.399999999999977,106,298.3,1,307.7,0
49.4,5384.599999999999,7578.673397764897,1465.0,9.399999999999977,109,298.3,0,307.7,0
43.8,4861.799999999999,6600.29766963294,1439.0,9.399999999999977,111,298.3,1,307.7,0
55.4,6315.599999999999,7715.960996726771,1330.0,9.5,114,298.3,1,307.8,0
42.0,4914.0,6531.371126813179,1485.0,9.599999999999966,117,298.3,1,307.9,0
28.2,3384.0,5020.265060436489,1700.0,9.5,120,298.4,2,307.9,0
42.8,5350.0,6790.238361468978,1515.0,9.600000000000023,125,298.4,0,308.0,0
39.2,4978.400000000001,6161.626615436685,1501.0,9.600000000000023,127,298.5,1,308.1,0
47.6,6188.0,6878.831274300211,1380.0,9.600000000000023,130,298.4,0,308.0,0
35.9,4738.8,5804.574138380693,1544.0,9.5,132,298.4,0,307.9,0
27.3,3658.2000000000003,4982.974355638378,1743.0,9.5,134,298.4,0,307.9,0
21.4,2910.3999999999996,4247.820730747342,1895.5,9.5,136,298.4,2,307.9,0
54.2,7642.200000000001,7151.521516631805,1260.0,9.399999999999977,141,298.5,2,307.9,0
33.1,4832.6,5684.60718691561,1640.0,9.399999999999977,146,298.5,1,307.9,0
49.2,7330.8,7022.464890422337,1363.0,9.5,149,298.5,1,308.0,0
49.6,7539.2,7162.663698576537,1379.0,9.5,152,298.5,0,308.0,0
25.8,3973.2000000000003,4628.131465415411,1713.0,9.5,154,298.5,1,308.0,0
51.9,8148.3,7940.469679727808,1461.0,9.5,157,298.5,1,308.0,0
29.8,4768.0,5067.9334929669585,1624.0,9.5,160,298.5,0,308.0,0
41.1,6658.2,6567.876433447893,1526.0,9.600000000000023,162,298.4,0,308.0,0
14.2,2328.7999999999997,2818.647400776274,1895.5,9.5,164,298.4,0,307.9,0
31.1,5162.6,5295.531408744027,1626.0,9.300000000000011,166,298.4,2,307.7,0
33.8,5779.799999999999,5578.295691518132,1576.0,9.399999999999977,171,298.3,0,307.7,0
31.6,5466.8,5350.886271300279,1617.0,9.400000000000034,173,298.4,1,307.8,0
20.6,3625.6000000000004,4089.023694083891,1895.5,9.300000000000011,176,298.3,0,307.6,0
37.2,6621.6,5812.197736553404,1492.0,9.400000000000034,178,298.2,0,307.6,0
51.3,9234.0,7897.021453328663,1470.0,9.300000000000011,180,298.2,0,307.5,0
46.5,8463.0,7124.032580912894,1463.0,9.399999999999977,182,298.0,1,307.4,0
46.5,8602.5,6934.123305003391,1424.0,9.300000000000011,185,298.0,0,307.3,0
60.1,11238.7,8578.254876308585,1363.0,9.299999999999955,187,298.1,1,307.4,0
56.2,10678.0,7856.809067362713,1335.0,9.299999999999955,190,298.1,1,307.4,0
33.9,6542.7,5708.3995152787975,1608.0,9.299999999999955,193,298.1,0,307.4,0
35.2,6864.000000000001,5919.93342062051,1606.0,9.399999999999977,195,298.0,2,307.4,0
33.1,6620.0,5837.121038271884,1684.0,9.399999999999977,200,298.1,0,307.5,0
20.3,4100.6,4029.4748053350963,1895.5,9.5,202,298.1,0,307.6,0
48.6,9914.4,7430.494944270578,1460.0,9.400000000000034,204,298.2,2,307.6,0
31.0,6479.0,4905.178049559983,1511.0,9.400000000000034,209,298.2,0,307.6,1
55.7,0.0,7687.749494697535,1318.0,9.400000000000034,0,298.2,2,307.6,0
51.8,259.0,7420.693175191378,1368.0,9.400000000000034,5,298.2,0,307.6,0
27.1,189.70000000000002,4872.683509546353,1717.0,9.399999999999977,7,298.3,1,307.7,0
41.4,414.0,6589.804750169949,1520.0,9.399999999999977,10,298.3,1,307.7,0
42.0,546.0,6531.371126813179,1485.0,9.5,13,298.3,1,307.8,0
23.2,371.2,4605.11406324011,1895.5,9.5,16,298.4,0,307.9,0
31.0,558.0,5210.331415978671,1605.0,9.5,18,298.4,2,307.9,0
45.3,1041.8999999999999,6859.541895407169,1446.0,9.5,23,298.4,0,307.9,0
47.9,1197.5,7564.243015509407,1508.0,9.600000000000023,25,298.4,0,308.0,0
59.5,1606.5,8623.462394593742,1384.0,9.5,27,298.5,0,308.0,0
37.3,1081.6999999999998,5933.285189398266,1519.0,9.5,29,298.5,1,308.0,0
48.1,1539.2,7071.9763906429125,1404.0,9.5,32,298.5,0,308.0,0
31.1,1057.4,5093.610776922299,1564.0,9.600000000000023,34,298.5,0,308.1,0
36.8,1324.8,5992.48326696741,1555.0,9.599999999999966,36,298.6,2,308.2,0
54.0,2214.0,7492.698478811656,1325.0,9.599999999999966,41,298.6,0,308.2,0
44.0,1892.0,6856.211807194364,1488.0,9.599999999999966,43,298.6,1,308.2,0
32.3,1485.8,5395.00470413219,1595.0,9.699999999999989,46,298.5,0,308.2,0
28.6,1372.8000000000002,4977.665064053812,1662.0,9.600000000000023,48,298.5,0,308.1,0
37.4,1870.0,6152.8510999576565,1571.0,9.600000000000023,50,298.4,0,308.0,0
41.0,2132.0,6667.8209677340965,1553.0,9.699999999999989,52,298.3,2,308.0,0
12.800000000000011,729.6000000000006,2540.7525866152355,1895.5,9.699999999999989,57,298.3,0,308.0,1
38.2,2253.8,6152.453164888203,1538.0,9.800000000000011,59,298.2,0,308.0,0
33.0,2013.0,5591.406604859114,1618.0,9.800000000000011,61,298.4,0,308.2,0
45.9,2891.7,6556.252540629611,1364.0,9.800000000000011,63,298.4,0,308.2,0
47.3,3074.5,7142.578449544585,1442.0,9.699999999999989,65,298.3,0,308.0,0
67.19999999999999,4502.4,9239.800985326012,1313.0,9.699999999999989,67,298.2,0,307.9,1
23.6,1628.4,4564.650349861874,1847.0,9.699999999999989,69,298.2,0,307.9,0
40.8,2896.7999999999997,6511.390597536349,1524.0,9.699999999999989,71,298.1,0,307.8,0
48.0,3504.0,7263.362215099602,1445.0,9.599999999999966,73,298.1,1,307.7,0
28.2,2143.2,5200.403983193328,1761.0,9.699999999999989,76,298.1,0,307.8,0
43.5,3393.0,6896.738352425673,1514.0,9.699999999999989,78,298.1,1,307.8,0
38.3,3102.2999999999997,6008.128398382287,1498.0,9.599999999999966,81,298.1,1,307.7,0
37.1,3116.4,5990.82869483652,1542.0,9.5,84,298.1,2,307.6,0
41.8,3720.2,6600.946932114681,1508.0,9.600000000000023,89,298.0,1,307.6,0
52.9,4866.8,7927.274990582731,1431.0,9.5,92,298.0,1,307.5,0
45.1,4284.5,6739.522584064528,1427.0,9.5,95,298.0,1,307.5,0
36.3,3557.3999999999996,5793.222516925722,1524.0,9.5,98,298.0,1,307.5,0
43.6,4403.6,6515.369948230896,1427.0,9.5,101,298.0,1,307.5,0
44.1,4586.400000000001,6908.739236362386,1496.0,9.5,104,298.1,2,307.6,0
40.3,4392.7,5857.646110275336,1388.0,9.599999999999966,109,298.1,0,307.7,0
48.1,5339.1,7530.345230777174,1495.0,9.599999999999966,111,298.1,0,307.7,0
56.2,6350.6,8098.104327109433,1376.0,9.599999999999966,113,298.1,2,307.7,0
32.2,3799.6000000000004,5371.557950960901,1593.0,9.600000000000023,118,298.0,2,307.6,0
28.9,3554.7,5005.667126572808,1654.0,9.600000000000023,123,298.0,0,307.6,0
12.800000000000011,1600.0000000000014,2540.7525866152355,1895.5,9.599999999999966,125,298.1,0,307.7,1
27.0,3429.0,4996.074797003847,1767.0,9.599999999999966,127,298.1,0,307.7,0
53.8,6940.2,7684.670733897016,1364.0,9.5,129,298.1,0,307.6,0
31.2,4087.2,5126.325228421681,1569.0,9.699999999999989,131,298.1,1,307.8,0
36.8,4931.2,5688.041994883535,1476.0,9.600000000000023,134,298.2,0,307.8,0
45.0,6120.0,6969.623301988956,1479.0,9.599999999999966,136,298.1,0,307.7,0
34.1,4705.8,5892.057021807656,1650.0,9.599999999999966,138,298.1,0,307.7,0
36.3,5082.0,5949.076928470311,1565.0,9.5,140,298.1,1,307.6,0
46.5,6649.5,7109.424175073702,1460.0,9.5,143,298.1,0,307.6,0
27.6,4002.0,4809.401361527543,1664.0,9.599999999999966,145,298.1,0,307.7,0
40.9,6012.3,6146.159507605511,1435.0,9.599999999999966,147,298.1,1,307.7,0
19.2,2880.0,3811.1288799228496,1895.5,9.5,150,298.1,1,307.6,0
43.7,6686.1,6832.3461750025945,1493.0,9.399999999999977,153,298.1,0,307.5,0
43.3,6711.5,6139.530747106436,1354.0,9.5,155,298.1,0,307.6,0
39.4,6185.8,6139.426027351316,1488.0,9.5,157,298.1,0,307.6,0
48.7,7743.3,7211.190833098987,1414.0,9.599999999999966,159,298.1,0,307.7,0
57.4,9241.4,8361.181295921042,1391.0,9.399999999999977,161,298.1,0,307.5,0
27.8,4531.400000000001,5193.597199110551,1784.0,9.5,163,298.0,1,307.5,0
40.1,6656.6,6366.081465332309,1516.0,9.5,166,297.8,2,307.3,0
47.8,8173.799999999999,7107.958098502027,1420.0,9.400000000000034,171,297.9,1,307.3,0
56.3,9796.199999999999,7965.120710082978,1351.0,9.399999999999977,174,297.8,0,307.2,0
23.0,4048.0,4528.082211374089,1880.0,9.399999999999977,176,297.8,0,307.2,0
24.0,4272.0,4672.17659441874,1859.0,9.5,178,297.8,0,307.3,0
54.0,9720.0,7436.14981104704,1315.0,9.5,180,297.8,1,307.3,0
51.7,9461.1,7200.635081782925,1330.0,9.599999999999966,183,297.8,1,307.4,0
61.0,11346.0,8476.750017671098,1327.0,9.5,186,297.8,0,307.3,1
38.1,7162.8,5976.754359748438,1498.0,9.399999999999977,188,297.8,0,307.2,0
35.8,6801.999999999999,5829.644047756338,1555.0,9.5,190,297.8,2,307.3,0
35.8,6980.999999999999,5690.932260124838,1518.0,9.5,195,297.7,0,307.2,0
43.0,8471.0,6268.1056624423545,1392.0,9.5,197,297.7,0,307.2,0
39.6,7880.400000000001,6037.889752787295,1456.0,9.399999999999977,199,297.8,1,307.2,0
30.2,0.0,5423.7502769125385,1715.0,9.400000000000034,0,297.7,0,307.1,0
43.7,87.4,6429.635884714431,1405.0,9.5,2,297.7,1,307.2,0
37.8,189.0,6602.6224481965955,1668.0,9.5,5,297.7,0,307.2,0
22.5,157.5,4370.7407793068,1855.0,9.400000000000034,7,297.7,2,307.1,0
39.2,470.40000000000003,6141.101543433232,1496.0,9.5,12,297.6,0,307.1,0
44.9,628.6,6916.519914167776,1471.0,9.5,14,297.6,1,307.1,0
40.0,680.0,6048.613055711548,1444.0,9.5,17,297.7,0,307.2,0
38.6,733.4,6119.864377094965,1514.0,9.600000000000023,19,297.7,2,307.3,0
50.7,1216.8000000000002,7496.719717408252,1412.0,9.5,24,297.8,0,307.3,0
44.1,1146.6000000000001,6599.323775910327,1429.0,9.5,26,297.7,2,307.2,0
32.7,1013.7,5711.792435344675,1668.0,9.5,31,297.7,0,307.2,0
52.8,1742.3999999999999,7586.066612476344,1372.0,9.5,33,297.7,1,307.2,0
49.2,1771.2,7032.76931432611,1365.0,9.600000000000023,36,297.7,1,307.3,0
39.1,1524.9,6248.271740822691,1526.0,9.5,39,297.6,1,307.1,0
40.6,1705.2,6317.910377977265,1486.0,9.599999999999966,42,297.6,0,307.2,0
42.6,1874.4,6557.760505103334,1470.0,9.599999999999966,44,297.6,1,307.2,0
62.8,2951.6,8213.924376271776,1249.0,9.600000000000023,47,297.7,2,307.3,0
26.1,1357.2,4788.541186307706,1752.0,9.599999999999966,52,297.8,1,307.4,0
36.5,2007.5,6279.991354648437,1643.0,9.699999999999989,55,297.7,0,307.4,0
36.1,2057.7000000000003,5625.21014181174,1488.0,9.599999999999966,57,297.8,1,307.4,0
45.8,2748.0,6498.803282970965,1355.0,9.599999999999966,60,297.8,0,307.4,0
30.3,1878.6000000000001,5099.024788261985,1607.0,9.800000000000011,62,297.8,0,307.6,0
30.3,1939.2,5105.370805422237,1609.0,9.700000000000045,64,297.9,1,307.6,0
44.4,2974.7999999999997,7053.37816213366,1517.0,9.800000000000011,67,297.9,0,307.7,0
39.5,2725.5,6274.964806402692,1517.0,9.800000000000011,69,297.9,1,307.7,0
37.6,2707.2000000000003,6087.317477203775,1546.0,9.800000000000011,72,297.9,0,307.7,0
34.7,2567.8,5694.126212655988,1567.0,9.800000000000011,74,297.9,0,307.7,0
28.9,2196.4,5029.878333956473,1662.0,9.799999999999955,76,298.1,1,307.9,0
41.8,3302.2,6574.683217530671,1502.0,9.799999999999955,79,298.1,0,307.9,0
56.9,4608.9,8109.592084246059,1361.0,9.699999999999989,81,298.3,0,308.0,0
32.7,2714.1000000000004,5581.667667632986,1630.0,9.800000000000011,83,298.3,1,308.1,0
42.3,3637.7999999999997,6582.453423360549,1486.0,9.699999999999989,86,298.3,0,308.0,0
21.5,1892.0,4142.71351253374,1840.0,9.800000000000011,88,298.3,0,308.1,0
58.4,5256.0,8109.33028485826,1326.0,9.800000000000011,90,298.3,0,308.1,0
57.8,5317.599999999999,8274.180123367629,1367.0,9.700000000000045,92,298.4,0,308.1,0
32.7,3073.8,5472.088915875774,1598.0,9.700000000000045,94,298.4,0,308.1,0
50.1,4809.6,7150.924614027623,1363.0,9.699999999999989,96,298.3,0,308.0,0
62.0,6076.0,8063.840023234281,1242.0,9.699999999999989,98,298.3,0,308.0,0
33.8,3379.9999999999995,5542.9004142876865,1566.0,9.600000000000023,100,298.2,1,307.8,0
47.7,4913.1,7113.068422551866,1424.0,9.599999999999966,103,298.1,1,307.7,0
33.8,3582.7999999999997,5691.560578655555,1608.0,9.5,106,298.2,1,307.7,0
29.1,3171.9,5195.723010139479,1705.0,9.599999999999966,109,298.1,0,307.7,0
45.8,5083.799999999999,7424.463086375686,1548.0,9.600000000000023,111,298.0,0,307.6,0
43.4,4904.2,7185.3878854375025,1581.0,9.600000000000023,113,298.0,1,307.6,0
46.7,5417.200000000001,7198.6872943377,1472.0,9.600000000000023,116,298.0,1,307.6,0
26.0,3094.0,4879.102830535187,1792.0,9.600000000000023,119,298.0,1,307.6,0
32.8,4001.5999999999995,5780.781810017505,1683.0,9.600000000000023,122,298.0,0,307.6,0
40.7,5046.8,6405.92733215534,1503.0,9.700000000000045,124,297.9,0,307.6,0
32.4,4082.3999999999996,5571.174748169995,1642.0,9.600000000000023,126,297.9,1,307.5,0
24.3,3134.7000000000003,4823.4599886523565,1895.5,9.599999999999966,129,297.8,1,307.4,0
40.2,5306.400000000001,6028.339311120382,1432.0,9.699999999999989,132,297.7,2,307.4,0
40.8,5589.599999999999,6460.119805429763,1512.0,9.599999999999966,137,297.8,0,307.4,0
29.0,4031.0,5357.043792901315,1764.0,9.699999999999989,139,297.7,0,307.4,0
43.6,6147.6,6565.593542786285,1438.0,9.599999999999966,141,297.8,1,307.4,0
29.9,4305.599999999999,5106.857825944935,1631.0,9.699999999999989,144,297.8,0,307.5,0
23.3,3401.8,4587.144153261576,1880.0,9.600000000000023,146,297.9,2,307.5,0
54.3,8199.3,7642.363952828674,1344.0,9.700000000000045,151,297.9,0,307.6,0
35.8,5477.4,5900.874425188732,1574.0,9.600000000000023,153,297.9,0,307.5,0
41.2,6386.0,6117.895645698715,1418.0,9.599999999999966,155,297.8,0,307.4,0
54.1,8493.7,7772.84476770777,1372.0,9.699999999999989,157,297.8,0,307.5,0
40.0,6360.0,5814.04080424351,1388.0,9.699999999999989,159,297.8,0,307.5,0
36.0,5796.0,5628.477398171473,1493.0,9.700000000000045,161,297.9,2,307.6,0
40.1,6656.6,6319.889581349027,1505.0,9.700000000000045,166,297.9,1,307.6,0
29.1,4917.900000000001,5162.202216525676,1694.0,9.600000000000023,169,298.0,0,307.6,0
20.4,3488.3999999999996,4049.3244349180272,1895.5,9.700000000000045,171,297.9,0,307.6,0
35.6,6158.8,5849.268529865764,1569.0,9.600000000000023,173,298.0,1,307.6,0
29.1,5121.6,5140.870802407801,1687.0,9.700000000000045,176,297.9,0,307.6,0
52.4,9327.199999999999,7846.860690626346,1430.0,9.700000000000045,178,297.9,0,307.6,0
42.4,7632.0,6677.936896078655,1504.0,9.700000000000045,180,297.9,0,307.6,0
20.2,3676.4,4009.6251757521645,1895.5,9.700000000000045,182,297.9,0,307.6,0
45.6,8390.4,6852.441896010057,1435.0,9.699999999999989,184,298.0,0,307.7,0
36.8,6844.799999999999,5961.653771060182,1547.0,9.699999999999989,186,298.0,2,307.7,0
57.2,10925.2,7882.800510583413,1316.0,9.699999999999989,191,298.1,1,307.8,0
34.9,6770.599999999999,5924.300234408999,1621.0,9.699999999999989,194,298.0,1,307.7,0
40.2,7919.400000000001,6280.923360469002,1492.0,9.800000000000011,197,298.0,1,307.8,0
32.3,6459.999999999999,5557.362212469711,1643.0,9.699999999999989,200,298.0,0,307.7,0
38.7,7817.400000000001,6046.560548511203,1492.0,9.699999999999989,202,298.0,0,307.7,0
50.8,10363.199999999999,7378.512057829178,1387.0,9.699999999999989,204,298.0,0,307.7,0
47.3,9743.8,7246.596582304943,1463.0,9.799999999999955,206,298.1,1,307.9,0
40.0,0.0,6266.430146360441,1496.0,9.799999999999955,0,298.1,1,307.9,0
30.0,90.0,5208.760619651876,1658.0,9.800000000000011,3,298.2,0,308.0,0
17.5,87.5,3473.685177013014,1895.5,9.799999999999955,5,298.1,0,307.9,0
32.0,224.0,5579.468552775473,1665.0,9.799999999999955,7,298.1,0,307.9,0
26.6,239.4,4779.996054289943,1716.0,9.800000000000011,9,298.0,0,307.8,0
34.1,375.1,5459.972840208428,1529.0,9.699999999999989,11,298.0,0,307.7,0
50.7,659.1,7183.471513918814,1353.0,9.800000000000011,13,297.9,0,307.7,0
37.7,565.5,6067.975738433173,1537.0,9.800000000000011,15,297.9,0,307.7,0
30.8,523.6,5179.941743042947,1606.0,9.699999999999989,17,298.0,0,307.7,0
47.8,908.1999999999999,6577.364043261734,1314.0,9.800000000000011,19,298.0,2,307.8,0
29.9,717.5999999999999,5081.808860520313,1623.0,9.800000000000011,24,298.0,0,307.8,0
50.9,1323.3999999999999,7904.739299280981,1483.0,9.800000000000011,26,298.0,1,307.8,0
37.0,1073.0,6079.295943961609,1569.0,9.799999999999955,29,298.1,1,307.9,0
21.7,694.4,4307.369619496138,1895.5,9.800000000000011,32,298.2,1,308.0,0
29.3,1025.5,5173.134958960169,1686.0,9.899999999999977,35,298.1,1,308.0,0
35.1,1333.8,6020.736656898695,1638.0,9.899999999999977,38,298.1,0,308.0,0
33.3,1332.0,5921.21100163297,1698.0,9.799999999999955,40,298.1,0,307.9,0
55.1,2314.2000000000003,7945.3705642674095,1377.0,9.799999999999955,42,298.1,1,307.9,0
18.4,827.9999999999999,3652.3318432593974,1895.5,9.899999999999977,45,298.1,1,308.0,0
42.4,2035.1999999999998,6265.005957690813,1411.0,9.800000000000011,48,298.2,0,308.0,0
40.8,2039.9999999999998,6481.482635474174,1517.0,9.799999999999955,50,298.1,0,307.9,0
53.9,2802.7999999999997,7354.646425637408,1303.0,9.799999999999955,52,298.1,1,307.9,0
35.6,1958.0,5882.820739406103,1578.0,9.799999999999955,55,298.1,0,307.9,0
58.2,3317.4,8684.932890848982,1425.0,9.799999999999955,57,298.1,0,307.9,0
42.4,2501.6,6464.811250459124,1456.0,9.899999999999977,59,298.1,0,308.0,0
30.9,1884.8999999999999,5513.872098168517,1704.0,9.899999999999977,61,298.1,0,308.0,0
27.3,1719.9,5120.199122747181,1791.0,10.0,63,298.1,0,308.1,0
32.8,2132.0,5550.649676166541,1616.0,10.0,65,298.1,0,308.1,0
34.9,2338.2999999999997,5927.954953862675,1622.0,9.900000000000034,67,298.2,0,308.1,0
49.9,3443.1,7639.704071048635,1462.0,9.900000000000034,69,298.2,0,308.1,0
45.8,3251.7999999999997,6762.592346117388,1410.0,10.0,71,298.1,0,308.1,0
41.9,3058.7,6770.310192069707,1543.0,9.899999999999977,73,298.1,1,308.0,0
47.6,3617.6,7372.312648326097,1479.0,9.899999999999977,76,298.0,1,307.9,0
22.7,1793.3,4371.557593396732,1839.0,9.800000000000011,79,298.0,0,307.8,0
60.5,4900.5,8020.8002038801005,1266.0,9.800000000000011,81,298.0,0,307.8,0
34.9,2896.7,5821.968089706068,1593.0,9.800000000000011,83,297.9,0,307.7,0
46.9,3986.5,7165.6691555484695,1459.0,9.900000000000034,85,297.9,0,307.8,0
55.2,4802.400000000001,7560.933871247627,1308.0,9.800000000000011,87,297.9,0,307.7,0
46.8,4165.2,6684.806512014505,1364.0,9.800000000000011,89,297.9,1,307.7,0
35.9,3302.7999999999997,6082.772639831581,1618.0,9.800000000000011,92,297.9,2,307.7,0
43.2,4190.400000000001,6622.979968591858,1464.0,9.800000000000011,97,297.9,2,307.7,0
49.4,5038.8,6994.106780735932,1352.0,9.800000000000011,102,297.8,1,307.6,0
51.4,5397.0,7783.23296741564,1446.0,9.800000000000011,105,297.8,0,307.6,0
51.2,5478.400000000001,7763.671317159288,1448.0,9.699999999999989,107,297.8,0,307.5,0
48.6,5297.400000000001,7079.327717452312,1391.0,9.699999999999989,109,297.8,0,307.5,0
43.3,4806.299999999999,6252.889882023468,1379.0,9.800000000000011,111,297.7,0,307.5,0
46.9,5299.7,6900.455903732421,1405.0,9.699999999999989,113,297.8,1,307.5,0
33.1,3839.6000000000004,5480.099977142428,1581.0,9.699999999999989,116,297.8,0,307.5,0
40.5,4779.0,6425.342374754524,1515.0,9.700000000000045,118,297.9,0,307.6,0
37.8,4536.0,6289.908315458268,1589.0,9.700000000000045,120,297.9,0,307.6,0
50.8,6197.599999999999,6814.6171204608345,1281.0,9.600000000000023,122,298.0,0,307.6,0
31.3,3881.2000000000003,5345.974914785167,1631.0,9.699999999999989,124,297.8,2,307.5,0
67.0,8643.0,8433.50075880668,1202.0,9.700000000000045,129,297.9,1,307.6,0
52.7,6956.400000000001,7163.312961058279,1298.0,9.700000000000045,132,297.9,0,307.6,0
30.7,4113.8,5182.41312926377,1612.0,9.700000000000045,134,297.9,0,307.6,0
25.3,3440.8,4628.518928509354,1747.0,9.700000000000045,136,297.9,0,307.6,0
48.7,6720.6,7394.7855077747745,1450.0,9.600000000000023,138,298.0,0,307.6,0
45.6,6384.0,6790.364025175122,1422.0,9.699999999999989,140,298.0,0,307.7,0
47.4,6730.8,7043.513561201386,1419.0,9.599999999999966,142,298.1,1,307.7,0
30.7,4451.5,5249.925955389414,1633.0,9.599999999999966,145,298.1,1,307.7,0
43.6,6452.8,6583.856668079154,1442.0,9.699999999999989,148,298.0,0,307.7,0
45.8,6870.0,6810.553993962192,1420.0,9.600000000000023,150,298.0,2,307.6,0
58.5,9067.5,7970.063482524625,1301.0,9.600000000000023,155,298.0,1,307.6,0
45.0,7110.0,6526.658737832795,1385.0,9.600000000000023,158,298.0,0,307.6,0
41.3,6608.0,6431.164793139177,1487.0,9.699999999999989,160,298.0,1,307.7,0
44.4,7237.2,6783.703848749512,1459.0,9.600000000000023,163,298.0,1,307.6,0
45.5,7553.0,6608.706665969048,1387.0,9.5,166,298.0,1,307.5,0
40.8,6895.2,6566.933955651816,1537.0,9.599999999999966,169,298.1,0,307.7,0
42.9,7335.9,6729.731286960839,1498.0,9.5,171,298.1,0,307.6,0
31.2,5397.599999999999,5224.342919213682,1599.0,9.600000000000023,173,298.2,1,307.8,0
39.2,6899.200000000001,5829.120448980742,1420.0,9.599999999999966,176,298.3,2,307.9,0
23.4,4235.4,4374.039451593068,1785.0,9.699999999999989,181,298.2,0,307.9,0
48.1,8802.300000000001,7167.679774846769,1423.0,9.600000000000023,183,298.2,0,307.8,0
36.6,6771.0,6067.232228171824,1583.0,9.600000000000023,185,298.2,1,307.8,0
46.6,8760.800000000001,6709.918309292199,1375.0,9.600000000000023,188,298.2,0,307.8,0
42.5,8075.0,6511.2125739526455,1463.0,9.699999999999989,190,298.3,1,308.0,0
45.1,8704.300000000001,6626.173921123008,1403.0,9.699999999999989,193,298.2,1,307.9,0
47.1,9231.6,7156.7679763633005,1451.0,9.699999999999989,196,298.3,0,308.0,0
38.2,7563.6,5664.417218128541,1416.0,9.600000000000023,198,298.4,1,308.0,1
41.3,0.0,7231.276082130937,1672.0,9.800000000000011,0,298.3,0,308.1,0
30.8,61.6,5279.928165231197,1637.0,9.699999999999989,2,298.3,2,308.0,0
37.8,264.59999999999997,6095.946385025633,1540.0,9.600000000000023,7,298.4,0,308.0,0
53.1,477.90000000000003,7112.031696976182,1279.0,9.700000000000045,9,298.4,0,308.1,0
34.9,383.9,5862.170003696506,1604.0,9.800000000000011,11,298.4,0,308.2,0
27.1,352.3,4693.895471630558,1654.0,9.699999999999989,13,298.5,0,308.2,0
37.5,562.5,6141.813637768045,1564.0,9.699999999999989,15,298.5,1,308.2,0
47.5,855.0,7217.54732223475,1451.0,9.699999999999989,18,298.5,0,308.2,0
38.0,760.0,5984.943444598795,1504.0,9.800000000000011,20,298.5,0,308.3,0
50.5,1111.0,7303.208081922632,1381.0,9.800000000000011,22,298.5,1,308.3,0
34.4,860.0,5626.885657893654,1562.0,9.799999999999955,25,298.6,0,308.4,0
24.7,666.9,4684.292670086084,1811.0,9.800000000000011,27,298.5,0,308.3,0
28.7,832.3,5160.369620811082,1717.0,9.699999999999989,29,298.6,1,308.3,0
60.5,1936.0,8096.826746096974,1278.0,9.699999999999989,32,298.6,0,308.3,0
30.2,1026.8,5110.659153055779,1616.0,9.800000000000011,34,298.7,0,308.5,0
46.4,1670.3999999999999,6788.018302660441,1397.0,9.799999999999955,36,298.6,0,308.4,0
42.9,1630.2,6671.329079530605,1485.0,9.799999999999955,38,298.6,0,308.4,0
59.7,2388.0,8189.8178886432315,1310.0,9.799999999999955,40,298.6,0,308.4,0
66.3,2784.6,9032.738613527908,1301.0,9.699999999999989,42,298.5,0,308.2,1
44.0,1936.0,6717.981730436413,1458.0,9.800000000000011,44,298.5,0,308.3,0
42.5,1955.0,6600.224365804356,1483.0,9.800000000000011,46,298.7,0,308.5,0
46.4,2227.2,6681.120376634293,1375.0,9.800000000000011,48,298.7,0,308.5,0
27.0,1350.0,4693.539424463151,1660.0,9.800000000000011,50,298.7,1,308.5,0
33.3,1764.8999999999999,5439.981838956085,1560.0,9.699999999999989,53,298.7,2,308.4,0
42.2,2447.6000000000004,6540.377025753471,1480.0,9.800000000000011,58,298.7,0,308.5,0
46.9,2814.0,6743.292495248835,1373.0,9.699999999999989,60,298.7,0,308.4,0
54.2,3360.4,8195.870690489148,1444.0,9.800000000000011,62,298.7,0,308.5,0
24.7,1580.8,4454.087232406537,1722.0,9.900000000000034,64,298.7,1,308.6,0
39.9,2673.2999999999997,6137.949478804129,1469.0,9.800000000000011,67,298.7,0,308.5,0
52.9,3650.1,7533.958062328802,1360.0,9.800000000000011,69,298.7,1,308.5,0
25.8,1857.6000000000001,4728.096943652638,1750.0,9.699999999999989,72,298.7,0,308.4,0
46.6,3448.4,6583.03985398922,1349.0,9.600000000000023,74,298.7,1,308.3,0
35.2,2710.4,6148.473814193656,1668.0,9.800000000000011,77,298.7,0,308.5,0
49.5,3910.5,7257.079029792421,1400.0,9.700000000000045,79,298.9,0,308.6,0
62.8,5086.8,8753.189227235976,1331.0,9.800000000000011,81,298.8,0,308.6,0
42.2,3502.6000000000004,6381.286773775683,1444.0,9.699999999999989,83,298.8,0,308.5,0
47.6,4046.0,6774.153407082599,1359.0,9.699999999999989,85,298.8,2,308.5,0
47.4,4266.0,7073.295859557419,1425.0,9.699999999999989,90,298.8,1,308.5,0
34.2,3180.6000000000004,5261.099553260683,1469.0,9.700000000000045,93,298.9,1,308.6,0
22.8,2188.8,4517.358908449835,1892.0,9.699999999999989,96,299.0,0,308.7,0
19.9,1950.1999999999998,3950.07628700337,1895.5,9.699999999999989,98,299.0,2,308.7,0
55.2,5685.6,8121.645328060333,1405.0,9.800000000000011,103,299.0,0,308.8,0
39.6,4158.0,6008.861436668125,1449.0,9.899999999999977,105,299.0,1,308.9,0
29.6,3196.8,5226.102211099693,1686.0,9.799999999999955,108,299.1,0,308.9,0
27.2,2992.0,4785.273929947973,1680.0,9.799999999999955,110,299.1,0,308.9,0
52.4,5868.8,7665.77929007343,1397.0,9.799999999999955,112,299.1,1,308.9,0
30.3,3484.5,5067.294702460728,1597.0,9.800000000000011,115,299.2,1,309.0,0
41.1,4849.8,6326.853445064484,1470.0,9.800000000000011,118,299.3,0,309.1,0
31.3,3756.0,5581.971354922833,1703.0,9.800000000000011,120,299.3,1,309.1,0
45.5,5596.5,6613.471414826993,1388.0,9.800000000000011,123,299.3,0,309.1,0
24.2,3025.0,4498.237081164985,1775.0,9.899999999999977,125,299.3,0,309.2,0
41.5,5270.5,6366.699311887514,1465.0,9.899999999999977,127,299.3,0,309.2,0
37.9,4889.099999999999,6294.641648389676,1586.0,9.899999999999977,129,299.3,1,309.2,0
29.2,3854.4,5121.843222902559,1675.0,9.800000000000011,132,299.5,1,309.3,0
44.4,5994.0,6834.8489771499535,1470.0,9.800000000000011,135,299.4,1,309.2,0
40.4,5575.2,6248.711563794193,1477.0,9.800000000000011,138,299.5,0,309.3,0
61.0,8540.0,8828.084796097557,1382.0,9.800000000000011,140,299.5,0,309.3,0
29.8,4231.6,5008.641167618207,1605.0,9.799999999999955,142,299.6,1,309.4,0
32.9,4770.5,5660.594947066673,1643.0,9.799999999999955,145,299.6,0,309.4,0
54.1,7952.7,7551.896556380801,1333.0,9.800000000000011,147,299.5,0,309.3,0
42.3,6302.7,6733.061375173644,1520.0,9.800000000000011,149,299.5,0,309.3,0
24.0,3624.0,4763.911099903562,1895.5,9.800000000000011,151,299.5,1,309.3,0
44.4,6837.599999999999,6444.286178455671,1386.0,9.899999999999977,154,299.5,2,309.4,0
27.7,4404.3,5230.029201916679,1803.0,9.899999999999977,159,299.6,0,309.5,0
50.7,8162.700000000001,7215.327263426214,1359.0,9.900000000000034,161,299.7,0,309.6,0
42.7,6960.1,6604.45504391119,1477.0,9.900000000000034,163,299.7,1,309.6,0
53.4,8864.4,7387.078133797967,1321.0,9.900000000000034,166,299.7,0,309.6,0
41.4,6955.2,6299.333093419037,1453.0,9.899999999999977,168,299.6,0,309.5,0
45.1,7667.0,6701.739696417354,1419.0,9.900000000000034,170,299.7,0,309.6,0
36.2,6226.400000000001,5731.772964621506,1512.0,9.900000000000034,172,299.7,0,309.6,0
36.8,6403.2,5984.775892990603,1553.0,9.900000000000034,174,299.7,0,309.6,0
39.1,6881.6,6281.028080224121,1534.0,9.900000000000034,176,299.7,1,309.6,0
41.0,7339.0,6667.8209677340965,1553.0,9.900000000000034,179,299.7,2,309.6,0
49.7,9144.800000000001,7036.581113412467,1352.0,9.800000000000011,184,299.7,0,309.5,0
60.0,11160.0,8249.822308326797,1313.0,9.900000000000034,186,299.7,1,309.6,0
35.5,6709.5,5836.555551594237,1570.0,9.899999999999977,189,299.6,0,309.5,0
31.1,5940.1,5461.62741233932,1677.0,9.799999999999955,191,299.6,0,309.4,0
31.5,6079.5,5284.47300260339,1602.0,9.899999999999977,193,299.5,0,309.4,0
58.8,11466.0,8558.955025440033,1390.0,9.899999999999977,195,299.5,0,309.4,1
36.0,7092.0,5820.742868571168,1544.0,9.900000000000034,197,299.4,0,309.3,0
31.2,6208.8,5557.603067906487,1701.0,10.0,199,299.4,0,309.4,0
28.4,5708.4,5032.077448813986,1692.0,9.900000000000034,201,299.4,1,309.3,0
37.9,7731.599999999999,6044.602289090465,1523.0,10.0,204,299.3,1,309.3,0
15.4,3187.8,3056.8429557714526,1895.5,9.899999999999977,207,299.3,0,309.2,0
47.1,9843.9,7324.466192211923,1485.0,9.900000000000034,209,299.4,1,309.3,0
36.1,7653.200000000001,5719.719720807233,1513.0,9.800000000000011,212,299.4,2,309.2,0
28.2,0.0,5147.248235494589,1743.0,9.900000000000034,0,299.4,2,309.3,0
46.2,231.0,6976.471973973782,1442.0,9.800000000000011,5,299.5,0,309.3,0
46.7,326.90000000000003,7149.783168696819,1462.0,9.800000000000011,7,299.5,0,309.3,0
49.7,447.3,7489.378862574364,1439.0,9.900000000000034,9,299.4,2,309.3,0
36.6,512.4,6044.235769947547,1577.0,9.800000000000011,14,299.5,0,309.3,0
46.4,742.4,6467.324524581996,1331.0,9.799999999999955,16,299.6,0,309.4,0
22.5,405.0,4466.166656159589,1895.5,9.800000000000011,18,299.5,0,309.3,0
47.3,946.0,6899.869473103749,1393.0,9.699999999999989,20,299.5,0,309.2,0
42.1,926.2,6317.66952254049,1433.0,9.800000000000011,22,299.4,0,309.2,0
48.2,1156.8000000000002,7288.578732132416,1444.0,9.800000000000011,24,299.4,0,309.2,0
39.0,1014.0,6387.486183278767,1564.0,9.800000000000011,26,299.4,0,309.2,0
43.6,1220.8,6287.080882070038,1377.0,9.900000000000034,28,299.4,0,309.3,0
41.5,1245.0,6627.451502135467,1525.0,9.900000000000034,30,299.4,0,309.3,0
56.2,1798.4,8162.842079724408,1387.0,9.899999999999977,32,299.5,1,309.4,0
47.5,1662.5,6595.77377621177,1326.0,10.0,35,299.4,1,309.4,0
59.0,2242.0,8656.030238435957,1401.0,9.900000000000034,38,299.4,0,309.3,0
31.8,1272.0,5314.820787637069,1596.0,9.900000000000034,40,299.4,0,309.3,0
46.0,1932.0,7085.9669499268975,1471.0,10.0,42,299.3,1,309.3,0
37.8,1700.9999999999998,6048.445504103356,1528.0,10.0,45,299.3,0,309.3,0
62.0,2914.0,8602.72788308005,1325.0,10.0,47,299.3,0,309.3,0
46.7,2288.3,6729.207688185241,1376.0,9.800000000000011,49,299.3,1,309.1,0
35.3,1835.6,5914.571769158383,1600.0,9.800000000000011,52,299.3,1,309.1,0
44.0,2420.0,6888.46549177122,1495.0,9.800000000000011,55,299.3,0,309.1,0
28.6,1630.2,4926.750319114633,1645.0,9.700000000000045,57,299.4,0,309.1,0
47.3,2790.7,7018.747339115587,1417.0,9.700000000000045,59,299.4,1,309.1,0
51.7,3205.4,7660.82604565627,1415.0,9.600000000000023,62,299.4,2,309.0,0
43.4,2907.7999999999997,6799.076708801078,1496.0,9.699999999999989,67,299.3,1,309.0,0
35.0,2450.0,5527.1086752156425,1508.0,9.699999999999989,70,299.3,2,309.0,0
47.9,3592.5,7203.085524052724,1436.0,9.600000000000023,75,299.4,0,309.0,0
22.6,1740.2,4383.066294484384,1852.0,9.600000000000023,77,299.5,0,309.1,0
22.5,1777.5,4389.5903352283385,1863.0,9.600000000000023,79,299.5,0,309.1,0
44.1,3572.1,6340.707868666816,1373.0,9.700000000000045,81,299.4,2,309.1,0
47.3,4067.7999999999997,6954.355161692509,1404.0,9.600000000000023,86,299.4,0,309.0,0
44.9,3951.2,6493.347383729231,1381.0,9.600000000000023,88,299.4,1,309.0,0
29.3,2666.3,5406.324909660627,1762.0,9.5,91,299.4,2,308.9,0
43.0,4128.0,6434.7147928377335,1429.0,9.599999999999966,96,299.3,2,308.9,0
24.7,2494.7,4805.861833804498,1858.0,9.599999999999966,101,299.3,1,308.9,0
21.3,2215.2000000000003,4227.971101164411,1895.5,9.600000000000023,104,299.2,2,308.8,0
37.4,4076.6,5886.527818737339,1503.0,9.600000000000023,109,299.2,1,308.8,0
38.9,4356.8,6204.090476137707,1523.0,9.600000000000023,112,299.2,1,308.8,0
38.4,4416.0,5995.666747523048,1491.0,9.699999999999989,115,299.3,0,309.0,0
39.1,4574.7,5855.195668005536,1430.0,9.699999999999989,117,299.2,0,308.9,0
67.19999999999999,7996.799999999998,8852.756770403748,1258.0,9.599999999999966,119,299.3,0,308.9,1
46.5,5626.5,7055.860020329996,1449.0,9.699999999999989,121,299.3,0,309.0,0
40.6,4993.8,6058.561432447916,1425.0,9.699999999999989,123,299.3,2,309.0,0
24.3,3110.4,4580.442088933918,1800.0,9.600000000000023,128,299.4,0,309.0,0
33.7,4381.0,5671.192586284783,1607.0,9.600000000000023,130,299.4,2,309.0,0
58.2,7857.0,8477.7134394182,1391.0,9.600000000000023,135,299.4,0,309.0,0
45.4,6219.8,6808.124495643416,1432.0,9.700000000000045,137,299.4,0,309.1,0
28.4,3947.6,4936.90813536124,1660.0,9.600000000000023,139,299.4,0,309.0,0
29.7,4187.7,5386.826091257346,1732.0,9.699999999999989,141,299.3,2,309.0,0
46.3,6759.799999999999,7141.876827185283,1473.0,9.699999999999989,146,299.3,0,309.0,0
47.8,7074.4,7563.468089321523,1511.0,9.699999999999989,148,299.3,0,309.0,0
41.5,6225.0,6901.241301895818,1588.0,9.699999999999989,150,299.2,0,308.9,0
31.1,4727.2,5285.7610555913625,1623.0,9.599999999999966,152,299.3,0,308.9,0
30.6,4712.400000000001,5556.472094551195,1734.0,9.699999999999989,154,299.3,0,309.0,0
47.6,7425.6,7053.294386329564,1415.0,9.699999999999989,156,299.3,0,309.0,0
46.6,7362.8,6924.6356951895505,1419.0,9.699999999999989,158,299.3,0,309.0,0
34.9,5584.0,5763.49257844725,1577.0,9.599999999999966,160,299.3,1,308.9,0
60.3,9828.9,8688.891297592507,1376.0,9.599999999999966,163,299.3,0,308.9,0
49.0,8085.0,7399.288457244919,1442.0,9.5,165,299.3,1,308.8,0
40.5,6804.0,6153.908769484366,1451.0,9.5,168,299.4,0,308.9,0
45.8,7785.999999999999,7434.0554159446465,1550.0,9.5,170,299.3,0,308.8,0
32.9,5658.8,5674.376066840419,1647.0,9.5,172,299.3,0,308.8,0
33.7,5863.8,5470.036408675429,1550.0,9.5,174,299.4,0,308.9,0
34.1,6001.6,5652.80379728577,1583.0,9.5,176,299.4,0,308.9,0
32.2,5731.6,5438.997473257961,1613.0,9.600000000000023,178,299.4,0,309.0,0
35.5,6390.0,6081.9139378396,1636.0,9.5,180,299.3,2,308.8,0
51.5,9527.5,6951.663863985934,1289.0,9.399999999999977,185,299.3,1,308.7,0
28.4,5339.2,4901.21964281646,1648.0,9.5,188,299.3,1,308.8,0
45.4,8671.4,6641.724804758276,1397.0,9.5,191,299.3,2,308.8,0
24.8,4860.8,4588.9872209516825,1767.0,9.599999999999966,196,299.3,1,308.9,0
47.7,9492.300000000001,6698.4724400576215,1341.0,9.5,199,299.3,0,308.8,0
41.5,8341.5,6331.932353187787,1457.0,9.5,201,299.4,1,308.9,0
19.8,4039.2000000000003,3930.2266574204386,1895.5,9.600000000000023,204,299.4,1,309.0,0
49.7,10287.900000000001,7281.1959893964795,1399.0,9.5,207,299.5,1,309.0,0
31.3,6573.0,5250.920793063052,1602.0,9.5,210,299.5,1,309.0,0
41.0,8733.0,6470.319509578418,1507.0,9.600000000000023,213,299.4,0,309.0,0
40.5,8707.5,6209.043720554867,1464.0,9.700000000000045,215,299.4,0,309.1,0
42.1,9135.7,5890.025458558335,1336.0,9.600000000000023,217,299.5,0,309.1,0
39.8,8716.199999999999,5926.677372850216,1422.0,9.599999999999966,219,299.6,0,309.2,0
36.7,8110.700000000001,5918.551119852931,1540.0,9.599999999999966,221,299.6,0,309.2,0
47.8,10659.4,7388.271939006332,1476.0,9.600000000000023,223,299.5,0,309.1,0
23.4,5265.0,4574.975717716671,1867.0,9.599999999999966,225,299.6,1,309.2,1
41.3,0.0,6867.982307669813,1588.0,9.5,0,299.6,2,309.1,0
49.5,247.5,7360.7515873608845,1420.0,9.600000000000023,5,299.5,1,309.1,0
49.2,393.6,7290.379911920473,1415.0,9.600000000000023,8,299.5,0,309.1,0
43.3,433.0,6801.548095021901,1500.0,9.700000000000045,10,299.4,1,309.1,0
44.6,579.8000000000001,7015.092619661912,1502.0,9.600000000000023,13,299.5,0,309.1,0
23.0,345.0,4373.934731837949,1816.0,9.699999999999989,15,299.5,0,309.2,0
41.6,707.2,6512.73101040188,1495.0,9.699999999999989,17,299.5,1,309.2,0
33.4,668.0,5498.289798606712,1572.0,9.599999999999966,20,299.6,0,309.2,0
35.9,789.8,5977.508341985299,1590.0,9.699999999999989,22,299.5,1,309.2,0
48.3,1207.5,7015.396306951758,1387.0,9.699999999999989,25,299.6,1,309.3,0
47.7,1335.6000000000001,6958.219320656425,1393.0,9.599999999999966,28,299.6,1,309.2,0
37.3,1156.3,6257.487079273221,1602.0,9.599999999999966,31,299.6,0,309.2,0
33.3,1098.8999999999999,5582.9557206209565,1601.0,9.599999999999966,33,299.6,0,309.2,0
36.3,1270.5,6070.719396017308,1597.0,9.599999999999966,35,299.6,2,309.2,0
44.3,1772.0,7181.303814987836,1548.0,9.600000000000023,40,299.5,2,309.1,0
61.8,2781.0,8503.788658442994,1314.0,9.699999999999989,45,299.5,1,309.2,0
39.8,1910.3999999999999,6572.693542183397,1577.0,9.699999999999989,48,299.6,1,309.3,0
43.4,2213.4,6703.63512398502,1475.0,9.599999999999966,51,299.8,0,309.4,0
32.4,1717.1999999999998,5530.459707379471,1630.0,9.599999999999966,53,299.8,0,309.4,0
42.9,2359.5,6491.629979745268,1445.0,9.699999999999989,55,299.7,0,309.4,0
47.4,2701.7999999999997,7142.7878890548245,1439.0,9.599999999999966,57,299.8,1,309.4,0
44.1,2646.0,6557.760505103334,1420.0,9.600000000000023,60,299.7,0,309.3,0
41.6,2579.2000000000003,6769.755177367573,1554.0,9.5,62,299.7,2,309.2,0
44.3,2968.1,6824.094258299164,1471.0,9.5,67,299.6,1,309.1,0
33.6,2352.0,5798.626056289897,1648.0,9.399999999999977,70,299.6,0,309.0,0
48.8,3513.6,7522.397001363591,1472.0,9.399999999999977,72,299.6,0,309.0,0
42.9,3174.6,6505.107412229168,1448.0,9.399999999999977,74,299.5,1,308.9,0
35.3,2718.1,5796.280333775216,1568.0,9.299999999999955,77,299.6,1,308.9,0
30.8,2464.0,5202.519322246745,1613.0,9.299999999999955,80,299.6,0,308.9,0
35.4,2902.7999999999997,5749.680042746967,1551.0,9.199999999999989,82,299.7,1,308.9,0
49.2,4182.0,7274.923276064813,1412.0,9.300000000000011,85,299.7,0,309.0,0
41.0,3567.0,6345.8077207411425,1478.0,9.199999999999989,87,299.7,1,308.9,0
58.0,5220.0,7701.509670520258,1268.0,9.300000000000011,90,299.8,1,309.1,0
35.6,3310.8,5763.523994373787,1546.0,9.300000000000011,93,299.8,0,309.1,0
36.1,3429.5,5923.8604114374975,1567.0,9.199999999999989,95,299.8,0,309.0,0
35.7,3462.9,5787.19065903083,1548.0,9.300000000000011,97,299.9,1,309.2,0
30.8,3080.0,5205.744690704431,1614.0,9.199999999999989,100,299.8,0,309.0,0
46.1,4702.2,6526.889121294059,1352.0,9.400000000000034,102,299.7,1,309.1,0
34.6,3633.0,5884.24492807573,1624.0,9.300000000000011,105,299.9,0,309.2,0
52.0,5564.0,7819.633554295234,1436.0,9.300000000000011,107,299.9,0,309.2,0
37.5,4087.5,6247.842389826701,1591.0,9.399999999999977,109,299.8,0,309.2,0
42.6,4728.6,6401.623350219921,1435.0,9.399999999999977,111,299.8,2,309.2,0
49.4,5730.4,7169.994081434912,1386.0,9.5,116,299.8,0,309.3,0
54.1,6383.8,7937.139591515005,1401.0,9.5,118,299.7,0,309.2,0
64.0,7680.0,8344.07008793449,1245.0,9.399999999999977,120,299.6,1,309.0,0
40.0,4920.0,6178.465552059926,1475.0,9.400000000000034,123,299.7,0,309.1,0
39.4,4925.0,6077.536652075598,1473.0,9.400000000000034,125,299.7,0,309.1,0
44.8,5689.599999999999,6356.908014783826,1355.0,9.5,127,299.7,2,309.2,0
49.6,6547.2,7624.938585576763,1468.0,9.5,132,299.7,2,309.2,0
30.8,4219.6,5305.731112892681,1645.0,9.5,137,299.7,0,309.2,0
55.3,7686.7,7800.4803110838475,1347.0,9.400000000000034,139,299.7,0,309.1,0
33.5,4723.5,6009.395507419235,1713.0,9.400000000000034,141,299.7,0,309.1,0
48.4,6921.2,7273.205872080849,1435.0,9.5,143,299.6,1,309.1,0
26.1,3810.6000000000004,4744.810216569736,1736.0,9.399999999999977,146,299.6,1,309.0,0
60.4,8999.6,8678.000443060062,1372.0,9.399999999999977,149,299.6,0,309.0,0
33.0,4983.0,5546.481829912779,1605.0,9.300000000000011,151,299.7,0,309.0,0
48.5,7420.5,7176.4971782278435,1413.0,9.399999999999977,153,299.6,0,309.0,0
31.9,4944.5,5495.221509781706,1645.0,9.300000000000011,155,299.7,1,309.0,0
49.0,7742.0,7517.307621264777,1465.0,9.300000000000011,158,299.7,1,309.0,0
27.8,4475.8,4905.387489070223,1685.0,9.299999999999955,161,299.6,1,308.9,0
20.4,3345.6,4049.3244349180272,1895.5,9.300000000000011,164,299.5,0,308.8,0
41.8,6938.799999999999,6749.774648090742,1542.0,9.200000000000045,166,299.4,2,308.6,0
30.8,5266.8,5421.844377369361,1681.0,9.300000000000011,171,299.4,0,308.7,0
45.7,7906.1,6920.11180176838,1446.0,9.199999999999989,173,299.5,0,308.7,0
56.4,9870.0,8357.264777079567,1415.0,9.200000000000045,175,299.4,0,308.6,0
30.5,5398.5,5340.288632082169,1672.0,9.100000000000023,177,299.5,0,308.6,0
13.0,2327.0,2580.451845781096,1895.5,9.199999999999989,179,299.5,0,308.7,1
40.5,7330.5,6327.795922860561,1492.0,9.200000000000045,181,299.4,0,308.6,0
42.7,7814.1,6506.081305951782,1455.0,9.200000000000045,183,299.4,1,308.6,0
43.1,8016.6,6418.0852957247325,1422.0,9.199999999999989,186,299.3,1,308.5,0
50.6,9563.4,7434.243911503862,1403.0,9.300000000000011,189,299.3,0,308.6,0
49.6,9473.6,7656.103184700374,1474.0,9.300000000000011,191,299.3,0,308.6,0
50.0,9650.0,7230.899091012507,1381.0,9.400000000000034,193,299.2,0,308.6,0
44.7,8716.5,6820.177739457689,1457.0,9.300000000000011,195,299.2,0,308.5,0
28.9,5693.299999999999,5178.171979181424,1711.0,9.199999999999989,197,299.2,0,308.4,0
29.0,5771.0,5062.467121749712,1667.0,9.199999999999989,199,299.2,0,308.4,0
35.0,7035.0,5369.505443760554,1465.0,9.199999999999989,201,299.2,0,308.4,0
37.5,7612.5,6055.4198397943255,1542.0,9.099999999999966,203,299.3,1,308.4,1
42.3,0.0,6369.830432565592,1438.0,9.099999999999966,0,299.3,1,308.4,0
47.4,142.2,6978.985248096653,1406.0,9.099999999999966,3,299.3,0,308.4,0
48.5,242.5,7090.155740131684,1396.0,9.199999999999989,5,299.2,1,308.4,0
60.6,484.8,8275.206376967802,1304.0,9.199999999999989,8,299.3,1,308.5,0
46.5,511.5,7021.773740038546,1442.0,9.300000000000011,11,299.2,0,308.5,0
48.7,633.1,7119.393495761093,1396.0,9.199999999999989,13,299.2,1,308.4,0
43.4,694.4,6471.848418003165,1424.0,9.199999999999989,16,299.1,2,308.3,0
42.8,898.8,6503.390008245206,1451.0,9.199999999999989,21,299.1,2,308.3,0
54.1,1406.6000000000001,7852.159510235401,1386.0,9.199999999999989,26,299.2,0,308.4,0
46.9,1313.2,6507.547382523457,1325.0,9.199999999999989,28,299.1,0,308.3,0
33.7,1011.0000000000001,5501.797910403221,1559.0,9.199999999999989,30,299.1,0,308.3,0
38.1,1219.2,5940.845955717907,1489.0,9.199999999999989,32,299.1,0,308.3,0
25.2,856.8,4992.8703724971865,1892.0,9.199999999999989,34,299.1,0,308.3,0
60.3,2170.7999999999997,8328.959027270723,1319.0,9.099999999999966,36,299.1,0,308.2,0
52.3,1987.3999999999999,7837.362608836993,1431.0,9.199999999999989,38,299.1,0,308.3,0
36.5,1460.0,5813.674285100591,1521.0,9.199999999999989,40,299.1,2,308.3,0
45.2,2034.0000000000002,6792.332756571373,1435.0,9.099999999999966,45,299.1,1,308.2,0
42.4,2035.1999999999998,6806.700306973788,1533.0,9.199999999999989,48,299.1,0,308.3,0
43.0,2150.0,6885.00973985227,1529.0,9.199999999999989,50,299.2,1,308.4,0
43.5,2305.5,6445.762727002858,1415.0,9.199999999999989,53,299.2,1,308.4,0
51.2,2867.2000000000003,7130.996444628351,1330.0,9.199999999999989,56,299.2,1,308.4,0
60.6,3575.4,8763.849698307158,1381.0,9.300000000000011,59,299.2,0,308.5,0
52.4,3196.4,7517.621780530135,1370.0,9.300000000000011,61,299.2,0,308.5,0
46.6,2935.8,7017.354566372497,1438.0,9.300000000000011,63,299.2,0,308.5,0
48.2,3133.0,6632.404746552627,1314.0,9.300000000000011,65,299.3,0,308.6,0
48.1,3222.7000000000003,7238.198057944347,1437.0,9.300000000000011,67,299.3,0,308.6,0
26.1,1800.9,4977.130993302702,1821.0,9.300000000000011,69,299.2,0,308.5,0
52.1,3699.1,7900.142102031229,1448.0,9.300000000000011,71,299.3,1,308.6,0
32.7,2419.8,5441.269891944057,1589.0,9.199999999999989,74,299.3,0,308.5,0
33.7,2561.2000000000003,5364.164736249452,1520.0,9.300000000000011,76,299.3,0,308.6,0
37.0,2886.0,6218.782657780996,1605.0,9.300000000000011,78,299.3,0,308.6,0
54.2,4336.0,7906.404343387385,1393.0,9.399999999999977,80,299.3,0,308.7,0
44.4,3640.7999999999997,6546.576435256554,1408.0,9.399999999999977,82,299.3,2,308.7,0
35.6,3097.2000000000003,5439.185968817176,1459.0,9.399999999999977,87,299.3,1,308.7,0
39.0,3510.0,6228.207435741764,1525.0,9.300000000000011,90,299.4,0,308.7,0
57.0,5244.0,8296.946198130643,1390.0,9.400000000000034,92,299.4,0,308.8,0
38.9,3656.6,6257.047256301718,1536.0,9.399999999999977,94,299.3,0,308.7,0
47.6,4569.6,7272.619441452181,1459.0,9.300000000000011,96,299.4,0,308.7,0
51.1,5007.8,7422.085947934469,1387.0,9.300000000000011,98,299.2,0,308.5,0
53.4,5340.0,7705.824124431188,1378.0,9.300000000000011,100,299.2,0,308.5,0
56.7,5783.400000000001,8199.839569208183,1381.0,9.300000000000011,102,299.4,0,308.7,0
60.5,6292.0,8166.517743129107,1289.0,9.300000000000011,104,299.4,1,308.7,0
26.8,2867.6,4900.130557363216,1746.0,9.200000000000045,107,299.4,0,308.6,0
39.1,4261.900000000001,6309.689877200372,1541.0,9.200000000000045,109,299.4,1,308.6,0
37.8,4233.599999999999,5953.443742258801,1504.0,9.300000000000011,112,299.4,0,308.7,0
51.9,5916.599999999999,7179.575939028361,1321.0,9.199999999999989,114,299.5,1,308.7,0
20.9,2445.2999999999997,4127.780475453676,1886.0,9.300000000000011,117,299.5,1,308.8,0
53.2,6384.0,7922.09136270431,1422.0,9.299999999999955,120,299.6,0,308.9,0
38.3,4672.599999999999,6096.365264046112,1520.0,9.399999999999977,122,299.5,0,308.9,0
32.6,4042.4,5554.356755497778,1627.0,9.400000000000034,124,299.4,0,308.8,0
37.2,4687.200000000001,5890.109234362431,1512.0,9.300000000000011,126,299.4,0,308.7,0
42.7,5465.6,6944.291593225511,1553.0,9.300000000000011,128,299.4,0,308.7,0
26.0,3380.0,4906.329966866299,1802.0,9.399999999999977,130,299.3,0,308.7,0
37.6,4963.2,5835.319858483826,1482.0,9.300000000000011,132,299.3,0,308.6,0
62.9,8428.6,9524.617775300461,1446.0,9.300000000000011,134,299.4,0,308.7,1
50.5,6868.0,7250.324605587204,1371.0,9.300000000000011,136,299.3,0,308.6,0
35.7,4926.6,5929.25347882616,1586.0,9.400000000000034,138,299.2,1,308.6,0
39.8,5611.799999999999,6314.287074450124,1515.0,9.300000000000011,141,299.2,0,308.5,0
53.6,7664.8,7712.232973444512,1374.0,9.300000000000011,143,299.2,0,308.5,0
39.8,5771.0,6064.216299224377,1455.0,9.399999999999977,145,299.1,0,308.5,0
47.5,6982.5,6675.360790102712,1342.0,9.300000000000011,147,299.2,2,308.5,0
57.8,8785.6,7626.530325854582,1260.0,9.5,152,299.1,0,308.6,0
33.5,5159.0,5693.665445733462,1623.0,9.5,154,299.0,2,308.5,0
55.5,8824.5,7968.178526932472,1371.0,9.399999999999977,159,299.1,0,308.5,0
31.4,5055.4,5297.290700630037,1611.0,9.5,161,299.1,0,308.6,0
47.5,7742.5,7635.379145162193,1535.0,9.399999999999977,163,299.0,1,308.4,0
38.5,6391.0,6011.28046301139,1491.0,9.5,166,299.1,1,308.6,0
36.2,6117.8,5462.622250012956,1441.0,9.5,169,299.1,1,308.6,0
26.6,4575.2,4805.065963665588,1725.0,9.699999999999989,172,299.1,1,308.8,0
47.2,8260.0,6761.712700174384,1368.0,9.699999999999989,175,299.2,0,308.9,0
37.9,6708.3,6056.508925247571,1526.0,9.699999999999989,177,299.2,0,308.9,0
39.2,7016.8,6329.932205865002,1542.0,9.600000000000023,179,299.2,0,308.8,0
31.1,5629.1,5227.138936675377,1605.0,9.600000000000023,181,299.2,0,308.8,0
51.4,9406.199999999999,7562.54655547647,1405.0,9.600000000000023,183,299.2,0,308.8,0
33.5,6197.5,5963.790054064623,1700.0,9.600000000000023,185,299.2,1,308.8,0
39.1,7350.8,5896.141092257323,1440.0,9.600000000000023,188,299.2,2,308.8,0
52.5,10132.5,7224.092306929729,1314.0,9.600000000000023,193,299.2,1,308.8,0
41.9,8212.4,6643.065217623808,1514.0,9.5,196,299.2,0,308.7,0
47.0,9306.0,6895.481715364236,1401.0,9.5,198,299.2,1,308.7,0
29.9,6009.9,5122.513429335324,1636.0,9.5,201,299.3,0,308.8,0
33.9,6881.7,5690.649516786015,1603.0,9.5,203,299.3,0,308.8,0
52.6,10783.0,8190.781310390332,1487.0,9.300000000000011,205,299.4,1,308.7,0
50.3,10462.4,7479.7132291768185,1420.0,9.399999999999977,208,299.3,1,308.7,0
36.3,7659.299999999999,6002.295508022123,1579.0,9.399999999999977,211,299.3,0,308.7,0
40.5,8626.5,6293.866722201791,1484.0,9.399999999999977,213,299.3,0,308.7,0
49.3,10599.5,7176.130659084924,1390.0,9.399999999999977,215,299.3,1,308.7,0
53.6,11684.800000000001,7768.36276218865,1384.0,9.300000000000011,218,299.3,0,308.6,1
50.4,11088.0,7272.912656766514,1378.0,9.300000000000011,220,299.2,0,308.5,1
45.2,10034.400000000001,6839.666085885458,1445.0,9.300000000000011,222,299.2,0,308.5,0
43.5,9744.0,6582.422007434014,1445.0,9.199999999999989,224,299.2,0,308.4,0
39.4,0.0,6226.071152737323,1509.0,9.199999999999989,0,299.2,0,308.4,0
46.8,93.6,7027.86842978651,1434.0,9.199999999999989,2,299.2,0,308.4,0
23.9,95.6,4697.759630594473,1877.0,9.199999999999989,4,299.2,0,308.4,0
28.0,168.0,4840.984839671632,1651.0,9.0,6,299.3,0,308.3,0
41.3,330.4,6340.341349523896,1466.0,9.0,8,299.2,0,308.2,0
40.7,407.0,6303.637075354456,1479.0,9.0,10,299.1,0,308.1,0
46.4,556.8,6846.326262311069,1409.0,9.099999999999966,12,299.1,0,308.2,0
28.2,394.8,4943.484535982754,1674.0,9.0,14,299.2,1,308.2,0
61.4,1043.8,8390.879818472979,1305.0,9.199999999999989,17,299.1,0,308.3,0
26.4,501.59999999999997,4851.875694204076,1755.0,9.100000000000023,19,299.2,1,308.3,0
38.7,851.4000000000001,5977.6654216179795,1475.0,9.199999999999989,22,299.2,0,308.4,0
47.7,1144.8000000000002,7003.175511529295,1402.0,9.199999999999989,24,299.2,0,308.4,0
43.0,1118.0,6349.158752904972,1410.0,9.100000000000023,26,299.2,0,308.3,0
41.8,1170.3999999999999,6285.782357106553,1436.0,9.199999999999989,28,299.2,0,308.4,0
42.2,1266.0,6124.974701144804,1386.0,9.199999999999989,30,299.3,1,308.5,0
26.4,871.1999999999999,4821.465077317327,1744.0,9.300000000000011,33,299.3,0,308.6,0
48.4,1694.0,7060.331553873605,1393.0,9.199999999999989,35,299.2,0,308.4,0
45.4,1679.8,6760.58172681909,1422.0,9.199999999999989,37,299.3,1,308.5,0
22.8,912.0,4395.590777196695,1841.0,9.199999999999989,40,299.2,0,308.4,0
37.7,1583.4,5657.390522560012,1433.0,9.300000000000011,42,299.3,0,308.6,0
60.6,2666.4,8281.552394128053,1305.0,9.199999999999989,44,299.3,1,308.5,0
39.5,1856.5,6196.372630185388,1498.0,9.300000000000011,47,299.3,2,308.6,0
26.1,1357.2,4843.204898480169,1772.0,9.199999999999989,52,299.3,0,308.5,0
42.5,2295.0,6146.264227360631,1381.0,9.199999999999989,54,299.2,1,308.4,0
38.5,2194.5,5696.807038387051,1413.0,9.199999999999989,57,299.3,0,308.5,0
53.2,3138.8,7732.67426964387,1388.0,9.199999999999989,59,299.2,2,308.4,0
35.4,2265.6,6046.246389245844,1631.0,9.400000000000034,64,299.2,1,308.6,0
41.4,2773.7999999999997,6589.804750169949,1520.0,9.300000000000011,67,299.3,2,308.6,0
45.4,3268.7999999999997,7178.958092473155,1510.0,9.199999999999989,72,299.3,0,308.5,0
49.7,3677.8,7109.4451190247255,1366.0,9.300000000000011,74,299.2,0,308.5,0
22.9,1740.3999999999999,4424.4620136831845,1845.0,9.100000000000023,76,299.4,0,308.5,0
44.7,3486.6000000000004,6951.244984965456,1485.0,9.199999999999989,78,299.3,0,308.5,0
39.4,3152.0,6172.433694165034,1496.0,9.199999999999989,80,299.3,1,308.5,0
42.2,3502.6000000000004,6487.346941760875,1468.0,9.099999999999966,83,299.3,1,308.4,0
22.7,1952.2,4411.968946897409,1856.0,9.199999999999989,86,299.2,1,308.4,0
34.1,3034.9,5784.928712320245,1620.0,9.199999999999989,89,299.2,0,308.4,0
44.8,4076.7999999999997,6610.246046369307,1409.0,9.199999999999989,91,299.3,0,308.5,0
49.4,4594.2,7263.110887687313,1404.0,9.199999999999989,93,299.3,1,308.5,0
51.3,4924.799999999999,7252.366640812037,1350.0,9.199999999999989,96,299.2,0,308.4,0
38.0,3724.0,6120.241368213396,1538.0,9.199999999999989,98,299.2,1,308.4,0
32.7,3302.7000000000003,5054.319924801403,1476.0,9.199999999999989,101,299.2,1,308.4,0
51.8,5387.2,7398.995241930585,1364.0,9.100000000000023,104,299.2,1,308.3,0
45.5,4868.5,7537.832693268229,1582.0,9.100000000000023,107,299.2,1,308.3,0
56.1,6171.0,7919.201097463007,1348.0,9.099999999999966,110,299.1,0,308.2,0
46.1,5163.2,6999.992030973657,1450.0,9.099999999999966,112,299.1,2,308.2,0
60.9,7125.3,7920.771893789802,1242.0,9.100000000000023,117,299.0,0,308.1,0
34.9,4153.099999999999,5456.496144338455,1493.0,9.099999999999966,119,299.1,0,308.2,0
31.4,3799.3999999999996,5264.408697522464,1601.0,9.199999999999989,121,299.1,0,308.3,0
33.3,4095.8999999999996,5467.879181719963,1568.0,9.099999999999966,123,299.1,0,308.2,0
38.0,4750.0,5992.9021459878895,1506.0,9.199999999999989,125,299.1,1,308.3,0
34.1,4364.8,5442.118121960527,1524.0,9.199999999999989,128,299.1,0,308.3,0
37.9,4927.0,6123.979863471167,1543.0,9.299999999999955,130,299.1,0,308.4,0
47.2,6230.400000000001,7285.646578989065,1474.0,9.300000000000011,132,299.2,1,308.5,0
37.3,5035.5,5960.62751746001,1526.0,9.300000000000011,135,299.2,1,308.5,0
27.0,3726.0,5278.818135826929,1867.0,9.300000000000011,138,299.2,0,308.5,0
41.2,5768.0,6415.5929655528835,1487.0,9.300000000000011,140,299.2,0,308.5,0
32.6,4629.2,5393.905146703435,1580.0,9.199999999999989,142,299.2,0,308.4,0
50.0,7200.0,7016.223593017205,1340.0,9.300000000000011,144,299.2,0,308.5,0
41.6,6073.6,6726.191759237795,1544.0,9.300000000000011,146,299.2,0,308.5,0
40.3,5964.4,6279.666723407565,1488.0,9.300000000000011,148,299.2,0,308.5,0
28.9,4335.0,5271.990407793127,1742.0,9.300000000000011,150,299.2,1,308.5,0
34.2,5232.6,5701.613675147044,1592.0,9.399999999999977,153,299.1,1,308.5,0
38.8,6052.799999999999,6427.866120852907,1582.0,9.400000000000034,156,299.2,0,308.6,0
43.2,6825.6,6740.601197542261,1490.0,9.300000000000011,158,299.2,0,308.5,0
35.8,5728.0,5975.853769854408,1594.0,9.300000000000011,160,299.2,1,308.5,0
55.0,8965.0,8420.515509171842,1462.0,9.400000000000034,163,299.2,2,308.6,0
47.6,7996.8,6814.030689832166,1367.0,9.400000000000034,168,299.2,1,308.6,0
51.0,8721.0,7076.437452211008,1325.0,9.5,171,299.2,0,308.7,0
51.4,8892.199999999999,7793.998158241941,1448.0,9.5,173,299.2,2,308.7,0
20.3,3613.4,4029.4748053350963,1895.5,9.599999999999966,178,299.1,1,308.7,0
38.9,7040.9,6102.250514283837,1498.0,9.599999999999966,181,299.1,0,308.7,0
41.6,7612.8,6260.063185249165,1437.0,9.5,183,299.1,0,308.6,0
45.1,8343.5,7079.568572889088,1499.0,9.5,185,299.1,1,308.6,0
52.6,9888.800000000001,7469.199365762805,1356.0,9.399999999999977,188,299.0,0,308.4,0
46.8,8892.0,7542.461306444518,1539.0,9.399999999999977,190,299.1,0,308.5,0
32.1,6163.200000000001,5677.580491347082,1689.0,9.399999999999977,192,299.1,0,308.5,0
38.1,7391.400000000001,6220.133542622039,1559.0,9.5,194,299.0,0,308.5,0
46.7,9153.2,6885.700890236061,1408.0,9.5,196,299.1,0,308.6,0
23.0,4554.0,4542.533537580602,1886.0,9.5,198,299.0,0,308.5,0
43.4,0.0,6430.944881653426,1415.0,9.399999999999977,0,299.1,0,308.5,0
35.6,71.2,5916.372948946442,1587.0,9.399999999999977,2,299.1,1,308.5,0
38.6,193.0,6350.268782309241,1571.0,9.399999999999977,5,299.0,0,308.4,0
36.6,256.2,6040.403026910168,1576.0,9.400000000000034,7,298.9,0,308.3,0
34.4,309.59999999999997,5979.916896353051,1660.0,9.400000000000034,9,298.9,0,308.3,0
49.2,541.2,6842.137472106283,1328.0,9.300000000000011,11,298.9,1,308.2,0
44.7,625.8000000000001,6787.410928080749,1450.0,9.399999999999977,14,298.8,2,308.2,0
15.0,285.0,2977.4444374397262,1895.5,9.300000000000011,19,298.9,0,308.2,0
53.4,1121.3999999999999,8069.306394451526,1443.0,9.399999999999977,21,298.8,0,308.2,0
20.0,460.0,3969.925916586302,1895.5,9.300000000000011,23,298.9,1,308.2,0
23.8,618.8000000000001,4555.979554137965,1828.0,9.300000000000011,26,298.9,0,308.2,0
53.5,1498.0,8246.890155183446,1472.0,9.300000000000011,28,298.8,0,308.1,0
63.6,1908.0,9137.762055937415,1372.0,9.300000000000011,30,298.9,1,308.2,1
23.8,785.4,4623.272468777859,1855.0,9.400000000000034,33,298.9,0,308.3,0
47.2,1652.0,6806.197652149215,1377.0,9.300000000000011,35,299.0,1,308.3,0
48.9,1858.2,7332.979908303151,1432.0,9.400000000000034,38,298.9,0,308.3,0
47.8,1912.0,6682.481733450848,1335.0,9.300000000000011,40,298.9,1,308.2,0
51.3,2205.9,7580.066170507988,1411.0,9.300000000000011,43,298.9,1,308.2,0
43.5,2001.0,6878.5171150348515,1510.0,9.300000000000011,46,298.9,0,308.2,0
44.0,2112.0,6639.651353606908,1441.0,9.300000000000011,48,299.0,0,308.3,0
42.7,2135.0,6072.342552221664,1358.0,9.199999999999989,50,299.0,1,308.2,0
30.4,1611.1999999999998,5367.348216805089,1686.0,9.300000000000011,53,298.9,0,308.2,0
30.4,1672.0,5290.944683469786,1662.0,9.199999999999989,55,299.0,2,308.2,0
40.1,2406.0,5988.147869105456,1426.0,9.199999999999989,60,299.1,0,308.3,0
53.6,3323.2000000000003,7465.2619029703055,1330.0,9.299999999999955,62,299.1,1,308.4,0
31.6,2054.0,5602.381235195654,1693.0,9.299999999999955,65,299.1,0,308.4,0
47.9,3209.2999999999997,7152.924761350408,1426.0,9.299999999999955,67,299.1,0,308.4,0
31.0,2139.0,5440.819596997043,1676.0,9.399999999999977,69,299.1,0,308.5,0
51.7,3670.7000000000003,7211.463104462299,1332.0,9.299999999999955,71,299.1,1,308.4,0
35.0,2590.0,6036.5702838727875,1647.0,9.399999999999977,74,299.1,0,308.5,0
67.19999999999999,5107.199999999999,8916.091278300117,1267.0,9.400000000000034,76,299.2,0,308.6,1
55.1,4297.8,7933.830447253223,1375.0,9.5,78,299.2,2,308.7,0
48.9,4058.7,7281.771948049638,1422.0,9.300000000000011,83,299.3,0,308.6,0
48.7,4139.5,7180.591720653023,1408.0,9.399999999999977,85,299.3,0,308.7,0
42.5,3697.5,6408.849013323178,1440.0,9.5,87,299.4,0,308.9,0
25.2,2242.7999999999997,4676.197833015335,1772.0,9.5,89,299.3,0,308.8,0
37.8,3439.7999999999997,5905.9428613365235,1492.0,9.5,91,299.2,0,308.7,0
30.5,2836.5,5270.021676396877,1650.0,9.5,93,299.2,0,308.7,0
14.6,1387.0,2898.0459191080004,1895.5,9.5,95,299.1,1,308.6,0
30.8,3018.4,5315.407218265738,1648.0,9.600000000000023,98,299.0,0,308.6,0
31.7,3170.0,5487.325640245684,1653.0,9.600000000000023,100,299.0,0,308.6,0
22.3,2274.6,4426.467396993727,1895.5,9.600000000000023,102,299.0,0,308.6,0
36.6,3806.4,5959.915423125196,1555.0,9.5,104,299.1,0,308.6,0
32.2,3413.2000000000003,5600.852326770907,1661.0,9.600000000000023,106,299.0,0,308.6,0
45.9,4957.2,6892.717113829077,1434.0,9.600000000000023,108,299.0,0,308.6,0
54.2,5962.0,7361.526513548772,1297.0,9.600000000000023,110,299.0,0,308.6,0
46.4,5196.8,7123.289070651544,1466.0,9.600000000000023,112,299.0,0,308.6,0
39.8,4537.2,6322.622766957649,1517.0,9.700000000000045,114,298.9,1,308.6,0
34.5,4036.5,6293.552562936432,1742.0,9.600000000000023,117,298.9,0,308.5,0
39.1,4652.900000000001,6469.377031782341,1580.0,9.600000000000023,119,298.9,0,308.5,0
42.9,5190.9,6891.460476767641,1534.0,9.600000000000023,121,298.9,1,308.5,0
40.7,5046.8,6312.161263421196,1481.0,9.700000000000045,124,298.9,0,308.6,0
37.7,4750.200000000001,5641.598783487967,1429.0,9.600000000000023,126,299.0,0,308.6,0
33.5,4288.0,5521.76796770454,1574.0,9.700000000000045,128,298.9,1,308.6,0
40.4,5292.4,6447.553434815404,1524.0,9.700000000000045,131,298.9,1,308.6,0
37.5,5025.0,5917.975161199773,1507.0,9.699999999999989,134,299.0,0,308.7,0
44.7,6079.200000000001,6866.987469996178,1467.0,9.600000000000023,136,298.9,0,308.5,0
51.1,7051.8,6961.884512085613,1301.0,9.5,138,298.9,0,308.4,0
55.1,7714.0,8245.413606636259,1429.0,9.600000000000023,140,298.9,0,308.5,0
37.6,5339.2,6122.754642336267,1555.0,9.600000000000023,142,298.9,1,308.5,0
40.6,5887.0,6390.187952960855,1503.0,9.600000000000023,145,298.9,0,308.5,0
43.1,6335.7,6585.081889214053,1459.0,9.600000000000023,147,298.9,0,308.5,0
42.4,6317.599999999999,6433.730427139609,1449.0,9.5,149,298.9,2,308.4,0
57.3,8824.199999999999,8322.613010110472,1387.0,9.600000000000023,154,298.9,0,308.5,0
50.0,7800.0,7623.598172711231,1456.0,9.600000000000023,156,298.9,1,308.5,0
34.7,5517.3,5828.575906254119,1604.0,9.5,159,299.0,0,308.5,0
32.4,5216.4,5883.323394230677,1734.0,9.600000000000023,161,299.0,0,308.6,0
47.8,7791.4,6897.722718123797,1378.0,9.600000000000023,163,299.0,0,308.6,0
41.8,6896.999999999999,6583.437789058674,1504.0,9.800000000000011,165,298.9,0,308.7,0
49.8,8316.6,7311.491414552596,1402.0,9.800000000000011,167,298.9,1,308.7,0
37.7,6409.000000000001,6016.652586449029,1524.0,9.800000000000011,170,298.8,2,308.6,0
35.5,6212.5,5922.059231649439,1593.0,9.800000000000011,175,298.8,0,308.6,0
28.4,5026.8,5270.000732445853,1772.0,9.800000000000011,177,298.9,1,308.7,0
31.0,5580.0,5268.7650393354415,1623.0,9.700000000000045,180,298.9,2,308.6,0
50.7,9379.5,7199.399388672513,1356.0,9.800000000000011,185,298.9,0,308.7,0
41.6,7779.2,6534.512719466769,1500.0,9.800000000000011,187,298.9,2,308.7,0
46.6,8947.2,7641.986961710244,1566.0,9.699999999999989,192,299.1,2,308.8,0
43.4,8549.8,6567.2900028192225,1445.0,9.799999999999955,197,299.1,0,308.9,0
58.5,11641.5,8466.278042159132,1382.0,9.800000000000011,199,299.0,2,308.8,0
45.7,9322.800000000001,6786.112403117265,1418.0,9.800000000000011,204,299.0,1,308.8,0
53.6,11095.2,7459.648924095893,1329.0,9.699999999999989,207,299.1,0,308.8,1
41.0,8569.0,6401.623350219921,1491.0,9.699999999999989,209,299.1,1,308.8,0
37.4,7928.799999999999,6160.684137640607,1573.0,9.699999999999989,212,299.2,1,308.9,0
42.3,9094.5,6737.491020815205,1521.0,9.699999999999989,215,299.2,1,308.9,0
47.2,10289.6,7251.0471718975305,1467.0,9.799999999999955,218,299.1,0,308.9,0
48.4,10648.0,6715.677895823781,1325.0,9.799999999999955,220,299.1,1,308.9,0
32.3,7202.9,5469.418562120221,1617.0,9.799999999999955,223,299.1,0,308.9,0
42.7,9607.5,6599.983510367581,1476.0,9.799999999999955,225,299.1,1,308.9,0
48.9,11149.199999999999,7758.005978407315,1515.0,9.800000000000011,228,299.2,0,309.0,1
47.2,0.0,6959.423597840301,1408.0,9.800000000000011,0,299.2,0,309.0,0
45.6,91.2,7010.0241835141205,1468.0,9.900000000000034,2,299.2,0,309.1,0
48.7,194.8,7073.494827092147,1387.0,9.900000000000034,4,299.2,0,309.1,0
34.7,208.20000000000002,5461.564580486248,1503.0,9.900000000000034,6,299.2,1,309.1,0
47.1,423.90000000000003,6954.543657251725,1410.0,9.900000000000034,9,299.2,2,309.1,0
30.6,428.40000000000003,5175.145578258466,1615.0,9.899999999999977,14,299.0,0,308.9,0
35.9,574.4,5680.512644490432,1511.0,9.899999999999977,16,299.0,0,308.9,0
53.8,968.4,7915.661569739962,1405.0,9.899999999999977,18,299.1,0,309.0,0
41.1,822.0,6567.876433447893,1526.0,9.899999999999977,20,299.0,1,308.9,0
38.3,880.9,6136.472930256942,1530.0,9.900000000000034,23,298.9,0,308.8,0
32.5,812.5,5387.569601518696,1583.0,9.699999999999989,25,299.0,0,308.7,0
18.7,504.9,3711.880732008192,1895.5,9.700000000000045,27,298.9,0,308.6,0
35.0,1015.0,5461.135229490257,1490.0,9.699999999999989,29,298.8,0,308.5,0
29.0,899.0,5272.011351744151,1736.0,9.699999999999989,31,298.8,0,308.5,0
44.4,1465.2,6486.132192601486,1395.0,9.699999999999989,33,298.8,0,308.5,0
49.6,1736.0,7401.5922918575525,1425.0,9.700000000000045,35,298.9,1,308.6,0
32.4,1231.2,5533.852627445348,1631.0,9.800000000000011,38,298.8,0,308.6,0
41.2,1648.0,6622.686753277524,1535.0,9.800000000000011,40,298.8,0,308.6,0
34.4,1444.8,5706.137568568212,1584.0,9.800000000000011,42,298.8,0,308.6,0
38.2,1680.8000000000002,6172.454638116058,1543.0,9.899999999999977,44,298.8,1,308.7,0
35.2,1654.4,6026.83134664666,1635.0,9.899999999999977,47,298.8,0,308.7,0
45.5,2229.5,6889.826848587775,1446.0,9.899999999999977,49,298.8,1,308.7,0
35.1,1825.2,5873.7101207106925,1598.0,9.800000000000011,52,298.8,1,308.6,0
35.0,1925.0,5501.452335211326,1501.0,9.800000000000011,55,298.8,0,308.6,0
50.8,2895.6,7713.657162114138,1450.0,9.699999999999989,57,298.8,0,308.5,0
25.9,1528.1,4692.178067646595,1730.0,9.800000000000011,59,298.8,0,308.6,0
33.7,2055.7000000000003,5544.1465793736115,1571.0,9.800000000000011,61,298.8,1,308.6,0
51.7,3308.8,7785.348306469058,1438.0,9.800000000000011,64,298.9,0,308.7,0
38.7,2554.2000000000003,6119.508329927558,1510.0,9.699999999999989,66,298.8,1,308.5,0
44.9,3098.1,6530.962719768213,1389.0,9.800000000000011,69,298.9,0,308.7,0
33.6,2385.6,5242.689820310647,1490.0,9.899999999999977,71,298.8,0,308.7,0
26.6,1941.8000000000002,4816.208145610321,1729.0,9.800000000000011,73,298.9,0,308.7,0
38.4,2880.0,6011.7517019094275,1495.0,9.800000000000011,75,299.0,0,308.8,0
53.9,4150.3,7230.469740016516,1281.0,9.900000000000034,77,298.9,0,308.8,0
48.1,3799.9,6815.088359358874,1353.0,9.800000000000011,79,298.9,2,308.7,0
50.1,4208.400000000001,7497.190956306291,1429.0,9.699999999999989,84,299.1,0,308.8,0
42.1,3620.6,6229.495488729736,1413.0,9.699999999999989,86,299.1,0,308.8,0
38.3,3370.3999999999996,6024.171464866619,1502.0,9.699999999999989,88,299.1,0,308.8,0
32.6,2934.0,5301.730818247111,1553.0,9.699999999999989,90,299.1,2,308.8,0
26.4,2508.0,4732.997828192238,1712.0,9.699999999999989,95,299.2,2,308.9,0
23.5,2350.0,4395.19284212724,1786.0,9.699999999999989,100,299.3,0,309.0,0
21.4,2182.7999999999997,4247.820730747342,1895.5,9.800000000000011,102,299.2,0,309.0,0
36.3,3775.2,5857.845077810063,1541.0,9.800000000000011,104,299.2,1,309.0,0
34.3,3670.1,5764.979598969949,1605.0,9.900000000000034,107,299.2,0,309.1,0
38.1,4152.900000000001,6295.94017335316,1578.0,9.900000000000034,109,299.2,0,309.1,0
37.5,4162.5,5654.8667764616275,1440.0,9.899999999999977,111,299.3,1,309.2,0
42.3,4822.2,6595.742360285234,1489.0,9.800000000000011,114,299.4,0,309.2,0
48.4,5614.4,6923.483777883233,1366.0,9.900000000000034,116,299.4,0,309.3,0
37.2,4389.6,6003.080906185521,1541.0,9.899999999999977,118,299.3,0,309.2,0
40.7,4884.0,6614.769939790477,1552.0,9.800000000000011,120,299.3,2,309.1,0
40.3,5037.5,6216.363631437731,1473.0,9.800000000000011,125,299.3,0,309.1,0
37.9,4813.3,6076.353318842746,1531.0,9.800000000000011,127,299.3,0,309.1,0
37.2,4798.8,5886.2136594719805,1511.0,9.899999999999977,129,299.3,0,309.2,0
47.9,6274.9,7268.294515565736,1449.0,9.800000000000011,131,299.3,1,309.1,0
50.0,6700.0,7539.822368615503,1440.0,9.700000000000045,134,299.4,1,309.1,0
23.9,3274.2999999999997,4707.770839183911,1881.0,9.800000000000011,137,299.2,1,309.0,0
50.4,7056.0,7637.086077170644,1447.0,9.699999999999989,140,299.3,0,309.0,0
62.0,8804.0,8609.22050789747,1326.0,9.700000000000045,142,299.4,1,309.1,0
31.7,4596.5,5334.623293330196,1607.0,9.800000000000011,145,299.4,0,309.2,0
39.1,5747.7,6350.635301452159,1551.0,9.800000000000011,147,299.3,0,309.1,0
37.2,5542.8,5827.78003611521,1496.0,9.800000000000011,149,299.3,0,309.1,0
38.0,5738.0,5941.170586958777,1493.0,9.800000000000011,151,299.3,0,309.1,0
50.5,7726.5,6896.005314139835,1304.0,9.700000000000045,153,299.4,0,309.1,0
41.6,6448.0,6186.0053744285415,1420.0,9.699999999999989,155,299.3,1,309.0,0
24.6,3886.8,4549.403153516451,1766.0,9.700000000000045,158,299.4,0,309.1,0
43.1,6896.0,6544.4610962031375,1450.0,9.599999999999966,160,299.6,0,309.2,0
22.6,3661.2000000000003,4430.39962379847,1872.0,9.699999999999989,162,299.5,2,309.2,0
26.5,4425.5,4753.700923779395,1713.0,9.599999999999966,167,299.6,0,309.2,0
40.9,6912.099999999999,6411.707862637944,1497.0,9.699999999999989,169,299.5,1,309.2,0
44.7,7688.400000000001,6328.675568803566,1352.0,9.700000000000045,172,299.4,1,309.1,0
41.5,7262.5,6514.458886361354,1499.0,9.699999999999989,175,299.5,0,309.2,0
19.3,3416.1,3830.9785095057814,1895.5,9.800000000000011,177,299.5,0,309.3,0
49.2,8806.800000000001,7326.445395583685,1422.0,9.800000000000011,179,299.5,0,309.3,0
41.5,7511.5,6618.759762460536,1523.0,9.800000000000011,181,299.5,0,309.3,0
41.5,7594.5,6792.594555959171,1563.0,9.899999999999977,183,299.5,0,309.4,0
46.6,8621.0,6787.997358709417,1391.0,9.900000000000034,185,299.4,0,309.3,0
24.7,4618.9,4642.907422862795,1795.0,9.800000000000011,187,299.3,0,309.1,0
53.7,10149.300000000001,7271.121948953969,1293.0,9.800000000000011,189,299.3,0,309.1,0
60.7,11593.7,8549.477887601703,1345.0,9.900000000000034,191,299.2,0,309.1,1
33.7,6504.1,5699.425032265043,1615.0,9.800000000000011,193,299.2,0,309.0,0
50.8,9906.0,7139.122697625636,1342.0,9.699999999999989,195,299.2,0,308.9,0
46.7,9199.900000000001,7345.399671260344,1502.0,9.699999999999989,197,299.1,0,308.8,0
35.4,7044.599999999999,6005.468516602248,1620.0,9.699999999999989,199,299.0,1,308.7,0
42.8,8645.599999999999,6888.84248288965,1537.0,9.699999999999989,202,299.0,0,308.7,0
16.8,3427.2000000000003,3334.7377699324934,1895.5,9.699999999999989,204,299.0,0,308.7,0
28.6,5891.6,5109.444403896392,1706.0,9.699999999999989,206,299.0,0,308.7,0
16.6,3452.8,3295.0385107666307,1895.5,9.699999999999989,208,299.0,0,308.7,0
48.6,0.0,7104.774617946389,1396.0,9.699999999999989,0,299.0,0,308.7,0
46.4,92.8,7395.392882354468,1522.0,9.700000000000045,2,298.9,0,308.6,0
45.4,181.6,7316.832122063699,1539.0,9.700000000000045,4,298.9,0,308.6,0
54.0,324.0,8001.636488693202,1415.0,9.600000000000023,6,298.9,2,308.5,0
37.0,407.0,5602.716338412037,1446.0,9.699999999999989,11,298.8,0,308.5,0
41.1,534.3000000000001,6395.717156031173,1486.0,9.800000000000011,13,298.8,1,308.6,0
38.6,617.6,5764.1523129045045,1426.0,9.699999999999989,16,299.0,0,308.7,0
38.9,700.1999999999999,5902.644189050254,1449.0,9.699999999999989,18,299.0,0,308.7,0
67.19999999999999,1343.9999999999998,9289.061158134298,1320.0,9.699999999999989,20,299.1,0,308.8,1
39.6,871.2,6000.567632062649,1447.0,9.699999999999989,22,299.2,1,308.9,0
47.3,1182.5,7043.513561201386,1422.0,9.699999999999989,25,299.3,0,309.0,0
52.1,1406.7,7632.80303918625,1399.0,9.800000000000011,27,299.3,0,309.1,0
41.5,1203.5,6201.556258063812,1427.0,9.800000000000011,29,299.4,0,309.2,0
46.3,1435.3,6467.931899161689,1334.0,9.899999999999977,31,299.3,1,309.2,0
45.6,1550.4,6613.680854337232,1385.0,9.800000000000011,34,299.3,1,309.1,0
37.4,1383.8,6078.4372419696265,1552.0,9.800000000000011,37,299.4,0,309.2,0
37.5,1462.5,6024.003913258428,1534.0,9.900000000000034,39,299.4,2,309.3,0
48.6,2138.4,7369.422383084793,1448.0,9.900000000000034,44,299.4,0,309.3,0
44.7,2056.2000000000003,6595.4910328729475,1409.0,9.800000000000011,46,299.5,0,309.3,0
34.5,1656.0,5856.399945189412,1621.0,9.800000000000011,48,299.4,0,309.2,0
40.9,2045.0,6625.859761857648,1547.0,9.700000000000045,50,299.4,2,309.1,0
22.1,1215.5,4386.768137827864,1895.5,9.700000000000045,55,299.4,0,309.1,0
14.2,809.4,2818.647400776274,1895.5,9.700000000000045,57,299.4,0,309.1,0
38.3,2259.7,6300.914361721344,1571.0,9.800000000000011,59,299.3,1,309.1,0
36.8,2281.6,6296.924539051285,1634.0,9.800000000000011,62,299.3,0,309.1,0
38.7,2476.8,6143.824257066343,1516.0,9.699999999999989,64,299.3,0,309.0,0
66.5,4389.0,8405.38350455705,1207.0,9.700000000000045,66,299.4,0,309.1,0
35.9,2441.2,6278.263478688962,1670.0,9.700000000000045,68,299.4,0,309.1,0
48.6,3402.0,7435.584324369394,1461.0,9.700000000000045,70,299.4,1,309.1,0
40.8,2978.3999999999996,6703.656067936044,1569.0,9.800000000000011,73,299.4,0,309.2,0
35.7,2677.5,5817.098621093005,1556.0,9.800000000000011,75,299.4,0,309.2,0
41.5,3195.5,6544.8799752236155,1506.0,9.800000000000011,77,299.5,1,309.3,0
30.3,2424.0,5210.080088566384,1642.0,9.799999999999955,80,299.6,1,309.4,0
62.1,5154.3,8343.47318533031,1283.0,9.799999999999955,83,299.6,1,309.4,0
46.8,4024.7999999999997,6738.7162419501055,1375.0,9.800000000000011,86,299.7,2,309.5,0
39.9,3630.9,5845.4672027549195,1399.0,9.699999999999989,91,299.7,0,309.4,0
29.8,2771.4,5149.07035923367,1650.0,9.699999999999989,93,299.7,0,309.4,0
53.2,5054.0,7498.688448804501,1346.0,9.800000000000011,95,299.8,1,309.6,0
51.2,5017.6,7559.928561598478,1410.0,9.700000000000045,98,299.9,2,309.6,0
37.8,3893.3999999999996,6278.033095227698,1586.0,9.699999999999989,103,300.0,0,309.7,0
39.6,4158.0,5689.5499593572595,1372.0,9.800000000000011,105,300.0,0,309.8,0
42.4,4536.8,6788.939836505495,1529.0,9.699999999999989,107,300.0,2,309.7,0
28.6,3203.2000000000003,4947.71521408959,1652.0,9.699999999999989,112,300.0,1,309.7,0
39.8,4577.0,6385.140460764086,1532.0,9.699999999999989,115,300.1,0,309.8,0
32.0,3744.0,5207.5039825904405,1554.0,9.699999999999989,117,300.0,0,309.7,0
51.0,6069.0,7808.1143812320715,1462.0,9.700000000000045,119,299.9,2,309.6,0
61.3,7601.2,8049.82851999927,1254.0,9.700000000000045,124,299.9,0,309.6,0
49.7,6262.200000000001,6734.715947304535,1294.0,9.700000000000045,126,299.9,0,309.6,0
27.5,3520.0,5007.960489209929,1739.0,9.699999999999989,128,299.8,0,309.5,0
47.8,6214.0,7067.9132641442675,1412.0,9.599999999999966,130,299.8,1,309.4,0
56.2,7474.6,8074.563326158534,1372.0,9.600000000000023,133,299.9,1,309.5,0
46.7,6351.200000000001,6944.385841005118,1420.0,9.699999999999989,136,299.8,2,309.5,0
40.3,5682.299999999999,6507.5578544989685,1542.0,9.699999999999989,141,299.8,0,309.5,0
48.1,6878.3,7056.865329979145,1401.0,9.599999999999966,143,299.8,1,309.4,0
42.5,6205.0,6720.390284804165,1510.0,9.599999999999966,146,299.8,0,309.4,0
38.5,5698.0,6237.056255049376,1547.0,9.600000000000023,148,299.9,2,309.5,0
43.2,6609.6,6573.217140958996,1453.0,9.699999999999989,153,299.8,1,309.5,0
45.6,7113.6,6723.510933506732,1408.0,9.599999999999966,156,299.8,0,309.4,0
51.6,8152.8,7759.482526954502,1436.0,9.599999999999966,158,299.8,0,309.4,0
38.2,6112.0,6328.466129293327,1582.0,9.600000000000023,160,299.9,1,309.5,0
59.3,9665.9,7948.648292602655,1280.0,9.700000000000045,163,299.9,0,309.6,0
20.4,3365.9999999999995,4049.3244349180272,1895.5,9.600000000000023,165,299.9,0,309.5,0
23.5,3924.5,4360.740042692872,1772.0,9.600000000000023,167,299.9,0,309.5,0
26.1,4410.900000000001,4862.33719774053,1779.0,9.600000000000023,169,299.9,0,309.5,0
35.5,6070.5,5825.402897673994,1567.0,9.600000000000023,171,299.9,0,309.5,0
27.0,4671.0,4950.835862792154,1751.0,9.599999999999966,173,299.8,1,309.4,0
51.3,9028.8,7246.994517374398,1349.0,9.600000000000023,176,299.9,0,309.5,0
40.8,7262.4,6088.406562657018,1425.0,9.5,178,300.0,1,309.5,0
44.5,8054.5,6500.740598440679,1395.0,9.399999999999977,181,300.0,0,309.4,0
32.1,5874.3,5361.59910224902,1595.0,9.5,183,299.8,2,309.3,0
56.4,10603.199999999999,7624.896697674714,1291.0,9.5,188,299.8,0,309.3,0
42.8,8131.999999999999,6763.34632835425,1509.0,9.5,190,299.9,1,309.4,0
38.1,7353.3,5916.907019697553,1483.0,9.5,193,299.9,1,309.4,0
31.1,6095.6,5275.9907024386985,1620.0,9.400000000000034,196,299.9,0,309.3,0
42.2,8355.6,6571.311241415818,1487.0,9.5,198,299.9,1,309.4,0
15.9,3195.9,3156.09110368611,1895.5,9.599999999999966,201,299.8,0,309.4,0
27.7,5623.099999999999,4905.146633633447,1691.0,9.5,203,299.7,2,309.2,0
35.2,7321.6,6130.043137292596,1663.0,9.5,208,299.8,1,309.3,0
31.1,6562.1,5341.126390123127,1640.0,9.5,211,299.8,1,309.3,0
37.8,8089.2,5913.85967482357,1494.0,9.600000000000023,214,299.7,2,309.3,0
46.2,10117.800000000001,7097.423291136989,1467.0,9.599999999999966,219,299.8,0,309.4,0
41.9,9259.9,6138.473077579728,1399.0,9.600000000000023,221,299.7,1,309.3,1
42.6,0.0,6446.233965900896,1445.0,9.600000000000023,0,299.7,0,309.3,0
40.9,81.8,6338.896216903245,1480.0,9.599999999999966,2,299.8,0,309.4,0
37.2,148.8,6022.558780637777,1546.0,9.600000000000023,4,299.7,0,309.3,0
35.8,214.79999999999998,5900.874425188732,1574.0,9.600000000000023,6,299.7,0,309.3,0
34.2,273.6,5701.613675147044,1592.0,9.600000000000023,8,299.7,0,309.3,0
39.6,396.0,6199.6189425940975,1495.0,9.699999999999989,10,299.8,0,309.5,0
43.1,517.2,6530.920831866166,1447.0,9.800000000000011,12,299.8,0,309.6,0
44.4,621.6,6862.746319913831,1476.0,9.699999999999989,14,299.8,0,309.5,0
27.1,433.6,4657.002701901902,1641.0,9.699999999999989,16,299.8,0,309.5,0
32.2,579.6,5209.703097447955,1545.0,9.699999999999989,18,299.8,0,309.5,0
44.4,888.0,6341.995921654787,1364.0,9.700000000000045,20,299.9,1,309.6,0
28.5,655.5,4745.375703247382,1590.0,9.699999999999989,23,299.8,0,309.5,0
37.4,935.0,5718.117508553902,1460.0,9.599999999999966,25,299.8,0,309.4,0
32.5,877.5,5476.057794594808,1609.0,9.599999999999966,27,299.8,0,309.4,0
27.5,797.5,4702.702403036121,1633.0,9.599999999999966,29,299.8,0,309.4,0
52.8,1636.8,7453.3657387887115,1348.0,9.5,31,299.9,0,309.4,0
53.9,1778.7,7461.889926855452,1322.0,9.5,33,299.9,0,309.4,0
30.1,1053.5,5172.5380563559875,1641.0,9.5,35,300.0,0,309.5,0
26.0,962.0,4704.849158016074,1728.0,9.5,37,300.0,0,309.5,0
47.7,1860.3000000000002,7148.03434878632,1431.0,9.600000000000023,39,300.0,0,309.6,0
30.4,1246.3999999999999,5224.091591801394,1641.0,9.599999999999966,41,300.1,0,309.7,0
36.1,1552.3,6131.781485227582,1622.0,9.5,43,300.1,1,309.6,0
38.0,1748.0,6466.44487863899,1625.0,9.5,46,300.1,1,309.6,0
22.7,1112.3,4442.871746633221,1869.0,9.5,49,300.0,0,309.5,0
46.0,2346.0,6994.441883952315,1452.0,9.600000000000023,51,300.0,0,309.6,0
28.7,1521.1,4862.829380589593,1618.0,9.600000000000023,53,300.0,0,309.6,0
20.0,1100.0,3969.925916586302,1895.5,9.399999999999977,55,300.0,0,309.4,0
60.9,3471.2999999999997,8692.441297291061,1363.0,9.5,57,299.9,0,309.4,0
40.4,2383.6,6231.788851366857,1473.0,9.400000000000034,59,299.9,0,309.3,0
50.8,3098.7999999999997,7091.244825584928,1333.0,9.300000000000011,61,299.9,0,309.2,0
25.9,1631.6999999999998,4773.545317374571,1760.0,9.399999999999977,63,299.8,0,309.2,0
58.2,3783.0,8361.914334206882,1372.0,9.399999999999977,65,299.8,1,309.2,0
34.4,2339.2,5792.594198395003,1608.0,9.5,68,299.7,1,309.2,0
64.8,4600.8,8998.024014705741,1326.0,9.5,71,299.7,0,309.2,0
37.1,2708.3,6060.760547305428,1560.0,9.5,73,299.6,1,309.1,0
36.1,2743.6,5818.009682962545,1539.0,9.399999999999977,76,299.6,1,309.0,0
15.3,1208.7,3036.9933261885208,1895.5,9.5,79,299.6,0,309.1,0
35.8,2899.7999999999997,6152.055229818748,1641.0,9.5,81,299.6,0,309.1,0
39.2,3253.6000000000004,6461.2926666871035,1574.0,9.5,83,299.6,0,309.1,0
50.6,4301.0,7455.439189940081,1407.0,9.5,85,299.6,0,309.1,0
55.5,4828.5,7567.154224701734,1302.0,9.5,87,299.7,2,309.2,0
30.8,2833.6,5325.083323638795,1651.0,9.599999999999966,92,299.6,1,309.2,0
55.2,5244.0,7896.204639238729,1366.0,9.5,95,299.6,1,309.1,0
28.6,2802.8,5094.46947891428,1701.0,9.5,98,299.5,1,309.0,0
44.6,4504.6,6996.410615348565,1498.0,9.5,101,299.5,0,309.0,0
45.3,4665.9,6745.690577641075,1422.0,9.600000000000023,103,299.5,1,309.1,0
47.3,5013.799999999999,6721.552674085993,1357.0,9.600000000000023,106,299.5,0,309.1,0
29.2,3153.6,5167.71047564497,1690.0,9.699999999999989,108,299.5,0,309.2,0
39.1,4301.0,6383.391640853589,1559.0,9.599999999999966,110,299.6,0,309.2,0
32.4,3628.7999999999997,5269.204862306944,1553.0,9.699999999999989,112,299.6,1,309.3,0
34.8,4001.9999999999995,5677.737570979761,1558.0,9.699999999999989,115,299.6,0,309.3,0
51.9,6072.3,7402.409105947486,1362.0,9.699999999999989,117,299.7,0,309.4,0
42.7,5081.3,6573.154309105925,1470.0,9.5,119,299.8,1,309.3,0
34.8,4245.599999999999,5666.804828545268,1555.0,9.599999999999966,122,299.8,0,309.4,0
42.9,5319.599999999999,6392.795474863334,1423.0,9.599999999999966,124,299.8,1,309.4,0
38.5,4889.5,5781.472960401296,1434.0,9.600000000000023,127,299.7,0,309.3,0
25.5,3289.5,4750.559331125805,1779.0,9.600000000000023,129,299.7,0,309.3,0
54.6,7152.6,8101.9789580488605,1417.0,9.600000000000023,131,299.7,0,309.3,0
45.9,6104.7,6849.457382989146,1425.0,9.599999999999966,133,299.6,0,309.2,0
32.9,4441.5,5502.112069668579,1597.0,9.5,135,299.7,1,309.2,0
57.4,7921.2,8090.69016844696,1346.0,9.5,138,299.7,0,309.2,0
40.4,5656.0,6016.024267918309,1422.0,9.5,140,299.7,0,309.2,0
32.8,4657.599999999999,5399.518125577849,1572.0,9.5,142,299.7,2,309.2,0
45.4,6673.8,6713.038957994765,1412.0,9.5,147,299.7,0,309.2,0
36.4,5423.599999999999,6007.39536009645,1576.0,9.400000000000034,149,299.7,1,309.1,0
41.2,6262.400000000001,6506.196497682414,1508.0,9.400000000000034,152,299.7,1,309.1,0
44.4,6882.0,6955.737462460088,1496.0,9.300000000000011,155,299.8,1,309.1,0
35.4,5593.2,5827.528708702922,1572.0,9.399999999999977,158,299.8,0,309.2,0
42.8,6848.0,6835.058416660192,1525.0,9.399999999999977,160,299.6,0,309.0,0
51.9,8407.8,7489.368390598851,1378.0,9.399999999999977,162,299.6,0,309.0,0
51.4,8429.6,7368.77312060305,1369.0,9.5,164,299.6,0,309.1,0
45.3,7519.799999999999,7001.856042614787,1476.0,9.5,166,299.6,0,309.1,0
30.0,5040.0,5089.380098815464,1620.0,9.5,168,299.7,0,309.2,0
38.5,6545.0,6462.832047087362,1603.0,9.400000000000034,170,299.7,1,309.1,0
46.1,7975.3,6811.716383244021,1411.0,9.5,173,299.7,0,309.2,0
31.6,5530.0,5347.5771270384985,1616.0,9.5,175,299.7,0,309.2,0
35.1,6212.7,5995.007013065795,1631.0,9.5,177,299.7,0,309.2,0
28.9,5173.099999999999,5099.485555184512,1685.0,9.5,179,299.7,1,309.2,1
40.6,7389.2,6190.361716241519,1456.0,9.5,182,299.7,2,309.2,0
50.1,9368.7,7434.23343952835,1417.0,9.400000000000034,187,299.7,0,309.1,0
24.7,4668.3,4787.755788144308,1851.0,9.400000000000034,189,299.7,1,309.1,0
27.8,5337.6,4992.723764840019,1715.0,9.400000000000034,192,299.7,0,309.1,0
32.3,6266.2,5513.390387294966,1630.0,9.5,194,299.6,2,309.1,0
38.8,7721.2,6005.300964994056,1478.0,9.5,199,299.7,0,309.2,0
29.6,5949.6,5520.5741624961765,1781.0,9.5,201,299.7,0,309.2,0
36.1,7328.3,5439.971366980573,1439.0,9.399999999999977,203,299.8,0,309.2,0
45.3,9286.5,6698.252528571869,1412.0,9.5,205,299.7,1,309.2,0
41.1,8548.800000000001,6382.8052102249185,1483.0,9.400000000000034,208,299.7,0,309.1,0
42.6,8946.0,6245.486195336508,1400.0,9.399999999999977,210,299.8,0,309.2,0
65.1,13801.199999999999,8855.615619718516,1299.0,9.5,212,299.8,0,309.3,1
44.4,9501.6,6876.694991295769,1479.0,9.399999999999977,214,299.8,0,309.2,0
47.5,10260.0,7416.514856962104,1491.0,9.399999999999977,216,299.8,0,309.2,0
52.8,0.0,7680.063064671751,1389.0,9.400000000000034,0,299.9,1,309.3,0
54.8,164.39999999999998,8028.360970199739,1399.0,9.5,3,299.9,1,309.4,0
26.0,156.0,5143.20605294697,1889.0,9.5,6,299.9,1,309.4,0
21.9,197.1,4347.068878662,1895.5,9.5,9,300.0,0,309.5,0
30.2,332.2,5297.248812727989,1675.0,9.5,11,300.0,0,309.5,0
38.1,495.3,5892.968083677199,1477.0,9.600000000000023,13,300.0,1,309.6,0
45.9,734.4,6556.252540629611,1364.0,9.600000000000023,16,300.0,0,309.6,0
39.4,709.1999999999999,5986.765568337877,1451.0,9.600000000000023,18,299.9,0,309.5,0
41.2,824.0,6329.303887334284,1467.0,9.5,20,299.9,0,309.4,0
22.5,495.0,4377.809362777377,1858.0,9.5,22,299.9,0,309.4,0
39.7,952.8000000000001,6481.346499792518,1559.0,9.299999999999955,24,300.1,0,309.4,0
47.7,1240.2,7792.406417964123,1560.0,9.299999999999955,26,300.1,0,309.4,0
47.6,1332.8,7242.711479390005,1453.0,9.299999999999955,28,300.1,0,309.4,0
41.7,1251.0,6393.015386349085,1464.0,9.299999999999955,30,300.1,0,309.4,0
50.2,1606.4,6876.066672765052,1308.0,9.399999999999977,32,300.0,0,309.4,0
50.9,1730.6,7211.808679654193,1353.0,9.399999999999977,34,300.1,0,309.5,0
35.8,1288.8,5833.393014989623,1556.0,9.400000000000034,36,300.2,1,309.6,0
17.8,694.2,3533.234065761809,1895.5,9.300000000000011,39,300.2,0,309.5,0
41.8,1713.8,6526.533074126651,1491.0,9.400000000000034,41,300.2,1,309.6,0
35.1,1544.4,5616.413682381689,1528.0,9.400000000000034,44,300.2,1,309.6,0
52.7,2476.9,7891.78546557268,1430.0,9.400000000000034,47,300.2,0,309.6,0
32.6,1597.4,5103.726705266858,1495.0,9.300000000000011,49,300.2,0,309.5,0
28.3,1443.3,4830.617583914785,1630.0,9.300000000000011,51,300.2,1,309.5,0
38.4,2073.6,6128.367621210681,1524.0,9.300000000000011,54,300.3,1,309.6,0
52.4,2986.7999999999997,7276.179913126247,1326.0,9.300000000000011,57,300.3,0,309.6,0
44.0,2596.0,6625.828345931112,1438.0,9.199999999999989,59,300.3,2,309.5,0
45.9,2937.6,6517.799446549672,1356.0,9.200000000000045,64,300.4,0,309.6,0
43.3,2857.7999999999997,6420.661401700675,1416.0,9.200000000000045,66,300.4,2,309.6,0
32.6,2314.6,5407.560602771039,1584.0,9.300000000000011,71,300.4,0,309.7,0
31.8,2321.4,5318.150875849873,1597.0,9.300000000000011,73,300.3,0,309.6,0
43.9,3292.5,7139.447328866508,1553.0,9.200000000000045,75,300.4,0,309.6,0
49.4,3803.7999999999997,7268.284043590225,1405.0,9.199999999999989,77,300.3,1,309.5,0
35.3,2824.0,5689.07872045922,1539.0,9.300000000000011,80,300.2,0,309.5,0
53.7,4403.400000000001,7861.584288196171,1398.0,9.300000000000011,82,300.3,1,309.6,0
39.6,3366.0,6502.34281069401,1568.0,9.300000000000011,85,300.3,0,309.6,0
44.6,3880.2000000000003,6557.383513984903,1404.0,9.300000000000011,87,300.3,0,309.6,0
45.7,4067.3,7178.539213452677,1500.0,9.300000000000011,89,300.2,1,309.5,0
28.8,2649.6,4952.155331706663,1642.0,9.300000000000011,92,300.2,1,309.5,0
46.6,4427.0,7363.830348161404,1509.0,9.300000000000011,95,300.3,1,309.6,0
50.2,4919.6,7060.059282510295,1343.0,9.300000000000011,98,300.2,0,309.5,0
40.1,4010.0,6088.930161432617,1450.0,9.399999999999977,100,300.1,0,309.5,0
43.5,4437.0,6650.751647649592,1460.0,9.399999999999977,102,300.0,0,309.4,0
41.2,4284.8,5884.9151345084965,1364.0,9.300000000000011,104,300.0,0,309.3,0
41.9,4441.4,6371.024237773956,1452.0,9.400000000000034,106,299.9,1,309.3,0
41.8,4556.2,6438.987358846615,1471.0,9.400000000000034,109,299.9,0,309.3,0
34.6,3840.6000000000004,5790.039036370084,1598.0,9.300000000000011,111,299.9,0,309.2,0
24.8,2802.4,4601.97247058652,1772.0,9.300000000000011,113,299.8,0,309.1,0
25.6,2944.0,4720.934112402454,1761.0,9.300000000000011,115,299.9,0,309.2,0
40.7,4761.900000000001,6022.338869152026,1413.0,9.300000000000011,117,300.0,1,309.3,0
22.6,2712.0,4465.899620784035,1887.0,9.300000000000011,120,300.0,0,309.3,0
56.5,6893.0,8253.749299143783,1395.0,9.300000000000011,122,300.0,0,309.3,0
31.6,3918.4,5192.047346734779,1569.0,9.299999999999955,124,300.1,1,309.4,0
47.3,6007.099999999999,7102.952494207306,1434.0,9.299999999999955,127,300.1,0,309.4,0
41.1,5301.900000000001,6098.74240248733,1417.0,9.300000000000011,129,300.2,0,309.5,0
28.4,3720.3999999999996,5142.1169674937255,1729.0,9.300000000000011,131,300.2,0,309.5,0
51.1,6796.3,7256.199383849417,1356.0,9.300000000000011,133,300.2,0,309.5,0
48.8,6588.0,7338.425335569374,1436.0,9.300000000000011,135,300.2,0,309.5,0
42.5,5822.5,6315.386631878881,1419.0,9.300000000000011,137,300.3,1,309.6,0
38.1,5334.0,6355.787513404046,1593.0,9.300000000000011,140,300.3,0,309.6,0
62.2,8832.4,8597.910774344546,1320.0,9.199999999999989,142,300.3,1,309.5,0
42.4,6148.0,6429.290309522535,1448.0,9.199999999999989,145,300.3,1,309.5,0
33.5,4958.0,5156.924340867645,1470.0,9.099999999999966,148,300.3,0,309.4,0
33.1,4965.0,5587.55291787071,1612.0,9.099999999999966,150,300.3,1,309.4,0
51.6,7894.8,7629.797582214314,1412.0,9.0,153,300.4,0,309.4,0
23.9,3704.5,4692.754026299754,1875.0,9.0,155,300.4,1,309.4,0
36.0,5688.0,6077.096829104095,1612.0,9.0,158,300.3,0,309.3,0
41.6,6656.0,6146.798298111741,1411.0,8.900000000000034,160,300.4,1,309.3,0
47.9,7807.7,7473.953642645237,1490.0,8.899999999999977,163,300.3,1,309.2,0
40.3,6689.799999999999,6191.042394649797,1467.0,8.900000000000034,166,300.4,1,309.3,0
26.4,4461.599999999999,4995.634974032345,1807.0,8.899999999999977,169,300.3,0,309.2,0
46.0,7866.0,6589.804750169949,1368.0,8.800000000000011,171,300.3,0,309.1,0
32.0,5536.0,5267.822561539365,1572.0,8.899999999999977,173,300.3,0,309.2,0
44.3,7752.499999999999,6763.786151325752,1458.0,8.800000000000011,175,300.3,1,309.1,0
30.3,5393.400000000001,5390.941577633549,1699.0,8.800000000000011,178,300.3,0,309.1,0
39.5,7110.0,6113.644023640857,1478.0,9.0,180,300.3,0,309.3,0
42.1,7662.2,6004.651702512316,1362.0,9.0,182,300.4,1,309.4,0
38.9,7196.5,6057.440931068135,1487.0,9.0,185,300.4,2,309.4,0
29.4,5586.0,5249.287164883185,1705.0,9.099999999999966,190,300.3,0,309.4,0
53.5,10272.0,7535.3717790229175,1345.0,9.0,192,300.3,0,309.3,0
40.2,7798.8,6449.312726701414,1532.0,8.899999999999977,194,300.3,0,309.2,0
35.2,6899.200000000001,6082.12337734984,1650.0,8.899999999999977,196,300.3,0,309.2,0
54.4,10771.199999999999,7964.063040556269,1398.0,8.899999999999977,198,300.3,0,309.2,0
44.8,8960.0,6624.32038145739,1412.0,8.899999999999977,200,300.3,0,309.2,0
39.6,7999.200000000001,6324.026011676253,1525.0,8.900000000000034,202,300.4,0,309.3,0
57.9,11811.6,8434.013885606766,1391.0,9.0,204,300.3,1,309.3,0
28.2,5837.4,5215.1694686652,1766.0,8.900000000000034,207,300.4,0,309.3,0
35.0,7315.0,6124.534878173301,1671.0,8.900000000000034,209,300.4,0,309.3,0
48.8,10296.8,7016.474920429491,1373.0,8.800000000000011,211,300.5,0,309.3,0
50.1,10671.300000000001,7066.9812583237035,1347.0,8.899999999999977,213,300.5,1,309.4,0
39.1,8445.6,6301.500792350014,1539.0,8.800000000000011,216,300.5,1,309.3,0
40.8,8935.199999999999,6280.672033056713,1470.0,8.800000000000011,219,300.5,0,309.3,0
37.0,8177.0,5920.4360754450845,1528.0,8.800000000000011,221,300.5,0,309.3,0
45.2,10079.6,6962.732742102082,1471.0,8.800000000000011,223,300.5,2,309.3,0
37.2,8481.6,5952.438432609653,1528.0,8.800000000000011,228,300.4,1,309.2,0
51.5,11896.5,7641.976489734731,1417.0,8.800000000000011,231,300.5,0,309.3,1
43.4,10112.199999999999,7039.953089527318,1549.0,8.799999999999955,233,300.6,0,309.4,0
49.2,11562.0,7537.6860856110625,1463.0,8.799999999999955,235,300.6,2,309.4,0
43.6,10464.0,6752.7905770381885,1479.0,8.800000000000011,240,300.7,0,309.5,0
23.0,5566.0,4496.77100459331,1867.0,8.899999999999977,242,300.6,0,309.5,0
44.1,10760.4,6793.28570634296,1471.0,8.799999999999955,244,300.6,0,309.4,0
47.6,11709.6,6878.831274300211,1380.0,8.799999999999955,246,300.6,2,309.4,1
32.7,0.0,5557.697315686096,1623.0,9.0,0,300.7,2,309.7,0
20.7,103.5,4108.873323666822,1895.5,8.899999999999977,5,300.8,0,309.7,0
48.5,339.5,7059.682291391863,1390.0,8.900000000000034,7,300.7,2,309.6,0
46.6,559.2,6919.755754600974,1418.0,8.899999999999977,12,300.8,0,309.7,0
35.8,501.19999999999993,5694.681227358122,1519.0,8.899999999999977,14,300.8,0,309.7,0
39.7,635.2,6315.051528662499,1519.0,8.899999999999977,16,300.8,1,309.7,0
37.2,706.8000000000001,5983.603031733263,1536.0,8.900000000000034,19,300.7,1,309.6,0
28.7,631.4,5049.167712849515,1680.0,8.800000000000011,22,300.8,0,309.6,0
37.9,909.5999999999999,6171.606408099588,1555.0,8.799999999999955,24,300.6,2,309.4,0
49.6,1438.4,7640.520885138569,1471.0,8.899999999999977,29,300.6,0,309.5,0
23.8,737.8000000000001,4678.103732558513,1877.0,8.899999999999977,31,300.5,1,309.4,0
30.5,1037.0,5040.057094154105,1578.0,8.800000000000011,34,300.5,1,309.3,0
32.1,1187.7,5563.289350609485,1655.0,8.899999999999977,37,300.5,1,309.4,0
34.3,1372.0,5395.015176107703,1502.0,8.899999999999977,40,300.5,2,309.4,0
63.2,2844.0,9047.200411709935,1367.0,8.799999999999955,45,300.6,1,309.4,1
37.2,1785.6000000000001,6003.080906185521,1541.0,8.800000000000011,48,300.7,0,309.5,0
37.0,1850.0,6152.913931810729,1588.0,9.0,50,300.6,1,309.6,0
32.8,1738.3999999999999,5784.216617985431,1684.0,9.0,53,300.6,0,309.6,0
40.0,2200.0,6019.291524278044,1437.0,8.899999999999977,55,300.6,0,309.5,0
42.4,2416.7999999999997,6256.125722456666,1409.0,9.0,57,300.6,0,309.6,0
49.9,2944.1,6897.68083022175,1320.0,9.0,59,300.5,1,309.5,0
34.2,2120.4,5855.614547026016,1635.0,9.0,62,300.5,2,309.5,0
27.6,1849.2,4887.438523042713,1691.0,9.0,67,300.5,1,309.5,0
50.0,3500.0,7147.123286916779,1365.0,9.0,70,300.6,1,309.6,0
38.2,2788.6000000000004,6092.448745204638,1523.0,9.0,73,300.7,1,309.7,0
32.4,2462.4,5404.921664942023,1593.0,9.099999999999966,76,300.6,0,309.7,0
30.7,2394.6,5407.455883015919,1682.0,9.0,78,300.6,0,309.6,0
54.3,4344.0,7557.069712283711,1329.0,8.900000000000034,80,300.7,0,309.6,0
35.2,2886.4,5779.860276172454,1568.0,8.900000000000034,82,300.7,1,309.6,0
24.8,2108.0,4500.687523434785,1733.0,8.900000000000034,85,300.7,0,309.6,0
48.1,4184.7,7419.53078590955,1473.0,8.900000000000034,87,300.7,1,309.6,0
31.3,2817.0,5352.530371455658,1633.0,8.800000000000011,90,300.7,1,309.5,0
40.2,3738.6000000000004,6440.893258389794,1530.0,8.899999999999977,93,300.6,1,309.5,0
40.2,3859.2000000000003,6525.087941506001,1550.0,8.899999999999977,96,300.6,1,309.5,0
40.6,4019.4,5994.787101580043,1410.0,8.799999999999955,99,300.6,0,309.4,0
33.5,3383.5,5521.76796770454,1574.0,8.800000000000011,101,300.5,0,309.3,0
40.3,4150.9,6013.7937371342605,1425.0,8.799999999999955,103,300.6,0,309.4,0
35.2,3696.0000000000005,5680.3346209067295,1541.0,8.799999999999955,105,300.6,1,309.4,0
26.7,2883.6,4845.498261117289,1733.0,8.800000000000011,108,300.7,1,309.5,0
13.5,1498.5,2679.6999936957536,1895.5,8.799999999999955,111,300.6,0,309.4,0
36.4,4113.2,5915.912182023915,1552.0,8.799999999999955,113,300.6,0,309.4,0
38.7,4450.5,5710.190223091344,1409.0,8.699999999999989,115,300.6,0,309.3,0
35.7,4176.900000000001,5910.561002537301,1581.0,8.799999999999955,117,300.6,1,309.4,0
59.9,7188.0,7847.164377916192,1251.0,8.800000000000011,120,300.7,0,309.5,0
44.1,5380.2,6927.211801165494,1500.0,8.900000000000034,122,300.7,0,309.6,0
38.8,4811.2,6403.487361861051,1576.0,8.899999999999977,124,300.6,0,309.5,0
44.0,5544.0,6229.56879255832,1352.0,8.800000000000011,126,300.7,1,309.5,0
30.3,3908.7000000000003,5270.367251588773,1661.0,8.900000000000034,129,300.7,0,309.6,0
34.6,4532.6,5583.5107353230915,1541.0,8.900000000000034,131,300.7,0,309.6,0
20.5,2726.5,4053.0734021513117,1888.0,9.0,133,300.6,2,309.6,0
62.1,8569.800000000001,8161.386475128244,1255.0,9.0,138,300.5,0,309.5,0
41.6,5824.0,6146.798298111741,1411.0,9.0,140,300.6,0,309.6,0
39.0,5538.0,6191.450801694764,1516.0,8.899999999999977,142,300.6,0,309.5,0
34.0,4896.0,5312.223737710101,1492.0,8.899999999999977,144,300.6,1,309.5,0
30.0,4410.0,5422.388920095983,1726.0,9.0,147,300.6,0,309.6,0
33.7,5021.3,5639.43108455699,1598.0,9.0,149,300.7,0,309.7,0
31.1,4696.1,5396.491724654891,1657.0,9.0,151,300.8,0,309.8,0
38.1,5829.3,5908.927374357434,1481.0,8.899999999999977,153,300.8,0,309.7,0
51.3,7951.5,7504.856442381048,1397.0,9.0,155,300.7,1,309.7,0
44.3,6999.4,6777.703406781155,1461.0,8.899999999999977,158,300.8,0,309.7,0
51.1,8176.0,7427.437127421084,1388.0,8.900000000000034,160,300.7,1,309.6,0
52.4,8541.199999999999,8269.383958583148,1507.0,9.0,163,300.7,0,309.7,0
49.8,8217.0,7410.577246846819,1421.0,8.900000000000034,165,300.7,1,309.6,0
54.9,9223.199999999999,7232.386111535206,1258.0,8.899999999999977,168,300.8,1,309.7,0
39.0,6669.0,6052.5924064060955,1482.0,8.899999999999977,171,300.8,1,309.7,0
51.3,8926.199999999999,7537.0891830068795,1403.0,8.900000000000034,174,300.7,2,309.6,0
45.4,8126.599999999999,6527.622159579895,1373.0,8.899999999999977,179,300.8,0,309.7,0
42.1,7620.1,6436.7044681850075,1460.0,8.800000000000011,181,300.9,0,309.7,0
27.9,5105.7,5115.863724885226,1751.0,8.899999999999977,183,300.8,1,309.7,0
42.3,7867.799999999999,6848.2321618542455,1546.0,8.800000000000011,186,300.8,1,309.6,0
28.2,5329.8,4961.203118549001,1680.0,8.899999999999977,189,300.8,1,309.7,0
48.8,9369.599999999999,7123.791725476119,1394.0,8.800000000000011,192,300.9,1,309.7,0
26.0,5070.0,4928.111675931189,1810.0,8.900000000000034,195,300.7,0,309.6,0
34.5,6796.5,5343.377864858199,1479.0,8.800000000000011,197,300.7,0,309.5,0
41.4,8238.6,6203.954340456052,1431.0,8.800000000000011,199,300.9,0,309.7,0
14.4,2894.4,2858.346659942137,1895.5,8.800000000000011,201,300.9,0,309.7,0
19.8,4019.4,3930.2266574204386,1895.5,8.900000000000034,203,300.7,1,309.6,1
49.9,0.0,7634.478555268163,1461.0,8.800000000000011,0,300.7,0,309.5,0
19.7,39.4,3910.377027837507,1895.5,8.800000000000011,2,300.7,2,309.5,0
34.9,244.29999999999998,5500.352777782569,1505.0,8.900000000000034,7,300.7,0,309.6,0
20.5,184.5,4069.174064500959,1895.5,8.900000000000034,9,300.7,2,309.6,0
30.5,427.0,5180.591005524689,1622.0,8.800000000000011,14,300.7,1,309.5,0
29.0,493.0,4834.701654364452,1592.0,8.800000000000011,17,300.7,0,309.5,0
24.5,465.5,4746.422900798579,1850.0,8.800000000000011,19,300.7,0,309.5,0
48.7,1022.7,7496.782549261323,1470.0,8.800000000000011,21,300.7,1,309.5,0
46.4,1113.6,7021.250141262948,1445.0,8.800000000000011,24,300.7,1,309.5,0
31.1,839.7,5487.681687413091,1685.0,8.800000000000011,27,300.7,0,309.5,0
30.5,884.5,5324.318869426421,1667.0,8.800000000000011,29,300.7,2,309.5,0
35.4,1203.6,5849.771184690338,1578.0,8.800000000000011,34,300.7,0,309.5,0
28.0,1008.0,4958.270965405651,1691.0,8.799999999999955,36,300.6,2,309.4,0
43.8,1795.8,6600.29766963294,1439.0,8.800000000000011,41,300.7,1,309.5,0
38.7,1702.8000000000002,5689.926950475689,1404.0,8.800000000000011,44,300.8,1,309.6,0
45.8,2152.6,7184.654847151664,1498.0,8.800000000000011,47,300.8,0,309.6,0
44.5,2180.5,6901.503101283617,1481.0,8.699999999999989,49,300.8,1,309.5,0
35.0,1820.0,5823.989180979878,1589.0,8.699999999999989,52,300.7,1,309.4,0
44.3,2436.5,6805.5379176919605,1467.0,8.800000000000011,55,300.7,0,309.5,0
32.8,1869.6,5681.1723789476855,1654.0,8.799999999999955,57,300.6,0,309.4,0
39.9,2354.1,6300.903889745832,1508.0,8.800000000000011,59,300.7,0,309.5,0
43.0,2623.0,6479.744287539187,1439.0,8.900000000000034,61,300.7,1,309.6,0
30.3,1939.2,5368.730517572669,1692.0,8.800000000000011,64,300.7,0,309.5,0
24.9,1643.3999999999999,4792.625256757373,1838.0,8.800000000000011,66,300.7,1,309.5,0
40.2,2773.8,6739.784383452327,1601.0,8.699999999999989,69,300.6,0,309.3,0
51.6,3663.6,7397.445389554815,1369.0,8.799999999999955,71,300.6,0,309.4,0
45.2,3299.6000000000004,6210.132806008111,1312.0,8.799999999999955,73,300.6,1,309.4,0
44.1,3351.6,6779.43128274063,1468.0,8.799999999999955,76,300.6,0,309.4,0
39.4,3073.2,5990.891526689591,1452.0,8.799999999999955,78,300.6,1,309.4,0
43.9,3555.9,6403.895768906017,1393.0,8.800000000000011,81,300.7,1,309.5,0
44.2,3712.8,6628.174068445794,1432.0,8.799999999999955,84,300.6,1,309.4,0
46.0,4002.0,7273.8341906115675,1510.0,8.699999999999989,87,300.6,1,309.3,0
37.2,3348.0000000000005,5925.169408376493,1521.0,8.799999999999955,90,300.6,1,309.4,0
46.2,4296.6,6579.751653678463,1360.0,8.899999999999977,93,300.5,2,309.4,0
25.5,2499.0,5022.93541419204,1881.0,8.800000000000011,98,300.5,1,309.3,0
50.3,5080.299999999999,7442.841403399186,1413.0,8.900000000000034,101,300.4,0,309.3,0
36.2,3728.6000000000004,6224.584132214624,1642.0,8.899999999999977,103,300.5,2,309.4,0
38.5,4158.0,6216.897702188841,1542.0,9.0,108,300.5,0,309.5,0
39.3,4323.0,5955.108786365204,1447.0,9.100000000000023,110,300.4,0,309.5,0
40.4,4524.8,6472.937503456409,1530.0,9.0,112,300.4,2,309.4,0
27.7,3240.9,5206.823304182163,1795.0,9.0,117,300.5,0,309.5,0
57.4,6830.599999999999,7754.078987590327,1290.0,9.0,119,300.6,0,309.6,0
30.4,3678.3999999999996,5217.72463069012,1639.0,9.099999999999966,121,300.6,0,309.7,0
31.5,3874.5,5264.680968885775,1596.0,9.100000000000023,123,300.7,0,309.8,0
48.0,6000.0,7313.627697557038,1455.0,9.199999999999989,125,300.6,0,309.8,0
28.9,3670.2999999999997,5020.799131187599,1659.0,9.199999999999989,127,300.6,1,309.8,0
42.5,5525.0,6818.303255841048,1532.0,9.199999999999989,130,300.6,1,309.8,0
42.4,5639.2,6669.056660844508,1502.0,9.199999999999989,133,300.6,0,309.8,0
28.6,3861.0,5055.534673960791,1688.0,9.199999999999989,135,300.6,0,309.8,0
50.9,6973.3,7147.845853227104,1341.0,9.199999999999989,137,300.5,1,309.7,0
29.4,4116.0,5187.711948872825,1685.0,9.199999999999989,140,300.5,1,309.7,0
55.9,7993.7,8019.753006328904,1370.0,9.300000000000011,143,300.5,1,309.8,0
52.5,7665.0,8032.267017065703,1461.0,9.300000000000011,146,300.5,0,309.8,0
37.4,5535.2,6070.604204286677,1550.0,9.300000000000011,148,300.5,0,309.8,0
37.8,5670.0,5969.277369232893,1508.0,9.300000000000011,150,300.5,1,309.8,0
62.7,9593.1,8831.174028873587,1345.0,9.300000000000011,153,300.5,0,309.8,0
34.5,5347.5,5838.3357874312715,1616.0,9.199999999999989,155,300.5,0,309.7,0
61.0,9577.0,8911.127561907448,1395.0,9.199999999999989,157,300.5,0,309.7,0
67.19999999999999,10684.799999999997,9317.209828310462,1324.0,9.300000000000011,159,300.5,2,309.8,1
43.9,7199.599999999999,6642.950025893177,1445.0,9.300000000000011,164,300.5,0,309.8,0
38.9,6457.4,6334.44562731066,1555.0,9.300000000000011,166,300.5,1,309.8,0
42.4,7165.599999999999,6433.730427139609,1449.0,9.299999999999955,169,300.6,1,309.9,0
53.2,9150.4,8167.219365488409,1466.0,9.399999999999977,172,300.5,1,309.9,0
37.4,6545.0,5886.527818737339,1503.0,9.399999999999977,175,300.5,0,309.9,0
35.7,6318.900000000001,5562.880943564519,1488.0,9.300000000000011,177,300.4,0,309.7,0
50.2,8985.800000000001,6907.608263007093,1314.0,9.300000000000011,179,300.4,0,309.7,0
38.0,6878.0,6156.055524464319,1547.0,9.300000000000011,181,300.4,1,309.7,0
39.8,7323.2,6110.0626080157635,1466.0,9.300000000000011,184,300.4,1,309.7,0
37.1,6937.7,5971.403180261824,1537.0,9.300000000000011,187,300.3,0,309.6,0
51.5,9733.5,7733.658635341993,1434.0,9.300000000000011,189,300.2,1,309.5,0
44.7,8582.400000000001,6703.1534131114695,1432.0,9.200000000000045,192,300.4,0,309.6,0
48.4,9389.6,7045.1262454302305,1390.0,9.100000000000023,194,300.5,0,309.6,0
42.8,8388.8,7081.5687202118725,1580.0,9.199999999999989,196,300.5,0,309.7,0
30.5,6039.0,5075.190571996751,1589.0,9.199999999999989,198,300.5,0,309.7,0
48.8,9760.0,7363.976955818571,1441.0,9.300000000000011,200,300.5,0,309.8,0
51.7,10443.400000000001,7065.284798290765,1305.0,9.300000000000011,202,300.5,0,309.8,0
35.9,7323.599999999999,5887.2818009741995,1566.0,9.300000000000011,204,300.5,1,309.8,0
54.2,11219.400000000001,7826.942993202587,1379.0,9.300000000000011,207,300.5,0,309.8,1
38.1,7962.900000000001,6156.296379901095,1543.0,9.200000000000045,209,300.4,0,309.6,0
49.6,10465.6,7380.815892441812,1421.0,9.300000000000011,211,300.5,0,309.8,0
30.6,6517.8,5639.787131724396,1760.0,9.100000000000023,213,300.5,0,309.6,0
29.2,6278.0,5231.924629484345,1711.0,9.100000000000023,215,300.4,0,309.5,0
41.6,9027.2,6382.040756012545,1465.0,9.100000000000023,217,300.5,0,309.6,0
50.2,10993.800000000001,7180.968711771453,1366.0,9.100000000000023,219,300.5,0,309.6,0
21.9,4839.9,4329.868658883596,1888.0,9.100000000000023,221,300.4,1,309.5,0
23.6,0.0,4391.653314404196,1777.0,9.0,0,300.5,0,309.5,0
55.6,111.2,8029.114952436602,1379.0,9.0,2,300.5,0,309.5,0
51.3,205.2,8192.488242398782,1525.0,9.100000000000023,4,300.4,0,309.5,0
34.0,204.0,5565.017226568959,1563.0,9.200000000000045,6,300.4,1,309.6,0
43.3,389.7,6298.233535990281,1389.0,9.199999999999989,9,300.5,1,309.7,0
42.9,514.8,6500.614934734535,1447.0,9.199999999999989,12,300.6,1,309.8,0
22.8,342.0,4525.715544908384,1895.5,9.099999999999966,15,300.6,1,309.7,0
43.8,788.4,6742.486153134413,1470.0,9.099999999999966,18,300.6,2,309.7,0
42.6,979.8000000000001,6370.3959192432385,1428.0,9.099999999999966,23,300.6,1,309.7,0
48.1,1250.6000000000001,6643.829671836183,1319.0,9.200000000000045,26,300.4,0,309.6,0
24.3,680.4,4801.830123232391,1887.0,9.199999999999989,28,300.5,0,309.7,0
50.4,1512.0,7119.854262683619,1349.0,9.100000000000023,30,300.4,0,309.5,0
31.4,1004.8,5474.853517410932,1665.0,9.199999999999989,32,300.3,1,309.5,0
38.7,1354.5,5973.612767094848,1474.0,9.199999999999989,35,300.3,0,309.5,0
38.9,1439.3,6285.562445620802,1543.0,9.100000000000023,37,300.4,0,309.5,0
43.9,1712.1,6707.31078738972,1459.0,9.199999999999989,39,300.2,1,309.4,0
37.9,1591.8,6155.730893223447,1551.0,9.199999999999989,42,300.3,0,309.5,0
21.4,941.5999999999999,4247.820730747342,1895.5,9.199999999999989,44,300.2,0,309.4,0
35.3,1623.8,5641.022824834808,1526.0,9.199999999999989,46,300.2,0,309.4,0
40.0,1920.0,6287.374097384372,1501.0,9.199999999999989,48,300.2,1,309.4,0
38.3,1953.3,6248.774395647265,1558.0,9.199999999999989,51,300.2,0,309.4,0
43.2,2289.6000000000004,6930.6047212313715,1532.0,9.100000000000023,53,300.2,0,309.3,0
55.9,3074.5,7762.184296636588,1326.0,9.099999999999966,55,300.1,0,309.2,0
51.3,2924.1,7687.50863926076,1431.0,9.0,57,300.2,0,309.2,0
49.3,2908.7,7052.226244827344,1366.0,9.100000000000023,59,300.2,0,309.3,0
42.5,2592.5,6324.287811064052,1421.0,9.099999999999966,61,300.1,0,309.2,0
35.6,2242.8,5614.40306308339,1506.0,9.100000000000023,63,300.2,2,309.3,0
48.7,3311.6000000000004,6844.001483747412,1342.0,9.100000000000023,68,300.2,2,309.3,0
37.6,2744.8,5618.759404896369,1427.0,9.099999999999966,73,300.1,0,309.2,0
29.9,2242.5,5219.578170355737,1667.0,9.0,75,300.2,0,309.2,0
46.7,3595.9,6846.577589723356,1400.0,9.0,77,300.1,0,309.1,0
32.1,2535.9,5744.810574133903,1709.0,9.0,79,300.0,0,309.0,0
45.8,3709.7999999999997,6561.15342516921,1368.0,9.0,81,300.0,1,309.0,0
23.8,1999.2,4690.565383417752,1882.0,9.100000000000023,84,300.0,0,309.1,0
58.7,5048.2,8316.95814333401,1353.0,9.0,86,300.1,0,309.1,0
40.0,3520.0,6505.191188033265,1553.0,9.100000000000023,88,299.9,0,309.0,0
45.4,4086.0,6803.370218760984,1431.0,9.100000000000023,90,300.0,0,309.1,0
30.4,2796.7999999999997,5510.604841808783,1731.0,9.0,92,300.1,1,309.1,0
27.7,2631.5,4893.5436847661895,1687.0,9.099999999999966,95,300.1,1,309.2,0
44.3,4341.4,6759.147066173951,1457.0,9.099999999999966,98,300.1,1,309.2,0
37.0,3737.0,5939.809230142221,1533.0,9.099999999999966,101,300.1,0,309.2,0
31.8,3275.4,5401.403081170003,1622.0,9.0,103,300.0,2,309.0,0
28.2,3045.6,5288.99689602456,1791.0,9.100000000000023,108,300.0,0,309.1,0
28.3,3113.0,4833.581152984672,1631.0,9.100000000000023,110,300.0,0,309.1,0
16.9,1892.7999999999997,3354.5873995154247,1895.5,9.0,112,300.0,0,309.0,0
58.2,6634.8,8008.422328824957,1314.0,8.899999999999977,114,300.1,0,309.0,0
46.9,5440.4,7258.984929335599,1478.0,9.0,116,300.1,0,309.1,0
27.3,3221.4,5097.328328229047,1783.0,9.099999999999966,118,300.1,0,309.2,0
46.1,5532.0,6686.199284757597,1385.0,9.099999999999966,120,300.1,1,309.2,0
43.6,5362.8,6592.9882307255875,1444.0,9.199999999999989,123,300.0,0,309.2,0
23.0,2875.0,4434.148591031753,1841.0,9.199999999999989,125,300.1,0,309.3,0
56.2,7137.400000000001,7939.202570690862,1349.0,9.299999999999955,127,300.1,1,309.4,0
56.0,7280.0,7858.170424179269,1340.0,9.199999999999989,130,300.1,0,309.3,0
43.2,5702.400000000001,6962.271975179556,1539.0,9.300000000000011,132,299.9,1,309.2,0
21.8,2943.0,4327.219249079069,1895.5,9.300000000000011,135,300.0,1,309.3,0
43.9,6058.2,6468.25653040256,1407.0,9.300000000000011,138,300.0,1,309.3,0
28.5,4018.5,5109.486291798439,1712.0,9.199999999999989,141,300.1,0,309.3,0
55.2,7893.6,7682.325011382336,1329.0,9.299999999999955,143,300.1,2,309.4,0
42.9,6349.2,6473.660069766735,1441.0,9.099999999999966,148,300.1,0,309.2,0
32.1,4815.0,5412.021664339137,1610.0,9.199999999999989,150,300.0,0,309.2,0
45.2,6870.400000000001,6976.932740896308,1474.0,9.100000000000023,152,300.0,1,309.1,0
30.8,4774.0,5237.998375281286,1624.0,9.100000000000023,155,300.0,1,309.1,0
38.2,6035.6,6080.447861267925,1520.0,9.199999999999989,158,300.1,2,309.3,0
45.8,7465.4,6944.846607927643,1448.0,9.199999999999989,163,300.1,2,309.3,0
29.7,4989.599999999999,4845.655340749969,1558.0,9.300000000000011,168,300.0,0,309.3,0
16.3,2771.0,3235.489622017836,1895.5,9.300000000000011,170,300.0,1,309.3,0
51.2,8857.6,7490.227092590833,1397.0,9.300000000000011,173,300.0,0,309.3,0
22.0,3850.0,4366.918508244932,1895.5,9.300000000000011,175,300.0,0,309.3,0
36.5,6460.5,6016.254651379573,1574.0,9.300000000000011,177,299.9,1,309.2,0
38.9,7002.0,6354.813619681433,1560.0,9.300000000000011,180,299.9,0,309.2,0
49.8,9063.6,7055.954268109603,1353.0,9.300000000000011,182,299.9,1,309.2,0
51.2,9472.0,7447.33388089382,1389.0,9.300000000000011,185,299.9,1,309.2,0
43.8,8234.4,6939.71533992678,1513.0,9.200000000000045,188,299.9,1,309.1,0
42.1,8041.1,6956.931267668453,1578.0,9.300000000000011,191,299.8,0,309.1,0
37.3,7198.9,5730.170752368174,1467.0,9.199999999999989,193,299.8,2,309.0,0
48.3,9563.4,7141.845411258747,1412.0,9.200000000000045,198,299.9,0,309.1,0
30.3,6060.0,5292.578311649652,1668.0,9.300000000000011,200,299.8,0,309.1,0
29.8,6019.6,5236.448522905515,1678.0,9.399999999999977,202,299.8,1,309.2,0
35.4,7257.0,5975.81188195236,1612.0,9.300000000000011,205,299.8,0,309.1,0
39.9,8259.3,6204.8025704725205,1485.0,9.300000000000011,207,299.8,0,309.1,0
39.4,8234.6,6007.3953600964505,1456.0,9.300000000000011,209,299.8,1,309.1,0
38.7,8204.400000000001,6095.192402788773,1504.0,9.399999999999977,212,299.8,0,309.2,0
44.3,9480.199999999999,6916.875961335183,1491.0,9.300000000000011,214,299.9,0,309.2,0
33.2,0.0,5301.961201708375,1525.0,9.300000000000011,0,299.9,2,309.2,0
27.9,139.5,5139.237174227935,1759.0,9.199999999999989,5,300.0,0,309.2,0
56.7,396.90000000000003,8045.46170621078,1355.0,9.300000000000011,7,299.8,1,309.1,0
56.8,568.0,8000.170412121527,1345.0,9.200000000000045,10,299.9,1,309.1,0
30.5,396.5,5375.422109924815,1683.0,9.300000000000011,13,299.9,1,309.2,0
34.8,556.8,6042.162318796177,1658.0,9.300000000000011,16,299.9,0,309.2,0
34.4,619.1999999999999,5641.295096198119,1566.0,9.199999999999989,18,300.0,0,309.2,0
43.9,878.0,6753.282759887251,1469.0,9.199999999999989,20,300.1,1,309.3,0
46.9,1078.7,7160.757799033358,1458.0,9.300000000000011,23,300.2,1,309.5,0
23.6,613.6,4591.835598290937,1858.0,9.299999999999955,26,300.1,0,309.4,0
40.8,1142.3999999999999,6678.02067188275,1563.0,9.299999999999955,28,300.1,2,309.4,0
17.9,590.6999999999999,3553.0836953447397,1895.5,9.299999999999955,33,300.1,0,309.4,0
46.0,1610.0,7095.6011673979065,1473.0,9.300000000000011,35,300.0,0,309.3,0
38.5,1424.5,6039.502437016137,1498.0,9.399999999999977,37,300.0,2,309.4,0
39.7,1667.4,6518.762868296773,1568.0,9.299999999999955,42,300.1,0,309.4,0
27.4,1205.6,4860.630265732079,1694.0,9.299999999999955,44,300.1,0,309.4,0
35.7,1642.2,5604.004391400009,1499.0,9.399999999999977,46,300.0,0,309.4,0
28.3,1358.4,5088.4480929948995,1717.0,9.5,48,300.0,0,309.5,0
42.8,2140.0,6552.692068955542,1462.0,9.399999999999977,50,300.1,1,309.5,0
34.5,1828.5,5932.269407773606,1642.0,9.5,53,300.1,0,309.6,0
25.4,1397.0,4681.39193286927,1760.0,9.5,55,300.1,0,309.6,0
32.7,1863.9,5684.397747405372,1660.0,9.399999999999977,57,300.1,0,309.5,0
40.6,2395.4,6619.775544085197,1557.0,9.399999999999977,59,300.1,0,309.5,0
49.2,3001.2000000000003,7429.489634621431,1442.0,9.400000000000034,61,300.2,2,309.6,0
51.5,3399.0,7329.178581192307,1359.0,9.400000000000034,66,300.2,0,309.6,0
52.5,3570.0,7378.030346955628,1342.0,9.400000000000034,68,300.4,0,309.8,0
54.8,3836.0,8234.952103099804,1435.0,9.5,70,300.4,0,309.9,0
36.5,2628.0,5989.4987539465,1567.0,9.5,72,300.4,0,309.9,0
43.5,3219.0,6268.1056624423545,1376.0,9.5,74,300.4,0,309.9,0
38.7,2941.2000000000003,6131.666293496951,1513.0,9.5,76,300.4,2,309.9,0
12.800000000000011,1036.8000000000009,2540.7525866152355,1895.5,9.5,81,300.4,2,309.9,1
45.1,3878.6,7183.471513918814,1521.0,9.5,86,300.5,0,310.0,0
34.7,3053.6000000000004,6024.799783397338,1658.0,9.399999999999977,88,300.6,0,310.0,0
42.4,3816.0,6300.526898627401,1419.0,9.399999999999977,90,300.6,2,310.0,0
36.3,3448.4999999999995,5618.361469826913,1478.0,9.399999999999977,95,300.6,1,310.0,0
43.5,4263.0,6445.762727002858,1415.0,9.5,98,300.5,1,310.0,0
26.5,2676.5,4939.630848994351,1780.0,9.399999999999977,101,300.5,1,309.9,0
42.8,4451.2,6454.08794753487,1440.0,9.300000000000011,104,300.4,1,309.7,0
39.7,4247.900000000001,6019.877954906714,1448.0,9.400000000000034,107,300.4,2,309.8,0
35.2,3942.4000000000005,5529.203070318036,1500.0,9.300000000000011,112,300.4,2,309.7,0
32.9,3849.2999999999997,5212.708554419888,1513.0,9.400000000000034,117,300.4,0,309.8,0
43.8,5212.2,6549.843691616287,1428.0,9.300000000000011,119,300.5,0,309.8,0
42.3,5118.299999999999,6524.868030020248,1473.0,9.300000000000011,121,300.5,1,309.8,0
49.3,6113.2,7656.260264333052,1483.0,9.399999999999977,124,300.5,1,309.9,0
42.5,5397.5,6827.204435026219,1534.0,9.300000000000011,127,300.4,0,309.7,0
54.0,6966.0,7730.202883423045,1367.0,9.300000000000011,129,300.5,0,309.8,0
36.9,4833.9,5668.721200063957,1467.0,9.300000000000011,131,300.4,0,309.7,0
42.2,5612.6,6575.730415081868,1488.0,9.300000000000011,133,300.4,1,309.7,0
30.1,4093.6000000000004,5292.316512261854,1679.0,9.300000000000011,136,300.4,0,309.7,0
47.5,6555.0,7008.631410771029,1409.0,9.400000000000034,138,300.4,2,309.8,0
51.2,7321.6,7329.377548727036,1367.0,9.300000000000011,143,300.4,1,309.7,0
63.1,9212.6,8682.6709441384,1314.0,9.400000000000034,146,300.4,0,309.8,0
40.0,5920.0,6199.409503083858,1480.0,9.399999999999977,148,300.5,0,309.9,0
38.9,5835.0,6310.004036465731,1549.0,9.400000000000034,150,300.4,0,309.8,0
31.3,4757.6,5522.972244888416,1685.0,9.300000000000011,152,300.4,0,309.7,0
34.5,5313.0,5549.30926330101,1536.0,9.200000000000045,154,300.4,0,309.6,0
37.7,5881.200000000001,6075.871607969196,1539.0,9.300000000000011,156,300.4,1,309.7,0
45.1,7170.900000000001,6536.439562960972,1384.0,9.300000000000011,159,300.4,0,309.7,0
30.3,4878.3,5121.235848322865,1614.0,9.200000000000045,161,300.4,1,309.6,0
35.5,5822.0,6226.898438802768,1675.0,9.200000000000045,164,300.4,1,309.6,0
32.3,5394.099999999999,5699.425032265041,1685.0,9.300000000000011,167,300.4,1,309.7,0
56.9,9673.0,8258.555935903776,1386.0,9.200000000000045,170,300.4,0,309.6,0
41.3,7103.599999999999,6435.489719025619,1488.0,9.300000000000011,172,300.3,1,309.6,0
32.6,5705.0,5544.115163447075,1624.0,9.300000000000011,175,300.3,0,309.6,0
34.6,6124.2,5797.285643424365,1600.0,9.300000000000011,177,300.3,0,309.6,0
44.7,8001.3,6871.668443050026,1468.0,9.300000000000011,179,300.3,0,309.6,0
45.4,8217.4,6822.387326290714,1435.0,9.300000000000011,181,300.3,0,309.6,0
33.4,6112.2,5470.308680038739,1564.0,9.300000000000011,183,300.2,1,309.5,0
53.6,9969.6,7459.648924095893,1329.0,9.199999999999989,186,300.2,1,309.4,0
36.8,6955.2,6050.288571793462,1570.0,9.199999999999989,189,300.1,0,309.3,0
48.8,9320.8,7323.094363419855,1433.0,9.199999999999989,191,300.2,1,309.4,0
37.0,7178.0,5916.561444505657,1527.0,9.199999999999989,194,300.2,0,309.4,0
50.3,9858.8,7600.863513874752,1443.0,9.199999999999989,196,300.1,1,309.3,0
32.0,6368.0,5415.267976747846,1616.0,9.199999999999989,199,300.1,0,309.3,0
31.0,6231.0,5369.400724005435,1654.0,9.199999999999989,201,300.1,0,309.3,0
27.1,5501.3,4781.870537906584,1685.0,9.199999999999989,203,300.1,0,309.3,0
48.8,10004.0,7440.631816566161,1456.0,9.199999999999989,205,300.2,1,309.4,0
27.8,5782.400000000001,5100.438504956101,1752.0,9.199999999999989,208,300.2,1,309.4,0
51.0,10761.0,7679.937400965608,1438.0,9.099999999999966,211,300.1,1,309.2,0
33.7,7211.8,5473.565464422961,1551.0,9.0,214,300.1,0,309.1,0
30.1,6501.6,5040.1513419337125,1599.0,9.099999999999966,216,300.1,0,309.2,0
33.7,7346.6,6112.32455472635,1732.0,9.099999999999966,218,300.1,1,309.2,0
39.8,8795.8,5910.005987835166,1418.0,9.099999999999966,221,300.1,1,309.2,0
44.5,0.0,6528.700773057628,1401.0,9.100000000000023,0,300.0,0,309.1,0
51.7,103.4,7871.9724879040405,1454.0,9.0,2,300.0,0,309.0,0
32.4,129.6,5547.424307708857,1635.0,9.199999999999989,4,300.0,1,309.2,0
40.3,282.09999999999997,6283.886929538888,1489.0,9.100000000000023,7,300.0,0,309.1,0
40.6,365.40000000000003,6228.626314762243,1465.0,9.100000000000023,9,300.0,0,309.1,0
45.7,502.70000000000005,7001.468579520845,1463.0,9.100000000000023,11,300.0,1,309.1,0
35.4,495.59999999999997,5783.043756728091,1560.0,9.0,14,300.1,2,309.1,0
44.4,843.6,6760.456063112947,1454.0,9.099999999999966,19,300.1,1,309.2,0
47.0,1034.0,7279.38433763291,1479.0,8.900000000000034,22,300.2,0,309.1,0
43.4,1041.6,6499.117442236325,1430.0,9.0,24,300.2,0,309.2,0
38.0,988.0,6100.34461474066,1533.0,9.0,26,300.1,1,309.1,0
54.8,1589.1999999999998,8057.054183102527,1404.0,8.899999999999977,29,300.1,0,309.0,0
38.4,1190.3999999999999,6224.877347528959,1548.0,8.799999999999955,31,300.1,1,308.9,0
33.0,1122.0,5570.672093345421,1612.0,8.899999999999977,34,300.1,1,309.0,0
31.2,1154.3999999999999,5364.834942682218,1642.0,8.800000000000011,37,300.2,1,309.0,0
42.2,1688.0,6213.358174465798,1406.0,8.900000000000034,40,300.2,1,309.1,0
31.4,1350.2,5218.373893171861,1587.0,8.899999999999977,43,300.3,0,309.2,0
47.6,2142.0,6799.076708801078,1364.0,8.899999999999977,45,300.3,1,309.2,0
51.4,2467.2,7869.354494026049,1462.0,8.899999999999977,48,300.3,0,309.2,0
32.4,1620.0,5594.925188631134,1649.0,8.899999999999977,50,300.3,0,309.2,0
29.0,1508.0,5320.601318119673,1752.0,8.800000000000011,52,300.4,0,309.2,0
51.2,2764.8,7484.865441128705,1396.0,8.900000000000034,54,300.4,2,309.3,0
16.3,961.7,3235.489622017836,1895.5,8.899999999999977,59,300.5,1,309.4,0
27.6,1711.2,4777.608443873214,1653.0,9.0,62,300.5,0,309.5,0
21.4,1369.6,4247.820730747342,1895.5,8.899999999999977,64,300.6,0,309.5,0
53.6,3537.6,8004.107874914027,1426.0,9.0,66,300.6,0,309.6,0
38.4,2611.2,6043.921610682187,1503.0,9.0,68,300.6,1,309.6,0
36.5,2591.5,5828.963369348062,1525.0,8.900000000000034,71,300.7,1,309.6,0
49.1,3633.4,7316.695986382045,1423.0,9.0,74,300.6,0,309.6,0
44.7,3397.2000000000003,6717.196332273016,1435.0,9.0,76,300.7,1,309.7,0
36.5,2883.5,5714.295237492034,1495.0,8.899999999999977,79,300.6,2,309.5,0
33.8,2839.2,5511.044664780286,1557.0,8.899999999999977,84,300.6,1,309.5,0
40.7,3540.9,6282.326605187605,1474.0,8.799999999999955,87,300.6,0,309.4,0
46.0,4094.0,7057.064297513872,1465.0,8.800000000000011,89,300.5,0,309.3,0
34.9,3175.9,5807.349211891364,1589.0,8.800000000000011,91,300.5,1,309.3,0
46.8,4399.2,7228.804695910114,1475.0,8.800000000000011,94,300.5,0,309.3,0
43.2,4147.200000000001,6523.454313326133,1442.0,8.799999999999955,96,300.6,0,309.4,0
36.0,3528.0,5865.981802782861,1556.0,8.799999999999955,98,300.6,0,309.4,0
45.3,4530.0,6759.921992361837,1425.0,8.600000000000023,100,300.7,0,309.3,0
38.3,3906.6,6337.0112613110905,1580.0,8.600000000000023,102,300.7,0,309.3,0
40.7,4232.8,6282.326605187605,1474.0,8.599999999999966,104,300.8,2,309.4,0
38.4,4185.599999999999,5987.6242703298585,1489.0,8.599999999999966,109,300.8,0,309.4,0
20.5,2275.5,4069.174064500959,1895.5,8.599999999999966,111,300.8,0,309.4,0
62.4,7051.2,8769.316069524404,1342.0,8.599999999999966,113,300.8,1,309.4,1
26.8,3108.8,4933.808430609698,1758.0,8.600000000000023,116,300.9,1,309.5,0
25.6,3046.4,4621.743560353112,1724.0,8.5,119,300.9,1,309.4,0
48.5,5917.0,7262.838616324003,1430.0,8.5,122,301.0,0,309.5,0
35.2,4364.8,5942.050232901783,1612.0,8.600000000000023,124,300.9,0,309.5,0
43.4,5468.4,6676.36609975186,1469.0,8.600000000000023,126,300.9,2,309.5,0
42.4,5554.4,6145.122782029826,1384.0,8.700000000000045,131,300.9,0,309.6,0
28.1,3737.3,5073.085704918845,1724.0,8.600000000000023,133,301.0,0,309.6,0
48.0,6480.0,7022.087899303905,1397.0,8.600000000000023,135,301.0,1,309.6,0
32.7,4512.6,5437.845555951645,1588.0,8.600000000000023,138,301.0,1,309.6,0
42.0,5922.0,6456.601221657743,1468.0,8.699999999999989,141,301.0,0,309.7,0
31.1,4447.3,5191.314308448942,1594.0,8.800000000000011,143,301.0,1,309.8,0
39.3,5737.799999999999,6218.499914442172,1511.0,8.699999999999989,146,301.0,1,309.7,0
38.9,5796.099999999999,6081.882521913064,1493.0,8.699999999999989,149,301.1,0,309.8,0
27.0,4077.0,4832.083660486461,1709.0,8.600000000000023,151,301.2,2,309.8,0
36.1,5631.6,5674.355122889396,1501.0,8.5,156,301.1,0,309.6,0
30.8,4866.400000000001,5379.914587419449,1668.0,8.599999999999966,158,301.1,0,309.7,0
48.9,7824.0,7691.435630077747,1502.0,8.5,160,301.1,0,309.6,0
58.4,9460.8,7876.936204296711,1288.0,8.699999999999989,162,301.0,1,309.7,0
42.9,7078.5,6698.283944498406,1491.0,8.699999999999989,165,301.0,0,309.7,0
39.6,6613.2,6299.144597859822,1519.0,8.699999999999989,167,301.1,0,309.8,0
19.7,3329.2999999999997,3910.377027837507,1895.5,8.699999999999989,169,301.2,0,309.9,0
32.9,5625.9,5660.594947066673,1643.0,8.699999999999989,171,301.2,0,309.9,0
31.6,5466.8,5377.359425394529,1625.0,8.800000000000011,173,301.2,1,310.0,0
17.8,3132.8,3533.234065761809,1895.5,8.699999999999989,176,301.3,1,310.0,0
39.7,7106.3,6107.182814749974,1469.0,8.800000000000011,179,301.3,2,310.1,0
36.3,6679.2,5922.467638694406,1558.0,8.800000000000011,184,301.3,0,310.1,0
54.8,10192.8,7712.735628269085,1344.0,8.699999999999989,186,301.3,0,310.0,0
44.1,8290.800000000001,6719.395447130529,1455.0,8.800000000000011,188,301.3,2,310.1,0
53.6,10344.800000000001,7605.586374830649,1355.0,8.800000000000011,193,301.3,0,310.1,0
56.8,11076.0,7548.11617322098,1269.0,8.800000000000011,195,301.3,0,310.1,1
41.5,8175.5,6736.098248072114,1550.0,8.699999999999989,197,301.3,0,310.0,0
37.8,7522.2,6036.570283872787,1525.0,8.800000000000011,199,301.3,1,310.1,0
32.4,6544.799999999999,5754.392431727351,1696.0,8.699999999999989,202,301.3,1,310.0,0
21.8,4469.0,4327.219249079069,1895.5,8.700000000000045,205,301.4,0,310.1,0
32.1,6644.700000000001,5677.580491347082,1689.0,8.600000000000023,207,301.4,1,310.0,0
30.8,6468.0,5138.011953093035,1593.0,8.699999999999989,210,301.3,1,310.0,0
36.0,7668.0,5899.911003441631,1565.0,8.599999999999966,213,301.3,1,309.9,0
31.4,0.0,5474.853517410932,1665.0,8.699999999999989,0,301.3,0,310.0,0
36.3,72.6,5823.633133812471,1532.0,8.699999999999989,2,301.3,2,310.0,0
40.9,286.3,6159.008621558693,1438.0,8.699999999999989,7,301.3,0,310.0,0
41.6,374.40000000000003,6669.559315669082,1531.0,8.800000000000011,9,301.3,0,310.1,0
40.8,448.79999999999995,6434.48440937647,1506.0,8.699999999999989,11,301.3,0,310.0,0
52.4,681.1999999999999,7583.469562549378,1382.0,8.699999999999989,13,301.2,0,309.9,0
50.8,762.0,7745.575743474611,1456.0,8.699999999999989,15,301.2,1,309.9,0
45.6,820.8000000000001,6900.194104344621,1445.0,8.800000000000011,18,301.2,1,310.0,0
40.9,858.9,6488.8025463570375,1515.0,8.699999999999989,21,301.2,0,309.9,0
45.5,1046.5,6904.1210951616085,1449.0,8.699999999999989,23,301.2,0,309.9,0
50.7,1267.5,7231.255138179915,1362.0,8.699999999999989,25,301.2,2,309.9,0
29.7,891.0,5246.868138539921,1687.0,8.699999999999989,30,301.2,0,309.9,0
37.6,1203.2,6370.814798263717,1618.0,8.800000000000011,32,301.2,0,310.0,0
32.6,1108.4,5318.800138331616,1558.0,8.900000000000034,34,301.2,1,310.1,0
31.0,1147.0,5395.37122327511,1662.0,8.800000000000011,37,301.3,0,310.1,0
56.6,2207.4,7675.643891005702,1295.0,8.900000000000034,39,301.2,1,310.1,0
42.3,1776.6,6135.059213562827,1385.0,9.0,42,301.2,0,310.2,0
45.5,2002.0,7047.063560899944,1479.0,8.900000000000034,44,301.2,1,310.1,0
44.3,2082.1,6494.719212521298,1400.0,9.0,47,301.3,0,310.3,0
54.5,2670.5,7744.706569507118,1357.0,9.100000000000023,49,301.2,1,310.3,0
34.1,1773.2,5917.0536273547195,1657.0,9.099999999999966,52,301.1,0,310.2,0
43.4,2343.6,6799.076708801078,1496.0,9.099999999999966,54,301.1,0,310.2,0
43.2,2419.2000000000003,6238.449027792468,1379.0,9.100000000000023,56,301.2,1,310.3,0
38.6,2277.4,6257.298583714007,1548.0,9.100000000000023,59,301.2,0,310.3,0
38.1,2324.1,5980.744182418497,1499.0,9.100000000000023,61,301.2,0,310.3,0
45.8,2885.3999999999996,6666.669050427779,1390.0,9.199999999999989,63,301.3,0,310.5,0
38.4,2496.0,6184.6649615630095,1538.0,9.099999999999966,65,301.3,2,310.4,0
47.7,3339.0,6818.355615718608,1365.0,9.199999999999989,70,301.3,0,310.5,0
48.6,3499.2000000000003,7649.338288519643,1503.0,9.199999999999989,72,301.3,0,310.5,0
49.9,3692.6,7263.466934854721,1390.0,9.199999999999989,74,301.2,0,310.4,0
45.7,3473.2000000000003,7164.182135025772,1497.0,9.100000000000023,76,301.2,0,310.3,0
48.3,3767.3999999999996,7976.409499684876,1577.0,9.099999999999966,78,301.3,1,310.4,0
54.3,4398.3,8142.756830692455,1432.0,9.100000000000023,81,301.4,0,310.5,0
39.9,3311.7,6530.711392355925,1563.0,9.100000000000023,83,301.4,1,310.5,0
43.4,3732.4,6512.751954352903,1433.0,9.0,86,301.4,0,310.4,0
50.1,4408.8,7261.100268389017,1384.0,9.099999999999966,88,301.3,0,310.4,0
46.7,4203.0,6582.495311262598,1346.0,9.099999999999966,90,301.3,0,310.4,0
44.7,4112.400000000001,6829.539685565387,1459.0,9.099999999999966,92,301.3,0,310.4,0
28.9,2716.6,4960.271112728436,1639.0,9.0,94,301.4,0,310.4,0
31.9,3062.3999999999996,5802.553047106883,1737.0,9.0,96,301.4,0,310.4,0
43.5,4263.0,6782.855618733042,1489.0,9.100000000000023,98,301.4,0,310.5,0
43.0,4300.0,6718.400609456892,1492.0,9.100000000000023,100,301.5,1,310.6,0
60.6,6241.8,7723.102884025931,1217.0,9.100000000000023,103,301.4,1,310.5,0
28.7,3042.2,4916.927606084409,1636.0,9.0,106,301.5,0,310.5,0
49.7,5367.6,7473.765147086022,1436.0,9.0,108,301.4,0,310.4,0
30.6,3366.0,5412.272991751423,1689.0,9.0,110,301.4,0,310.4,0
16.4,1836.7999999999997,3255.339251600767,1895.5,9.0,112,301.5,0,310.5,0
41.0,4674.0,6534.722158977009,1522.0,9.100000000000023,114,301.5,0,310.6,0
52.9,6136.4,7484.100986916332,1351.0,9.0,116,301.5,0,310.5,0
36.7,4330.6,6106.868655484615,1589.0,9.0,118,301.5,0,310.5,0
34.1,4092.0,5634.949079037869,1578.0,9.100000000000023,120,301.5,0,310.6,0
33.7,4111.400000000001,5600.611471334132,1587.0,9.100000000000023,122,301.5,0,310.6,0
20.2,2504.7999999999997,4009.6251757521645,1895.5,9.100000000000023,124,301.5,0,310.6,0
14.2,1789.1999999999998,2818.647400776274,1895.5,9.100000000000023,126,301.5,1,310.6,0
43.9,5663.099999999999,6518.825700149844,1418.0,9.0,129,301.6,0,310.6,0
29.7,3890.7,5234.427431631705,1683.0,9.099999999999966,131,301.6,0,310.7,0
50.7,6743.1,7353.368844624949,1385.0,9.100000000000023,133,301.7,0,310.8,0
44.5,6007.5,7264.9853713039565,1559.0,9.100000000000023,135,301.7,0,310.8,0
31.6,4329.2,5529.580061436467,1671.0,9.100000000000023,137,301.7,1,310.8,0
49.5,6930.0,6961.612240722302,1343.0,9.199999999999989,140,301.6,1,310.8,0
34.2,4890.6,5544.03138764298,1548.0,9.199999999999989,143,301.6,1,310.8,0
31.2,4555.2,5570.672093345421,1705.0,9.199999999999989,146,301.7,0,310.9,0
35.4,5239.2,5690.366773447192,1535.0,9.199999999999989,148,301.6,0,310.8,0
34.1,5115.0,5584.955867943742,1564.0,9.199999999999989,150,301.6,0,310.8,0
40.9,6216.8,6467.387356435068,1510.0,9.299999999999955,152,301.6,1,310.9,0
45.2,7006.0,7062.132733661664,1492.0,9.299999999999955,155,301.6,0,310.9,0
44.1,6923.7,6705.541023528198,1452.0,9.300000000000011,157,301.5,1,310.8,0
52.0,8320.0,7236.9728368094475,1329.0,9.300000000000011,160,301.4,2,310.7,0
52.4,8646.0,7583.469562549378,1382.0,9.300000000000011,165,301.5,0,310.8,0
36.4,6078.8,6205.608912586942,1628.0,9.300000000000011,167,301.5,1,310.8,0
27.9,4743.0,4984.388072332493,1706.0,9.300000000000011,170,301.4,0,310.7,0
34.1,5865.2,5692.084177431155,1594.0,9.399999999999977,172,301.3,0,310.7,0
24.3,4228.2,4481.199177007017,1761.0,9.399999999999977,174,301.3,0,310.7,0
41.8,7356.799999999999,6692.869933158719,1529.0,9.300000000000011,176,301.3,0,310.6,0
40.7,7244.6,6529.528059123074,1532.0,9.399999999999977,178,301.3,1,310.7,0
27.8,5031.8,4870.452978762304,1673.0,9.300000000000011,181,301.4,0,310.7,0
62.6,11455.800000000001,8423.76182158055,1285.0,9.400000000000034,183,301.4,0,310.8,1
31.4,5809.0,5524.176522072292,1680.0,9.400000000000034,185,301.4,0,310.8,0
34.6,6470.2,5833.5186786957665,1610.0,9.400000000000034,187,301.4,0,310.8,0
31.6,5972.400000000001,5400.523435226998,1632.0,9.299999999999955,189,301.6,0,310.9,0
40.2,7678.200000000001,6562.975548908294,1559.0,9.299999999999955,191,301.6,0,310.9,0
49.0,9457.0,7014.44335718017,1367.0,9.300000000000011,193,301.5,0,310.8,0
57.8,11271.0,8201.546501216633,1355.0,9.199999999999989,195,301.6,0,310.8,1
51.7,10184.900000000001,7655.412034316584,1414.0,9.099999999999966,197,301.6,2,310.7,0
36.6,7393.200000000001,5833.434902891671,1522.0,9.100000000000023,202,301.5,0,310.6,0
41.9,8547.6,6691.33055275846,1525.0,9.100000000000023,204,301.5,0,310.6,0
46.5,9579.0,6788.039246611465,1394.0,9.100000000000023,206,301.5,0,310.6,0
40.7,8465.6,6474.1208366892615,1519.0,9.100000000000023,208,301.5,0,310.6,0
43.9,9219.0,6642.950025893177,1445.0,9.200000000000045,210,301.4,0,310.6,0
43.3,9179.599999999999,7050.938191839372,1555.0,9.200000000000045,212,301.4,0,310.6,0
39.5,0.0,6754.790724360973,1633.0,9.100000000000023,0,301.4,0,310.5,0
30.3,60.6,5172.003985604876,1630.0,9.200000000000045,2,301.4,1,310.6,0
32.3,161.5,5723.102168897598,1692.0,9.300000000000011,5,301.4,1,310.7,0
26.2,209.6,4911.147075601803,1790.0,9.199999999999989,8,301.5,2,310.7,0
58.5,760.5,8270.24266057513,1350.0,9.300000000000011,13,301.5,0,310.8,0
12.800000000000011,192.00000000000017,2540.7525866152355,1895.5,9.399999999999977,15,301.5,0,310.9,1
32.2,547.4000000000001,5341.210165927223,1584.0,9.300000000000011,17,301.4,0,310.7,0
21.8,414.2,4327.219249079069,1895.5,9.300000000000011,19,301.4,0,310.7,0
44.3,930.3,6638.530852227127,1431.0,9.400000000000034,21,301.4,0,310.8,0
35.2,809.6,5779.860276172454,1568.0,9.300000000000011,23,301.4,0,310.7,0
50.6,1265.0,7291.175782059384,1376.0,9.300000000000011,25,301.4,0,310.7,0
46.9,1266.3,7165.6691555484695,1459.0,9.200000000000045,27,301.4,1,310.6,0
47.5,1425.0,6889.250889934617,1385.0,9.300000000000011,30,301.5,1,310.8,0
29.6,976.8000000000001,4931.63025970321,1591.0,9.300000000000011,33,301.5,2,310.8,0
33.1,1257.8,5435.039066514438,1568.0,9.199999999999989,38,301.5,0,310.7,0
37.7,1508.0,5760.036826528302,1459.0,9.300000000000011,40,301.4,1,310.7,0
36.3,1560.8999999999999,6044.110106241402,1590.0,9.300000000000011,43,301.4,0,310.7,0
47.6,2142.0,6858.892632925427,1376.0,9.300000000000011,45,301.3,0,310.6,0
38.5,1809.5,6087.88296388142,1510.0,9.300000000000011,47,301.3,0,310.6,0
33.6,1646.4,5890.109234362431,1674.0,9.200000000000045,49,301.4,2,310.6,0
40.7,2197.8,6077.746091585838,1426.0,9.300000000000011,54,301.3,0,310.6,0
43.6,2441.6,6693.435419836365,1466.0,9.199999999999989,56,301.5,0,310.7,0
38.7,2244.6000000000004,5973.612767094848,1474.0,9.300000000000011,58,301.5,2,310.8,0
65.3,4113.9,8821.27801201478,1290.0,9.199999999999989,63,301.6,1,310.8,0
48.0,3168.0,7213.096732642165,1435.0,9.199999999999989,66,301.7,1,310.9,0
53.2,3670.8,7888.664816870113,1416.0,9.199999999999989,69,301.5,1,310.7,0
40.4,2908.7999999999997,6764.854292827973,1599.0,9.199999999999989,72,301.5,2,310.7,0
47.3,3642.1,7261.456315556424,1466.0,9.199999999999989,77,301.5,0,310.7,0
47.3,3736.7,6974.168139361148,1408.0,9.199999999999989,79,301.5,0,310.7,0
48.1,3896.1,7505.160129670896,1490.0,9.100000000000023,81,301.5,0,310.6,0
42.3,3510.8999999999996,6223.6521263940585,1405.0,9.100000000000023,83,301.5,0,310.6,0
33.3,2830.4999999999995,5743.365441513251,1647.0,9.100000000000023,85,301.4,0,310.5,0
35.0,3045.0,5347.514295185426,1459.0,9.200000000000045,87,301.4,1,310.6,0
30.7,2763.0,5298.149402622018,1648.0,9.200000000000045,90,301.4,0,310.6,0
30.7,2824.4,5384.951607640704,1675.0,9.300000000000011,92,301.4,0,310.7,0
34.2,3214.8,5748.172078273245,1605.0,9.300000000000011,94,301.4,0,310.7,0
44.4,4262.4,7141.719747552604,1536.0,9.300000000000011,96,301.4,2,310.7,0
34.3,3464.2999999999997,5808.082250177202,1617.0,9.300000000000011,101,301.4,1,310.7,0
53.3,5543.2,7518.365290791484,1347.0,9.200000000000045,104,301.4,0,310.6,0
52.7,5586.200000000001,7378.543473755716,1337.0,9.199999999999989,106,301.3,0,310.5,0
30.9,3337.2,5484.74953426974,1695.0,9.099999999999966,108,301.3,0,310.4,0
32.5,3575.0,5564.545987670921,1635.0,9.099999999999966,110,301.3,1,310.4,0
44.0,4972.0,6773.273761139593,1470.0,9.199999999999989,113,301.2,0,310.4,0
49.8,5727.0,7201.975494648457,1381.0,9.199999999999989,115,301.2,0,310.4,0
41.6,4867.2,6020.464385535384,1382.0,9.199999999999989,117,301.2,1,310.4,0
30.0,3600.0,5331.282733141878,1697.0,9.199999999999989,120,301.2,1,310.4,0
39.7,4883.1,6032.350077741466,1451.0,9.100000000000023,123,301.2,0,310.3,0
55.7,6962.5,8276.871421074206,1419.0,9.0,125,301.3,0,310.3,0
55.6,7061.2,7644.8353390494985,1313.0,9.0,127,301.3,0,310.3,0
36.3,4682.7,5930.0702929160925,1560.0,9.0,129,301.3,0,310.3,0
41.2,5397.200000000001,6708.975831496124,1555.0,9.0,131,301.3,0,310.3,0
36.9,4907.7,6101.507004022488,1579.0,9.0,133,301.4,0,310.4,0
44.6,6021.0,6702.169047413345,1435.0,9.0,135,301.5,0,310.5,0
33.7,4616.900000000001,5720.599366750238,1621.0,9.0,137,301.6,0,310.6,0
40.4,5615.599999999999,6578.704456127266,1555.0,9.0,139,301.6,2,310.6,0
33.8,4867.2,5702.179161824689,1611.0,9.0,144,301.5,0,310.5,0
23.5,3431.0,4513.316725902217,1834.0,9.0,146,301.6,0,310.6,0
29.8,4410.400000000001,5030.485708536168,1612.0,9.0,148,301.5,1,310.5,0
34.1,5149.1,5817.067205166469,1629.0,8.899999999999977,151,301.5,0,310.4,0
35.2,5385.6,5514.458528797188,1496.0,9.0,153,301.4,0,310.4,0
32.9,5099.5,5488.330949894832,1593.0,9.0,155,301.5,0,310.5,0
33.5,5259.5,5693.665445733462,1623.0,9.0,157,301.5,1,310.5,0
48.7,7792.0,7037.795862571854,1380.0,9.0,160,301.5,0,310.5,0
34.4,5572.8,5626.885657893654,1562.0,9.0,162,301.6,0,310.6,0
49.4,8101.599999999999,7195.859860949468,1391.0,9.0,164,301.6,0,310.6,0
34.3,5693.799999999999,5571.017668537315,1551.0,9.0,166,301.5,2,310.5,0
26.2,4480.2,4996.200460709991,1821.0,9.0,171,301.6,2,310.6,0
43.6,7673.6,6524.5015108773305,1429.0,9.099999999999966,176,301.6,0,310.7,0
20.7,3684.6,4108.873323666822,1895.5,9.099999999999966,178,301.6,1,310.7,0
23.6,4271.6,4684.512581571837,1895.5,9.0,181,301.6,1,310.6,0
44.1,8114.400000000001,6520.815375497118,1412.0,9.0,184,301.5,1,310.5,0
54.9,10266.3,7985.5201183802865,1389.0,9.0,187,301.5,0,310.5,0
48.1,9090.9,7384.2716443607615,1466.0,9.0,189,301.5,0,310.5,0
15.8,3017.8,3136.2414741031785,1895.5,9.0,191,301.5,0,310.5,0
37.5,7237.5,5776.603491788232,1471.0,9.0,193,301.4,0,310.4,0
41.4,8073.0,6468.41361003524,1492.0,8.900000000000034,195,301.4,0,310.3,0
41.5,8175.5,6344.9699627001855,1460.0,9.0,197,301.3,0,310.3,0
39.4,7840.599999999999,6432.369070323053,1559.0,9.0,199,301.4,0,310.4,0
52.5,10552.5,8219.191779954295,1495.0,9.100000000000023,201,301.4,1,310.5,0
39.0,7956.0,6269.048140238432,1535.0,9.0,204,301.5,0,310.5,0
50.7,10444.2,7332.131678286682,1381.0,9.100000000000023,206,301.5,0,310.6,0
36.1,7508.8,6044.832672551728,1599.0,9.0,208,301.6,1,310.6,0
49.5,10444.5,7257.079029792421,1400.0,9.0,211,301.6,2,310.6,0
34.5,7452.0,5867.238439844297,1624.0,8.900000000000034,216,301.7,0,310.6,0
36.6,7978.8,5664.794209246971,1478.0,9.0,218,301.6,0,310.6,0
33.3,7325.999999999999,5596.904392002895,1605.0,9.0,220,301.7,0,310.7,0
43.4,9634.8,6844.5250825230105,1506.0,9.0,222,301.6,0,310.6,0
43.9,0.0,6688.921998390708,1455.0,9.0,0,301.6,0,310.6,0
32.3,64.6,5418.681840764747,1602.0,8.899999999999977,2,301.6,2,310.5,0
54.4,380.8,8117.875416876025,1425.0,8.899999999999977,7,301.5,0,310.4,0
21.8,196.20000000000002,4327.219249079069,1895.5,8.899999999999977,9,301.5,0,310.4,0
41.5,456.5,7001.196308157533,1611.0,8.900000000000034,11,301.4,2,310.3,0
38.6,617.6,6507.913901666376,1610.0,9.0,16,301.4,2,310.4,0
12.800000000000011,268.80000000000024,2540.7525866152355,1895.5,8.899999999999977,21,301.5,1,310.4,1
46.6,1118.4,6485.441042217697,1329.0,8.899999999999977,24,301.5,0,310.4,0
54.2,1409.2,7208.27962390666,1270.0,8.899999999999977,26,301.5,0,310.4,0
41.6,1164.8,6164.223665363653,1415.0,8.800000000000011,28,301.5,0,310.3,0
49.5,1485.0,6894.2250783028,1330.0,8.799999999999955,30,301.6,2,310.4,0
27.1,948.5,5068.498979644605,1786.0,8.899999999999977,35,301.6,2,310.5,0
25.5,1020.0,4830.669943792345,1809.0,8.899999999999977,40,301.6,0,310.5,0
59.7,2507.4,8146.0555029787265,1303.0,8.900000000000034,42,301.7,0,310.6,0
45.7,2010.8000000000002,6618.613154803369,1383.0,8.899999999999977,44,301.8,1,310.7,0
56.9,2674.2999999999997,8622.027733948604,1447.0,8.900000000000034,47,301.7,0,310.6,0
44.2,2165.8,6762.403850558174,1461.0,8.899999999999977,49,301.8,0,310.7,0
18.6,948.6,3692.031102425261,1895.5,8.899999999999977,51,301.8,0,310.7,0
47.9,2538.7,7167.972990161103,1429.0,8.899999999999977,53,301.8,1,310.7,0
26.5,1484.0,4817.527614524828,1736.0,9.0,56,301.8,0,310.8,0
49.3,2859.3999999999996,7439.427539382285,1441.0,8.899999999999977,58,301.8,0,310.7,0
43.3,2598.0,6905.8384991455705,1523.0,8.899999999999977,60,301.8,0,310.7,0
33.4,2070.7999999999997,5914.5089373053115,1691.0,9.0,62,301.8,1,310.8,0
35.3,2294.5,5755.617652862252,1557.0,8.900000000000034,65,301.9,1,310.8,0
33.4,2271.2,5750.11986571847,1644.0,8.899999999999977,68,301.8,0,310.7,0
43.8,3066.0,6980.9958673949495,1522.0,8.800000000000011,70,301.8,0,310.6,0
41.7,3002.4,6755.46093079374,1547.0,8.899999999999977,72,301.8,0,310.7,0
30.8,2279.2000000000003,5150.913426923777,1597.0,8.899999999999977,74,301.8,0,310.7,0
31.0,2356.0,5255.779789700604,1619.0,9.0,76,301.8,1,310.8,0
58.2,4597.8,8532.565647149877,1400.0,8.900000000000034,79,301.9,0,310.8,0
31.5,2551.5,5485.692012065817,1663.0,8.899999999999977,81,302.0,0,310.9,0
37.6,3120.8,6063.692700448779,1540.0,8.900000000000034,83,301.9,0,310.8,0
42.7,3629.5000000000005,6506.081305951782,1455.0,8.900000000000034,85,301.9,2,310.8,0
39.0,3510.0,6203.703013043764,1519.0,8.900000000000034,90,301.9,0,310.8,0
47.7,4388.400000000001,7128.05381950949,1427.0,8.900000000000034,92,301.9,0,310.8,0
29.8,2801.2000000000003,5149.07035923367,1650.0,8.900000000000034,94,301.9,0,310.8,0
38.8,3724.7999999999997,6127.1947599533405,1508.0,9.0,96,301.8,1,310.8,0
54.8,5425.2,7913.588118588593,1379.0,9.0,99,301.9,0,310.9,0
36.7,3706.7000000000003,5926.237549878714,1542.0,9.0,101,301.9,0,310.9,0
28.4,2925.2,5243.234363037269,1763.0,9.0,103,301.9,1,310.9,0
34.3,3635.7999999999997,5711.101284960884,1590.0,9.0,106,301.9,2,310.9,0
63.6,7059.6,8897.995704615443,1336.0,9.100000000000023,111,301.9,2,311.0,0
35.4,4106.4,6072.195944564495,1638.0,9.100000000000023,116,301.9,1,311.0,0
45.7,5438.3,6489.3994489612205,1356.0,9.100000000000023,119,301.9,0,311.0,0
47.4,5735.4,6869.783487457871,1384.0,9.100000000000023,121,301.9,1,311.0,0
48.0,5952.0,6579.751653678462,1309.0,9.0,124,301.9,0,310.9,0
33.1,4170.6,5691.539634704533,1642.0,9.100000000000023,126,301.9,0,311.0,0
54.9,7027.2,7410.608662773354,1289.0,9.100000000000023,128,301.9,0,311.0,0
43.8,5694.0,6205.839296048204,1353.0,9.100000000000023,130,301.9,0,311.0,0
26.0,3432.0,5094.197207550969,1871.0,9.100000000000023,132,301.9,2,311.0,0
63.6,8713.2,8598.287765462977,1291.0,9.100000000000023,137,301.9,2,311.0,0
44.6,6333.2,6286.494451441367,1346.0,9.099999999999966,142,301.8,1,310.9,0
47.6,6902.0,7442.097893137837,1493.0,9.100000000000023,145,301.7,0,310.8,0
41.3,6071.099999999999,6591.1870509375285,1524.0,9.100000000000023,147,301.7,1,310.8,0
26.7,4005.0,4825.926138885424,1726.0,9.199999999999989,150,301.6,0,310.8,0
47.2,7174.400000000001,7092.878453764795,1435.0,9.199999999999989,152,301.6,2,310.8,0
34.4,5400.8,5410.744083326676,1502.0,9.100000000000023,157,301.7,1,310.8,0
33.0,5280.0,5556.849085669626,1608.0,9.199999999999989,160,301.7,0,310.9,0
27.2,4406.4,5044.476267820154,1771.0,9.199999999999989,162,301.8,0,311.0,0
42.6,6986.400000000001,6575.604751375724,1474.0,9.300000000000011,164,301.7,0,311.0,0
53.0,8798.0,7337.294362214081,1322.0,9.199999999999989,166,301.8,0,311.0,0
49.5,8316.0,7220.79363464346,1393.0,9.199999999999989,168,301.8,1,311.0,0
52.5,8977.5,7790.364382739289,1417.0,9.200000000000045,171,301.9,1,311.1,0
49.8,8665.199999999999,7457.512641091451,1430.0,9.100000000000023,174,301.9,2,311.0,0
40.0,7160.0,6723.008278682157,1605.0,9.200000000000045,179,301.9,1,311.1,0
47.8,8699.6,7017.85722119707,1402.0,9.100000000000023,182,302.0,0,311.1,0
35.2,6476.8,5713.509839328638,1550.0,9.0,184,302.0,0,311.0,0
44.9,8351.4,6469.837798704868,1376.0,9.100000000000023,186,301.9,0,311.0,0
32.5,6110.0,5339.922112939251,1569.0,9.0,188,301.9,1,310.9,0
32.2,6150.200000000001,5627.828135689731,1669.0,9.100000000000023,191,301.9,0,311.0,0
38.9,7507.7,6277.415248672492,1541.0,9.100000000000023,193,301.9,0,311.0,0
32.5,6337.5,5619.000260333144,1651.0,9.199999999999989,195,301.8,0,311.0,0
39.3,7742.099999999999,6259.654778204198,1521.0,9.099999999999966,197,301.8,0,310.9,0
48.2,9591.800000000001,6889.826848587775,1365.0,9.0,199,301.8,1,310.8,0
31.7,6403.4,5341.262525804782,1609.0,9.099999999999966,202,301.8,0,310.9,0
37.6,7670.400000000001,5788.070304973835,1470.0,9.0,204,301.8,2,310.8,0
38.9,8130.099999999999,6407.770399845444,1573.0,9.0,209,301.9,1,310.9,0
53.1,11257.2,7662.53297766472,1378.0,8.899999999999977,212,302.0,0,310.9,1
39.0,8346.0,6399.738394627767,1567.0,9.0,214,301.9,0,310.9,1
43.7,0.0,6594.381003468679,1441.0,9.0,0,301.9,1,310.9,0
33.2,99.60000000000001,5705.257922625208,1641.0,9.0,3,301.9,1,310.9,0
40.3,241.79999999999998,6271.22631114492,1486.0,9.0,6,301.9,0,310.9,0
36.2,289.6,5925.106576523422,1563.0,9.0,8,302.0,0,311.0,0
26.0,260.0,4816.480416973632,1769.0,9.100000000000023,10,302.0,1,311.1,0
29.9,388.7,5235.233773746127,1672.0,9.100000000000023,13,301.9,2,311.0,0
34.2,615.6,5844.870300150738,1632.0,9.0,18,302.0,0,311.0,0
21.5,430.0,4267.670360330274,1895.5,9.0,20,302.0,1,311.0,0
36.0,828.0,6163.804786343174,1635.0,9.100000000000023,23,302.0,0,311.1,0
32.5,812.5,5738.118981781757,1686.0,9.0,25,302.0,0,311.0,0
31.4,847.8,5175.627289132016,1574.0,9.0,27,301.9,0,310.9,0
43.4,1258.6,7026.318577410739,1546.0,9.0,29,301.8,0,310.8,0
24.7,765.6999999999999,4902.858506984083,1895.5,9.099999999999966,31,301.8,0,310.9,0
36.5,1204.5,5538.470768646125,1449.0,9.099999999999966,33,301.8,0,310.9,0
37.0,1295.0,5746.077683170851,1483.0,9.0,35,301.9,1,310.9,0
38.6,1466.8,6370.479695047335,1576.0,9.0,38,301.8,0,310.8,0
51.9,2076.0,7157.8361178655205,1317.0,9.0,40,301.9,1,310.9,0
48.1,2068.3,7389.308664582016,1467.0,9.100000000000023,43,301.9,1,311.0,0
34.5,1587.0,5838.3357874312715,1616.0,9.0,46,301.9,0,310.9,0
60.4,2899.2,8216.270098786457,1299.0,9.099999999999966,48,301.8,1,310.9,0
41.5,2116.5,6223.28560725114,1432.0,9.100000000000023,51,301.9,1,311.0,0
24.2,1306.8,4559.058314938483,1799.0,9.0,54,301.9,0,310.9,0
52.3,2928.7999999999997,7437.553055765643,1358.0,9.099999999999966,56,301.8,1,310.9,0
37.8,2230.2,6404.702111020439,1618.0,9.0,59,301.8,1,310.8,0
43.2,2678.4,6898.9374672831855,1525.0,8.900000000000034,62,301.9,0,310.8,0
37.7,2412.8,6123.24682518533,1551.0,8.899999999999977,64,301.8,0,310.7,0
31.5,2079.0,5723.196416677205,1735.0,8.900000000000034,66,301.9,0,310.8,0
43.3,2944.3999999999996,5935.4843042557795,1309.0,8.899999999999977,68,301.8,1,310.7,0
26.2,1860.2,4782.195169147454,1743.0,8.900000000000034,71,301.7,0,310.6,0
29.9,2182.7,5194.529204931115,1659.0,9.0,73,301.7,1,310.7,0
32.4,2462.4,5700.105710673321,1680.0,8.899999999999977,76,301.8,0,310.7,0
38.5,3003.0,5991.121910150855,1486.0,8.900000000000034,78,301.7,0,310.6,0
43.8,3504.0,6747.072878408654,1471.0,8.900000000000034,80,301.7,0,310.6,0
35.8,2935.6,5492.236996760795,1465.0,8.899999999999977,82,301.8,1,310.7,0
42.2,3587.0000000000005,6593.407109746066,1492.0,8.900000000000034,85,301.7,1,310.6,0
52.0,4576.0,7732.506718035677,1420.0,8.899999999999977,88,301.8,1,310.7,0
62.3,5669.3,8448.63276342147,1295.0,8.800000000000011,91,301.8,0,310.6,0
34.1,3171.3,5527.820769550456,1548.0,8.699999999999989,93,301.8,0,310.5,0
54.7,5196.5,7859.0500701222745,1372.0,8.800000000000011,95,301.8,0,310.6,0
35.9,3482.2999999999997,5834.649652051059,1552.0,8.800000000000011,97,301.8,1,310.6,0
46.3,4630.0,6986.724037999997,1441.0,8.800000000000011,100,301.8,2,310.6,0
27.7,2908.5,4905.146633633447,1691.0,8.900000000000034,105,301.7,1,310.6,0
50.7,5475.6,7703.782089206354,1451.0,8.800000000000011,108,301.8,0,310.6,0
48.4,5324.0,7359.369286593305,1452.0,8.800000000000011,110,301.8,0,310.6,0
46.0,5152.0,6772.854882119115,1406.0,8.900000000000034,112,301.7,0,310.6,0
39.1,4457.400000000001,6416.147980255018,1567.0,8.800000000000011,114,301.7,0,310.5,0
41.7,4837.200000000001,6982.53524779521,1599.0,8.799999999999955,116,301.6,0,310.4,0
39.0,4602.0,5942.322504265094,1455.0,8.799999999999955,118,301.6,1,310.4,0
35.9,4343.9,6109.0887142931515,1625.0,8.800000000000011,121,301.7,1,310.5,0
12.800000000000011,1587.2000000000014,2540.7525866152355,1895.5,8.800000000000011,124,301.8,0,310.6,1
31.9,4019.3999999999996,5511.9243107232915,1650.0,8.800000000000011,126,301.8,0,310.6,0
40.2,5145.6,6142.002133327261,1459.0,8.800000000000011,128,301.8,1,310.6,0
50.5,6615.5,7377.244948792231,1395.0,8.800000000000011,131,301.8,0,310.6,0
29.3,3896.9,5372.573732585561,1751.0,8.899999999999977,133,301.8,0,310.7,0
67.19999999999999,9071.999999999998,8388.303712497032,1192.0,8.800000000000011,135,301.8,0,310.6,0
25.0,3425.0,4962.407395732877,1895.5,8.800000000000011,137,301.9,0,310.7,0
34.9,4851.099999999999,5821.968089706068,1593.0,8.699999999999989,139,301.8,0,310.5,0
38.6,5442.6,5974.345805380685,1478.0,8.699999999999989,141,301.8,2,310.5,0
44.5,6497.0,7013.343799751414,1505.0,8.900000000000034,146,301.7,1,310.6,0
13.7,2041.3,2719.3992528616163,1895.5,8.800000000000011,149,301.7,0,310.5,0
46.8,7066.799999999999,6875.941009058907,1403.0,8.800000000000011,151,301.8,0,310.6,0
41.4,6334.2,6321.010082728807,1458.0,8.800000000000011,153,301.7,1,310.5,0
45.4,7082.4,6508.605052050166,1369.0,8.799999999999955,156,301.6,2,310.4,0
44.9,7228.9,6474.5397157097395,1377.0,8.799999999999955,161,301.6,1,310.4,0
45.7,7494.8,6948.825958622192,1452.0,8.799999999999955,164,301.6,1,310.4,0
41.1,6863.7,6529.140596029131,1517.0,8.799999999999955,167,301.6,0,310.4,0
50.0,8450.0,7089.527421600967,1354.0,8.800000000000011,169,301.7,0,310.5,0
33.0,5643.0,5957.716308267683,1724.0,8.800000000000011,171,301.7,1,310.5,0
53.2,9256.800000000001,7793.956270339894,1399.0,8.800000000000011,174,301.7,0,310.5,0
50.5,8888.0,7340.226515357432,1388.0,8.800000000000011,176,301.7,2,310.5,0
34.7,6280.700000000001,5534.2400905392915,1523.0,8.800000000000011,181,301.7,0,310.5,0
43.1,7887.3,6214.981330670152,1377.0,8.800000000000011,183,301.7,0,310.5,0
45.2,8362.0,6707.132763806017,1417.0,8.900000000000034,185,301.7,1,310.6,0
40.0,7520.0,6459.114495780615,1542.0,9.0,188,301.7,0,310.7,0
33.3,6326.999999999999,5429.520335419631,1557.0,9.0,190,301.8,0,310.8,0
31.9,6124.799999999999,5481.859269028437,1641.0,9.0,192,301.7,0,310.7,0
55.0,10670.0,7591.135048624136,1318.0,9.0,194,301.7,0,310.7,0
33.8,6624.799999999999,5797.74641034689,1638.0,9.099999999999966,196,301.6,0,310.7,0
21.6,4276.8,4287.519989913206,1895.5,9.100000000000023,198,301.7,1,310.8,0
32.5,6532.5,5595.1765160434215,1644.0,9.199999999999989,201,301.7,1,310.9,0
32.4,6609.599999999999,5408.3145850079,1594.0,9.100000000000023,204,301.7,1,310.8,0
46.4,9604.8,6826.890275760859,1405.0,9.199999999999989,207,301.7,0,310.9,1
37.8,0.0,6420.535737994532,1622.0,9.100000000000023,0,301.7,0,310.8,0
39.4,78.8,6424.117153619623,1557.0,9.199999999999989,2,301.7,0,310.9,0
33.3,133.2,5600.39155984838,1606.0,9.199999999999989,4,301.8,0,311.0,0
31.6,189.60000000000002,5450.160599153717,1647.0,9.300000000000011,6,301.8,1,311.1,0
42.2,379.8,6244.292390128145,1413.0,9.300000000000011,9,301.8,1,311.1,0
41.6,499.20000000000005,6660.846632043127,1529.0,9.199999999999989,12,301.8,0,311.0,0
46.3,648.1999999999999,7020.663710634277,1448.0,9.200000000000045,14,301.9,0,311.1,0
44.2,707.2,6642.059907974661,1435.0,9.300000000000011,16,301.9,0,311.2,0
41.8,752.4,6452.119216138621,1474.0,9.300000000000011,18,301.9,2,311.2,0
29.1,669.3000000000001,5049.450456188339,1657.0,9.300000000000011,23,301.9,0,311.2,0
39.9,997.5,6305.082207975107,1509.0,9.300000000000011,25,302.0,0,311.3,0
36.4,982.8,5832.052602124092,1530.0,9.300000000000011,27,302.0,1,311.3,0
35.9,1077.0,5966.230024358912,1587.0,9.399999999999977,30,302.0,1,311.4,0
43.4,1432.2,6667.276425007473,1467.0,9.299999999999955,33,302.1,1,311.4,0
53.0,1908.0,7548.1999490250755,1360.0,9.300000000000011,36,302.2,1,311.5,0
30.6,1193.4,5088.626116578604,1588.0,9.300000000000011,39,302.2,0,311.5,0
32.1,1316.1000000000001,5408.660160199795,1609.0,9.199999999999989,41,302.2,0,311.4,0
44.1,1896.3,6534.669799099449,1415.0,9.199999999999989,43,302.1,0,311.3,0
27.3,1228.5,5274.576985744583,1845.0,9.199999999999989,45,302.0,0,311.2,0
36.2,1701.4,5379.223437035659,1419.0,9.299999999999955,47,302.1,1,311.4,0
30.6,1530.0,5236.029643885036,1634.0,9.199999999999989,50,302.1,0,311.3,0
40.6,2111.2000000000003,6466.717150002301,1521.0,9.100000000000023,52,302.2,1,311.3,0
37.7,2073.5,5917.954217248749,1499.0,9.199999999999989,55,302.2,0,311.4,0
35.1,2000.7,5939.872061995294,1616.0,9.099999999999966,57,302.1,1,311.2,0
46.5,2790.0,7055.860020329996,1449.0,9.199999999999989,60,302.2,0,311.4,0
31.6,1959.2,5380.668569656311,1626.0,9.199999999999989,62,302.2,1,311.4,0
44.8,2912.0,6779.138067426294,1445.0,9.199999999999989,65,302.3,1,311.5,0
35.0,2380.0,5944.940498143085,1622.0,9.200000000000045,68,302.4,0,311.6,0
39.1,2737.0,6321.973504475908,1544.0,9.200000000000045,70,302.4,2,311.6,0
41.8,3135.0,6513.401216834645,1488.0,9.300000000000011,75,302.3,0,311.6,0
57.6,4435.2,7895.701984414156,1309.0,9.300000000000011,77,302.3,0,311.6,0
26.4,2085.6,4932.049138723688,1784.0,9.300000000000011,79,302.3,0,311.6,0
32.4,2624.4,5252.240261977559,1548.0,9.300000000000011,81,302.2,0,311.5,0
43.5,3610.5,6436.652108307448,1413.0,9.300000000000011,83,302.2,0,311.5,0
25.7,2184.5,5013.887627349702,1863.0,9.300000000000011,85,302.2,1,311.5,0
43.8,3854.3999999999996,6545.256966342046,1427.0,9.300000000000011,88,302.2,0,311.5,0
47.0,4230.0,7102.198511970445,1443.0,9.300000000000011,90,302.2,1,311.5,0
40.4,3757.2,6265.634276221531,1481.0,9.300000000000011,93,302.2,0,311.5,0
39.7,3771.5000000000005,6011.563206350213,1446.0,9.299999999999955,95,302.1,0,311.4,0
44.9,4355.3,6789.568155036212,1444.0,9.399999999999977,97,302.1,0,311.5,0
50.8,5029.2,7133.8029340655585,1341.0,9.399999999999977,99,302.1,1,311.5,0
37.4,3814.7999999999997,5945.275601359467,1518.0,9.299999999999955,102,302.1,0,311.4,0
35.9,3733.6,6026.381051699644,1603.0,9.299999999999955,104,302.1,0,311.4,0
30.9,3275.3999999999996,5455.626970370962,1686.0,9.299999999999955,106,302.1,0,311.4,0
53.6,5788.8,7762.749783314235,1383.0,9.399999999999977,108,302.1,1,311.5,0
45.4,5039.4,7022.066955352881,1477.0,9.399999999999977,111,302.1,0,311.5,0
44.5,5028.5,6752.382169993221,1449.0,9.300000000000011,113,302.2,1,311.5,0
25.0,2900.0,4539.601384437251,1734.0,9.300000000000011,116,302.2,1,311.5,0
49.1,5842.900000000001,7188.152486972662,1398.0,9.300000000000011,119,302.3,0,311.6,0
36.6,4428.6,6281.865838265078,1639.0,9.399999999999977,121,302.3,1,311.7,0
37.6,4662.400000000001,5973.1310562212975,1517.0,9.399999999999977,124,302.3,1,311.7,0
41.7,5295.900000000001,6296.94548300231,1442.0,9.399999999999977,127,302.3,1,311.7,0
30.8,4004.0,5434.745851200102,1685.0,9.399999999999977,130,302.3,1,311.7,0
50.6,6729.8,7195.797029096398,1358.0,9.400000000000034,133,302.4,1,311.8,0
39.9,5426.4,6718.735712673275,1608.0,9.300000000000011,136,302.3,1,311.6,0
34.3,4767.7,5980.492855006209,1665.0,9.300000000000011,139,302.3,0,311.6,0
38.7,5456.700000000001,6119.508329927558,1510.0,9.399999999999977,141,302.3,0,311.7,0
40.2,5748.6,6167.260538262123,1465.0,9.400000000000034,143,302.4,0,311.8,0
27.5,3987.5,4898.528345109885,1701.0,9.399999999999977,145,302.3,0,311.7,0
39.6,5821.2,6162.2968218694505,1486.0,9.399999999999977,147,302.3,1,311.7,0
32.3,4845.0,5608.098933825187,1658.0,9.300000000000011,150,302.3,0,311.6,0
44.5,6764.0,6752.382169993221,1449.0,9.399999999999977,152,302.3,2,311.7,0
52.4,8226.8,7385.926216491651,1346.0,9.300000000000011,157,302.2,0,311.5,0
23.1,3672.9,4513.903156530887,1866.0,9.399999999999977,159,302.1,1,311.5,0
38.0,6156.0,6215.745784882525,1562.0,9.300000000000011,162,302.2,1,311.5,0
53.6,8844.0,7678.555100198028,1368.0,9.399999999999977,165,302.3,1,311.7,0
33.1,5560.8,5431.572842619978,1567.0,9.300000000000011,168,302.2,0,311.5,0
34.0,5780.0,6141.813637768045,1725.0,9.300000000000011,170,302.2,0,311.5,0
31.2,5366.4,5698.095091375022,1744.0,9.300000000000011,172,302.2,0,311.5,0
45.1,7847.400000000001,6862.31696891784,1453.0,9.199999999999989,174,302.1,1,311.3,0
34.8,6159.599999999999,5648.583591154447,1550.0,9.099999999999966,177,302.1,0,311.2,0
39.1,6998.900000000001,6379.29709842841,1558.0,9.199999999999989,179,302.0,1,311.2,0
65.3,11884.6,8684.514011828503,1270.0,9.199999999999989,182,302.0,0,311.2,1
51.6,9494.4,7456.8843225607325,1380.0,9.200000000000045,184,301.9,1,311.1,0
50.5,9443.5,7435.416772761202,1406.0,9.100000000000023,187,302.0,0,311.1,0
30.7,5802.3,5224.206783532027,1625.0,9.199999999999989,189,302.0,1,311.2,0
45.8,8793.599999999999,6810.553993962192,1420.0,9.199999999999989,192,302.0,0,311.2,0
22.7,4403.8,4490.414515457546,1889.0,9.299999999999955,194,302.1,0,311.4,0
43.6,8545.6,6743.659014391755,1477.0,9.199999999999989,196,302.1,0,311.3,0
46.9,9286.199999999999,7170.580512063583,1460.0,9.099999999999966,198,302.1,0,311.2,0
24.4,4880.0,4491.9748398088295,1758.0,9.199999999999989,200,302.1,0,311.3,0
31.5,6363.0,5017.280547415578,1521.0,9.199999999999989,202,302.1,0,311.3,0
45.0,9180.0,7120.4197493612655,1511.0,9.199999999999989,204,302.1,1,311.3,0
37.3,7721.099999999999,5976.251704923862,1530.0,9.100000000000023,207,302.2,0,311.3,1
46.8,0.0,7125.8861205785115,1454.0,9.099999999999966,0,302.1,0,311.2,0
23.1,46.2,4585.264433657178,1895.5,9.0,2,302.2,0,311.2,0
26.4,105.6,4860.169498809553,1758.0,9.100000000000023,4,302.2,2,311.3,0
33.2,298.8,5733.07148958499,1649.0,9.0,9,302.2,0,311.2,0
50.3,553.3,7621.933128604827,1447.0,9.099999999999966,11,302.1,0,311.2,0
48.0,624.0,7122.618864218779,1417.0,9.099999999999966,13,302.1,0,311.2,0
44.9,673.5,6742.548984987486,1434.0,9.199999999999989,15,302.0,0,311.2,0
49.5,841.5,7350.384331604038,1418.0,9.199999999999989,17,302.0,1,311.2,0
49.5,990.0,7257.079029792421,1400.0,9.199999999999989,20,302.0,1,311.2,0
27.7,637.1,5003.771699005143,1725.0,9.300000000000011,23,302.0,1,311.3,0
41.1,1068.6000000000001,6744.339692800032,1567.0,9.300000000000011,26,302.0,0,311.3,0
38.4,1075.2,6019.794179102617,1497.0,9.199999999999989,28,302.1,1,311.3,0
44.6,1382.6000000000001,7234.6061703437435,1549.0,9.299999999999955,31,302.1,0,311.4,0
26.9,887.6999999999999,4940.950317908859,1754.0,9.199999999999989,33,302.2,0,311.4,0
38.3,1340.5,5972.03149879254,1489.0,9.300000000000011,35,302.2,0,311.5,0
38.5,1424.5,6220.929412760948,1543.0,9.300000000000011,37,302.2,0,311.5,0
33.1,1290.9,5348.383469152919,1543.0,9.199999999999989,39,302.3,0,311.5,0
35.6,1459.6000000000001,5834.356436736724,1565.0,9.199999999999989,41,302.3,0,311.5,0
23.9,1027.7,4642.697983352556,1855.0,9.099999999999966,43,302.3,1,311.4,0
45.2,2079.2000000000003,6981.666073827717,1475.0,9.0,46,302.4,1,311.4,0
32.3,1582.6999999999998,5442.358977397302,1609.0,9.099999999999966,49,302.3,0,311.4,0
44.1,2249.1,6663.977752721205,1443.0,9.099999999999966,51,302.3,2,311.4,0
44.1,2469.6,6696.304741126643,1450.0,9.0,56,302.4,0,311.4,0
39.9,2314.2,6643.525984546335,1590.0,9.100000000000023,58,302.4,0,311.5,0
41.2,2472.0,6506.196497682414,1508.0,9.0,60,302.4,1,311.4,0
43.6,2746.8,7049.566363047305,1544.0,9.0,63,302.2,1,311.2,0
41.8,2758.7999999999997,6351.44164356658,1451.0,9.0,66,302.2,0,311.2,0
24.4,1659.1999999999998,4491.9748398088295,1758.0,8.899999999999977,68,302.3,0,311.2,0
47.7,3339.0,7527.664405046112,1507.0,8.899999999999977,70,302.3,1,311.2,0
37.5,2737.5,6059.346830611314,1543.0,8.800000000000011,73,302.3,2,311.1,0
36.7,2862.6000000000004,5784.038594401728,1505.0,8.899999999999977,78,302.3,1,311.2,0
24.3,1968.3,4544.81642824221,1786.0,8.899999999999977,81,302.3,0,311.2,0
44.5,3693.5,6789.66240281582,1457.0,9.0,83,302.3,0,311.3,0
61.5,5227.5,8449.627601095108,1312.0,8.900000000000034,85,302.4,1,311.3,0
47.7,4197.6,7018.160908486918,1405.0,8.899999999999977,88,302.3,1,311.2,0
43.0,3913.0,6200.561420390174,1377.0,9.0,91,302.2,1,311.2,0
49.8,4681.2,7024.664005279848,1347.0,9.0,94,302.2,1,311.2,0
39.6,3841.2000000000003,6095.946385025634,1470.0,8.900000000000034,97,302.2,0,311.1,0
24.0,2376.0,4707.362432138946,1873.0,9.0,99,302.2,1,311.2,0
58.6,5977.2,8799.852350117299,1434.0,8.900000000000034,102,302.2,1,311.1,0
30.6,3213.0,5216.803096845067,1628.0,8.900000000000034,105,302.2,2,311.1,0
48.6,5346.0,6875.752513499693,1351.0,8.900000000000034,110,302.2,0,311.1,0
43.8,4905.599999999999,6669.098548746556,1454.0,8.899999999999977,112,302.3,1,311.2,0
29.6,3404.0,5154.809001814228,1663.0,9.0,115,302.2,1,311.2,0
49.7,5864.6,7291.605133055374,1401.0,8.899999999999977,118,302.3,0,311.2,0
38.2,4584.0,6012.4428522932185,1503.0,8.900000000000034,120,302.4,0,311.3,0
35.0,4270.0,5732.359395250176,1564.0,9.0,122,302.4,0,311.4,0
24.6,3050.4,4531.370411684846,1759.0,8.899999999999977,124,302.5,0,311.4,0
53.1,6690.6,7834.912166567194,1409.0,8.899999999999977,126,302.5,0,311.4,0
25.8,3302.4,4695.675707467592,1738.0,8.799999999999955,128,302.6,0,311.4,0
47.5,6175.0,6929.044396880087,1393.0,8.800000000000011,130,302.5,2,311.3,0
38.8,5238.0,6090.626621465555,1499.0,8.600000000000023,135,302.5,0,311.1,0
39.0,5343.0,6097.517181352429,1493.0,8.600000000000023,137,302.5,0,311.1,0
33.9,4712.099999999999,5864.599502015281,1652.0,8.700000000000045,139,302.4,0,311.1,0
29.9,4215.9,4975.350757465667,1589.0,8.800000000000011,141,302.3,0,311.1,0
42.2,6034.6,6717.143972395457,1520.0,8.700000000000045,143,302.4,0,311.1,0
40.3,5843.5,6140.399921073929,1455.0,8.800000000000011,145,302.3,2,311.1,0
46.8,7020.0,7169.994081434912,1463.0,8.800000000000011,150,302.2,0,311.0,0
43.7,6642.400000000001,6598.957256767409,1442.0,8.699999999999989,152,302.3,0,311.0,0
51.5,7931.0,7167.386559532433,1329.0,8.699999999999989,154,302.3,0,311.0,0
33.1,5163.6,5358.782140836302,1546.0,8.800000000000011,156,302.3,0,311.1,0
33.7,5324.6,5350.048513259322,1516.0,8.900000000000034,158,302.2,1,311.1,0
47.4,7631.4,7326.445395583683,1476.0,8.800000000000011,161,302.2,1,311.0,0
47.0,7708.0,6949.621828761101,1412.0,8.699999999999989,164,302.3,0,311.0,0
46.8,7768.799999999999,6748.518011029306,1377.0,8.599999999999966,166,302.3,0,310.9,1
37.1,6232.8,5788.803343259672,1490.0,8.600000000000023,168,302.4,1,311.0,0
37.7,6446.700000000001,6024.548455985051,1526.0,8.699999999999989,171,302.3,1,311.0,0
47.9,8334.6,7162.956913890871,1428.0,8.699999999999989,174,302.3,0,311.0,0
54.6,9609.6,7598.82147864992,1329.0,8.600000000000023,176,302.4,0,311.0,0
51.8,9220.4,7827.529423831255,1443.0,8.700000000000045,178,302.4,1,311.1,0
53.0,9593.0,7620.351860302521,1373.0,8.800000000000011,181,302.3,0,311.1,0
35.6,6514.8,6076.677950083616,1630.0,8.800000000000011,183,302.3,0,311.1,0
34.2,6327.000000000001,5569.101297018627,1555.0,8.800000000000011,185,302.2,0,311.0,0
47.0,8789.0,7067.745712536077,1436.0,8.800000000000011,187,302.2,1,311.0,0
31.0,5890.0,5223.316665613509,1609.0,8.699999999999989,190,302.3,0,311.0,0
49.7,9542.400000000001,7203.127411954773,1384.0,8.699999999999989,192,302.3,1,311.0,0
44.8,8736.0,6793.212402514377,1448.0,8.700000000000045,195,302.4,0,311.1,0
22.4,4412.799999999999,4426.378385201874,1887.0,8.700000000000045,197,302.4,1,311.1,0
45.7,9140.0,7082.825357273308,1480.0,8.700000000000045,200,302.4,1,311.1,0
23.3,4729.900000000001,4513.945044432934,1850.0,8.600000000000023,203,302.5,2,311.1,0
36.8,7654.4,5926.9705881645505,1538.0,8.600000000000023,208,302.5,0,311.1,0
30.1,6321.0,5424.703226684128,1721.0,8.700000000000045,210,302.4,1,311.1,0
54.4,0.0,7781.766890843965,1366.0,8.700000000000045,0,302.4,1,311.1,0
31.1,93.30000000000001,5396.491724654891,1657.0,8.699999999999989,3,302.3,0,311.0,0
42.9,214.5,6496.122457239902,1446.0,8.700000000000045,5,302.4,0,311.1,0
43.8,306.59999999999997,6719.552526763207,1465.0,8.5,7,302.3,0,310.8,0
23.8,214.20000000000002,4553.487223966117,1827.0,8.600000000000023,9,302.2,0,310.8,0
47.6,523.6,6963.570500143039,1397.0,8.600000000000023,11,302.2,2,310.8,0
29.7,475.2,5424.148211981992,1744.0,8.600000000000023,16,302.2,0,310.8,0
36.7,660.6,5937.767194917389,1545.0,8.599999999999966,18,302.3,0,310.9,0
36.6,732.0,6082.563200321342,1587.0,8.599999999999966,20,302.3,0,310.9,0
47.3,1040.6,6820.617562429192,1377.0,8.5,22,302.3,0,310.8,1
48.1,1154.4,7610.937554317265,1511.0,8.5,24,302.3,0,310.8,0
32.4,842.4,5598.318108697011,1650.0,8.5,26,302.3,0,310.8,0
48.9,1369.2,7230.563987796124,1412.0,8.599999999999966,28,302.3,0,310.9,0
43.1,1293.0,6896.50796896441,1528.0,8.699999999999989,30,302.3,0,311.0,0
35.0,1120.0,5347.514295185426,1459.0,8.599999999999966,32,302.3,0,310.9,0
49.3,1676.1999999999998,7119.341135883533,1379.0,8.599999999999966,34,302.3,0,310.9,1
48.3,1738.8,6858.599417611092,1356.0,8.600000000000023,36,302.2,1,310.8,0
41.3,1610.6999999999998,6093.820573996705,1409.0,8.699999999999989,39,302.1,1,310.8,0
37.5,1575.0,5906.194188748811,1504.0,8.699999999999989,42,302.1,1,310.8,0
36.8,1655.9999999999998,6250.680295190444,1622.0,8.699999999999989,45,302.1,0,310.8,0
25.7,1207.8999999999999,4806.657703943407,1786.0,8.699999999999989,47,302.1,0,310.8,0
34.0,1666.0,5362.070341147059,1506.0,8.699999999999989,49,302.2,0,310.9,0
23.1,1178.1000000000001,4585.264433657178,1895.5,8.799999999999955,51,302.1,1,310.9,0
27.6,1490.4,5118.659742346922,1771.0,8.699999999999989,54,302.2,1,310.9,0
44.2,2519.4,6887.376406317975,1488.0,8.699999999999989,57,302.2,1,310.9,0
37.5,2250.0,6012.222940807466,1531.0,8.699999999999989,60,302.2,0,310.9,0
33.4,2070.7999999999997,5347.891286303857,1529.0,8.599999999999966,62,302.3,0,310.9,0
36.5,2336.0,6039.188277750779,1580.0,8.600000000000023,64,302.4,1,311.0,0
44.0,2948.0,6266.430146360441,1360.0,8.599999999999966,67,302.3,1,310.9,1
35.5,2485.0,5747.334320232287,1546.0,8.699999999999989,70,302.3,1,311.0,0
24.5,1788.5,4520.647108760592,1762.0,8.599999999999966,73,302.3,1,310.9,0
56.6,4301.6,8001.636488693202,1350.0,8.600000000000023,76,302.2,0,310.8,0
38.1,2971.8,6232.103010632216,1562.0,8.600000000000023,78,302.2,1,310.8,0
30.3,2454.3,5102.1977968421115,1608.0,8.599999999999966,81,302.1,1,310.7,0
50.0,4200.0,7288.49495632832,1392.0,8.600000000000023,84,302.0,0,310.6,0
44.9,3861.4,6897.712246148286,1467.0,8.600000000000023,86,302.0,0,310.6,0
59.1,5200.8,8206.53116156033,1326.0,8.5,88,302.1,1,310.6,1
24.9,2265.9,4612.706245486285,1769.0,8.5,91,302.2,0,310.7,0
47.6,4426.8,7272.619441452181,1459.0,8.5,93,302.1,0,310.6,0
52.0,4940.0,7737.9521453019,1421.0,8.5,95,302.1,1,310.6,0
42.8,4194.4,6682.670229010064,1491.0,8.599999999999966,98,302.1,0,310.7,0
36.4,3640.0,5973.089168319249,1567.0,8.5,100,302.2,0,310.7,0
41.4,4222.8,6160.600361836512,1421.0,8.5,102,302.3,0,310.8,0
33.5,3484.0,5598.946427227729,1596.0,8.599999999999966,104,302.3,0,310.9,0
44.2,4685.200000000001,6776.28969008704,1464.0,8.600000000000023,106,302.4,1,311.0,0
36.1,3934.9,5976.7857756749745,1581.0,8.599999999999966,109,302.3,1,310.9,0
30.3,3393.6,5140.273899803619,1620.0,8.599999999999966,112,302.3,0,310.9,0
48.9,5574.599999999999,7235.684783821475,1413.0,8.5,114,302.2,2,310.7,0
43.8,5212.2,6595.710944358698,1438.0,8.5,119,302.3,2,310.8,0
41.6,5158.400000000001,6399.466123264457,1469.0,8.5,124,302.4,1,310.9,0
27.8,3530.6,5129.550596879366,1762.0,8.5,127,302.3,1,310.8,0
48.4,6292.0,6923.483777883233,1366.0,8.599999999999966,130,302.3,2,310.9,1
22.7,3064.5,4495.168792339979,1891.0,8.599999999999966,135,302.3,0,310.9,0
29.7,4068.9,5417.927858527885,1742.0,8.599999999999966,137,302.3,1,310.9,0
43.5,6090.0,6673.528194388117,1465.0,8.699999999999989,140,302.2,1,310.9,0
36.6,5233.8,5906.257020601884,1541.0,8.699999999999989,143,302.3,1,311.0,0
57.1,8336.6,7743.449932445682,1295.0,8.800000000000011,146,302.3,1,311.1,0
43.1,6421.900000000001,6476.7597745182775,1435.0,8.800000000000011,149,302.3,1,311.1,0
43.9,6672.8,6739.491168137992,1466.0,8.800000000000011,152,302.4,0,311.2,0
47.9,7376.599999999999,7273.310591835969,1450.0,8.800000000000011,154,302.4,0,311.2,0
24.5,3822.0,4823.3919208115285,1880.0,8.700000000000045,156,302.4,0,311.1,0
33.5,5293.0,5535.800414890574,1578.0,8.699999999999989,158,302.3,1,311.0,0
33.1,5329.1,5580.620470081789,1610.0,8.600000000000023,161,302.4,0,311.0,0
42.8,6976.4,7014.33863742505,1565.0,8.700000000000045,163,302.4,0,311.1,0
40.1,6616.5,6487.860068560961,1545.0,8.699999999999989,165,302.5,0,311.2,0
60.1,10036.7,7722.317485862534,1227.0,8.699999999999989,167,302.5,0,311.2,0
45.9,7757.099999999999,7133.048951828696,1484.0,8.700000000000045,169,302.4,0,311.1,0
32.7,5591.700000000001,5448.118563928883,1591.0,8.699999999999989,171,302.3,0,311.0,0
47.2,8165.6,6934.709735632062,1403.0,8.599999999999966,173,302.3,0,310.9,0
45.7,7997.500000000001,6939.254573004255,1450.0,8.699999999999989,175,302.3,1,311.0,0
28.1,5001.8,5061.3152044433955,1720.0,8.599999999999966,178,302.3,0,310.9,0
37.2,6696.000000000001,6080.992403994547,1561.0,8.699999999999989,180,302.3,0,311.0,0
41.3,7516.599999999999,6145.719684634008,1421.0,8.699999999999989,182,302.3,1,311.0,0
48.4,8954.0,7171.837149125019,1415.0,8.699999999999989,185,302.2,2,310.9,0
19.7,3743.0,3910.377027837507,1895.5,8.599999999999966,190,302.3,0,310.9,0
40.4,7756.799999999999,6286.787666755702,1486.0,8.600000000000023,192,302.4,0,311.0,0
67.19999999999999,13036.799999999997,9415.730173927039,1338.0,8.600000000000023,194,302.4,0,311.0,1
32.3,6330.799999999999,5337.503086595986,1578.0,8.700000000000045,196,302.4,2,311.1,0
58.6,11778.6,8161.648274516043,1330.0,8.800000000000011,201,302.4,1,311.2,0
40.8,8323.199999999999,6434.48440937647,1506.0,8.800000000000011,204,302.4,2,311.2,0
37.6,7858.400000000001,6138.504493506264,1559.0,8.899999999999977,209,302.5,0,311.4,0
37.0,7807.0,6195.534872144431,1599.0,8.899999999999977,211,302.6,0,311.5,0
38.9,8285.699999999999,5813.025022618849,1427.0,8.899999999999977,213,302.6,0,311.5,0
41.1,8836.5,6374.197246354082,1481.0,9.0,215,302.5,1,311.5,0
43.8,9548.4,6861.741010264682,1496.0,9.0,218,302.5,2,311.5,0
27.0,6021.0,4733.123491898382,1674.0,8.899999999999977,223,302.5,0,311.4,0
31.7,7132.5,5407.654850550646,1629.0,8.899999999999977,225,302.5,1,311.4,0
34.4,7843.2,5868.243749493446,1629.0,8.899999999999977,228,302.6,2,311.5,1
53.2,0.0,7303.700264771694,1311.0,9.0,0,302.6,0,311.6,0
12.800000000000011,25.600000000000023,2540.7525866152355,1895.5,8.900000000000034,2,302.7,1,311.6,1
29.9,149.5,5507.641272738898,1759.0,9.0,5,302.7,1,311.7,0
45.2,361.6,7005.33273848476,1480.0,9.0,8,302.7,0,311.7,0
46.1,461.0,7053.095418794837,1461.0,9.100000000000023,10,302.7,0,311.8,0
30.0,360.0,5428.672105403162,1728.0,9.100000000000023,12,302.7,1,311.8,0
46.5,697.5,6763.691903546145,1389.0,9.199999999999989,15,302.7,0,311.9,0
35.1,596.7,6020.736656898695,1638.0,9.199999999999989,17,302.6,0,311.8,0
54.1,1027.9,7104.334794974887,1254.0,9.099999999999966,19,302.6,0,311.7,0
50.1,1052.1000000000001,7486.6980368433,1427.0,9.199999999999989,21,302.6,0,311.8,0
31.8,731.4,5418.053522234029,1627.0,9.199999999999989,23,302.6,0,311.8,0
48.3,1207.5,7440.265297423243,1471.0,9.099999999999966,25,302.6,2,311.7,0
27.1,813.0,5031.606209915949,1773.0,9.099999999999966,30,302.6,0,311.7,0
51.7,1654.4,7742.0362157515665,1430.0,9.099999999999966,32,302.6,1,311.7,0
29.5,1032.5,4927.326277767791,1595.0,9.100000000000023,35,302.5,0,311.6,0
44.1,1631.7,7024.192766381811,1521.0,9.0,37,302.5,0,311.5,0
43.7,1704.3000000000002,6493.703430896639,1419.0,9.100000000000023,39,302.5,0,311.6,0
40.1,1644.1000000000001,6441.668184577679,1534.0,9.0,41,302.4,1,311.4,0
36.0,1584.0,6129.875585684404,1626.0,9.0,44,302.5,2,311.5,0
29.2,1430.8,5127.958856601547,1677.0,9.0,49,302.5,0,311.5,0
50.5,2575.5,7361.379905891603,1392.0,8.900000000000034,51,302.4,0,311.3,0
50.5,2676.5,7657.5273733700005,1448.0,8.800000000000011,53,302.4,0,311.2,0
22.9,1259.5,4545.565174491315,1895.5,8.899999999999977,55,302.3,0,311.2,0
52.0,2964.0,7645.37988177612,1404.0,8.800000000000011,57,302.4,0,311.2,0
53.5,3156.5,7765.074561877891,1386.0,8.899999999999977,59,302.3,0,311.2,0
47.0,2867.0,6979.152799704845,1418.0,8.900000000000034,61,302.2,0,311.1,0
53.3,3357.8999999999996,7468.131224260584,1338.0,8.800000000000011,63,302.3,1,311.1,0
40.6,2679.6,6585.762567622331,1549.0,8.899999999999977,66,302.3,0,311.2,0
42.7,2903.6000000000004,6403.236034448764,1432.0,8.899999999999977,68,302.3,1,311.2,0
40.0,2840.0,6475.86965659976,1546.0,8.899999999999977,71,302.3,1,311.2,0
33.2,2456.8,5656.5841804455895,1627.0,9.0,74,302.2,1,311.2,0
32.8,2525.6,5633.085067396737,1640.0,8.900000000000034,77,302.2,1,311.1,0
36.8,2944.0,5483.796584498151,1423.0,9.0,80,302.1,1,311.1,0
28.7,2382.1,5142.336878979476,1711.0,8.899999999999977,83,302.1,1,311.0,0
51.6,4437.6,7835.132078052944,1450.0,9.0,86,302.1,1,311.1,0
34.1,3034.9,5545.6754877983585,1553.0,8.900000000000034,89,302.2,2,311.1,0
34.6,3252.4,5905.984749238572,1630.0,8.900000000000034,94,302.2,0,311.1,0
39.6,3801.6000000000004,6120.827798842065,1476.0,8.900000000000034,96,302.2,2,311.1,0
50.6,5110.6,7556.1167625121225,1426.0,8.900000000000034,101,302.2,2,311.1,0
34.9,3699.3999999999996,5705.017067188432,1561.0,9.0,106,302.2,1,311.2,0
62.5,6812.5,8488.84514938742,1297.0,8.899999999999977,109,302.3,0,311.2,0
23.9,2652.8999999999996,4610.161555436877,1842.0,8.899999999999977,111,302.3,1,311.2,0
36.4,4149.599999999999,6224.66790801872,1633.0,8.899999999999977,114,302.3,0,311.2,0
30.3,3514.8,5533.7269637392055,1744.0,9.0,116,302.3,2,311.3,0
26.9,3254.8999999999996,5157.85634668821,1831.0,9.0,121,302.4,0,311.4,0
50.8,6248.4,7123.1634069454,1339.0,9.0,123,302.3,1,311.3,0
40.4,5090.4,6240.250207580525,1475.0,9.0,126,302.4,0,311.4,0
29.6,3788.8,5192.005458832731,1675.0,9.0,128,302.4,1,311.4,0
35.1,4598.1,5487.765463217186,1493.0,9.0,131,302.5,0,311.5,0
29.5,3923.5,5251.695719250937,1700.0,9.0,133,302.5,0,311.5,0
37.0,4995.0,5629.838754988029,1453.0,9.0,135,302.6,0,311.6,0
34.1,4671.7,5506.395107652974,1542.0,9.099999999999966,137,302.6,0,311.7,0
52.7,7325.3,7494.436826746643,1358.0,9.0,139,302.5,1,311.5,0
32.3,4586.599999999999,5597.951589554092,1655.0,9.0,142,302.5,2,311.5,0
27.5,4042.5,5428.410306015363,1885.0,8.899999999999977,147,302.6,0,311.5,0
41.4,6168.599999999999,6477.084405759148,1494.0,8.800000000000011,149,302.7,0,311.5,0
29.5,4454.5,5427.7819874846455,1757.0,8.799999999999955,151,302.6,1,311.4,0
31.2,4804.8,5613.1464260219545,1718.0,8.799999999999955,154,302.6,1,311.4,0
35.0,5495.0,5996.253178151718,1636.0,8.899999999999977,157,302.5,1,311.4,0
29.6,4736.0,5077.31638302568,1638.0,9.0,160,302.6,0,311.6,0
36.0,5832.0,6065.787095551173,1609.0,8.899999999999977,162,302.6,0,311.5,0
35.0,5740.0,5703.037863816671,1556.0,8.800000000000011,164,302.7,2,311.5,0
59.8,10106.199999999999,9030.152035576451,1442.0,8.899999999999977,169,302.6,0,311.5,1
38.8,6634.799999999999,6098.752874462841,1501.0,8.900000000000034,171,302.7,1,311.6,0
19.2,3340.7999999999997,3811.1288799228496,1895.5,9.0,174,302.6,1,311.6,0
25.1,4442.7,4689.183082650173,1784.0,9.0,177,302.7,1,311.7,0
22.4,4031.9999999999995,4446.317026576658,1895.5,9.0,180,302.6,0,311.6,0
34.7,6315.400000000001,5726.830192179858,1576.0,9.0,182,302.6,0,311.6,0
39.0,7176.0,6199.6189425940975,1518.0,9.0,184,302.6,1,311.6,0
67.19999999999999,12566.399999999998,8634.604576538472,1227.0,9.0,187,302.6,1,311.6,1
18.8,3572.0,3731.7303615911237,1895.5,9.0,190,302.5,0,311.5,0
26.4,5068.799999999999,4981.811966356549,1802.0,9.0,192,302.5,0,311.5,0
32.4,6285.599999999999,5438.8508656007925,1603.0,9.0,194,302.5,0,311.5,0
54.0,10584.0,7916.813487046278,1400.0,9.100000000000023,196,302.5,0,311.6,0
54.2,10731.6,7917.755964842355,1395.0,9.199999999999989,198,302.3,0,311.5,0
19.9,3979.9999999999995,3950.07628700337,1895.5,9.199999999999989,200,302.2,0,311.4,0
47.2,9534.400000000001,6909.995873423822,1398.0,9.199999999999989,202,302.2,1,311.4,0
66.7,13673.5,9310.748619419583,1333.0,9.099999999999966,205,302.3,0,311.4,1
49.4,10225.8,7144.1283019203565,1381.0,9.0,207,302.2,0,311.2,0
36.1,0.0,5935.201560916957,1570.0,9.100000000000023,0,302.2,0,311.3,0
31.0,62.0,5382.385973640273,1658.0,9.100000000000023,2,302.2,1,311.3,0
29.2,146.0,5348.12166976512,1749.0,9.100000000000023,5,302.2,2,311.3,0
37.1,371.0,5866.50540155846,1510.0,9.100000000000023,10,302.2,1,311.3,0
50.8,660.4,7362.552767148943,1384.0,9.199999999999989,13,302.3,0,311.5,0
37.2,558.0,6116.05257800861,1570.0,9.099999999999966,15,302.3,0,311.4,0
32.7,555.9000000000001,5379.631844080626,1571.0,9.099999999999966,17,302.3,1,311.4,0
37.3,746.0,5765.325174161844,1476.0,9.099999999999966,20,302.3,0,311.4,0
39.5,869.0,6138.462605604216,1484.0,9.099999999999966,22,302.3,1,311.4,0
23.2,580.0,4605.11406324011,1895.5,9.099999999999966,25,302.3,1,311.4,0
49.6,1388.8,7521.056588498061,1448.0,9.199999999999989,28,302.3,0,311.5,0
40.2,1206.0,6314.601233715484,1500.0,9.099999999999966,30,302.3,1,311.4,0
44.9,1481.7,7099.894677357813,1510.0,9.199999999999989,33,302.2,0,311.4,0
55.5,1942.5,8008.862151796459,1378.0,9.100000000000023,35,302.2,0,311.3,0
37.4,1383.8,6023.605978188973,1538.0,9.199999999999989,37,302.2,1,311.4,0
48.1,1924.0,7001.4581075453325,1390.0,9.199999999999989,40,302.2,0,311.4,0
32.1,1348.2,5519.589796798051,1642.0,9.199999999999989,42,302.2,1,311.4,0
24.8,1116.0,4635.734119637099,1785.0,9.100000000000023,45,302.4,0,311.5,0
38.2,1795.4,6104.449629141351,1526.0,9.199999999999989,47,302.3,2,311.5,0
33.2,1726.4,5799.128711114471,1668.0,9.300000000000011,52,302.3,1,311.6,0
37.5,2062.5,5917.975161199773,1507.0,9.199999999999989,55,302.3,0,311.5,0
37.8,2154.6,6056.362317590402,1530.0,9.199999999999989,57,302.3,0,311.5,0
45.6,2690.4,7062.551612682143,1479.0,9.099999999999966,59,302.3,1,311.4,0
41.3,2560.6,6132.744906974682,1418.0,9.099999999999966,62,302.3,1,311.4,0
38.7,2515.5,6095.192402788773,1504.0,9.099999999999966,65,302.3,0,311.4,0
47.6,3189.2000000000003,6704.368162270857,1345.0,9.099999999999966,67,302.3,1,311.4,0
35.4,2478.0,6024.003913258428,1625.0,9.199999999999989,70,302.2,2,311.4,0
34.7,2602.5,5490.634784507465,1511.0,9.099999999999966,75,302.3,0,311.4,0
41.8,3218.6,6719.1336477427285,1535.0,9.099999999999966,77,302.3,0,311.4,0
37.9,2994.1,5973.162472147833,1505.0,9.100000000000023,79,302.4,0,311.5,0
43.7,3539.7000000000003,7047.430080042863,1540.0,9.100000000000023,81,302.4,2,311.5,0
46.0,3956.0,6609.073185111967,1372.0,9.099999999999966,86,302.3,2,311.4,0
36.6,3330.6,5787.441986443117,1510.0,9.100000000000023,91,302.2,1,311.3,0
46.4,4361.599999999999,6715.133353097158,1382.0,9.100000000000023,94,302.2,0,311.3,0
41.8,4012.7999999999997,6298.914214398558,1439.0,9.0,96,302.3,0,311.3,0
47.0,4606.0,6767.514174608013,1375.0,9.100000000000023,98,302.2,1,311.3,0
21.9,2211.8999999999996,4347.068878662,1895.5,9.100000000000023,101,302.2,1,311.3,0
48.6,5054.400000000001,7506.835645752811,1475.0,9.100000000000023,104,302.2,0,311.3,0
46.9,4971.4,6821.874199490628,1389.0,9.100000000000023,106,302.2,0,311.3,0
32.8,3542.3999999999996,5674.302763011836,1652.0,9.0,108,302.3,0,311.3,0
50.3,5533.0,7300.621503971177,1386.0,8.899999999999977,110,302.3,0,311.2,0
29.8,3337.6,4921.263003946363,1577.0,9.100000000000023,112,302.2,1,311.3,0
43.1,4956.5,6517.380567529193,1444.0,9.0,115,302.3,1,311.3,0
40.2,4743.6,6541.926878129241,1554.0,9.100000000000023,118,302.2,0,311.3,0
32.8,3935.9999999999995,5502.562364615594,1602.0,9.100000000000023,120,302.2,0,311.3,0
28.2,3440.4,4996.640283681494,1692.0,9.0,122,302.2,2,311.2,0
34.4,4368.8,6059.16880702761,1682.0,9.0,127,302.3,0,311.3,0
34.1,4398.900000000001,5763.5030504227625,1614.0,9.0,129,302.3,0,311.3,0
47.8,6261.799999999999,6627.420086208931,1324.0,9.0,131,302.3,0,311.3,0
40.3,5359.9,6051.775592316161,1434.0,9.099999999999966,133,302.3,0,311.4,0
31.6,4266.0,5364.122848347404,1621.0,9.0,135,302.3,0,311.3,0
33.1,4534.7,5632.6138284987,1625.0,9.0,137,302.3,1,311.3,0
53.7,7518.0,7839.0904847964675,1394.0,8.900000000000034,140,302.2,0,311.1,0
35.1,4984.2,5829.602159854292,1586.0,8.899999999999977,142,302.1,0,311.0,0
45.9,6609.599999999999,6825.424199189184,1420.0,9.0,144,302.0,0,311.0,0
50.3,7343.799999999999,7490.248036541855,1422.0,9.099999999999966,146,302.1,0,311.2,0
37.9,5609.2,6342.268193018098,1598.0,9.099999999999966,148,302.1,2,311.2,0
59.2,9057.6,9013.94141748393,1454.0,9.099999999999966,153,302.1,0,311.2,1
39.3,6091.5,6251.423805451793,1519.0,9.099999999999966,155,302.1,0,311.2,0
55.7,8744.9,8008.558464506613,1373.0,9.100000000000023,157,302.0,0,311.1,0
48.8,7759.2,7185.115614074192,1406.0,9.100000000000023,159,302.0,1,311.1,0
45.0,7290.0,7030.884358733957,1492.0,9.099999999999966,162,302.1,0,311.2,0
50.8,8331.199999999999,7282.756313747762,1369.0,9.099999999999966,164,302.1,0,311.2,0
41.9,6955.4,6454.391634824718,1471.0,9.0,166,302.2,1,311.2,0
36.0,6084.0,6144.955230421635,1630.0,9.0,169,302.2,0,311.2,0
37.6,6429.6,6319.627781961228,1605.0,9.0,171,302.1,1,311.1,0
52.1,9065.4,7894.686202789494,1447.0,8.900000000000034,174,302.2,0,311.1,0
52.8,9292.8,7519.716175632529,1360.0,9.0,176,302.2,1,311.2,0
34.0,6086.0,6152.49505279025,1728.0,8.900000000000034,179,302.2,1,311.1,0
30.8,5605.6,5612.141116372806,1740.0,8.899999999999977,182,302.1,0,311.0,0
41.4,7617.599999999999,6403.382642105931,1477.0,8.799999999999955,184,302.1,0,310.9,0
30.3,5635.8,5260.8482258483955,1658.0,8.799999999999955,186,302.1,0,310.9,0
23.4,4399.2,4644.813322405973,1895.5,8.800000000000011,188,302.0,0,310.8,0
23.1,4389.0,4313.123970039963,1783.0,8.800000000000011,190,302.0,1,310.8,0
45.3,8742.9,7390.848044982275,1558.0,8.899999999999977,193,302.0,1,310.9,0
49.5,9702.0,7003.081263749687,1351.0,8.899999999999977,196,302.1,0,311.0,0
42.5,8415.0,6462.256088434204,1452.0,8.799999999999955,198,302.1,2,310.9,0
30.7,6232.099999999999,5356.017539301142,1666.0,8.799999999999955,203,302.1,0,310.9,0
50.0,10250.0,7141.887299160796,1364.0,8.899999999999977,205,302.1,0,311.0,0
60.3,12482.099999999999,8531.026266749619,1351.0,8.899999999999977,207,302.1,1,311.0,1
26.1,5481.0,4725.677917309375,1729.0,8.899999999999977,210,302.1,2,311.0,0
34.1,7331.5,5620.665304439547,1574.0,8.899999999999977,215,302.1,1,311.0,0
37.8,8240.4,6198.864960357236,1566.0,9.0,218,302.0,0,311.0,0
43.2,9504.0,6582.264927801335,1455.0,8.899999999999977,220,302.0,0,310.9,0
29.0,6438.0,5098.909596531354,1679.0,8.899999999999977,222,302.0,2,310.9,0
17.3,3927.1000000000004,3433.985917847151,1895.5,8.800000000000011,227,302.0,0,310.8,0
42.7,9778.300000000001,6470.309037602906,1447.0,8.800000000000011,229,302.0,0,310.8,0
50.3,11619.3,7284.819292923619,1383.0,8.800000000000011,231,302.0,0,310.8,1
27.1,6314.3,5028.768304552206,1772.0,8.699999999999989,233,302.1,0,310.8,0
29.0,6815.0,4904.549731029265,1615.0,8.800000000000011,235,302.0,0,310.8,1
36.6,0.0,5572.808376349863,1454.0,8.800000000000011,0,302.0,0,310.8,0
49.1,98.2,7429.814265862301,1445.0,8.800000000000011,2,302.0,0,310.8,0
35.2,140.8,5930.9918267611465,1609.0,8.800000000000011,4,302.0,1,310.8,0
34.4,240.79999999999998,5569.247904675793,1546.0,8.899999999999977,7,302.0,0,310.9,0
39.3,353.7,6448.967151509519,1567.0,8.900000000000034,9,301.9,0,310.8,0
27.4,301.4,5070.090719922423,1767.0,8.800000000000011,11,302.0,0,310.8,0
34.2,444.6,5511.798647017148,1539.0,8.899999999999977,13,302.0,0,310.9,0
39.0,585.0,6387.486183278767,1564.0,8.899999999999977,15,302.0,0,310.9,0
46.3,787.0999999999999,7006.118136648157,1445.0,8.800000000000011,17,302.0,1,310.8,0
47.7,954.0,7088.0927609558275,1419.0,9.0,20,301.9,1,310.9,1
20.9,480.7,4116.837261043672,1881.0,9.099999999999966,23,301.8,1,310.9,0
46.2,1201.2,6874.872867556687,1421.0,9.0,26,301.9,1,310.9,0
46.0,1334.0,7008.893210158828,1455.0,9.100000000000023,29,301.9,0,311.0,0
12.800000000000011,396.80000000000035,2540.7525866152355,1895.5,9.100000000000023,31,301.9,0,311.0,1
41.2,1359.6000000000001,6493.253135949624,1505.0,9.0,33,301.8,0,310.8,0
46.6,1631.0,7105.193496966868,1456.0,9.0,35,301.8,0,310.8,0
46.4,1716.8,6719.992349734711,1383.0,9.0,37,301.8,0,310.8,0
39.2,1528.8000000000002,6416.137508279507,1563.0,8.900000000000034,39,301.9,1,310.8,0
16.1,676.2,3195.790362851973,1895.5,9.0,42,301.9,1,310.9,0
43.6,1962.0,6647.777606604193,1456.0,9.0,45,301.9,1,310.9,0
22.7,1089.6,4433.363192868356,1865.0,9.0,48,302.0,0,311.0,0
36.9,1845.0,6171.061865372966,1597.0,9.0,50,301.9,0,310.9,0
38.6,2007.2,6043.062908690206,1495.0,8.899999999999977,52,302.0,0,310.9,0
47.2,2548.8,7196.676675039402,1456.0,8.899999999999977,54,302.0,1,310.9,0
44.3,2525.1,6796.259747388358,1465.0,8.900000000000034,57,301.9,0,310.8,0
55.5,3274.5,7857.751545158791,1352.0,8.899999999999977,59,302.0,1,310.9,0
21.7,1345.3999999999999,4307.369619496138,1895.5,8.900000000000034,62,301.9,0,310.8,0
44.0,2816.0,6662.689699733233,1446.0,8.899999999999977,64,302.0,0,310.9,0
19.7,1300.2,3910.377027837507,1895.5,8.800000000000011,66,302.0,0,310.8,0
47.1,3202.8,7299.804689881243,1480.0,8.800000000000011,68,301.9,0,310.7,0
37.6,2632.0,5949.506279466302,1511.0,8.800000000000011,70,301.9,1,310.7,0
47.0,3431.0,7244.931538198542,1472.0,8.800000000000011,73,301.9,1,310.7,0
51.0,3876.0,7631.8710333656845,1429.0,8.800000000000011,76,301.9,0,310.7,0
48.8,3806.3999999999996,7180.005290024352,1405.0,8.800000000000011,78,301.9,0,310.7,0
47.9,3832.0,7047.587159675542,1405.0,8.800000000000011,80,301.9,1,310.7,0
58.1,4822.3,8201.52555726561,1348.0,8.699999999999989,83,302.0,0,310.7,0
67.19999999999999,5711.999999999999,9366.47000111875,1331.0,8.700000000000045,85,301.9,0,310.6,1
33.4,2905.7999999999997,5631.200111804585,1610.0,8.700000000000045,87,301.9,0,310.6,0
46.5,4138.5,6875.689681646621,1412.0,8.700000000000045,89,301.9,1,310.6,0
42.7,3928.4,6497.138238864563,1453.0,8.699999999999989,92,302.0,0,310.7,0
38.9,3656.6,6448.506384586993,1583.0,8.600000000000023,94,302.0,0,310.6,0
37.4,3590.3999999999996,6027.522497030449,1539.0,8.600000000000023,96,302.0,1,310.6,0
39.8,3940.2,6814.4286249016195,1635.0,8.5,99,302.0,0,310.5,0
62.4,6302.4,8455.659458989998,1294.0,8.599999999999966,101,302.1,2,310.7,1
22.0,2332.0,4366.918508244932,1895.5,8.5,106,302.0,0,310.5,0
58.0,6264.0,8242.073046447942,1357.0,8.399999999999977,108,302.0,0,310.4,1
58.2,6402.0,8142.505503280168,1336.0,8.399999999999977,110,302.0,0,310.4,1
39.2,4390.400000000001,6436.66258028296,1568.0,8.399999999999977,112,302.0,0,310.4,0
36.4,4149.599999999999,5973.089168319249,1567.0,8.399999999999977,114,302.0,1,310.4,0
35.6,4165.2,6005.84550772068,1611.0,8.399999999999977,117,302.0,0,310.4,0
23.6,2808.4,4549.82203253693,1841.0,8.5,119,302.0,2,310.5,0
36.1,4476.400000000001,5923.8604114374975,1567.0,8.5,124,302.0,0,310.5,0
54.9,6917.4,7910.7816291513855,1376.0,8.5,126,301.9,0,310.4,1
42.4,5427.2,6558.053720417668,1477.0,8.600000000000023,128,301.9,0,310.5,0
40.3,5239.0,6710.127748802438,1590.0,8.600000000000023,130,301.9,1,310.5,0
15.8,2101.4,3136.2414741031785,1895.5,8.5,133,302.0,0,310.5,0
32.9,4441.5,5495.221509781706,1595.0,8.399999999999977,135,302.0,1,310.4,0
24.4,3367.2,4629.953589154493,1812.0,8.5,138,302.0,2,310.5,0
32.1,4590.3,5287.646011183517,1573.0,8.5,143,302.0,1,310.5,0
30.9,4511.4,5342.37255520905,1651.0,8.5,146,302.0,0,310.5,0
43.2,6393.6,6600.360501486011,1459.0,8.5,148,302.0,2,310.5,0
51.7,7910.1,7417.195535370382,1370.0,8.5,153,301.9,0,310.4,1
34.1,5285.5,5420.692460063045,1518.0,8.5,155,301.9,0,310.4,0
29.6,4647.2,5108.3134305410995,1648.0,8.300000000000011,157,302.0,0,310.3,0
47.2,7504.8,7236.218854572586,1464.0,8.399999999999977,159,302.0,0,310.4,0
23.2,3735.2,4603.8993140807215,1895.0,8.399999999999977,161,302.0,0,310.4,0
23.4,3814.2,4616.6332363032725,1884.0,8.5,163,301.9,0,310.4,0
46.6,7689.0,7075.913853435411,1450.0,8.399999999999977,165,302.0,0,310.4,0
43.4,7247.8,6580.924514935802,1448.0,8.399999999999977,167,302.0,0,310.4,0
49.6,8382.4,7214.6046971158885,1389.0,8.399999999999977,169,302.1,0,310.5,0
35.2,6019.200000000001,5835.152306875634,1583.0,8.600000000000023,171,302.0,0,310.6,0
51.1,8840.300000000001,7625.430768425825,1425.0,8.600000000000023,173,301.9,0,310.5,0
27.1,4742.5,5133.770803010689,1809.0,8.5,175,302.0,0,310.5,0
21.8,3858.6,4319.229131763439,1892.0,8.600000000000023,177,301.9,0,310.5,0
47.8,8556.199999999999,7383.266334711612,1475.0,8.700000000000045,179,301.9,1,310.6,0
46.7,8499.4,6655.85149972392,1361.0,8.600000000000023,182,302.0,0,310.6,0
41.0,7544.0,6710.756067333156,1563.0,8.600000000000023,184,302.0,1,310.6,0
39.7,7423.900000000001,6119.654937584725,1472.0,8.600000000000023,187,301.9,2,310.5,0
55.3,10617.599999999999,7673.078257005271,1325.0,8.600000000000023,192,302.0,0,310.6,0
53.1,10301.4,7551.320597727642,1358.0,8.600000000000023,194,302.0,0,310.6,0
54.7,10721.2,7710.117634391094,1346.0,8.600000000000023,196,302.0,2,310.6,0
58.4,11738.4,8445.690138302607,1381.0,8.5,201,302.0,1,310.5,0
55.7,11362.800000000001,7816.073082621166,1340.0,8.600000000000023,204,301.9,0,310.5,1
47.7,9826.2,6823.350748037816,1366.0,8.600000000000023,206,302.0,0,310.6,0
45.1,9380.800000000001,6257.790766563068,1325.0,8.599999999999966,208,302.1,0,310.7,1
46.3,9723.0,6671.56993496738,1376.0,8.599999999999966,210,302.1,1,310.7,1
47.8,10181.4,6827.644257997721,1364.0,8.599999999999966,213,302.1,1,310.7,1
43.6,0.0,6675.172294543497,1462.0,8.400000000000034,0,302.2,0,310.6,0
38.9,77.8,6179.648885292778,1517.0,8.5,2,302.1,1,310.6,0
53.6,268.0,7773.975741063063,1385.0,8.5,5,302.1,0,310.6,0
40.0,280.0,6027.669104687616,1439.0,8.5,7,302.1,0,310.6,0
34.3,308.7,5829.6335757808265,1623.0,8.600000000000023,9,302.0,1,310.6,0
43.2,518.4000000000001,6505.358739641457,1438.0,8.600000000000023,12,302.0,2,310.6,0
24.8,421.6,4435.761275260596,1708.0,8.5,17,301.9,0,310.4,0
32.7,621.3000000000001,5704.943763359849,1666.0,8.5,19,301.8,1,310.3,0
62.8,1381.6,8457.25119926782,1286.0,8.5,22,301.9,0,310.4,1
46.3,1111.1999999999998,7200.059123129767,1485.0,8.400000000000034,24,301.9,0,310.3,0
52.5,1365.0,7746.382085589032,1409.0,8.5,26,301.8,1,310.3,0
27.3,791.7,5045.869040563246,1765.0,8.5,29,301.8,0,310.3,0
28.8,892.8000000000001,5090.888063289188,1688.0,8.5,31,301.8,0,310.3,0
26.7,881.1,4996.4832040488145,1787.0,8.600000000000023,33,301.7,1,310.3,0
48.0,1728.0,7474.4772414208355,1487.0,8.400000000000034,36,301.7,0,310.1,0
50.5,1919.0,7319.0731248232605,1384.0,8.400000000000034,38,301.7,0,310.1,0
57.4,2296.0,7880.3081804115645,1311.0,8.5,40,301.7,0,310.2,1
30.8,1293.6000000000001,5225.096901450544,1620.0,8.5,42,301.7,2,310.2,0
61.2,2876.4,8530.178036733148,1331.0,8.5,47,301.7,0,310.2,1
38.3,1876.6999999999998,5863.740800023301,1462.0,8.400000000000034,49,301.7,2,310.1,0
50.2,2710.8,7485.8707507778545,1424.0,8.400000000000034,54,301.7,0,310.1,0
39.6,2217.6,6220.35345410779,1500.0,8.400000000000034,56,301.7,0,310.1,0
28.0,1624.0,5096.082163143123,1738.0,8.300000000000011,58,301.8,0,310.1,0
46.5,2790.0,7133.771518139022,1465.0,8.5,60,301.8,1,310.3,0
41.4,2608.2,6425.0596314157,1482.0,8.5,63,301.8,0,310.3,0
44.0,2860.0,6441.5215769205115,1398.0,8.400000000000034,65,301.9,0,310.3,0
21.3,1427.1000000000001,4227.971101164411,1895.5,8.400000000000034,67,301.9,0,310.3,0
37.6,2594.4,6311.75285637623,1603.0,8.5,69,301.9,0,310.4,0
34.8,2470.7999999999997,5867.238439844296,1610.0,8.5,71,301.9,0,310.4,0
48.0,3504.0,6901.450741406057,1373.0,8.5,73,301.9,1,310.4,1
44.7,3397.2000000000003,6670.386601734529,1425.0,8.5,76,302.0,1,310.5,0
55.6,4392.400000000001,7056.771082199536,1212.0,8.399999999999977,79,302.0,1,310.4,1
26.3,2156.6,5034.5488350348105,1828.0,8.399999999999977,82,302.0,1,310.4,0
44.4,3774.0,6369.893264418664,1370.0,8.5,85,302.0,0,310.5,1
25.1,2183.7000000000003,4791.693250936808,1823.0,8.5,87,302.0,1,310.5,0
60.6,5454.0,8015.019673397495,1263.0,8.5,90,302.0,0,310.5,1
21.5,1978.0,4253.0357745523015,1889.0,8.5,92,301.9,0,310.4,0
32.9,3092.6,5646.813827292925,1639.0,8.5,94,302.0,1,310.5,0
33.1,3210.7000000000003,5573.688022292868,1608.0,8.399999999999977,97,302.0,1,310.4,0
32.4,3240.0,5608.496868894642,1653.0,8.400000000000034,100,301.9,2,310.3,0
29.8,3129.0,4964.952085782285,1591.0,8.399999999999977,105,302.0,0,310.4,0
30.9,3306.2999999999997,5487.9853747029365,1696.0,8.399999999999977,107,302.1,0,310.5,0
47.5,5177.5,6695.257543575447,1346.0,8.400000000000034,109,302.2,0,310.6,1
40.4,4484.4,6375.631906999221,1507.0,8.300000000000011,111,302.2,1,310.5,0
48.7,5551.8,7777.274413349332,1525.0,8.300000000000011,114,302.3,2,310.6,0
33.9,4034.1,5534.44953004953,1559.0,8.399999999999977,119,302.3,1,310.7,0
30.5,3721.0,5212.530530836185,1632.0,8.400000000000034,122,302.2,0,310.6,0
36.0,4464.0,5877.291536335784,1559.0,8.399999999999977,124,302.1,0,310.5,0
51.5,6489.0,7307.606311637657,1355.0,8.400000000000034,126,302.2,1,310.6,1
23.7,3057.2999999999997,4546.764215687435,1832.0,8.300000000000011,129,302.2,1,310.5,0
50.0,6600.0,7257.079029792421,1386.0,8.400000000000034,132,302.2,0,310.6,0
49.2,6592.8,6934.877287240252,1346.0,8.400000000000034,134,302.2,1,310.6,1
37.8,5178.599999999999,5933.651708541185,1499.0,8.399999999999977,137,302.3,0,310.7,0
33.4,4642.599999999999,5638.195391446577,1612.0,8.399999999999977,139,302.3,0,310.7,0
39.7,5597.700000000001,6418.985885618761,1544.0,8.399999999999977,141,302.3,1,310.7,0
39.2,5644.8,6063.106269820109,1477.0,8.399999999999977,144,302.5,0,310.9,0
34.4,5022.4,5850.231951612865,1624.0,8.399999999999977,146,302.5,0,310.9,0
46.1,6822.8,6512.40637916101,1349.0,8.5,148,302.4,0,310.9,1
28.8,4320.0,5084.856205394296,1686.0,8.400000000000034,150,302.4,0,310.8,0
40.4,6140.8,6434.861400494901,1521.0,8.300000000000011,152,302.4,1,310.7,0
54.8,8494.0,7816.031194719117,1362.0,8.300000000000011,155,302.4,0,310.7,1
50.9,7991.3,7472.990220898137,1402.0,8.399999999999977,157,302.3,0,310.7,0
53.2,8458.800000000001,7431.83535713611,1334.0,8.400000000000034,159,302.2,0,310.6,1
48.4,7792.4,6832.251927222986,1348.0,8.400000000000034,161,302.2,0,310.6,1
34.6,5639.8,5688.586537610157,1570.0,8.400000000000034,163,302.2,1,310.6,0
33.0,5478.0,5532.658822236985,1601.0,8.5,166,302.2,1,310.7,0
31.8,5374.2,5364.772110829146,1611.0,8.5,169,302.3,1,310.8,0
31.8,5469.6,5194.937611976082,1560.0,8.5,172,302.4,0,310.9,0
40.7,7081.8,6154.463784186501,1444.0,8.5,174,302.4,2,310.9,0
59.4,10632.6,8192.205499059959,1317.0,8.600000000000023,179,302.4,0,311.0,0
43.1,7801.1,6603.135574996682,1463.0,8.5,181,302.5,1,311.0,0
34.2,6292.8,5852.033131400923,1634.0,8.700000000000045,184,302.4,0,311.1,0
46.2,8593.2,6884.548972929745,1423.0,8.600000000000023,186,302.4,0,311.0,0
38.4,7219.2,6224.877347528959,1548.0,8.5,188,302.5,0,311.0,0
35.6,6764.0,5826.900390172204,1563.0,8.5,190,302.5,1,311.0,0
36.5,7044.5,6012.432380317706,1573.0,8.600000000000023,193,302.4,0,311.0,0
44.5,8677.5,6673.161675245199,1432.0,8.700000000000045,195,302.4,1,311.1,0
32.0,6336.0,5488.990684352087,1638.0,8.600000000000023,198,302.5,1,311.1,0
34.2,6874.200000000001,5626.403947020104,1571.0,8.600000000000023,201,302.5,0,311.1,0
15.4,3126.2000000000003,3056.8429557714526,1895.5,8.600000000000023,203,302.4,0,311.0,0
40.6,8323.0,6611.27229996948,1555.0,8.600000000000023,205,302.4,0,311.0,0
31.9,6603.299999999999,5204.592773398114,1558.0,8.599999999999966,207,302.3,1,310.9,0
43.2,9072.0,6889.889680440848,1523.0,8.599999999999966,210,302.3,1,310.9,0
26.3,5601.900000000001,4745.3652312718705,1723.0,8.5,213,302.3,0,310.8,0
28.4,6106.0,5118.324639130538,1721.0,8.5,215,302.3,1,310.8,0
30.4,6627.2,5443.751750140394,1710.0,8.599999999999966,218,302.3,1,310.9,1
32.3,0.0,5503.243043023872,1627.0,8.599999999999966,0,302.3,1,310.9,0
47.0,141.0,6998.840113667341,1422.0,8.600000000000023,3,302.2,1,310.8,0
35.3,211.79999999999998,5785.190511708043,1565.0,8.699999999999989,6,302.1,0,310.8,0
52.8,422.4,7265.372834397898,1314.0,8.599999999999966,8,302.1,0,310.7,1
60.5,605.0,8819.078897157267,1392.0,8.600000000000023,10,302.0,1,310.6,0
40.7,529.1,6243.967758887274,1465.0,8.599999999999966,13,302.1,0,310.7,0
36.6,549.0,6028.904797798028,1573.0,8.700000000000045,15,301.9,0,310.6,0
17.8,302.6,3533.234065761809,1895.5,8.699999999999989,17,302.0,1,310.7,0
50.3,1006.0,7216.343045050874,1370.0,8.800000000000011,20,301.9,0,310.7,0
38.8,853.5999999999999,5940.290941015772,1462.0,8.700000000000045,22,301.9,0,310.6,0
40.5,972.0,6272.66097179006,1479.0,8.600000000000023,24,302.0,1,310.6,0
26.8,723.6,4818.742363684216,1717.0,8.800000000000011,27,301.9,0,310.7,0
65.9,1911.1000000000001,8695.300146605829,1260.0,8.700000000000045,29,301.9,1,310.6,0
39.3,1257.6,6037.418513889256,1467.0,8.700000000000045,32,301.9,0,310.6,0
38.6,1312.4,6204.750210594961,1535.0,8.600000000000023,34,302.0,1,310.6,0
31.9,1180.3,5535.3082320415115,1657.0,8.699999999999989,37,302.0,0,310.7,0
28.1,1095.9,4996.577451828422,1698.0,8.699999999999989,39,302.0,0,310.7,0
49.3,2021.3,7016.087457335549,1359.0,8.599999999999966,41,302.1,0,310.7,1
37.1,1595.3,6200.624252243247,1596.0,8.699999999999989,43,302.1,0,310.8,0
46.9,2110.5,6792.406060399955,1383.0,8.600000000000023,45,302.2,0,310.8,0
16.6,780.2,3295.0385107666307,1895.5,8.600000000000023,47,302.2,0,310.8,0
46.8,2293.2,6900.445431756908,1408.0,8.600000000000023,49,302.2,1,310.8,0
32.9,1710.8,5763.953345369777,1673.0,8.600000000000023,52,302.2,0,310.8,0
47.8,2581.2,6707.5097549244465,1340.0,8.600000000000023,54,302.2,0,310.8,0
42.3,2368.7999999999997,6431.8454715474545,1452.0,8.699999999999989,56,302.2,0,310.9,0
53.4,3097.2,7280.829470253561,1302.0,8.699999999999989,58,302.2,1,310.9,0
35.9,2189.9,5721.866475787186,1522.0,8.699999999999989,61,302.2,2,310.9,0
41.4,2732.4,6234.3021254897285,1438.0,8.600000000000023,66,302.2,0,310.8,0
40.5,2754.0,6802.8047320833375,1604.0,8.699999999999989,68,302.2,0,310.9,0
23.2,1624.0,4450.840919997828,1832.0,8.800000000000011,70,302.2,0,311.0,0
34.8,2505.6,5542.9004142876865,1521.0,8.699999999999989,72,302.3,1,311.0,0
37.6,2820.0,5693.571197953854,1446.0,8.699999999999989,75,302.3,0,311.0,0
20.9,1609.3,4148.572582832685,1895.5,8.700000000000045,77,302.4,0,311.1,0
47.9,3784.1,7398.712498591762,1475.0,8.600000000000023,79,302.4,0,311.0,0
48.5,3928.5,7425.363676269715,1462.0,8.600000000000023,81,302.4,0,311.0,0
42.3,3510.8999999999996,6356.541495640907,1435.0,8.5,83,302.4,1,310.9,0
39.6,3405.6,6091.799482722896,1469.0,8.5,86,302.4,0,310.9,0
43.0,3784.0,6844.483194620962,1520.0,8.5,88,302.6,1,311.1,0
35.5,3230.5,5713.876358471555,1537.0,8.399999999999977,91,302.6,0,311.0,0
60.0,5580.0,8601.680685528852,1369.0,8.399999999999977,93,302.6,0,311.0,1
37.2,3534.0000000000005,5866.735785019723,1506.0,8.399999999999977,95,302.6,0,311.0,0
56.9,5519.3,7924.876908190492,1330.0,8.399999999999977,97,302.5,0,310.9,1
38.0,3762.0,6605.722152948138,1660.0,8.399999999999977,99,302.6,0,311.0,0
55.5,5605.5,7880.999330795355,1356.0,8.399999999999977,101,302.5,2,310.9,1
51.0,5406.0,7679.937400965608,1438.0,8.399999999999977,106,302.6,2,311.0,0
48.6,5394.6,6763.786151325753,1329.0,8.399999999999977,111,302.6,1,311.0,1
67.19999999999999,7660.799999999998,9035.723126548817,1284.0,8.399999999999977,114,302.6,0,311.0,1
52.1,6043.6,7567.332248285437,1387.0,8.5,116,302.5,1,311.0,0
33.9,4034.1,5648.049520403337,1591.0,8.399999999999977,119,302.6,1,311.0,0
39.0,4758.0,6489.5879445204355,1589.0,8.399999999999977,122,302.6,1,311.0,0
60.7,7587.5,8244.366409085063,1297.0,8.400000000000034,125,302.7,1,311.1,1
35.1,4492.8,5678.8999602615895,1545.0,8.5,128,302.7,0,311.2,0
43.4,5642.0,6444.5793937700055,1418.0,8.400000000000034,130,302.7,2,311.1,0
28.1,3793.5,5090.74145563202,1730.0,8.400000000000034,135,302.7,0,311.1,0
20.7,2835.9,4108.873323666822,1895.5,8.399999999999977,137,302.6,0,311.0,0
36.2,5031.8,6141.185319237328,1620.0,8.399999999999977,139,302.6,0,311.0,0
39.7,5597.700000000001,6410.67113706226,1542.0,8.399999999999977,141,302.6,1,311.0,0
38.0,5472.0,5666.595389035029,1424.0,8.399999999999977,144,302.6,0,311.0,0
39.5,5767.0,5956.459671206248,1440.0,8.400000000000034,146,302.7,0,311.1,0
42.8,6334.4,6812.648389064585,1520.0,8.399999999999977,148,302.6,0,311.0,0
29.8,4470.0,5286.378902146569,1694.0,8.300000000000011,150,302.7,0,311.0,0
39.2,5958.400000000001,6609.073185111968,1610.0,8.399999999999977,152,302.6,0,311.0,0
52.0,8008.0,7247.863691341891,1331.0,8.299999999999955,154,302.6,0,310.9,1
41.2,6427.200000000001,6342.247249067075,1470.0,8.199999999999989,156,302.6,0,310.8,0
36.9,5830.2,6093.778686094657,1577.0,8.300000000000011,158,302.5,0,310.8,0
36.4,5824.0,5664.333442324445,1486.0,8.199999999999989,160,302.6,0,310.8,0
40.3,6528.599999999999,6098.197859760706,1445.0,8.200000000000045,162,302.4,0,310.6,0
36.7,6018.8,5764.822519337271,1500.0,8.100000000000023,164,302.4,1,310.5,0
47.5,7932.5,7242.418264075669,1456.0,8.199999999999989,167,302.2,1,310.4,0
28.1,4777.0,5128.995582177232,1743.0,8.199999999999989,170,302.2,0,310.4,0
50.4,8668.8,7436.52680216547,1409.0,8.100000000000023,172,302.0,0,310.1,0
45.4,7899.599999999999,6470.570836990705,1361.0,8.100000000000023,174,302.0,0,310.1,1
28.9,5086.4,5305.280817945667,1753.0,8.0,176,302.1,0,310.1,0
22.9,4076.2,4393.286942584062,1832.0,8.0,178,302.0,0,310.0,0
48.5,8730.0,6978.419761419007,1374.0,8.0,180,301.9,0,309.9,1
61.0,11102.0,8521.465353107194,1334.0,8.099999999999966,182,301.8,1,309.9,1
40.3,7455.499999999999,6300.767754064176,1493.0,8.199999999999989,185,301.8,0,310.0,0
49.0,9163.0,6757.879957137004,1317.0,8.199999999999989,187,301.7,0,309.9,1
47.9,9053.1,7193.053371512261,1434.0,8.199999999999989,189,301.7,1,309.9,0
39.2,7526.400000000001,5981.0059818062955,1457.0,8.199999999999989,192,301.7,1,309.9,0
50.6,9867.0,7370.6580761952055,1391.0,8.300000000000011,195,301.7,1,310.0,0
23.9,4732.2,4457.490624447925,1781.0,8.199999999999989,198,301.8,1,310.0,0
32.6,6552.6,5605.564715751292,1642.0,8.199999999999989,201,301.8,0,310.0,0
19.0,3857.0,3771.4296207569864,1895.5,8.199999999999989,203,301.8,0,310.0,0
13.9,2849.5,2759.09851202748,1895.5,8.300000000000011,205,301.8,1,310.1,1
44.9,9339.199999999999,6549.770387787704,1393.0,8.199999999999989,208,301.8,0,310.0,0
27.3,5733.0,4982.974355638378,1743.0,8.400000000000034,210,301.7,1,310.1,0
40.4,8605.199999999999,6164.098001657509,1457.0,8.399999999999977,213,301.8,0,310.2,0
12.800000000000011,2752.0000000000023,2540.7525866152355,1895.5,8.399999999999977,215,301.8,0,310.2,1
34.2,7421.400000000001,5762.497740773614,1609.0,8.399999999999977,217,301.8,1,310.2,0
42.3,0.0,6365.40078692403,1437.0,8.399999999999977,0,301.8,1,310.2,0
50.1,150.3,7355.536543555925,1402.0,8.400000000000034,3,301.7,0,310.1,0
34.6,173.0,5956.710998618535,1644.0,8.400000000000034,5,301.7,1,310.1,0
51.1,408.8,7871.585024810098,1471.0,8.5,8,301.7,0,310.2,0
12.800000000000011,128.0000000000001,2540.7525866152355,1895.5,8.400000000000034,10,301.7,0,310.1,0
48.1,577.2,7228.124017501836,1435.0,8.5,12,301.7,0,310.2,0
26.3,368.2,4665.495474042106,1694.0,8.5,14,301.6,0,310.1,0
26.6,425.6,4699.215235190637,1687.0,8.5,16,301.6,0,310.1,0
22.9,412.2,4482.01599109695,1869.0,8.399999999999977,18,301.6,0,310.0,0
63.9,1278.0,8424.714771352139,1259.0,8.5,20,301.4,0,309.9,1
47.2,1038.4,7216.447764805994,1460.0,8.5,22,301.4,2,309.9,0
39.5,1066.5,6208.781921167068,1501.0,8.599999999999966,27,301.3,1,309.9,0
25.6,768.0,4761.146498368404,1776.0,8.600000000000023,30,301.4,0,310.0,0
40.8,1305.6,6272.12690103895,1468.0,8.600000000000023,32,301.5,1,310.1,0
46.5,1627.5,6963.340116681776,1430.0,8.600000000000023,35,301.5,0,310.1,0
46.6,1724.2,7329.67076404137,1502.0,8.700000000000045,37,301.4,0,310.1,0
32.3,1259.6999999999998,5489.713250662411,1623.0,8.700000000000045,39,301.4,2,310.1,0
29.8,1311.2,5152.191007936237,1651.0,8.600000000000023,44,301.4,1,310.0,0
33.4,1569.8,5732.631666613486,1639.0,8.600000000000023,47,301.5,0,310.1,0
44.6,2185.4,6618.100028003282,1417.0,8.5,49,301.5,1,310.0,0
42.2,2194.4,6809.946619382499,1541.0,8.600000000000023,52,301.5,0,310.1,0
45.1,2435.4,6663.956808770181,1411.0,8.599999999999966,54,301.6,1,310.2,0
44.6,2542.2000000000003,6524.690006436545,1397.0,8.600000000000023,57,301.7,0,310.3,0
28.9,1705.1,5102.511956107469,1686.0,8.5,59,301.7,0,310.2,0
44.0,2684.0,6593.574661354258,1431.0,8.400000000000034,61,301.7,1,310.1,0
50.5,3232.0,7091.674176580919,1341.0,8.5,64,301.8,0,310.3,1
43.0,2838.0,6691.38291263602,1486.0,8.5,66,301.7,0,310.2,0
57.1,3882.8,8275.625255988281,1384.0,8.599999999999966,68,301.6,0,310.2,0
55.8,3906.0,7958.659501192094,1362.0,8.5,70,301.6,0,310.1,1
29.3,2109.6,5093.3594495100115,1660.0,8.400000000000034,72,301.7,2,310.1,0
48.2,3711.4,6692.974652913839,1326.0,8.5,77,301.6,0,310.1,1
30.3,2393.7000000000003,4968.9314364768325,1566.0,8.399999999999977,79,301.6,0,310.0,0
38.5,3118.5,6245.11967619359,1549.0,8.300000000000011,81,301.5,0,309.8,0
31.1,2581.3,5686.345534850598,1746.0,8.299999999999955,83,301.6,1,309.9,0
41.5,3569.0,6310.203004000458,1452.0,8.199999999999989,86,301.7,1,309.9,0
33.9,3017.1,5637.399521307668,1588.0,8.199999999999989,89,301.6,0,309.8,0
42.5,3867.5,6551.2678802859145,1472.0,8.199999999999989,91,301.6,0,309.8,0
37.7,3506.1000000000004,6344.331172193955,1607.0,8.199999999999989,93,301.7,0,309.9,0
53.6,5092.0,7987.268938290786,1423.0,8.299999999999955,95,301.6,2,309.9,0
43.4,4340.0,6544.565815958256,1440.0,8.299999999999955,100,301.6,0,309.9,0
43.7,4457.400000000001,6393.025858324597,1397.0,8.299999999999955,102,301.6,0,309.9,0
46.6,4846.400000000001,7437.029456990046,1524.0,8.199999999999989,104,301.7,0,309.9,0
40.9,4335.4,6565.897230076132,1533.0,8.199999999999989,106,301.7,1,309.9,0
46.0,5014.0,6734.3180122350805,1398.0,8.100000000000023,109,301.7,0,309.8,0
67.19999999999999,7459.199999999999,9035.723126548817,1284.0,8.100000000000023,111,301.7,1,309.8,1
39.3,4480.2,6136.190186918119,1491.0,8.100000000000023,114,301.7,0,309.8,0
51.3,5950.799999999999,7617.671034571457,1418.0,8.099999999999966,116,301.8,2,309.9,0
39.8,4815.799999999999,6443.490308316761,1546.0,8.0,121,301.8,1,309.8,0
30.4,3769.6,5087.201927908975,1598.0,7.899999999999977,124,301.8,0,309.7,0
27.5,3465.0,4964.7635902230695,1724.0,7.900000000000034,126,301.9,2,309.8,0
44.7,5855.700000000001,7054.22639215013,1507.0,7.900000000000034,131,301.9,0,309.8,0
31.4,4176.2,5244.67949565792,1595.0,7.800000000000011,133,301.9,0,309.7,0
37.5,5062.5,6157.5216010359945,1568.0,7.800000000000011,135,301.9,1,309.7,0
43.7,6030.6,6553.194723780117,1432.0,7.800000000000011,138,301.8,0,309.6,0
42.8,5992.0,6382.375859228928,1424.0,7.800000000000011,140,301.9,0,309.7,0
62.7,8903.4,9100.377103359697,1386.0,7.699999999999989,142,302.0,1,309.7,1
58.1,8424.5,8858.621076690451,1456.0,7.800000000000011,145,302.0,0,309.8,0
57.3,8423.1,7680.565719496326,1280.0,7.800000000000011,147,302.0,2,309.8,1
31.0,4712.0,5353.169161961888,1649.0,7.800000000000011,152,302.0,0,309.8,0
52.8,8131.2,7779.588719937476,1407.0,7.899999999999977,154,302.0,0,309.9,0
34.5,5382.0,5802.207471914989,1606.0,7.899999999999977,156,302.0,2,309.9,0
38.0,6118.0,6092.385913351566,1531.0,7.899999999999977,161,302.1,1,310.0,0
35.8,5871.2,5784.656440956933,1543.0,8.0,164,302.1,0,310.1,0
48.2,8001.200000000001,6960.491739342522,1379.0,8.0,166,302.1,1,310.1,1
46.6,7875.400000000001,7061.274031669682,1447.0,8.0,169,302.1,0,310.1,0
24.6,4206.6,4750.339419640054,1844.0,8.0,171,302.1,2,310.1,0
29.9,5262.4,5056.759895095691,1615.0,8.0,176,302.1,2,310.1,0
48.8,8832.8,7404.859548217285,1449.0,8.0,181,302.0,0,310.0,0
51.4,9406.199999999999,7471.042433452911,1388.0,7.899999999999977,183,302.0,0,309.9,0
42.8,7917.999999999999,6485.461986168721,1447.0,7.899999999999977,185,302.0,2,309.9,0
28.6,5434.0,4983.6550340466565,1664.0,8.0,190,302.0,0,310.0,0
27.2,5222.4,4941.9346836069835,1735.0,7.899999999999977,192,302.0,2,309.9,0
57.6,11347.2,7889.670126519263,1308.0,7.899999999999977,197,302.0,0,309.9,1
40.0,7960.0,6199.409503083858,1480.0,7.800000000000011,199,302.0,0,309.8,0
41.7,8381.7,6283.8450416368405,1439.0,7.7000000000000455,201,301.9,1,309.6,0
35.9,7323.599999999999,5763.220307083939,1533.0,7.800000000000011,204,301.9,1,309.7,0
34.8,7203.599999999999,5652.227838632612,1551.0,7.699999999999989,207,302.0,0,309.7,0
36.3,7586.7,5375.07653473292,1414.0,7.699999999999989,209,302.0,0,309.7,0
34.6,7300.6,5619.743770594494,1551.0,7.7000000000000455,211,301.9,1,309.6,0
49.0,10486.0,7368.50084923974,1436.0,7.800000000000011,214,301.8,1,309.6,0
45.8,9938.599999999999,6642.688226505377,1385.0,7.7000000000000455,217,301.9,1,309.6,0
30.1,6622.0,5459.375937604247,1732.0,7.699999999999989,220,301.8,1,309.5,0
49.0,10927.0,7235.087881217293,1410.0,7.7000000000000455,223,301.9,0,309.6,0
43.2,9720.0,6541.549887010811,1446.0,7.7000000000000455,225,301.9,0,309.6,0
39.6,8989.2,6324.026011676253,1525.0,7.699999999999989,227,301.8,0,309.5,0
65.5,14999.5,8903.168860518354,1298.0,7.800000000000011,229,301.7,0,309.5,1
42.7,9863.7,6452.422903428469,1443.0,7.800000000000011,231,301.8,0,309.6,0
45.3,10554.9,6840.566675779487,1442.0,7.899999999999977,233,301.8,0,309.7,1
31.9,0.0,5742.422963717175,1719.0,7.800000000000011,0,301.9,0,309.7,0
39.4,78.8,6320.968194826759,1532.0,7.800000000000011,2,302.0,0,309.8,0
27.2,108.8,4845.089854072322,1701.0,7.800000000000011,4,302.0,0,309.8,0
45.1,270.6,6399.476595239968,1355.0,7.899999999999977,6,302.1,1,310.0,1
45.4,408.59999999999997,6755.827449936659,1421.0,7.900000000000034,9,302.2,1,310.1,0
51.6,619.2,7392.04185019064,1368.0,7.900000000000034,12,302.2,1,310.1,1
45.1,676.5,6885.931273697324,1458.0,7.900000000000034,15,302.2,0,310.1,0
34.6,588.2,5695.833144664439,1572.0,7.900000000000034,17,302.2,1,310.1,0
48.7,974.0,7563.08062622758,1483.0,7.800000000000011,20,302.2,0,310.0,0
40.4,888.8,6401.015975640227,1513.0,7.800000000000011,22,302.3,0,310.1,0
42.9,1029.6,6213.096375077997,1383.0,7.800000000000011,24,302.3,2,310.1,0
37.7,1093.3000000000002,6075.871607969196,1539.0,7.800000000000011,29,302.4,0,310.2,0
37.8,1171.8,6186.989740126666,1563.0,7.800000000000011,31,302.3,1,310.1,0
29.7,1009.8,5141.122129820088,1653.0,7.800000000000011,34,302.3,0,310.1,0
50.9,1832.3999999999999,7211.808679654193,1353.0,7.800000000000011,36,302.3,0,310.1,1
43.6,1656.8,6702.5669824828,1468.0,7.800000000000011,38,302.2,2,310.0,0
33.8,1453.3999999999999,5330.528750905017,1506.0,7.899999999999977,43,302.3,2,310.2,0
49.9,2395.2,7253.015903293779,1388.0,7.800000000000011,48,302.3,0,310.1,0
45.9,2295.0,7137.855588588689,1485.0,7.800000000000011,50,302.4,1,310.2,0
45.5,2411.5,6341.880729924155,1331.0,7.800000000000011,53,302.4,0,310.2,1
58.5,3217.5,8123.216124387128,1326.0,7.800000000000011,55,302.5,0,310.3,1
55.4,3157.7999999999997,8087.2553604790355,1394.0,7.899999999999977,57,302.3,0,310.2,0
18.9,1115.1,3751.5799911740546,1895.5,7.7000000000000455,59,302.4,0,310.1,0
54.6,3330.6,7764.634738906389,1358.0,7.7000000000000455,61,302.4,1,310.1,1
32.2,2060.8,5347.954118156929,1586.0,7.699999999999989,64,302.5,0,310.2,0
31.6,2085.6,5585.835513886748,1688.0,7.800000000000011,66,302.5,0,310.3,0
43.2,2937.6000000000004,6559.6454606954885,1450.0,7.899999999999977,68,302.6,0,310.5,0
47.3,3311.0,6924.63569518955,1398.0,7.800000000000011,70,302.7,1,310.5,0
39.3,2868.8999999999996,6255.539291827995,1520.0,7.800000000000011,73,302.7,0,310.5,0
42.7,3202.5,6769.901785024741,1514.0,7.7999999999999545,75,302.6,0,310.4,0
36.1,2779.7000000000003,5791.547000843808,1532.0,7.7999999999999545,77,302.6,1,310.4,0
66.8,5344.0,9548.556711320816,1365.0,7.7999999999999545,80,302.6,0,310.4,1
33.2,2722.4,5708.73461849518,1642.0,7.699999999999989,82,302.6,0,310.3,0
12.800000000000011,1075.200000000001,2540.7525866152355,1895.5,7.599999999999966,84,302.6,1,310.2,1
21.3,1853.1000000000001,4177.7841585233145,1873.0,7.599999999999966,87,302.6,2,310.2,0
62.4,5740.8,8658.22935329347,1325.0,7.599999999999966,92,302.6,0,310.2,1
17.2,1616.8,3414.1362882642193,1895.5,7.599999999999966,94,302.6,1,310.2,0
39.0,3783.0,6383.402112829101,1563.0,7.599999999999966,97,302.6,1,310.2,0
31.0,3100.0,5294.735538605118,1631.0,7.599999999999966,100,302.6,1,310.2,0
36.9,3800.7,5977.853917177194,1547.0,7.699999999999989,103,302.5,0,310.2,0
40.4,4242.0,6257.172920007863,1479.0,7.699999999999989,105,302.6,0,310.3,0
48.9,5232.3,7061.577718959528,1379.0,7.7000000000000455,107,302.4,1,310.1,1
21.2,2332.0,4208.121471581479,1895.5,7.7000000000000455,110,302.4,0,310.1,0
33.4,3740.7999999999997,6054.414530145176,1731.0,7.800000000000011,112,302.3,1,310.1,0
30.4,3496.0,5373.715177916364,1688.0,7.800000000000011,115,302.3,2,310.1,0
54.6,6552.0,8250.63912241673,1443.0,7.899999999999977,120,302.3,2,310.2,0
46.4,5800.0,7021.250141262948,1445.0,7.800000000000011,125,302.4,0,310.2,0
44.9,5702.3,6747.250901992358,1435.0,7.800000000000011,127,302.4,2,310.2,0
32.9,4342.8,5360.85559198767,1556.0,7.7000000000000455,132,302.4,0,310.1,0
52.7,7061.8,7290.243776238818,1321.0,7.800000000000011,134,302.3,0,310.1,1
35.8,4868.799999999999,5912.121326888583,1577.0,7.7000000000000455,136,302.4,1,310.1,0
31.2,4336.8,5155.730535659281,1578.0,7.800000000000011,139,302.4,0,310.2,0
52.3,7374.299999999999,7766.1636473311355,1418.0,7.7000000000000455,141,302.4,0,310.1,0
55.8,7979.4,8133.960371262404,1392.0,7.800000000000011,143,302.4,1,310.2,0
44.0,6424.0,6662.689699733233,1446.0,7.800000000000011,146,302.5,0,310.3,0
50.6,7488.8,7042.131260433809,1329.0,7.699999999999989,148,302.5,0,310.2,1
34.8,5220.0,5695.958808370581,1563.0,7.699999999999989,150,302.5,0,310.2,0
57.4,8724.8,8445.3340911352,1405.0,7.800000000000011,152,302.5,0,310.3,0
16.0,2464.0,3175.940733269041,1895.5,7.800000000000011,154,302.4,0,310.2,0
29.9,4664.4,5373.0030835815505,1716.0,7.699999999999989,156,302.5,0,310.2,0
35.5,5609.0,5888.601269888708,1584.0,7.800000000000011,158,302.5,0,310.3,0
41.8,6688.0,6513.401216834645,1488.0,7.800000000000011,160,302.5,1,310.3,0
51.2,8345.6,7366.909108961921,1374.0,7.900000000000034,163,302.4,0,310.3,1
54.3,8959.5,7835.697564730589,1378.0,7.900000000000034,165,302.4,1,310.3,1
37.3,6266.4,6058.278689109092,1551.0,7.800000000000011,168,302.5,0,310.3,0
40.9,6953.0,6634.425837826437,1549.0,7.800000000000011,170,302.5,0,310.3,0
39.2,6742.400000000001,5939.955837799389,1447.0,7.800000000000011,172,302.5,1,310.3,0
53.7,9397.5,7872.831189896021,1400.0,7.800000000000011,175,302.4,0,310.2,0
48.8,8637.6,7159.563993824995,1401.0,7.7000000000000455,177,302.4,0,310.1,0
28.9,5173.099999999999,4833.1622739641925,1597.0,7.7000000000000455,179,302.4,2,310.1,0
46.0,8464.0,7163.040689694967,1487.0,7.800000000000011,184,302.3,0,310.1,0
27.3,5077.8,4888.632328251077,1710.0,7.800000000000011,186,302.5,1,310.3,0
47.7,9015.300000000001,7382.805567789086,1478.0,7.7999999999999545,189,302.6,0,310.4,0
26.3,5023.3,4800.447822464812,1743.0,7.7999999999999545,191,302.6,0,310.4,0
32.8,6330.4,5481.953516808045,1596.0,7.899999999999977,193,302.6,0,310.5,0
30.8,6006.0,5296.055007519625,1642.0,7.800000000000011,195,302.7,0,310.5,0
67.19999999999999,13238.399999999998,8887.942608123954,1263.0,7.800000000000011,197,302.7,0,310.5,1
19.9,3960.1,3950.07628700337,1895.5,7.800000000000011,199,302.8,0,310.6,0
30.5,6130.5,5337.09467955102,1671.0,7.800000000000011,201,302.8,0,310.6,0
43.2,8769.6,6351.5463633217005,1404.0,7.800000000000011,203,302.8,0,310.6,0
41.1,8425.5,6326.853445064484,1470.0,7.800000000000011,205,302.8,0,310.6,0
37.9,7845.299999999999,6417.6768886797645,1617.0,7.800000000000011,207,302.8,0,310.6,0
29.0,6061.0,5238.60574986098,1725.0,7.800000000000011,209,302.7,0,310.5,0
40.9,8629.9,6193.2729254338465,1446.0,7.800000000000011,211,302.7,0,310.5,1
34.3,0.0,5617.712207345172,1564.0,7.900000000000034,0,302.7,0,310.6,0
29.1,58.2,5089.065939550105,1670.0,7.800000000000011,2,302.8,0,310.6,0
48.7,194.8,7654.877963565473,1501.0,7.900000000000034,4,302.7,0,310.6,0
35.9,215.39999999999998,5830.890212842263,1551.0,7.800000000000011,6,302.7,0,310.5,0
35.0,280.0,5728.694203820987,1563.0,7.800000000000011,8,302.7,0,310.5,0
41.8,418.0,5913.713067166402,1351.0,7.800000000000011,10,302.7,0,310.5,1
52.1,625.2,7720.097427053997,1415.0,7.7999999999999545,12,302.6,0,310.4,0
34.2,478.80000000000007,5898.591534527123,1647.0,7.699999999999989,14,302.6,0,310.3,0
41.6,665.6,6434.316857768279,1477.0,7.699999999999989,16,302.5,0,310.2,0
21.5,387.0,4267.670360330274,1895.5,7.599999999999966,18,302.6,0,310.2,0
55.2,1104.0,7543.592279799811,1305.0,7.699999999999989,20,302.7,2,310.4,1
35.1,877.5,5675.224296856889,1544.0,7.7999999999999545,25,302.6,1,310.4,0
36.9,1033.2,6059.001255419418,1568.0,7.800000000000011,28,302.7,2,310.5,0
42.7,1409.1000000000001,6658.113446434504,1489.0,7.699999999999989,33,302.7,0,310.4,0
43.1,1508.5,6548.974517648794,1451.0,7.7999999999999545,35,302.6,1,310.4,0
35.7,1356.6000000000001,5764.759687484198,1542.0,7.699999999999989,38,302.7,0,310.4,0
20.2,808.0,4009.6251757521645,1895.5,7.899999999999977,40,302.6,1,310.5,0
36.5,1569.5,5488.781244841847,1436.0,8.0,43,302.5,0,310.5,0
37.6,1692.0,5941.631353881304,1509.0,7.899999999999977,45,302.5,1,310.4,0
40.2,1929.6000000000001,6259.87468968995,1487.0,7.899999999999977,48,302.5,0,310.4,0
20.3,1015.0,4029.4748053350963,1895.5,7.899999999999977,50,302.5,0,310.4,0
53.3,2771.6,7864.422193559913,1409.0,7.7999999999999545,52,302.6,2,310.4,0
56.4,3214.7999999999997,8386.79574802331,1420.0,7.899999999999977,57,302.6,1,310.5,0
37.7,2262.0,5965.329434464883,1511.0,7.800000000000011,60,302.7,0,310.5,0
30.1,1866.2,5197.754573388801,1649.0,7.7999999999999545,62,302.6,2,310.4,0
57.2,3832.4,8140.369220275728,1359.0,7.7999999999999545,67,302.6,0,310.4,1
36.0,2484.0,6050.707450813941,1605.0,7.899999999999977,69,302.5,1,310.4,0
36.0,2592.0,5741.574733700706,1523.0,7.800000000000011,72,302.5,0,310.3,0
36.0,2664.0,6084.6366514727115,1614.0,7.7999999999999545,74,302.6,2,310.4,0
27.4,2164.6,4938.101940569603,1721.0,7.699999999999989,79,302.6,2,310.3,0
36.2,3040.8,6209.420711673298,1638.0,7.7999999999999545,84,302.6,0,310.4,0
54.0,4644.0,7390.910876835347,1307.0,7.699999999999989,86,302.5,0,310.2,1
28.3,2490.4,4866.1804127534215,1642.0,7.800000000000011,88,302.4,0,310.2,0
30.5,2745.0,5592.61088204299,1751.0,7.699999999999989,90,302.5,1,310.2,0
31.6,2938.8,5443.542310630154,1645.0,7.7000000000000455,93,302.4,0,310.1,0
46.8,4446.0,6988.66135346971,1426.0,7.7000000000000455,95,302.4,0,310.1,0
36.6,3550.2000000000003,5825.769416816912,1520.0,7.7000000000000455,97,302.4,1,310.1,0
31.8,3180.0,5691.120755684054,1709.0,7.7000000000000455,100,302.4,0,310.1,0
46.6,4753.2,6958.795279309584,1426.0,7.600000000000023,102,302.4,0,310.0,0
43.7,4544.8,6539.465963883929,1429.0,7.7000000000000455,104,302.4,0,310.1,0
62.4,6614.4,8795.454120402272,1346.0,7.800000000000011,106,302.4,0,310.2,1
43.0,4644.0,6547.2885295913675,1454.0,7.699999999999989,108,302.5,0,310.2,0
49.5,5445.0,7314.098936455077,1411.0,7.800000000000011,110,302.5,1,310.3,0
24.4,2757.2,4843.309618235287,1895.5,7.900000000000034,113,302.4,0,310.3,0
36.2,4163.0,5606.67474515556,1479.0,7.900000000000034,115,302.4,0,310.3,0
48.2,5639.400000000001,7142.201458426155,1415.0,7.899999999999977,117,302.5,0,310.4,0
39.0,4641.0,6285.384422037098,1539.0,7.800000000000011,119,302.5,0,310.3,0
31.6,3823.6000000000004,5029.899277907498,1520.0,7.900000000000034,121,302.4,0,310.3,0
45.8,5633.4,7098.323881031018,1480.0,7.900000000000034,123,302.4,0,310.3,0
29.7,3712.5,5181.554427271789,1666.0,8.0,125,302.4,0,310.4,0
47.6,6045.2,7257.665460421093,1456.0,8.0,127,302.4,0,310.4,0
23.9,3083.1,4667.726004826154,1865.0,8.0,129,302.4,0,310.4,0
21.6,2829.6000000000004,4287.519989913206,1895.5,8.0,131,302.5,1,310.5,0
48.4,6485.599999999999,7541.8329879138,1488.0,7.899999999999977,134,302.5,0,310.4,0
38.8,5276.799999999999,6204.394163427553,1527.0,8.0,136,302.5,1,310.5,0
42.2,5865.8,6465.251073430627,1463.0,8.0,139,302.4,1,310.4,0
38.5,5467.0,6132.231780174597,1521.0,8.0,142,302.4,0,310.4,0
45.7,6580.8,6565.970533904715,1372.0,8.100000000000023,144,302.4,1,310.5,1
39.5,5806.5,6233.600503130427,1507.0,8.0,147,302.5,0,310.5,0
34.3,5110.7,5696.7337345584665,1586.0,8.0,149,302.4,1,310.4,0
42.0,6384.0,6540.167586243231,1487.0,7.899999999999977,152,302.5,0,310.4,0
41.2,6344.8,6557.969944613574,1520.0,8.0,154,302.5,0,310.5,0
41.9,6536.4,6239.391505588544,1422.0,7.899999999999977,156,302.5,2,310.4,0
52.5,8452.5,7559.457322700439,1375.0,7.900000000000034,161,302.4,1,310.3,1
28.0,4592.0,4788.206083091323,1633.0,7.800000000000011,164,302.4,0,310.2,0
36.2,6009.200000000001,5697.6552684035205,1503.0,7.800000000000011,166,302.4,0,310.2,0
45.1,7576.8,6380.585151416381,1351.0,7.800000000000011,168,302.4,0,310.2,1
35.3,6000.999999999999,5722.348186660735,1548.0,7.899999999999977,170,302.3,0,310.2,0
23.3,4007.6,4624.963692823042,1895.5,7.900000000000034,172,302.4,0,310.3,0
32.6,5672.400000000001,5434.871514906246,1592.0,7.800000000000011,174,302.5,0,310.3,0
35.6,6265.6,5890.276785970623,1580.0,7.899999999999977,176,302.5,1,310.4,0
46.8,8377.199999999999,6993.562238009309,1427.0,7.899999999999977,179,302.5,0,310.4,0
32.7,5918.700000000001,5413.875204004755,1581.0,7.899999999999977,181,302.5,1,310.4,0
39.9,7341.599999999999,6442.966709541162,1542.0,7.899999999999977,184,302.6,1,310.5,0
55.1,10303.7,7783.808926068799,1349.0,7.899999999999977,187,302.5,0,310.4,1
43.0,8127.0,6587.815074822676,1463.0,8.0,189,302.5,0,310.5,0
43.2,8251.2,6464.643698850933,1429.0,7.899999999999977,191,302.5,1,310.4,0
53.6,10398.4,8144.432346774372,1451.0,7.899999999999977,194,302.5,1,310.4,0
37.2,7328.400000000001,5886.2136594719805,1511.0,7.899999999999977,197,302.6,0,310.5,0
37.5,7462.5,6082.908775513237,1549.0,8.0,199,302.6,0,310.6,0
40.2,8080.200000000001,6344.069372806156,1507.0,8.0,201,302.5,1,310.5,0
33.7,6874.8,5378.280959239582,1524.0,7.899999999999977,204,302.6,1,310.5,0
22.7,4698.9,4469.0202694866,1880.0,7.800000000000011,207,302.7,1,310.5,0
45.4,0.0,6945.99852523396,1461.0,7.899999999999977,0,302.6,0,310.5,0
28.2,56.4,5162.013720966461,1748.0,7.899999999999977,2,302.6,0,310.5,0
26.7,106.8,4725.2695102644075,1690.0,7.900000000000034,4,302.7,0,310.6,0
51.2,307.20000000000005,7232.867822408757,1349.0,7.900000000000034,6,302.7,1,310.6,1
26.3,236.70000000000002,4643.46243756493,1686.0,7.900000000000034,9,302.7,0,310.6,0
47.5,522.5,6809.663876043675,1369.0,8.0,11,302.7,0,310.7,1
43.7,568.1,6557.770977078846,1433.0,8.0,13,302.7,0,310.7,0
41.9,628.5,7007.2491100034495,1597.0,8.0,15,302.7,0,310.7,0
32.2,547.4000000000001,5428.881544913403,1610.0,7.900000000000034,17,302.9,0,310.8,0
57.7,1096.3,8447.177158825309,1398.0,8.0,19,302.7,0,310.7,0
20.0,420.0,3969.925916586302,1895.5,8.0,21,302.7,0,310.7,0
39.5,908.5,6270.828376075466,1516.0,8.0,23,302.8,0,310.8,0
55.0,1375.0,7343.472827766141,1275.0,8.100000000000023,25,302.7,2,310.8,1
50.5,1515.0,7414.263382227031,1402.0,8.0,30,302.8,0,310.8,0
44.7,1430.4,6792.091901134597,1451.0,8.0,32,302.8,1,310.8,0
36.1,1263.5,5878.495813519661,1555.0,8.100000000000023,35,302.7,1,310.8,0
35.0,1330.0,5996.253178151718,1636.0,8.099999999999966,38,302.8,0,310.9,0
52.2,2088.0,7171.879037027067,1312.0,8.099999999999966,40,302.8,0,310.9,1
29.8,1251.6000000000001,5330.067983982491,1708.0,8.099999999999966,42,302.8,0,310.9,0
36.5,1606.0,5947.453772265957,1556.0,8.100000000000023,44,302.9,1,311.0,0
43.5,2044.5,6541.424223304667,1436.0,8.199999999999989,47,302.8,2,311.0,0
40.7,2116.4,5975.455834784954,1402.0,8.100000000000023,52,302.9,1,311.0,0
49.9,2744.5,7509.0661765368595,1437.0,8.100000000000023,55,302.9,1,311.0,0
21.8,1264.4,4327.219249079069,1895.5,8.200000000000045,58,302.9,1,311.1,0
23.7,1445.7,4467.344753404685,1800.0,8.199999999999989,61,303.0,0,311.2,0
32.6,2053.8,5602.150851734391,1641.0,8.199999999999989,63,303.0,0,311.2,0
48.2,3133.0,6935.254278358684,1374.0,8.199999999999989,65,303.0,0,311.2,1
37.0,2479.0,5788.698623504552,1494.0,8.199999999999989,67,303.0,0,311.2,0
32.9,2270.1,5515.893189442326,1601.0,8.199999999999989,69,303.0,0,311.2,0
36.9,2619.9,6314.035747037838,1634.0,8.300000000000011,71,302.9,0,311.2,0
37.7,2752.1000000000004,5791.620304672391,1467.0,8.300000000000011,73,302.9,1,311.2,0
32.3,2454.7999999999997,5242.794540065765,1550.0,8.300000000000011,76,302.8,0,311.1,0
32.2,2511.6000000000004,5270.398667515309,1563.0,8.300000000000011,78,302.8,0,311.1,0
48.3,3864.0,7055.860020329996,1395.0,8.199999999999989,80,302.7,0,310.9,0
33.4,2738.7999999999997,5270.9432102419305,1507.0,8.199999999999989,82,302.8,1,311.0,0
38.5,3272.5,6305.595334775193,1564.0,8.199999999999989,85,302.8,0,311.0,0
30.0,2610.0,5406.680956828034,1721.0,8.300000000000011,87,302.8,0,311.1,0
36.1,3212.9,5504.237880697508,1456.0,8.300000000000011,89,302.8,0,311.1,0
17.8,1619.8,3533.234065761809,1895.5,8.300000000000011,91,302.9,2,311.2,0
33.9,3254.3999999999996,5520.249531255305,1555.0,8.200000000000045,96,302.9,0,311.1,0
41.9,4106.2,6182.350654974865,1409.0,8.199999999999989,98,303.0,0,311.2,0
41.4,4140.0,6013.196834530078,1387.0,8.199999999999989,100,303.0,1,311.2,0
43.9,4521.7,6711.907984639473,1460.0,8.199999999999989,103,303.0,1,311.2,0
47.6,5045.6,6784.12272776999,1361.0,8.199999999999989,106,303.0,0,311.2,1
43.0,4644.0,6709.394710516601,1490.0,8.100000000000023,108,303.0,1,311.1,0
49.2,5461.200000000001,7207.944520690277,1399.0,8.099999999999966,111,303.1,0,311.2,0
55.8,6305.4,8297.574516661361,1420.0,8.0,113,303.1,0,311.1,0
44.2,5083.0,6290.285306576699,1359.0,8.0,115,303.0,0,311.0,1
54.3,6353.099999999999,7801.579868512604,1372.0,8.100000000000023,117,303.0,1,311.1,1
41.7,5004.0,6152.840627982146,1409.0,8.0,120,303.0,1,311.0,0
58.3,7170.9,8864.69482248739,1452.0,8.100000000000023,123,302.9,2,311.0,0
24.6,3148.8,4688.512876217407,1820.0,8.100000000000023,128,302.9,0,311.0,0
48.7,6331.0,7491.682697186996,1469.0,8.100000000000023,130,302.9,2,311.0,0
45.3,6115.5,7381.360435168433,1556.0,8.200000000000045,135,302.9,0,311.1,0
20.2,2767.4,4009.6251757521645,1895.5,8.100000000000023,137,303.0,0,311.1,0
38.0,5282.0,6044.633705017001,1519.0,8.199999999999989,139,303.0,1,311.2,0
44.0,6248.0,6708.766391985883,1456.0,8.199999999999989,142,303.0,0,311.2,0
45.3,6523.2,6612.864040247298,1394.0,8.099999999999966,144,303.1,0,311.2,0
56.2,8205.2,8033.366574494459,1365.0,8.300000000000011,146,303.0,0,311.3,1
16.5,2442.0,3275.188881183699,1895.5,8.300000000000011,148,303.0,0,311.3,0
55.6,8340.0,8168.852993668275,1403.0,8.199999999999989,150,303.1,0,311.3,0
37.0,5624.0,5823.570301959399,1503.0,8.199999999999989,152,303.0,2,311.2,0
29.3,4600.1,5501.441863235814,1793.0,8.300000000000011,157,303.0,0,311.3,0
24.5,3895.5,4692.544586789514,1829.0,8.299999999999955,159,303.1,0,311.4,0
23.3,3751.3,4467.585608841461,1831.0,8.299999999999955,161,303.1,1,311.4,0
53.6,8790.4,7493.326797342374,1335.0,8.300000000000011,164,303.0,1,311.3,1
19.7,3289.9,3910.377027837507,1895.5,8.199999999999989,167,303.1,2,311.3,0
52.6,9047.2,7359.0341833769235,1336.0,8.199999999999989,172,303.1,0,311.3,1
51.0,8874.0,7161.888772388651,1341.0,8.199999999999989,174,303.0,0,311.2,1
37.3,6564.799999999999,5960.62751746001,1526.0,8.100000000000023,176,303.0,1,311.1,0
40.7,7285.3,6499.693400889483,1525.0,8.100000000000023,179,303.0,0,311.1,0
39.8,7203.799999999999,5951.684450372791,1428.0,8.100000000000023,181,303.0,1,311.1,0
45.7,8408.800000000001,7231.18183435133,1511.0,8.199999999999989,184,303.0,0,311.2,0
29.8,5542.8,5192.759441069593,1664.0,8.199999999999989,186,303.0,0,311.2,0
38.9,7313.2,6485.168770854385,1592.0,8.199999999999989,188,303.0,1,311.2,0
36.7,7009.700000000001,6137.614375587747,1597.0,8.100000000000023,191,303.0,1,311.1,0
26.1,5063.400000000001,4742.077030961113,1735.0,8.199999999999989,194,303.0,0,311.2,0
23.8,4664.8,4364.070130905678,1751.0,8.300000000000011,196,302.9,0,311.2,0
44.6,8830.800000000001,6459.30299133983,1383.0,8.199999999999989,198,303.0,0,311.2,0
53.7,10740.0,7479.18963040122,1330.0,8.300000000000011,200,302.9,1,311.2,1
50.5,10251.5,7308.496429556175,1382.0,8.199999999999989,203,303.0,0,311.2,0
30.4,6232.0,5587.008375144088,1755.0,8.199999999999989,205,303.0,0,311.2,0
35.7,7389.900000000001,6033.9313460437725,1614.0,8.199999999999989,207,303.0,1,311.2,0
43.0,9030.0,6601.3239232331125,1466.0,8.300000000000011,210,303.0,0,311.3,0
24.7,5236.4,4777.4094763384865,1847.0,8.199999999999989,212,303.1,1,311.3,0
34.8,7481.999999999999,5371.620782813971,1474.0,8.199999999999989,215,303.1,0,311.3,0
31.8,6900.6,5517.956168618184,1657.0,8.199999999999989,217,303.1,0,311.3,0
40.1,8781.9,6025.941228728142,1435.0,8.099999999999966,219,303.1,0,311.2,0
42.7,9436.7,6680.471114152551,1494.0,8.199999999999989,221,303.1,2,311.3,0
54.6,12339.6,7078.5109033623785,1238.0,8.199999999999989,226,303.2,0,311.4,1
54.2,12357.6,7514.773403190881,1324.0,8.199999999999989,228,303.2,0,311.4,1
41.2,9476.0,6532.083221147994,1514.0,8.199999999999989,230,303.2,0,311.4,0
25.6,5939.200000000001,4643.190166201619,1732.0,8.099999999999966,232,303.3,0,311.4,0
46.0,10764.0,7211.211777050011,1497.0,8.099999999999966,234,303.3,0,311.4,1
21.5,0.0,4267.670360330274,1895.5,8.099999999999966,0,303.3,0,311.4,0
32.5,65.0,5547.5290274639765,1630.0,8.099999999999966,2,303.3,0,311.4,0
59.1,236.4,8633.567850962789,1395.0,8.099999999999966,4,303.3,1,311.4,0
30.5,213.5,5295.573296646075,1658.0,8.099999999999966,7,303.3,0,311.4,0
51.1,459.90000000000003,7218.741127443115,1349.0,8.199999999999989,9,303.2,0,311.4,1
52.9,581.9,8043.608166545163,1452.0,8.099999999999966,11,303.1,0,311.2,0
35.5,461.5,5925.776782956187,1594.0,8.0,13,303.1,1,311.1,0
47.6,761.6,7526.837118980666,1510.0,7.899999999999977,16,303.1,1,311.0,0
22.6,429.40000000000003,4387.799627415792,1854.0,8.0,19,303.1,0,311.1,0
32.3,678.3,5499.860594933507,1626.0,8.099999999999966,21,303.1,0,311.2,0
35.2,809.6,6001.028398985175,1628.0,8.099999999999966,23,303.1,0,311.2,0
34.8,869.9999999999999,6118.691515837624,1679.0,8.099999999999966,25,303.1,0,311.2,0
44.5,1201.5,6938.783334106216,1489.0,8.099999999999966,27,303.1,1,311.2,0
43.9,1317.0,6615.366842394658,1439.0,8.0,30,303.2,0,311.2,0
48.1,1539.2,6799.977298695107,1350.0,8.0,32,303.3,0,311.3,1
31.7,1077.8,5334.623293330196,1607.0,7.899999999999977,34,303.3,2,311.2,0
53.9,2102.1,7840.064378519079,1389.0,8.0,39,303.3,0,311.3,0
46.1,1890.1000000000001,7559.99139345155,1566.0,8.0,41,303.3,1,311.3,0
54.0,2376.0,7390.910876835347,1307.0,8.0,44,303.4,1,311.4,1
36.6,1720.2,6013.57382564851,1569.0,8.199999999999989,47,303.3,1,311.5,0
30.6,1530.0,5290.504860498284,1651.0,8.099999999999966,50,303.3,2,311.4,0
27.9,1534.5,4943.484535982754,1692.0,8.099999999999966,55,303.3,2,311.4,0
47.3,2838.0,6800.804584760552,1373.0,8.199999999999989,60,303.3,1,311.5,1
35.5,2236.5,5985.257603864154,1610.0,8.199999999999989,63,303.2,0,311.4,0
43.4,2821.0,6867.249269383976,1511.0,8.099999999999966,65,303.3,0,311.4,0
55.6,3725.2000000000003,8221.254759130154,1412.0,8.199999999999989,67,303.3,0,311.5,0
36.2,2497.8,5690.073558132857,1501.0,8.100000000000023,69,303.4,0,311.5,0
44.8,3180.7999999999997,6633.703271516111,1414.0,8.100000000000023,71,303.4,0,311.5,0
33.5,2445.5,5714.714116512513,1629.0,8.0,73,303.5,2,311.5,0
21.3,1661.4,4191.1673432276075,1879.0,8.100000000000023,78,303.4,0,311.5,0
47.0,3760.0,7215.400567254797,1466.0,8.100000000000023,80,303.5,2,311.6,0
40.1,3408.5,6198.110978120374,1476.0,8.099999999999966,85,303.6,2,311.7,0
30.7,2763.0,5449.249537284176,1695.0,8.199999999999989,90,303.6,0,311.8,0
39.8,3661.6,6214.258764359825,1491.0,8.099999999999966,92,303.6,0,311.7,0
34.7,3261.8,6028.43355889999,1659.0,8.199999999999989,94,303.6,1,311.8,0
31.7,3074.9,5201.838643838468,1567.0,8.199999999999989,97,303.6,0,311.8,0
32.9,3257.1,5981.0059818062955,1736.0,8.199999999999989,99,303.6,0,311.8,0
44.8,4524.799999999999,6666.543386721636,1421.0,8.199999999999989,101,303.6,1,311.8,1
30.8,3203.2000000000003,5247.674480654342,1627.0,8.199999999999989,104,303.6,1,311.8,0
34.2,3659.4,5594.171206394272,1562.0,8.100000000000023,107,303.5,1,311.6,0
17.0,1870.0,3374.4370290983566,1895.5,8.100000000000023,110,303.5,0,311.6,0
38.1,4267.2,6291.9503506831015,1577.0,8.100000000000023,112,303.5,0,311.6,0
36.4,4149.599999999999,5946.40657471476,1560.0,8.100000000000023,114,303.4,1,311.5,0
43.0,5031.0,6677.874064225583,1483.0,8.100000000000023,117,303.4,1,311.5,0
33.3,3995.9999999999995,5352.802642818968,1535.0,8.0,120,303.5,0,311.5,0
29.6,3611.2000000000003,4978.125830976339,1606.0,8.0,122,303.4,1,311.4,0
24.7,3087.5,4699.812137794818,1817.0,8.100000000000023,125,303.4,1,311.5,0
50.8,6502.4,7575.343309552091,1424.0,8.100000000000023,128,303.4,0,311.5,0
34.7,4511.0,5501.536111015422,1514.0,8.300000000000011,130,303.3,0,311.6,0
41.7,5504.400000000001,6327.5131795217385,1449.0,8.200000000000045,132,303.4,0,311.6,0
34.0,4556.0,5600.621943309644,1573.0,8.100000000000023,134,303.5,1,311.6,0
41.9,5740.3,6862.453104599495,1564.0,8.200000000000045,137,303.4,0,311.6,0
46.2,6421.8,6908.739236362386,1428.0,8.100000000000023,139,303.5,0,311.6,0
31.0,4371.0,5259.026102109314,1620.0,8.199999999999989,141,303.5,0,311.7,0
32.7,4676.1,5424.148211981993,1584.0,8.199999999999989,143,303.5,2,311.7,0
66.8,9886.4,8548.231722515779,1222.0,8.199999999999989,148,303.6,0,311.8,1
42.5,6375.0,6373.244296582493,1432.0,8.199999999999989,150,303.6,1,311.8,0
33.3,5094.9,5443.46900680157,1561.0,8.199999999999989,153,303.7,0,311.9,0
33.2,5146.0,5611.3871341359445,1614.0,8.199999999999989,155,303.6,0,311.8,0
22.3,3501.1,4426.467396993727,1895.5,8.199999999999989,157,303.5,0,311.7,0
23.5,3736.5,4664.662951988905,1895.5,8.300000000000011,159,303.5,0,311.8,0
25.8,4153.8,4844.2730399823895,1793.0,8.300000000000011,161,303.4,0,311.7,0
50.0,8150.0,7571.238295151401,1446.0,8.200000000000045,163,303.4,1,311.6,0
32.2,5345.200000000001,5641.316040149144,1673.0,8.300000000000011,166,303.4,0,311.7,0
44.2,7425.6,7012.348962077777,1515.0,8.300000000000011,168,303.4,1,311.7,0
35.9,6138.9,5879.762922556609,1564.0,8.400000000000034,171,303.4,0,311.8,0
45.2,7819.6,6868.066083473909,1451.0,8.300000000000011,173,303.5,0,311.8,0
28.3,4952.5,5017.3224353176265,1693.0,8.400000000000034,175,303.4,2,311.8,0
42.3,7613.999999999999,6538.156966944933,1476.0,8.300000000000011,180,303.4,0,311.7,0
30.1,5478.2,5396.334645022212,1712.0,8.200000000000045,182,303.4,0,311.6,0
45.4,8353.6,6774.844557466388,1425.0,8.200000000000045,184,303.4,1,311.6,0
56.8,10621.6,7952.585755395153,1337.0,8.300000000000011,187,303.3,0,311.6,1
34.9,6596.099999999999,6176.475876712652,1690.0,8.300000000000011,189,303.4,1,311.7,0
44.1,8467.2,6248.345044651275,1353.0,8.300000000000011,192,303.4,1,311.7,1
21.9,4270.5,4347.068878662,1895.5,8.300000000000011,195,303.5,0,311.8,0
42.7,8411.900000000001,6219.903159160776,1391.0,8.400000000000034,197,303.4,1,311.8,0
50.9,10180.0,7281.101741616872,1366.0,8.400000000000034,200,303.4,0,311.8,1
31.6,6383.200000000001,5860.494487614592,1771.0,8.5,202,303.4,0,311.9,0
42.6,8690.4,6758.508275667722,1515.0,8.400000000000034,204,303.4,1,311.8,0
18.3,3788.1000000000004,3632.482213676466,1895.5,8.400000000000034,207,303.4,1,311.8,0
47.0,9870.0,6600.172005926796,1341.0,8.400000000000034,210,303.4,1,311.8,1
47.1,10032.300000000001,6934.814455387182,1406.0,8.300000000000011,213,303.4,0,311.7,0
61.0,13115.0,8342.604011362815,1306.0,8.400000000000034,215,303.4,0,311.8,1
35.5,7703.5,5606.067370575866,1508.0,8.399999999999977,217,303.3,0,311.7,0
45.1,9876.9,6144.442103621549,1301.0,8.300000000000011,219,303.3,0,311.6,1
38.5,8508.5,6204.8025704725205,1539.0,8.399999999999977,221,303.3,0,311.7,0
44.6,9945.800000000001,6931.02360025185,1484.0,8.300000000000011,223,303.3,0,311.6,0
39.2,8820.0,6186.256701840829,1507.0,8.300000000000011,225,303.2,0,311.5,0
42.5,9647.5,6871.7103309520735,1544.0,8.300000000000011,227,303.2,0,311.5,0
37.9,0.0,6004.913501900114,1513.0,8.300000000000011,0,303.2,0,311.5,0
58.2,116.4,8142.505503280168,1336.0,8.300000000000011,2,303.2,1,311.5,1
19.0,95.0,3771.4296207569864,1895.5,8.199999999999989,5,303.2,1,311.4,0
53.8,430.4,7611.429737166327,1351.0,8.199999999999989,8,303.2,0,311.4,1
35.2,352.0,5901.50274371945,1601.0,8.199999999999989,10,303.3,0,311.5,0
52.9,634.8,7716.767338841192,1393.0,8.100000000000023,12,303.2,0,311.3,0
33.7,471.80000000000007,5618.256750071794,1592.0,8.0,14,303.3,0,311.3,0
51.8,828.8,7643.096991114511,1409.0,8.0,16,303.3,0,311.3,0
47.4,853.1999999999999,6914.456934991918,1393.0,8.0,18,303.3,0,311.3,0
43.1,862.0,6657.296632344571,1475.0,8.0,20,303.2,2,311.2,0
45.6,1140.0,6814.240129342405,1427.0,8.0,25,303.2,0,311.2,0
27.3,737.1,5040.1513419337125,1763.0,7.899999999999977,27,303.3,0,311.2,0
46.7,1354.3000000000002,6665.632324852096,1363.0,8.0,29,303.2,0,311.2,1
50.9,1577.8999999999999,7483.6506919693165,1404.0,8.0,31,303.2,0,311.2,0
31.9,1052.7,5638.865597879343,1688.0,8.0,33,303.2,1,311.2,0
37.3,1342.8,5898.130767604596,1510.0,8.099999999999966,36,303.3,0,311.4,0
39.5,1501.0,6212.918351494294,1502.0,8.0,38,303.3,2,311.3,0
36.6,1573.8,6159.218061068933,1607.0,8.199999999999989,43,303.2,2,311.4,0
54.8,2630.3999999999996,7942.281331491379,1384.0,8.199999999999989,48,303.3,1,311.5,0
51.3,2616.2999999999997,6956.899851741917,1295.0,8.300000000000011,51,303.4,0,311.7,1
19.0,1007.0,3771.4296207569864,1895.5,8.300000000000011,53,303.4,2,311.7,0
42.8,2482.3999999999996,6709.562262124792,1497.0,8.200000000000045,58,303.4,0,311.6,0
48.7,2922.0,7471.2832888896855,1465.0,8.100000000000023,60,303.5,0,311.6,0
46.5,2883.0,6627.346782380348,1361.0,8.100000000000023,62,303.5,0,311.6,1
38.5,2464.0,6233.024544477269,1546.0,8.099999999999966,64,303.6,0,311.7,0
52.7,3478.2000000000003,7350.949818281686,1332.0,8.199999999999989,66,303.7,2,311.9,1
12.800000000000011,908.8000000000009,2540.7525866152355,1895.5,8.300000000000011,71,303.7,1,312.0,1
45.9,3396.6,6935.976844669009,1443.0,8.400000000000034,74,303.7,0,312.1,0
48.6,3693.6,7135.310898539281,1402.0,8.300000000000011,76,303.7,1,312.0,0
22.5,1777.5,4457.919975443916,1892.0,8.300000000000011,79,303.7,0,312.0,0
35.7,2891.7000000000003,6149.8246990347,1645.0,8.399999999999977,81,303.6,1,312.0,0
50.1,4208.400000000001,7728.035184492068,1473.0,8.299999999999955,84,303.6,0,311.9,0
52.9,4549.4,7251.434634991471,1309.0,8.399999999999977,86,303.6,0,312.0,1
37.1,3264.8,5998.598900666399,1544.0,8.299999999999955,88,303.6,2,311.9,0
49.3,4584.9,6938.64719842456,1344.0,8.399999999999977,93,303.5,0,311.9,1
36.0,3420.0,6095.946385025634,1617.0,8.299999999999955,95,303.6,1,311.9,0
37.9,3714.2,5695.3409618153755,1435.0,8.399999999999977,98,303.6,1,312.0,0
50.3,5080.299999999999,7326.958522383771,1391.0,8.399999999999977,101,303.6,0,312.0,0
23.3,2399.9,4457.825727664308,1827.0,8.399999999999977,103,303.6,0,312.0,0
25.8,2709.0,4757.8164101555985,1761.0,8.5,105,303.5,0,312.0,0
36.4,3894.7999999999997,5801.558209433247,1522.0,8.600000000000023,107,303.5,0,312.1,0
23.6,2572.4,4492.980149457979,1818.0,8.699999999999989,109,303.5,1,312.2,0
54.6,6115.2,7838.964821090324,1371.0,8.599999999999966,112,303.6,2,312.2,1
38.9,4551.3,6155.20729444785,1511.0,8.600000000000023,117,303.7,0,312.3,0
46.6,5545.400000000001,6851.436586360908,1404.0,8.699999999999989,119,303.7,0,312.4,0
45.9,5553.9,6652.385275829458,1384.0,8.600000000000023,121,303.7,0,312.3,0
52.6,6469.8,7535.298475194334,1368.0,8.699999999999989,123,303.8,0,312.5,0
36.0,4500.0,6186.42425344902,1641.0,8.800000000000011,125,303.7,0,312.5,0
32.3,4102.099999999999,5553.979764379347,1642.0,8.700000000000045,127,303.9,0,312.6,0
50.0,6450.0,7335.618846132166,1401.0,8.800000000000011,129,303.9,2,312.7,0
41.3,5534.2,6820.408122918952,1577.0,8.800000000000011,134,303.8,0,312.6,0
44.1,5997.6,6446.925116284686,1396.0,8.900000000000034,136,303.7,0,312.6,0
35.5,4899.0,5628.372678416354,1514.0,8.900000000000034,138,303.7,2,312.6,0
35.8,5119.4,6170.800065985167,1646.0,9.0,143,303.8,0,312.8,0
40.7,5901.5,6150.201690153131,1443.0,9.0,145,303.8,0,312.8,0
48.5,7129.5,7460.916033132839,1469.0,9.0,147,303.7,1,312.7,0
40.2,6030.0,6584.024219687345,1564.0,9.0,150,303.7,2,312.7,0
40.2,6231.0,6306.181765403864,1498.0,9.0,155,303.6,2,312.6,0
27.9,4464.0,4963.936304157624,1699.0,9.0,160,303.6,0,312.6,0
49.0,7938.0,7342.844509235423,1431.0,8.899999999999977,162,303.6,0,312.5,0
47.3,7757.2,6885.00973985227,1390.0,8.899999999999977,164,303.5,0,312.4,0
46.1,7652.6,6662.061381202515,1380.0,9.0,166,303.5,0,312.5,0
46.4,7795.2,7079.558100913575,1457.0,9.0,168,303.5,0,312.5,0
42.2,7174.000000000001,6266.3882584583935,1418.0,9.0,170,303.5,0,312.5,0
51.0,8772.0,7225.977262521883,1353.0,9.0,172,303.5,1,312.5,0
32.7,5722.500000000001,5389.904852057864,1574.0,8.899999999999977,175,303.5,0,312.4,0
54.2,9593.4,7480.718538825968,1318.0,8.899999999999977,177,303.5,1,312.4,0
31.4,5652.0,5622.8225313950115,1710.0,8.899999999999977,180,303.6,0,312.5,0
38.8,7061.599999999999,6586.328054299976,1621.0,8.900000000000034,182,303.7,0,312.6,0
33.6,6182.400000000001,5650.845537865033,1606.0,9.0,184,303.6,0,312.6,0
54.0,10044.0,7775.441817634738,1375.0,8.899999999999977,186,303.6,2,312.5,0
36.5,6971.5,5744.873405986975,1503.0,8.899999999999977,191,303.5,0,312.4,0
48.6,9379.800000000001,7145.489658736913,1404.0,8.800000000000011,193,303.5,0,312.3,0
32.7,6376.500000000001,5670.700403435721,1656.0,8.800000000000011,195,303.4,0,312.2,0
39.4,7761.799999999999,6184.811569220177,1499.0,8.700000000000045,197,303.4,1,312.1,0
28.4,5680.0,5198.623747356293,1748.0,8.600000000000023,200,303.4,1,312.0,0
37.9,7693.7,6076.353318842746,1531.0,8.5,203,303.4,0,311.9,0
40.6,8323.0,6530.491480870175,1536.0,8.5,205,303.3,1,311.8,0
53.0,11024.0,7775.755976900096,1401.0,8.400000000000034,208,303.4,0,311.8,1
33.2,6972.000000000001,5333.251464538129,1534.0,8.5,210,303.4,2,311.9,0
35.9,7718.5,5718.10703657839,1521.0,8.600000000000023,215,303.4,0,312.0,1
30.8,0.0,5399.266798165562,1674.0,8.600000000000023,0,303.5,0,312.1,0
20.9,41.8,4148.572582832685,1895.5,8.5,2,303.6,1,312.1,0
30.7,153.5,5452.4644337663485,1696.0,8.599999999999966,5,303.6,0,312.2,0
32.5,227.5,5537.318851339809,1627.0,8.5,7,303.6,1,312.1,0
45.6,456.0,6709.185271006362,1405.0,8.399999999999977,10,303.5,0,311.9,0
38.9,466.79999999999995,6375.181612052207,1565.0,8.399999999999977,12,303.5,0,311.9,0
38.7,541.8000000000001,6050.613203034334,1493.0,8.399999999999977,14,303.5,0,311.9,0
45.0,720.0,7063.87108159665,1499.0,8.400000000000034,16,303.4,0,311.8,0
30.6,550.8000000000001,5421.886265271409,1692.0,8.5,18,303.3,0,311.8,0
15.8,316.0,3136.2414741031785,1895.5,8.400000000000034,20,303.4,0,311.8,0
58.9,1295.8,8869.574763075967,1438.0,8.400000000000034,22,303.4,0,311.8,0
39.2,940.8000000000001,6219.096817046355,1515.0,8.399999999999977,24,303.5,0,311.9,0
38.2,993.2,5964.439316546366,1491.0,8.5,26,303.4,0,311.9,0
29.7,831.6,5461.470332706639,1756.0,8.5,28,303.5,0,312.0,0
54.5,1635.0,7796.071609393311,1366.0,8.5,30,303.5,0,312.0,1
45.1,1443.2,6782.028332667597,1436.0,8.5,32,303.5,0,312.0,0
41.6,1414.4,5998.682676470495,1377.0,8.5,34,303.4,0,311.9,1
42.2,1519.2,6672.952235734961,1510.0,8.5,36,303.4,1,311.9,0
50.9,1985.1,7563.604225003177,1419.0,8.5,39,303.4,1,311.9,0
62.0,2604.0,8537.80163490586,1315.0,8.5,42,303.3,0,311.8,1
27.7,1218.8,5238.731413567123,1806.0,8.5,44,303.3,2,311.8,0
29.4,1440.6,5076.876560054177,1649.0,8.5,49,303.3,2,311.8,0
50.0,2700.0,7340.854833888149,1402.0,8.5,54,303.4,2,311.9,0
63.9,3770.1,8685.686873085844,1298.0,8.5,59,303.4,0,311.9,1
44.9,2738.9,6775.462404021595,1441.0,8.5,61,303.3,1,311.8,0
49.4,3161.6,7702.829139434764,1489.0,8.5,64,303.3,1,311.8,0
24.5,1641.5,4725.897828795126,1842.0,8.5,67,303.3,0,311.8,0
50.9,3512.1,7014.589964837337,1316.0,8.400000000000034,69,303.4,1,311.8,1
33.3,2397.6,5520.186699402232,1583.0,8.5,72,303.3,1,311.8,0
33.5,2512.5,5430.5570609953165,1548.0,8.5,75,303.3,1,311.8,0
44.6,3478.8,6697.498546335008,1434.0,8.5,78,303.4,0,311.9,0
52.9,4232.0,7738.926039024513,1397.0,8.5,80,303.5,2,312.0,0
42.9,3646.5,6626.404304584271,1475.0,8.5,85,303.5,1,312.0,0
56.8,4998.4,8571.186292838009,1441.0,8.5,88,303.5,0,312.0,0
51.8,4662.0,7393.570758615386,1363.0,8.400000000000034,90,303.7,0,312.1,1
34.9,3210.7999999999997,5916.990795501648,1619.0,8.5,92,303.7,0,312.2,0
34.0,3196.0,5294.4213793397585,1487.0,8.5,94,303.7,0,312.2,0
33.8,3244.7999999999997,5549.979469733776,1568.0,8.5,96,303.7,0,312.2,0
46.2,4527.6,6652.322443976387,1375.0,8.600000000000023,98,303.7,0,312.3,0
31.3,3130.0,5565.582713246606,1698.0,8.699999999999989,100,303.6,1,312.3,0
37.4,3852.2,6289.929259409291,1606.0,8.600000000000023,103,303.7,0,312.3,0
51.0,5355.0,7204.614432477472,1349.0,8.600000000000023,105,303.7,0,312.3,0
38.6,4130.2,6204.750210594961,1535.0,8.699999999999989,107,303.7,0,312.4,0
49.5,5395.5,7796.17632914843,1504.0,8.799999999999955,109,303.6,1,312.4,0
21.1,2363.2000000000003,4188.271841998549,1895.5,8.800000000000011,112,303.5,0,312.3,0
55.7,6349.8,7734.412617578854,1326.0,8.600000000000023,114,303.5,0,312.1,0
22.3,2586.8,4426.467396993727,1895.5,8.699999999999989,116,303.6,1,312.3,0
43.4,5164.599999999999,6594.559027052383,1451.0,8.699999999999989,119,303.6,0,312.3,0
34.8,4210.799999999999,5918.2579045385955,1624.0,8.800000000000011,121,303.5,1,312.3,0
28.7,3558.7999999999997,5352.718867014873,1781.0,8.799999999999955,124,303.6,0,312.4,0
54.1,6816.6,7619.8806214044835,1345.0,8.899999999999977,126,303.6,0,312.5,0
46.0,5888.0,6830.660186945167,1418.0,8.799999999999955,128,303.6,0,312.4,0
26.5,3445.0,4767.57629133275,1718.0,8.699999999999989,130,303.7,0,312.4,0
28.5,3762.0,4867.740737104705,1631.0,8.699999999999989,132,303.7,1,312.4,0
40.1,5413.5,6353.483678791414,1513.0,8.699999999999989,135,303.7,0,312.4,0
59.3,8124.099999999999,8172.204025832105,1316.0,8.699999999999989,137,303.7,0,312.4,0
38.8,5393.2,5989.048458999485,1474.0,8.699999999999989,139,303.7,1,312.4,0
30.9,4387.8,5238.825661346731,1619.0,8.699999999999989,142,303.8,0,312.5,0
31.2,4492.8,5560.870324266221,1702.0,8.699999999999989,144,303.7,0,312.4,0
37.4,5460.4,6031.439015871924,1540.0,8.699999999999989,146,303.7,1,312.4,0
33.7,5021.3,5455.920185685298,1546.0,8.699999999999989,149,303.7,1,312.4,0
51.0,7752.0,7199.27372496637,1348.0,8.699999999999989,152,303.7,0,312.4,0
35.6,5482.400000000001,5666.595389035029,1520.0,8.800000000000011,154,303.7,2,312.5,0
41.9,6662.099999999999,6700.106068237487,1527.0,8.800000000000011,159,303.8,1,312.6,0
47.1,7630.2,6934.814455387182,1406.0,8.800000000000011,162,303.8,1,312.6,0
46.2,7623.000000000001,7073.233027704348,1462.0,8.800000000000011,165,303.7,0,312.5,0
29.3,4893.1,5166.998381310157,1684.0,8.800000000000011,167,303.8,1,312.6,0
28.0,4760.0,4852.713452245033,1655.0,8.699999999999989,170,303.8,2,312.5,0
25.1,4392.5,4594.558311924048,1748.0,8.699999999999989,175,303.8,2,312.5,0
45.7,8226.0,6565.970533904715,1372.0,8.699999999999989,180,303.8,0,312.5,0
33.3,6060.599999999999,5164.495579162796,1481.0,8.800000000000011,182,303.7,0,312.5,0
39.2,7212.8,6206.781773844283,1512.0,8.699999999999989,184,303.7,0,312.4,0
36.6,6807.6,6255.036637003422,1632.0,8.800000000000011,186,303.7,0,312.5,0
43.9,8253.199999999999,7010.725805873422,1525.0,8.699999999999989,188,303.7,0,312.4,0
26.4,5016.0,4854.640295739235,1756.0,8.600000000000023,190,303.7,1,312.3,0
23.1,4458.3,4585.264433657178,1895.5,8.600000000000023,193,303.7,0,312.3,0
44.3,8638.5,6717.395299807743,1448.0,8.699999999999989,195,303.8,1,312.5,0
46.6,9226.800000000001,7061.274031669682,1447.0,8.699999999999989,198,303.8,2,312.5,0
33.4,6780.2,5585.730794131628,1597.0,8.599999999999966,203,303.8,1,312.4,0
32.3,6653.799999999999,5553.979764379347,1642.0,8.699999999999989,206,303.7,1,312.4,0
38.0,7942.0,6068.509809184284,1525.0,8.699999999999989,209,303.8,2,312.5,0
53.7,11491.800000000001,8210.238240891566,1460.0,8.799999999999955,214,303.6,2,312.4,0
17.7,3876.2999999999997,3513.384436178877,1895.5,8.699999999999989,219,303.6,0,312.3,0
41.9,9259.9,6090.207742445076,1388.0,8.799999999999955,221,303.6,0,312.4,0
32.4,7225.2,5530.459707379471,1630.0,8.699999999999989,223,303.6,1,312.3,0
29.3,6621.8,4958.354741209747,1616.0,8.699999999999989,226,303.6,0,312.3,0
16.8,0.0,3334.7377699324934,1895.5,8.799999999999955,0,303.6,0,312.4,0
50.7,101.4,7857.751545158791,1480.0,8.799999999999955,2,303.6,2,312.4,0
53.1,371.7,7579.123692711912,1363.0,8.799999999999955,7,303.6,0,312.4,0
45.6,410.40000000000003,6857.2171168435125,1436.0,8.799999999999955,9,303.6,2,312.4,0
33.7,471.80000000000007,5671.192586284783,1607.0,8.899999999999977,14,303.6,1,312.5,0
48.2,819.4000000000001,7364.29111508393,1459.0,8.899999999999977,17,303.6,1,312.5,0
43.7,874.0,6777.431135417844,1481.0,8.899999999999977,20,303.5,0,312.4,0
31.7,697.4,5331.303677092902,1606.0,8.899999999999977,22,303.5,1,312.4,0
29.8,745.0,5245.810469013212,1681.0,8.800000000000011,25,303.5,0,312.3,0
37.1,1001.7,5870.390504473399,1511.0,8.699999999999989,27,303.5,0,312.2,0
35.2,1020.8000000000001,5872.013660677754,1593.0,8.800000000000011,29,303.5,1,312.3,0
41.7,1334.4,6689.958723966392,1532.0,8.800000000000011,32,303.5,1,312.3,0
49.0,1715.0,7111.937449196574,1386.0,8.800000000000011,35,303.5,2,312.3,0
27.9,1116.0,5168.45398590632,1769.0,8.900000000000034,40,303.4,2,312.3,0
38.2,1719.0000000000002,6244.459941736336,1561.0,8.800000000000011,45,303.4,1,312.2,0
40.7,1953.6000000000001,6209.871006620312,1457.0,8.899999999999977,48,303.3,0,312.2,0
40.0,2000.0,6308.318048408304,1506.0,8.899999999999977,50,303.3,0,312.2,0
67.19999999999999,3494.3999999999996,9408.693006382997,1337.0,8.800000000000011,52,303.4,0,312.2,1
54.8,2959.2,7385.633001177315,1287.0,8.900000000000034,54,303.4,0,312.3,0
35.7,1999.2000000000003,6037.669841301545,1615.0,8.800000000000011,56,303.4,1,312.2,0
23.5,1386.5,4664.662951988905,1895.5,8.800000000000011,59,303.4,1,312.2,0
42.1,2610.2000000000003,6710.043972998344,1522.0,8.900000000000034,62,303.4,2,312.3,0
30.6,2050.2000000000003,5383.433171191469,1680.0,8.900000000000034,67,303.4,0,312.3,0
36.0,2484.0,5662.406598830243,1502.0,8.900000000000034,69,303.4,0,312.3,0
33.3,2364.2999999999997,5380.699985582845,1543.0,8.800000000000011,71,303.5,1,312.3,0
35.2,2604.8,5838.838442255846,1584.0,8.800000000000011,74,303.5,0,312.3,0
44.5,3382.0,6244.438997785312,1340.0,8.899999999999977,76,303.5,0,312.4,0
33.9,2644.2,5903.649498699403,1663.0,8.900000000000034,78,303.4,0,312.3,0
30.0,2400.0,5318.71636252752,1693.0,8.800000000000011,80,303.3,1,312.1,0
44.7,3710.1000000000004,6637.619790357587,1418.0,8.800000000000011,83,303.3,0,312.1,0
36.8,3127.9999999999995,5988.629579979007,1554.0,8.800000000000011,85,303.4,2,312.2,0
35.8,3221.9999999999995,5923.368228588434,1580.0,8.800000000000011,90,303.4,0,312.2,0
42.8,3937.6,6628.886162780606,1479.0,8.900000000000034,92,303.4,0,312.3,0
67.19999999999999,6316.799999999999,9035.723126548817,1284.0,8.899999999999977,94,303.5,0,312.4,1
38.7,3715.2000000000003,6241.087965621484,1540.0,8.900000000000034,96,303.4,0,312.3,0
30.1,2949.8,5062.215794337426,1606.0,8.899999999999977,98,303.5,1,312.4,0
62.4,6302.4,8403.383357234265,1286.0,8.899999999999977,101,303.6,0,312.5,0
39.5,4068.5,6212.918351494294,1502.0,9.0,103,303.6,0,312.6,0
31.5,3307.5,5604.444214371511,1699.0,9.099999999999966,105,303.6,1,312.7,0
34.2,3693.6000000000004,5737.427831397968,1602.0,9.100000000000023,108,303.5,0,312.6,0
42.0,4620.0,6315.85787077692,1436.0,9.0,110,303.6,2,312.6,0
27.5,3162.5,5082.835114120486,1765.0,9.099999999999966,115,303.6,1,312.7,0
44.1,5203.8,6548.52422270178,1418.0,9.099999999999966,118,303.6,0,312.7,0
31.7,3804.0,5540.439500042375,1669.0,9.0,120,303.7,1,312.7,0
53.9,6629.7,7873.930747324777,1395.0,9.0,123,303.7,0,312.7,0
41.7,5212.5,6550.220682734719,1500.0,8.899999999999977,125,303.8,1,312.7,0
33.4,4275.2,5438.829921649769,1555.0,8.899999999999977,128,303.8,1,312.7,0
20.2,2646.2,4009.6251757521645,1895.5,8.899999999999977,131,303.8,1,312.7,0
36.6,4904.400000000001,6117.057887657758,1596.0,8.899999999999977,134,303.8,0,312.7,0
53.6,7289.6,7712.232973444512,1374.0,8.899999999999977,136,303.8,1,312.7,0
26.1,3627.9,4564.41996640061,1670.0,8.800000000000011,139,303.7,0,312.5,0
29.1,4103.1,5186.580975517533,1702.0,8.900000000000034,141,303.7,0,312.6,0
45.1,6449.3,6451.428065754832,1366.0,8.699999999999989,143,303.8,1,312.5,0
15.2,2219.2,3017.143696605589,1895.5,8.699999999999989,146,303.8,1,312.5,0
23.9,3561.1,4424.954196532247,1768.0,8.800000000000011,149,303.8,1,312.6,0
47.0,7144.0,7495.944791220366,1523.0,8.699999999999989,152,303.8,0,312.5,0
25.9,3988.6,4705.739275934591,1735.0,8.800000000000011,154,303.8,0,312.6,0
62.3,9718.8,8735.690556155481,1339.0,8.800000000000011,156,303.9,0,312.7,0
24.3,3839.4,4580.442088933918,1800.0,8.800000000000011,158,303.9,0,312.7,0
51.2,8192.0,7806.5645288563,1456.0,8.699999999999989,160,304.0,1,312.7,0
24.4,3977.2,4571.18486258134,1789.0,8.800000000000011,163,303.9,0,312.7,0
33.9,5593.5,5687.0995170874585,1602.0,8.800000000000011,165,303.9,0,312.7,0
49.3,8233.1,7041.900876972544,1364.0,8.899999999999977,167,303.8,1,312.7,0
28.1,4777.0,5276.1268381203545,1793.0,8.800000000000011,170,303.8,0,312.6,0
53.4,9184.8,7974.241800753899,1426.0,8.700000000000045,172,303.9,0,312.6,0
43.3,7534.2,6733.532614071682,1485.0,8.800000000000011,174,303.9,1,312.7,0
38.4,6796.8,6144.452575597061,1528.0,8.800000000000011,177,303.9,0,312.7,0
36.0,6444.0,5899.911003441631,1565.0,8.800000000000011,179,303.8,0,312.6,0
27.8,5031.8,5350.802495496184,1838.0,8.899999999999977,181,303.8,0,312.7,0
24.9,4556.7,4722.222165390425,1811.0,8.800000000000011,183,303.8,2,312.6,0
38.2,7181.6,5844.430477179236,1461.0,8.899999999999977,188,303.8,0,312.7,0
41.7,7923.000000000001,6174.674696924595,1414.0,8.899999999999977,190,303.8,0,312.7,0
45.5,8736.0,6794.531871428884,1426.0,9.0,192,303.7,0,312.7,0
56.8,11019.199999999999,8083.443561392681,1359.0,9.0,194,303.7,0,312.7,1
44.8,8780.8,7224.825345215567,1540.0,9.0,196,303.7,0,312.7,0
47.7,9444.6,7138.044084147905,1429.0,9.099999999999966,198,303.6,0,312.7,0
36.3,7259.999999999999,6127.739302679963,1612.0,9.0,200,303.7,1,312.7,0
31.8,6455.400000000001,5611.1986385767295,1685.0,9.100000000000023,203,303.7,1,312.8,0
37.7,7766.200000000001,6150.882368561409,1558.0,9.100000000000023,206,303.7,1,312.8,0
24.3,5078.7,4608.4336794774035,1811.0,9.300000000000011,209,303.7,0,313.0,0
25.8,5443.8,5049.607535821018,1869.0,9.300000000000011,211,303.8,0,313.1,0
58.7,12503.1,7720.694329658179,1256.0,9.300000000000011,213,303.8,0,313.1,1
23.5,5052.5,4402.575584863176,1789.0,9.199999999999989,215,303.8,1,313.0,0
40.5,0.0,6370.2074236840235,1502.0,9.199999999999989,0,303.7,0,312.9,0
54.4,108.8,7422.871346097867,1303.0,9.300000000000011,2,303.7,1,313.0,0
13.0,65.0,2580.451845781096,1895.5,9.300000000000011,5,303.8,0,313.1,1
37.4,261.8,5870.861743371437,1499.0,9.300000000000011,7,303.9,0,313.2,0
46.5,418.5,6783.1697779984015,1393.0,9.300000000000011,9,303.9,0,313.2,0
41.0,451.0,6332.927190861425,1475.0,9.100000000000023,11,303.9,1,313.0,0
34.6,484.40000000000003,5699.456448191579,1573.0,9.099999999999966,14,303.8,0,312.9,0
23.7,379.2,4514.500059135068,1819.0,9.099999999999966,16,303.8,0,312.9,0
29.4,529.1999999999999,5055.325234450551,1642.0,9.100000000000023,18,303.5,1,312.6,0
39.8,835.8,6418.483230794186,1540.0,9.0,21,303.6,0,312.6,0
43.2,993.6,6333.450789637023,1400.0,9.199999999999989,23,303.6,1,312.8,0
12.800000000000011,332.8000000000003,2540.7525866152355,1895.5,9.199999999999989,26,303.6,1,312.8,1
25.2,730.8,4816.061537953153,1825.0,9.199999999999989,29,303.6,1,312.8,0
41.3,1321.6,6625.786458029064,1532.0,9.199999999999989,32,303.7,1,312.9,0
23.6,826.0,4527.579556549515,1832.0,9.100000000000023,35,303.7,0,312.8,0
17.6,651.2,3493.5348065959456,1895.5,9.099999999999966,37,303.6,1,312.7,0
31.7,1268.0,5401.0156180760605,1627.0,9.100000000000023,40,303.7,0,312.8,0
51.3,2154.6,7719.74137988659,1437.0,9.100000000000023,42,303.7,0,312.8,0
46.3,2037.1999999999998,6613.387639022897,1364.0,9.100000000000023,44,303.7,0,312.8,0
52.7,2424.2000000000003,7969.047700899965,1444.0,9.199999999999989,46,303.7,1,312.9,0
47.3,2317.7,6766.1318738404325,1366.0,9.100000000000023,49,303.7,1,312.8,0
48.3,2511.6,7293.584336427134,1442.0,9.099999999999966,52,303.8,0,312.9,0
42.8,2311.2,6669.224212452699,1488.0,9.100000000000023,54,303.7,2,312.8,0
40.7,2401.3,6491.169212822743,1523.0,9.100000000000023,59,303.7,0,312.8,0
38.3,2336.2999999999997,6188.61289633102,1543.0,9.100000000000023,61,303.7,0,312.8,0
33.8,2129.3999999999996,5783.588299454713,1634.0,9.100000000000023,63,303.7,1,312.8,0
27.8,1834.8,5283.844684072673,1815.0,9.099999999999966,66,303.8,1,312.9,0
35.2,2428.8,5875.6997960579665,1594.0,9.099999999999966,69,303.8,1,312.9,0
38.6,2779.2000000000003,5869.249059142595,1452.0,9.199999999999989,72,303.8,0,313.0,0
28.4,2101.6,5231.338198855675,1759.0,9.100000000000023,74,303.9,0,313.0,0
47.5,3610.0,7003.657222402845,1408.0,9.100000000000023,76,303.9,0,313.0,0
45.0,3510.0,6988.472857910495,1483.0,9.100000000000023,78,303.9,0,313.0,0
36.6,2928.0,6209.043720554867,1620.0,9.100000000000023,80,303.9,1,313.0,0
39.5,3278.5,6064.006859714138,1466.0,9.100000000000023,83,304.0,1,313.1,0
36.3,3121.7999999999997,5914.864984472718,1556.0,9.0,86,304.1,0,313.1,0
61.1,5376.8,8637.809001045136,1350.0,9.0,88,304.0,0,313.0,0
47.1,4239.0,6924.94985445491,1404.0,9.100000000000023,90,304.0,0,313.1,0
34.5,3174.0,5690.209693814512,1575.0,9.0,92,304.0,1,313.0,0
29.0,2755.0,4977.434680592548,1639.0,9.200000000000045,95,303.9,0,313.1,0
42.8,4151.599999999999,6601.994129665877,1473.0,9.200000000000045,97,303.9,1,313.1,0
40.0,4000.0,6203.5982932886445,1481.0,9.300000000000011,100,303.9,0,313.2,0
54.6,5569.2,7398.702026616251,1294.0,9.300000000000011,102,304.0,0,313.3,0
29.3,3047.2000000000003,5001.31078475983,1630.0,9.300000000000011,104,303.9,1,313.2,0
39.8,4258.599999999999,6768.582316110233,1624.0,9.300000000000011,107,303.9,1,313.2,0
48.3,5313.0,7268.294515565736,1437.0,9.200000000000045,110,303.9,1,313.1,0
45.0,5085.0,7134.55691630242,1514.0,9.199999999999989,113,303.8,1,313.0,0
31.4,3642.3999999999996,5570.211326422895,1694.0,9.100000000000023,116,304.0,1,313.1,0
50.9,6057.099999999999,8336.488377663825,1564.0,9.100000000000023,119,304.0,0,313.1,0
41.1,4973.1,6516.228650222877,1514.0,9.200000000000045,121,303.9,1,313.1,0
40.6,5034.400000000001,6377.4330867872795,1500.0,9.199999999999989,124,304.0,1,313.2,0
37.8,4800.599999999999,6392.826890789869,1615.0,9.199999999999989,127,304.0,0,313.2,0
41.1,5301.900000000001,6826.115349572975,1586.0,9.099999999999966,129,304.1,1,313.2,0
28.5,3762.0,5169.176552216645,1732.0,9.199999999999989,132,304.1,0,313.3,0
32.5,4355.0,5748.329157905924,1689.0,9.199999999999989,134,304.1,2,313.3,0
34.6,4809.400000000001,5746.559394044402,1586.0,9.099999999999966,139,304.1,2,313.2,0
47.1,6782.400000000001,6481.042812502671,1314.0,9.199999999999989,144,304.0,0,313.2,0
35.8,5226.799999999999,5882.129589022313,1569.0,9.099999999999966,146,304.1,0,313.2,0
39.4,5831.2,6056.906860317024,1468.0,9.099999999999966,148,304.1,0,313.2,0
47.5,7125.0,7023.55397587558,1412.0,9.099999999999966,150,304.1,0,313.2,0
46.9,7128.8,7416.148337819185,1510.0,9.099999999999966,152,304.1,1,313.2,0
42.4,6572.0,6260.565840073739,1410.0,9.099999999999966,155,304.1,1,313.2,0
29.3,4629.400000000001,5154.725226010132,1680.0,9.199999999999989,158,304.1,1,313.3,0
67.19999999999999,10819.199999999999,8944.239948476283,1271.0,9.199999999999989,161,304.0,2,313.2,1
45.5,7553.0,7013.710318894333,1472.0,9.100000000000023,166,304.0,2,313.1,0
30.4,5198.4,5415.100425139653,1701.0,9.0,171,304.0,2,313.0,0
39.9,7022.4,6183.910979326149,1480.0,9.100000000000023,176,303.9,0,313.0,0
48.4,8615.199999999999,7263.068999785266,1433.0,9.100000000000023,178,303.9,0,313.0,0
34.3,6173.999999999999,5438.117827314955,1514.0,9.099999999999966,180,303.8,0,312.9,0
35.7,6497.400000000001,6052.623822332632,1619.0,9.099999999999966,182,303.8,0,312.9,0
45.6,8390.4,6580.2543085030375,1378.0,9.099999999999966,184,303.8,2,312.9,0
53.5,10111.5,8011.5848654295705,1430.0,9.0,189,303.9,1,312.9,0
49.9,9580.8,7143.280071903888,1367.0,9.099999999999966,192,303.8,0,312.9,0
42.5,8245.0,6791.599718285534,1526.0,9.0,194,303.9,0,312.9,0
47.9,9388.4,7117.812227458785,1419.0,8.900000000000034,196,303.9,0,312.8,0
42.7,8454.6,6895.104724245807,1542.0,8.800000000000011,198,304.0,0,312.8,0
62.5,12500.0,8920.814139256016,1363.0,8.899999999999977,200,304.0,0,312.9,1
53.9,10887.8,7411.090373646905,1313.0,8.899999999999977,202,304.0,0,312.9,0
46.6,0.0,7295.511179921337,1495.0,8.899999999999977,0,304.0,2,312.9,0
42.1,210.5,6203.0432785865105,1407.0,9.0,5,304.0,0,313.0,0
37.2,260.40000000000003,6100.470278446804,1566.0,8.899999999999977,7,304.1,0,313.0,0
30.9,278.09999999999997,5015.552671456105,1550.0,9.0,9,304.1,0,313.1,0
50.5,555.5,7382.533296425774,1396.0,9.0,11,304.2,1,313.2,0
39.0,546.0,6289.468492486765,1540.0,9.0,14,304.3,1,313.3,0
48.7,827.9000000000001,7037.795862571854,1380.0,9.0,17,304.2,1,313.2,0
31.1,622.0,5236.909289828041,1608.0,8.900000000000034,20,304.2,1,313.1,0
40.9,940.6999999999999,6176.1407734962695,1442.0,8.800000000000011,23,304.2,2,313.0,0
45.3,1268.3999999999999,6679.277308944186,1408.0,8.899999999999977,28,304.1,0,313.0,0
46.8,1404.0,7125.8861205785115,1454.0,9.0,30,304.0,1,313.0,0
34.6,1141.8,6036.423676215621,1666.0,9.0,33,304.1,0,313.1,0
46.6,1631.0,6665.998843995014,1366.0,9.099999999999966,35,304.1,0,313.2,0
44.9,1661.3,6883.606495133667,1464.0,9.0,37,304.2,0,313.2,0
24.9,971.0999999999999,4628.351376901162,1775.0,9.0,39,304.3,0,313.3,0
43.8,1795.8,6797.5268564253065,1482.0,9.099999999999966,41,304.3,1,313.4,0
54.8,2411.2,8097.224681166428,1411.0,9.199999999999989,44,304.2,1,313.4,0
51.6,2425.2000000000003,7618.990503485966,1410.0,9.100000000000023,47,304.2,0,313.3,0
39.0,1911.0,6101.601251802096,1494.0,9.199999999999989,49,304.1,1,313.3,0
43.4,2256.7999999999997,7226.291421787242,1590.0,9.099999999999966,52,304.1,2,313.2,0
54.1,3083.7000000000003,7517.904523868958,1327.0,9.0,57,304.1,0,313.1,0
20.8,1227.2,4128.722953249754,1895.5,9.0,59,304.1,0,313.1,0
56.0,3416.0,8075.149756787204,1377.0,9.0,61,304.0,1,313.0,0
45.9,2937.6,7407.027247148262,1541.0,9.0,64,304.0,0,313.0,0
28.2,1861.2,4975.9686040208735,1685.0,9.0,66,304.0,1,313.0,0
41.0,2829.0,6289.992091262364,1465.0,9.100000000000023,69,304.0,0,313.1,0
47.2,3351.2000000000003,7330.131530963897,1483.0,9.200000000000045,71,303.9,1,313.1,0
40.7,3011.8,6691.48763239114,1570.0,9.300000000000011,74,303.9,1,313.2,0
48.2,3711.4,6788.877004652424,1345.0,9.300000000000011,77,303.9,0,313.2,0
40.6,3207.4,6836.608269035964,1608.0,9.300000000000011,79,303.9,1,313.2,0
52.8,4329.599999999999,7823.82234450002,1415.0,9.300000000000011,82,304.0,1,313.3,0
45.8,3892.9999999999995,7050.362233186213,1470.0,9.399999999999977,85,304.1,1,313.5,0
39.9,3511.2,5966.638431403878,1428.0,9.399999999999977,88,304.1,1,313.5,0
32.2,2930.2000000000003,5486.205138865904,1627.0,9.300000000000011,91,304.2,2,313.5,0
49.4,4742.4,7537.288150541608,1457.0,9.199999999999989,96,304.2,0,313.4,0
40.2,3939.6000000000004,6209.357879820227,1475.0,9.199999999999989,98,304.2,0,313.4,0
50.1,5010.0,7544.409093889744,1438.0,9.300000000000011,100,304.2,0,313.5,0
47.2,4814.400000000001,7102.763998648092,1437.0,9.300000000000011,102,304.2,1,313.5,0
42.4,4452.0,6740.098542717685,1518.0,9.299999999999955,105,304.1,1,313.4,0
33.6,3628.8,5583.992446196642,1587.0,9.399999999999977,108,304.1,1,313.5,0
43.7,4850.700000000001,6402.178364922056,1399.0,9.299999999999955,111,304.1,0,313.4,0
44.6,5039.8,6860.9660840767965,1469.0,9.399999999999977,113,304.1,0,313.5,0
56.6,6509.0,8143.887804047749,1374.0,9.299999999999955,115,304.1,0,313.4,0
36.7,4293.900000000001,5837.843604582209,1519.0,9.300000000000011,117,304.0,0,313.3,0
44.4,5283.599999999999,7160.317976061856,1540.0,9.300000000000011,119,303.9,0,313.2,0
51.6,6243.6,7532.533873659176,1394.0,9.400000000000034,121,303.9,0,313.3,0
45.8,5633.4,6661.872885643299,1389.0,9.399999999999977,123,304.0,1,313.4,0
26.2,3301.2,4752.014935721969,1732.0,9.5,126,304.0,1,313.5,0
37.4,4824.599999999999,6094.103317335528,1556.0,9.5,129,304.1,0,313.6,0
43.7,5724.700000000001,6594.381003468679,1441.0,9.5,131,304.1,1,313.6,0
46.7,6257.8,6758.550163569769,1382.0,9.5,134,304.1,0,313.6,0
44.9,6106.4,6963.5390842165025,1481.0,9.600000000000023,136,304.2,1,313.8,0
18.4,2557.6,3652.3318432593974,1895.5,9.5,139,304.2,1,313.7,0
53.9,7653.8,7907.797116130475,1401.0,9.600000000000023,142,304.2,0,313.8,0
31.4,4521.599999999999,5297.290700630037,1611.0,9.5,144,304.1,0,313.6,0
33.4,4876.4,5288.431409346914,1512.0,9.400000000000034,146,304.2,1,313.6,0
46.0,6854.0,6796.940425796637,1411.0,9.400000000000034,149,304.2,0,313.6,0
43.7,6598.700000000001,6516.5846973902835,1424.0,9.400000000000034,151,304.2,1,313.6,0
40.0,6160.0,6153.332810831208,1469.0,9.400000000000034,154,304.2,0,313.6,0
29.8,4648.8,5255.17241512091,1684.0,9.300000000000011,156,304.2,2,313.5,0
41.3,6649.299999999999,6625.786458029064,1532.0,9.300000000000011,161,304.2,1,313.5,0
37.3,6117.2,6081.714970304873,1557.0,9.300000000000011,164,304.2,1,313.5,0
48.1,8032.7,7132.420633297979,1416.0,9.199999999999989,167,304.3,1,313.5,0
25.4,4318.0,4793.106967630923,1802.0,9.199999999999989,170,304.3,0,313.5,0
15.1,2597.2,2997.2940670226576,1895.5,9.199999999999989,172,304.3,1,313.5,0
42.5,7437.5,6382.145475767665,1434.0,9.199999999999989,175,304.2,0,313.4,0
28.3,5009.1,5112.1566455539905,1725.0,9.199999999999989,177,304.1,1,313.3,0
35.7,6426.000000000001,6235.810089963453,1668.0,9.100000000000023,180,304.2,0,313.3,0
43.9,7989.8,6675.130406641448,1452.0,9.199999999999989,182,304.1,0,313.3,0
50.0,9200.0,7408.922674715928,1415.0,9.199999999999989,184,304.1,0,313.3,0
25.8,4798.8,4928.027900127094,1824.0,9.099999999999966,186,304.1,0,313.2,0
45.5,8554.0,6851.708857724218,1438.0,9.199999999999989,188,304.1,0,313.3,0
24.5,4655.0,4831.088822812824,1883.0,9.199999999999989,190,304.1,0,313.3,0
28.9,5548.799999999999,5250.80560133242,1735.0,9.199999999999989,192,304.2,0,313.4,0
36.7,7119.8,5626.466778873176,1464.0,9.199999999999989,194,304.3,0,313.5,0
40.3,7898.799999999999,6283.886929538888,1489.0,9.300000000000011,196,304.3,1,313.6,0
38.9,7741.099999999999,6151.133695973695,1510.0,9.200000000000045,199,304.4,1,313.6,0
32.1,6484.200000000001,5327.98406085561,1585.0,9.300000000000011,202,304.3,1,313.6,0
35.0,7175.0,5530.77386664483,1509.0,9.300000000000011,205,304.4,0,313.7,1
39.1,0.0,6420.242522680197,1568.0,9.200000000000045,0,304.4,0,313.6,0
42.0,84.0,6707.300315414208,1525.0,9.199999999999989,2,304.3,1,313.5,0
33.5,167.5,5637.535656989324,1607.0,9.300000000000011,5,304.4,0,313.7,0
32.9,230.29999999999998,5753.617505539467,1670.0,9.199999999999989,7,304.5,0,313.7,0
38.9,350.09999999999997,6456.653581535303,1585.0,9.200000000000045,9,304.4,0,313.6,0
38.4,422.4,6309.323358057453,1569.0,9.200000000000045,11,304.4,0,313.6,0
43.1,560.3000000000001,6801.726118605606,1507.0,9.200000000000045,13,304.4,0,313.6,0
41.5,622.5,6310.203004000458,1452.0,9.199999999999989,15,304.3,0,313.5,0
29.8,506.6,4961.831437079719,1590.0,9.199999999999989,17,304.3,0,313.5,0
56.0,1064.0,8262.807557961634,1409.0,9.300000000000011,19,304.3,0,313.6,0
12.800000000000011,268.80000000000024,2540.7525866152355,1895.5,9.199999999999989,21,304.3,0,313.5,0
31.7,729.1,5457.449094110044,1644.0,9.199999999999989,23,304.2,0,313.4,0
37.6,940.0,6173.941658638757,1568.0,9.199999999999989,25,304.2,0,313.4,0
37.3,1007.0999999999999,6347.326157190377,1625.0,9.100000000000023,27,304.2,2,313.3,0
41.4,1324.8,6425.0596314157,1482.0,9.199999999999989,32,304.2,0,313.4,0
49.6,1686.4,7256.157495947368,1397.0,9.199999999999989,34,304.1,2,313.3,0
50.3,1961.6999999999998,7685.141972795054,1459.0,9.199999999999989,39,304.1,0,313.3,0
44.0,1804.0,6865.427145644894,1490.0,9.199999999999989,41,304.2,0,313.4,0
50.1,2154.3,7523.423254963765,1434.0,9.099999999999966,43,304.1,0,313.2,0
18.9,850.4999999999999,3751.5799911740546,1895.5,9.099999999999966,45,304.1,1,313.2,0
45.9,2203.2,7036.916216628848,1464.0,9.100000000000023,48,304.2,0,313.3,0
23.5,1175.0,4215.546102219464,1713.0,9.199999999999989,50,304.2,1,313.4,0
32.1,1701.3000000000002,5459.0827222899115,1624.0,9.099999999999966,53,304.3,1,313.4,0
43.4,2430.4,6458.213905886585,1421.0,9.199999999999989,56,304.2,0,313.4,0
41.4,2401.2,6702.525094580751,1546.0,9.300000000000011,58,304.2,2,313.5,0
32.7,2060.1000000000004,5612.486691564702,1639.0,9.199999999999989,63,304.2,0,313.4,0
29.6,1924.0,5257.099258615112,1696.0,9.299999999999955,65,304.1,2,313.4,0
39.9,2793.0,6142.127797033404,1470.0,9.199999999999989,70,304.1,0,313.3,0
38.4,2764.7999999999997,5951.433122960504,1480.0,9.199999999999989,72,304.1,1,313.3,0
54.5,4087.5,7584.904223194517,1329.0,9.199999999999989,75,304.2,1,313.4,0
28.2,2199.6,5138.388944211465,1740.0,9.199999999999989,78,304.2,0,313.4,0
28.1,2248.0,5117.225081701782,1739.0,9.300000000000011,80,304.2,1,313.5,0
47.8,3967.3999999999996,6957.7899696604345,1390.0,9.300000000000011,83,304.2,1,313.5,0
23.7,2038.2,4318.433261624529,1740.0,9.199999999999989,86,304.2,0,313.4,0
27.1,2384.8,5233.097490741686,1844.0,9.300000000000011,88,304.0,1,313.3,0
53.2,4841.2,7732.67426964387,1388.0,9.100000000000023,91,304.0,2,313.1,0
43.1,4137.6,6846.860333062179,1517.0,9.199999999999989,96,304.0,2,313.2,0
42.8,4322.799999999999,6498.908002726084,1450.0,9.100000000000023,101,304.0,1,313.1,0
38.7,4024.8,6419.40476463924,1584.0,9.199999999999989,104,304.0,0,313.2,0
28.7,3042.2,5169.385991726885,1720.0,9.100000000000023,106,304.0,0,313.1,0
31.9,3445.2,5298.1284586709935,1586.0,9.200000000000045,108,303.9,0,313.1,0
22.5,2475.0,4466.166656159589,1895.5,9.100000000000023,110,303.9,1,313.0,0
42.4,4791.2,6202.844311051783,1397.0,9.0,113,304.0,0,313.0,0
21.1,2426.5,4188.271841998549,1895.5,9.0,115,304.0,0,313.0,0
15.0,1755.0,2977.4444374397262,1895.5,9.0,117,304.0,0,313.0,0
35.7,4248.3,6161.0401848080155,1648.0,9.100000000000023,119,304.0,0,313.1,0
30.6,3702.6000000000004,5229.620794871714,1632.0,9.199999999999989,121,304.0,0,313.2,0
46.9,5768.7,7008.505747064885,1427.0,9.099999999999966,123,304.1,1,313.2,0
48.0,6048.0,7298.548052819807,1452.0,9.099999999999966,126,304.1,0,313.2,0
46.0,5888.0,6821.025969474159,1416.0,9.199999999999989,128,304.0,0,313.2,0
62.9,8177.0,8628.803102104845,1310.0,9.200000000000045,130,303.9,0,313.1,0
39.8,5253.599999999999,5868.327525297541,1408.0,9.100000000000023,132,304.0,2,313.1,0
34.4,4712.8,6008.735772961982,1668.0,9.200000000000045,137,303.9,1,313.1,0
36.8,5152.0,5977.0685190137965,1551.0,9.100000000000023,140,303.9,0,313.0,0
36.0,5112.0,5718.9552665948595,1517.0,9.100000000000023,142,303.9,2,313.0,0
35.8,5262.599999999999,5885.878556255596,1570.0,9.099999999999966,147,303.8,2,312.9,0
53.3,8101.599999999999,7970.471889569591,1428.0,9.0,152,303.8,0,312.8,0
40.0,6160.0,6295.751677793945,1503.0,9.0,154,303.8,0,312.8,0
58.7,9157.2,8704.222269742024,1416.0,9.0,156,303.8,0,312.8,0
47.3,7473.4,6914.72920635523,1396.0,9.0,158,303.7,1,312.7,0
51.1,8227.1,7143.82461463051,1335.0,9.0,161,303.7,0,312.7,0
30.5,4971.5,5337.09467955102,1671.0,8.900000000000034,163,303.7,1,312.6,0
22.4,3718.3999999999996,4446.317026576658,1895.5,9.0,166,303.7,0,312.7,0
43.3,7274.4,6656.4484023281,1468.0,9.0,168,303.7,0,312.7,0
27.6,4692.0,4945.243827868766,1711.0,8.900000000000034,170,303.7,2,312.6,0
41.3,7227.499999999999,6435.489719025619,1488.0,8.899999999999977,175,303.8,1,312.7,0
29.3,5215.400000000001,5105.632604810036,1664.0,8.899999999999977,178,303.8,0,312.7,0
38.5,6930.0,6075.7878321651,1507.0,8.899999999999977,180,303.8,1,312.7,0
42.5,7777.5,6524.564342730402,1466.0,8.900000000000034,183,303.7,0,312.6,0
53.6,9916.0,8043.3987270349235,1433.0,8.800000000000011,185,303.7,0,312.5,0
45.7,8545.9,6685.612854128926,1397.0,8.800000000000011,187,303.7,0,312.5,0
43.3,8183.7,6479.608151857531,1429.0,8.900000000000034,189,303.7,1,312.6,0
37.2,7142.400000000001,6123.843727789512,1572.0,9.0,192,303.7,0,312.7,0
42.7,8283.800000000001,6850.389388809711,1532.0,9.0,194,303.7,1,312.7,0
51.8,10204.599999999999,7138.620042801063,1316.0,9.0,197,303.7,1,312.7,0
47.9,9580.0,7122.8283037290175,1420.0,9.0,200,303.8,1,312.8,0
37.2,7551.6,6190.068500927185,1589.0,9.099999999999966,203,303.8,0,312.9,0
59.9,12279.5,8562.2536977263,1365.0,9.199999999999989,205,303.8,0,313.0,1
32.9,6810.299999999999,5626.142147632304,1633.0,9.199999999999989,207,303.8,0,313.0,0
31.4,6562.599999999999,5346.613705291396,1626.0,9.100000000000023,209,303.9,0,313.0,0
29.6,0.0,5161.008411317312,1665.0,9.200000000000045,0,303.9,0,313.1,0
47.2,94.4,6672.742796224721,1350.0,9.300000000000011,2,303.9,1,313.2,0
31.9,159.5,5311.490699424263,1590.0,9.300000000000011,5,303.9,0,313.2,0
53.9,377.3,8110.995328964664,1437.0,9.199999999999989,7,304.0,1,313.2,0
48.3,483.0,7096.323733708232,1403.0,9.100000000000023,10,303.9,0,313.0,0
41.1,493.20000000000005,6197.733987001943,1440.0,9.200000000000045,12,303.9,0,313.1,0
61.4,859.6,8635.211951118168,1343.0,9.200000000000045,14,303.9,1,313.1,0
26.7,453.9,5004.871256433899,1790.0,9.200000000000045,17,303.9,2,313.1,0
18.6,409.20000000000005,3692.031102425261,1895.5,9.300000000000011,22,303.8,1,313.1,0
42.2,1055.0,6443.155205100379,1458.0,9.300000000000011,25,303.8,0,313.1,0
57.8,1560.6,8358.919349210459,1381.0,9.299999999999955,27,303.6,0,312.9,0
45.3,1313.6999999999998,6878.5171150348515,1450.0,9.299999999999955,29,303.6,0,312.9,0
50.1,1553.1000000000001,7665.077667714128,1461.0,9.199999999999989,31,303.7,0,312.9,0
41.0,1353.0,6487.493549418042,1511.0,9.199999999999989,33,303.7,1,312.9,0
45.4,1634.3999999999999,6627.461974110979,1394.0,9.300000000000011,36,303.8,0,313.1,0
42.3,1607.3999999999999,6640.0388167008505,1499.0,9.199999999999989,38,303.8,0,313.0,0
44.1,1764.0,6728.631729532083,1457.0,9.300000000000011,40,303.7,0,313.0,0
29.0,1218.0,5323.6381910181435,1753.0,9.300000000000011,42,303.7,0,313.0,0
28.0,1232.0,4967.067424835702,1694.0,9.300000000000011,44,303.7,0,313.0,0
28.4,1306.3999999999999,5005.311079405402,1683.0,9.400000000000034,46,303.7,0,313.1,0
47.4,2275.2,7425.7197234371215,1496.0,9.400000000000034,48,303.7,0,313.1,0
34.8,1739.9999999999998,6271.749909920519,1721.0,9.400000000000034,50,303.7,0,313.1,0
31.6,1643.2,5271.466809017529,1593.0,9.399999999999977,52,303.6,0,313.0,0
38.3,2068.2,6316.957428205676,1575.0,9.399999999999977,54,303.6,0,313.0,0
41.0,2296.0,6289.992091262364,1465.0,9.5,56,303.5,0,313.0,0
38.3,2221.3999999999996,5635.127102621571,1405.0,9.5,58,303.6,0,313.1,0
21.6,1296.0,4287.519989913206,1895.5,9.5,60,303.5,1,313.0,0
39.9,2513.7,5941.568522028231,1422.0,9.5,63,303.4,1,312.9,0
52.9,3491.4,7378.847161045563,1332.0,9.399999999999977,66,303.5,0,312.9,0
54.3,3692.3999999999996,7431.971492817765,1307.0,9.5,68,303.4,1,312.9,0
59.5,4224.5,8237.151217957318,1322.0,9.5,71,303.5,0,313.0,0
40.3,2941.8999999999996,6528.65888515558,1547.0,9.5,73,303.5,0,313.0,0
23.6,1770.0,4684.512581571837,1895.5,9.600000000000023,75,303.5,0,313.1,0
51.9,3996.2999999999997,7625.24227286661,1403.0,9.5,77,303.5,1,313.0,0
51.6,4128.0,7527.1303342950005,1393.0,9.5,80,303.5,0,313.0,0
38.5,3157.0,5974.995067862427,1482.0,9.5,82,303.5,0,313.0,0
44.7,3754.8,7358.489640650301,1572.0,9.399999999999977,84,303.5,1,312.9,0
36.9,3210.2999999999997,5966.261440285448,1544.0,9.399999999999977,87,303.5,0,312.9,0
46.1,4102.900000000001,7202.750420836342,1492.0,9.5,89,303.5,1,313.0,0
35.8,3293.6,5672.187423958419,1513.0,9.400000000000034,92,303.4,0,312.8,0
43.9,4126.599999999999,6661.3388148921895,1449.0,9.400000000000034,94,303.4,0,312.8,0
22.3,2140.8,4383.26526201911,1877.0,9.300000000000011,96,303.5,0,312.8,0
53.4,5233.2,7694.640054584407,1376.0,9.400000000000034,98,303.4,0,312.8,0
23.3,2330.0,4594.464064144441,1883.0,9.399999999999977,100,303.5,1,312.9,0
38.7,3986.1000000000004,6151.929566112605,1518.0,9.400000000000034,103,303.4,1,312.8,0
42.8,4536.799999999999,6445.123936496627,1438.0,9.399999999999977,106,303.5,1,312.9,0
54.1,5896.900000000001,7869.155526491322,1389.0,9.5,109,303.4,0,312.9,0
44.8,4972.799999999999,7055.933324158579,1504.0,9.399999999999977,111,303.5,0,312.9,0
64.4,7277.200000000001,8598.539092875264,1275.0,9.399999999999977,113,303.5,0,312.9,0
39.7,4565.5,6377.412142836256,1534.0,9.399999999999977,115,303.6,0,313.0,0
38.2,4469.400000000001,5584.411325217121,1396.0,9.399999999999977,117,303.6,1,313.0,0
44.1,5292.0,6442.306975083909,1395.0,9.5,120,303.6,0,313.1,0
30.9,3769.7999999999997,5232.353980480336,1617.0,9.399999999999977,122,303.6,0,313.0,0
41.2,5108.8,6139.467915253365,1423.0,9.400000000000034,124,303.7,0,313.1,0
34.0,4284.0,5718.117508553902,1606.0,9.5,126,303.5,0,313.0,0
44.0,5632.0,6916.11150712281,1501.0,9.399999999999977,128,303.5,0,312.9,0
30.4,3952.0,5150.8715390217285,1618.0,9.399999999999977,130,303.5,1,312.9,0
35.8,4761.4,5705.928129057973,1522.0,9.399999999999977,133,303.6,0,313.0,0
41.4,5589.0,6416.388835691793,1480.0,9.299999999999955,135,303.6,0,312.9,0
39.9,5466.3,6137.949478804129,1469.0,9.300000000000011,137,303.7,1,313.0,0
52.4,7336.0,7577.982247381106,1381.0,9.399999999999977,140,303.8,2,313.2,0
41.9,6075.5,6691.33055275846,1525.0,9.399999999999977,145,303.8,0,313.2,0
29.6,4351.2,5368.688629670622,1732.0,9.399999999999977,147,303.8,1,313.2,0
39.8,5970.0,6347.629844480224,1523.0,9.300000000000011,150,303.8,0,313.1,0
42.4,6444.8,6313.847251478622,1422.0,9.300000000000011,152,303.8,0,313.1,0
46.9,7222.599999999999,7396.502911758736,1506.0,9.399999999999977,154,303.8,2,313.2,0
39.4,6264.599999999999,6316.842236475045,1531.0,9.399999999999977,159,303.8,0,313.2,0
34.3,5522.299999999999,5412.974614110725,1507.0,9.400000000000034,161,303.9,1,313.3,0
40.7,6674.8,6503.955494922853,1526.0,9.400000000000034,164,303.9,0,313.3,0
52.1,8648.6,7670.99433387839,1406.0,9.5,166,303.8,0,313.3,0
35.0,5880.0,5743.35496953774,1567.0,9.400000000000034,168,303.9,1,313.3,0
49.1,8396.1,7527.507325413432,1464.0,9.5,171,303.9,1,313.4,0
48.5,8439.0,7323.785513803645,1442.0,9.5,174,303.9,0,313.4,0
47.8,8412.8,6687.487337745568,1336.0,9.399999999999977,176,303.8,0,313.2,0
50.2,8935.6,7249.308823962543,1379.0,9.399999999999977,178,303.8,2,313.2,0
48.6,8893.800000000001,7155.668418934544,1406.0,9.400000000000034,183,303.7,0,313.1,0
18.1,3348.5000000000005,3592.7829545106033,1895.5,9.400000000000034,185,303.7,1,313.1,0
49.1,9230.800000000001,6967.057667988524,1355.0,9.400000000000034,188,303.7,0,313.1,0
26.5,5035.0,4745.375703247382,1710.0,9.399999999999977,190,303.8,1,313.2,0
55.8,10769.4,7648.9612974012125,1309.0,9.300000000000011,193,303.8,0,313.1,0
37.2,7254.000000000001,5808.302161662953,1491.0,9.200000000000045,195,303.9,0,313.1,0
44.1,8687.7,6839.467118350731,1481.0,9.300000000000011,197,303.9,0,313.2,0
49.3,9810.699999999999,7356.824596543897,1425.0,9.200000000000045,199,303.9,0,313.1,0
29.1,5849.1,5119.539388289927,1680.0,9.300000000000011,201,303.9,2,313.2,0
31.7,6530.2,5351.221374516662,1612.0,9.199999999999989,206,304.0,2,313.2,0
34.8,7342.799999999999,5575.698641591164,1530.0,9.300000000000011,211,304.0,0,313.3,0
42.6,9073.800000000001,6606.832182352407,1481.0,9.199999999999989,213,304.0,0,313.2,0
48.0,10320.0,7147.751605447497,1422.0,9.300000000000011,215,303.9,1,313.2,1
43.0,0.0,6425.708893897443,1427.0,9.199999999999989,0,303.8,0,313.0,0
49.8,99.6,7613.963955240222,1460.0,9.199999999999989,2,303.7,2,312.9,0
23.5,164.5,4609.292381469384,1873.0,9.299999999999955,7,303.6,0,312.9,0
32.6,293.40000000000003,5346.111050466823,1566.0,9.199999999999989,9,303.7,1,312.9,0
30.8,369.6,5486.351746523072,1701.0,9.199999999999989,12,303.6,0,312.8,0
27.2,380.8,4870.725250125615,1710.0,9.199999999999989,14,303.6,0,312.8,0
33.1,529.6,5854.452157744187,1689.0,9.199999999999989,16,303.6,1,312.8,0
32.9,625.1,5639.923267406051,1637.0,9.099999999999966,19,303.6,0,312.7,0
39.0,819.0,6109.76939270143,1496.0,9.100000000000023,21,303.5,0,312.6,0
47.0,1081.0,6900.403543854861,1402.0,9.199999999999989,23,303.5,1,312.7,0
45.5,1183.0,6494.35269337838,1363.0,9.300000000000011,26,303.4,0,312.7,0
49.9,1397.2,8235.41287002233,1576.0,9.300000000000011,28,303.4,1,312.7,0
55.3,1714.3,7858.390335665019,1357.0,9.300000000000011,31,303.4,1,312.7,0
48.4,1645.6,7090.7421707603535,1399.0,9.300000000000011,34,303.4,1,312.7,0
30.8,1139.6000000000001,4921.912266428105,1526.0,9.400000000000034,37,303.4,1,312.8,0
27.3,1092.0,4842.89073921481,1694.0,9.199999999999989,40,303.5,0,312.7,0
49.1,2062.2000000000003,7301.270766452918,1420.0,9.199999999999989,42,303.5,1,312.7,0
16.7,751.5,3314.8881403495616,1895.5,9.199999999999989,45,303.5,1,312.7,0
41.9,2011.1999999999998,6169.187381756325,1406.0,9.199999999999989,48,303.7,1,312.9,0
45.5,2320.5,6937.47433716722,1456.0,9.300000000000011,51,303.7,0,313.0,0
31.9,1690.6999999999998,5304.809579047628,1588.0,9.299999999999955,53,303.6,0,312.9,0
44.5,2447.5,6747.722140890397,1448.0,9.100000000000023,55,303.7,0,312.8,0
46.2,2633.4,6787.787919199179,1403.0,9.099999999999966,57,303.6,2,312.7,0
51.6,3199.2000000000003,7591.972806665094,1405.0,9.100000000000023,62,303.5,1,312.6,0
12.800000000000011,832.0000000000007,2540.7525866152355,1895.5,9.200000000000045,65,303.4,1,312.6,1
38.9,2645.2,6130.765703602921,1505.0,9.099999999999966,68,303.3,1,312.4,0
33.7,2392.7000000000003,5868.819708146605,1663.0,9.199999999999989,71,303.2,0,312.4,0
44.4,3241.2,6890.643662677709,1482.0,9.300000000000011,73,303.3,1,312.6,0
32.7,2485.2000000000003,5732.3384512991515,1674.0,9.199999999999989,76,303.3,1,312.5,0
32.8,2591.2,5475.083900872195,1594.0,9.300000000000011,79,303.4,1,312.7,0
49.3,4042.6,7191.618710867122,1393.0,9.199999999999989,82,303.5,0,312.7,0
55.8,4687.2,8204.080719290529,1404.0,9.300000000000011,84,303.5,2,312.8,0
45.7,4067.3,6580.327612331621,1375.0,9.300000000000011,89,303.5,1,312.8,0
38.4,3532.7999999999997,6462.1304247280605,1607.0,9.300000000000011,92,303.5,0,312.8,0
50.8,4775.2,7234.878441707054,1360.0,9.400000000000034,94,303.4,0,312.8,0
39.4,3782.3999999999996,6287.960528013043,1524.0,9.300000000000011,96,303.5,0,312.8,0
35.5,3479.0,5702.723704551312,1534.0,9.300000000000011,98,303.4,0,312.7,0
63.8,6380.0,8431.573915312478,1262.0,9.399999999999977,100,303.3,0,312.7,0
34.6,3529.2000000000003,5880.62162454859,1623.0,9.300000000000011,102,303.3,0,312.6,0
33.6,3494.4,5777.514553657773,1642.0,9.399999999999977,104,303.3,1,312.7,0
35.1,3755.7000000000003,5961.926042423494,1622.0,9.400000000000034,107,303.4,1,312.8,0
34.5,3795.0,5527.632273991241,1530.0,9.399999999999977,110,303.5,1,312.9,0
36.3,4101.9,6044.110106241402,1590.0,9.400000000000034,113,303.4,1,312.8,0
34.0,3944.0,5657.589490094739,1589.0,9.300000000000011,116,303.4,0,312.7,0
37.5,4425.0,5741.260574435347,1462.0,9.200000000000045,118,303.4,0,312.6,0
49.8,5976.0,6925.578172985626,1328.0,9.199999999999989,120,303.3,2,312.5,0
29.0,3625.0,5138.388944211465,1692.0,9.300000000000011,125,303.3,2,312.6,0
20.6,2678.0,4089.023694083891,1895.5,9.199999999999989,130,303.3,0,312.5,0
24.2,3194.4,4630.016421007565,1827.0,9.300000000000011,132,303.3,2,312.6,0
47.1,6452.7,6890.423751191956,1397.0,9.300000000000011,137,303.3,1,312.6,0
44.0,6160.0,6741.020076562739,1463.0,9.300000000000011,140,303.3,0,312.6,0
30.7,4359.4,5282.07492021115,1643.0,9.399999999999977,142,303.3,0,312.7,0
57.0,8208.0,7646.3223595721975,1281.0,9.400000000000034,144,303.2,0,312.6,0
39.9,5825.4,6342.687072038576,1518.0,9.300000000000011,146,303.2,0,312.5,0
35.3,5224.4,5918.268376514107,1601.0,9.400000000000034,148,303.2,0,312.6,0
36.4,5460.0,5900.6649856784925,1548.0,9.5,150,303.1,0,312.6,0
40.6,6171.2,5969.277369232894,1404.0,9.5,152,303.1,2,312.6,0
26.7,4191.9,4937.766837353221,1766.0,9.399999999999977,157,303.1,1,312.5,0
30.0,4800.0,5237.034953534185,1667.0,9.399999999999977,160,303.1,1,312.5,0
37.9,6177.7,5981.1002295859025,1507.0,9.5,163,303.0,2,312.5,0
37.1,6232.8,6321.062442606368,1627.0,9.399999999999977,168,303.0,2,312.4,0
47.7,8252.1,7168.014878063151,1435.0,9.400000000000034,173,302.9,0,312.3,0
46.8,8189.999999999999,7395.434770256516,1509.0,9.400000000000034,175,302.9,2,312.3,0
25.0,4500.0,4735.950925286613,1809.0,9.400000000000034,180,302.9,1,312.3,0
40.8,7466.4,6472.937503456409,1515.0,9.400000000000034,183,302.9,0,312.3,0
34.9,6456.5,5591.720764124472,1530.0,9.400000000000034,185,302.9,0,312.3,0
57.5,10752.5,8044.571588292263,1336.0,9.5,187,302.8,2,312.3,0
19.1,3667.2000000000003,3791.2792503399182,1895.5,9.5,192,302.9,0,312.4,0
36.9,7158.599999999999,5989.44639406894,1550.0,9.5,194,302.9,0,312.4,0
41.7,8173.200000000001,6314.412738156269,1446.0,9.5,196,302.9,0,312.4,0
37.5,7425.0,5866.924280578938,1494.0,9.5,198,302.8,0,312.3,0
27.0,5400.0,4668.092523969073,1651.0,9.599999999999966,200,302.8,0,312.4,0
33.8,6827.599999999999,6010.118073729561,1698.0,9.5,202,302.9,0,312.4,0
40.3,8221.199999999999,6347.190021508722,1504.0,9.5,204,302.8,0,312.3,0
46.0,9476.0,6845.11151315168,1421.0,9.5,206,302.9,1,312.4,0
26.9,5622.099999999999,4940.950317908859,1754.0,9.400000000000034,209,302.9,2,312.3,0
42.0,8988.0,6460.999451372768,1469.0,9.300000000000011,214,302.9,0,312.2,0
50.0,10800.0,7503.170454323622,1433.0,9.399999999999977,216,302.8,0,312.2,0
49.0,10682.0,7347.975777236286,1432.0,9.5,218,302.8,1,312.3,0
49.1,10851.1,7023.616807728653,1366.0,9.5,221,302.8,0,312.3,0
47.2,10525.6,7330.131530963897,1483.0,9.5,223,302.8,2,312.3,0
34.4,7843.2,5662.909253654817,1572.0,9.5,228,302.7,0,312.2,0
40.2,9246.0,6234.616284755089,1481.0,9.399999999999977,230,302.8,0,312.2,0
42.6,9883.2,6571.143689807626,1473.0,9.5,232,302.8,0,312.3,0
67.19999999999999,15724.799999999997,8880.905440579912,1262.0,9.5,234,302.8,1,312.3,1
36.8,8721.599999999999,5892.287405268919,1529.0,9.599999999999966,237,302.8,0,312.4,0
39.7,9488.300000000001,6331.681025775501,1523.0,9.599999999999966,239,302.8,0,312.4,0
42.7,10290.7,6331.691497751013,1416.0,9.5,241,302.8,1,312.3,0
23.9,5831.599999999999,4744.06147032063,1895.5,9.5,244,302.9,0,312.4,0
53.8,13234.8,7949.465106692589,1411.0,9.599999999999966,246,302.8,2,312.4,1
46.3,11621.3,7161.270925833444,1477.0,9.699999999999989,251,302.7,0,312.4,1
54.8,13864.4,8343.986312130393,1454.0,9.699999999999989,253,302.6,1,312.3,1
48.5,0.0,7217.128443214272,1421.0,9.600000000000023,0,302.7,0,312.3,0
25.4,50.8,4942.060347313127,1858.0,9.600000000000023,2,302.7,0,312.3,0
46.1,184.4,6864.8197710652,1422.0,9.699999999999989,4,302.8,2,312.5,0
48.7,438.3,7364.18639532881,1444.0,9.699999999999989,9,302.7,0,312.4,0
47.8,525.8,6807.6218408188415,1360.0,9.699999999999989,11,302.7,0,312.4,0
24.8,322.40000000000003,4922.708136567015,1895.5,9.699999999999989,13,302.7,0,312.4,0
33.0,495.0,5625.964124048602,1628.0,9.799999999999955,15,302.6,0,312.4,0
44.2,751.4000000000001,6632.802681622083,1433.0,9.699999999999989,17,302.7,0,312.4,0
51.5,978.5,7641.976489734731,1417.0,9.800000000000011,19,302.7,1,312.5,0
39.4,866.8,6032.151110206737,1462.0,9.800000000000011,22,302.8,0,312.6,0
59.9,1437.6,8330.1633044546,1328.0,9.700000000000045,24,302.9,0,312.6,0
36.4,946.4,5820.617204865024,1527.0,9.800000000000011,26,302.7,2,312.5,0
34.3,1063.3,5509.955579327042,1534.0,9.699999999999989,31,302.6,0,312.3,0
50.3,1659.8999999999999,7427.03919235163,1410.0,9.799999999999955,33,302.6,1,312.4,0
30.3,1090.8,5267.1942430086465,1660.0,9.699999999999989,36,302.6,0,312.3,0
45.8,1740.3999999999999,6647.484391289858,1386.0,9.799999999999955,38,302.6,0,312.4,0
41.6,1664.0,6090.165854543029,1398.0,9.799999999999955,40,302.6,0,312.4,0
53.4,2242.7999999999997,7387.078133797967,1321.0,9.699999999999989,42,302.6,0,312.3,0
34.2,1504.8000000000002,5415.100425139654,1512.0,9.699999999999989,44,302.6,0,312.3,0
36.6,1683.6000000000001,6002.075596536371,1566.0,9.699999999999989,46,302.6,1,312.3,0
44.5,2180.5,6626.5613842169505,1422.0,9.699999999999989,49,302.7,1,312.4,0
31.8,1653.6000000000001,5484.655286490132,1647.0,9.699999999999989,52,302.6,0,312.3,0
45.5,2457.0,6561.059177389603,1377.0,9.599999999999966,54,302.6,0,312.2,0
27.9,1562.3999999999999,5185.984072913351,1775.0,9.699999999999989,56,302.5,0,312.2,0
42.0,2436.0,6834.8489771499535,1554.0,9.699999999999989,58,302.6,0,312.3,0
51.9,3114.0,7733.941378680816,1423.0,9.699999999999989,60,302.7,0,312.4,0
47.3,2932.6,7197.064138133344,1453.0,9.699999999999989,62,302.7,0,312.4,0
34.4,2201.6,5727.751726024911,1590.0,9.599999999999966,64,302.8,0,312.4,0
28.4,1874.3999999999999,5038.025530904783,1694.0,9.699999999999989,66,302.8,0,312.5,0
43.4,2951.2,6644.552238146507,1462.0,9.699999999999989,68,302.8,0,312.5,0
46.2,3234.0,6734.569339647368,1392.0,9.599999999999966,70,302.8,0,312.4,0
45.5,3276.0,7385.360729814005,1550.0,9.600000000000023,72,302.9,0,312.5,0
30.4,2249.6,5185.889825133743,1629.0,9.600000000000023,74,302.9,0,312.5,0
42.1,3199.6,6718.861376379418,1524.0,9.5,76,303.0,1,312.5,0
30.9,2441.1,5432.97608733858,1679.0,9.600000000000023,79,302.9,1,312.5,0
46.4,3804.7999999999997,6773.441312747785,1394.0,9.700000000000045,82,302.9,1,312.6,0
32.1,2728.5,5657.4114665110355,1683.0,9.600000000000023,85,302.9,0,312.5,0
30.5,2653.5,5193.366815649287,1626.0,9.5,87,303.0,0,312.5,0
30.0,2670.0,5334.424325795469,1698.0,9.5,89,303.0,2,312.5,0
42.9,4032.6,6253.528672529698,1392.0,9.600000000000023,94,303.0,1,312.6,0
51.8,5024.599999999999,7339.325925463402,1353.0,9.599999999999966,97,303.1,0,312.7,0
46.8,4633.2,6988.66135346971,1426.0,9.699999999999989,99,303.0,1,312.7,0
19.9,2029.8,3950.07628700337,1895.5,9.699999999999989,102,303.0,0,312.7,0
32.1,3338.4,5539.758821634097,1648.0,9.800000000000011,104,303.0,1,312.8,0
40.1,4290.7,6345.085154430817,1511.0,9.799999999999955,107,303.1,0,312.9,0
44.1,4806.900000000001,6765.5768591382985,1465.0,9.699999999999989,109,303.1,0,312.8,0
41.8,4639.799999999999,6789.170219966758,1551.0,9.699999999999989,111,303.0,0,312.7,0
15.1,1706.3,2997.2940670226576,1895.5,9.699999999999989,113,303.1,0,312.8,0
41.9,4818.5,6296.432356202223,1435.0,9.699999999999989,115,303.1,2,312.8,0
48.8,5856.0,6955.1510318314195,1361.0,9.699999999999989,120,303.0,0,312.7,0
35.8,4367.599999999999,5822.146113289771,1553.0,9.699999999999989,122,303.0,1,312.7,0
42.1,5262.5,6397.026152970168,1451.0,9.600000000000023,125,303.0,0,312.6,0
40.2,5105.400000000001,6150.421601638882,1461.0,9.5,127,303.0,0,312.5,0
23.5,3031.5,4663.432494866249,1895.0,9.5,129,303.1,1,312.6,0
32.9,4342.8,5398.753671365475,1567.0,9.5,132,303.1,1,312.6,0
33.7,4549.5,5653.54730754712,1602.0,9.5,135,303.0,1,312.5,0
42.1,5809.8,6674.774359474042,1514.0,9.5,138,303.1,0,312.6,0
49.1,6874.0,7470.948185673304,1453.0,9.399999999999977,140,303.1,0,312.5,0
36.1,5126.2,5768.864701884889,1526.0,9.399999999999977,142,303.0,1,312.4,0
52.1,7554.5,7305.449084682194,1339.0,9.400000000000034,145,302.9,1,312.3,0
22.8,3374.4,4510.196077199651,1889.0,9.400000000000034,148,302.9,0,312.3,0
34.8,5220.0,5688.670313414253,1561.0,9.5,150,302.9,0,312.4,0
33.1,5031.2,5750.465440910365,1659.0,9.5,152,302.9,1,312.4,0
49.5,7672.5,7381.486098874578,1424.0,9.5,155,302.9,0,312.4,0
44.7,7017.900000000001,6675.067574788377,1426.0,9.400000000000034,157,302.9,1,312.3,0
51.4,8224.0,7444.129456387158,1383.0,9.5,160,302.9,0,312.4,0
29.9,4843.8,5523.296876129287,1764.0,9.5,162,302.8,0,312.3,0
42.5,6970.0,6404.398423730592,1439.0,9.5,164,302.7,1,312.2,0
35.5,5928.5,5892.318821195456,1585.0,9.5,167,302.7,1,312.2,0
61.2,10404.0,8626.310771932996,1346.0,9.600000000000023,170,302.7,0,312.3,0
57.8,9941.6,8389.18335844004,1386.0,9.5,172,302.8,0,312.3,0
51.8,9013.199999999999,7426.117658506576,1369.0,9.5,174,302.7,0,312.2,0
46.9,8254.4,6767.849277824395,1378.0,9.400000000000034,176,302.7,1,312.1,0
46.8,8377.199999999999,6547.581744905702,1336.0,9.5,179,302.7,0,312.2,0
42.0,7602.0,6355.441938212151,1445.0,9.5,181,302.6,1,312.1,0
26.5,4876.0,4892.454599312944,1763.0,9.400000000000034,184,302.7,0,312.1,0
34.1,6342.6,5752.790219474022,1611.0,9.5,186,302.7,0,312.2,0
32.1,6034.8,5257.392473929447,1564.0,9.400000000000034,188,302.7,1,312.1,0
36.0,6876.0,5571.928730406857,1478.0,9.400000000000034,191,302.7,2,312.1,0
28.5,5586.0,5315.41769024125,1781.0,9.399999999999977,196,302.6,0,312.0,0
26.8,5306.400000000001,5001.164177102663,1782.0,9.5,198,302.6,0,312.1,0
21.9,4380.0,4347.068878662,1895.5,9.5,200,302.6,1,312.1,0
25.3,5135.900000000001,4837.822303067018,1826.0,9.5,203,302.5,1,312.0,0
51.0,10506.0,7177.910894921959,1344.0,9.5,206,302.6,0,312.1,0
43.0,8944.0,6844.483194620962,1520.0,9.599999999999966,208,302.6,0,312.2,0
39.9,8379.0,6731.270667361097,1611.0,9.5,210,302.6,1,312.1,0
52.1,11097.300000000001,7911.053900514697,1450.0,9.5,213,302.7,0,312.2,1
35.0,7525.0,5494.12195235295,1499.0,9.5,215,302.6,0,312.1,0
67.19999999999999,0.0,9063.871796724983,1288.0,9.5,0,302.6,0,312.1,1
58.6,117.2,8284.379827516284,1350.0,9.5,2,302.7,1,312.2,0
50.9,254.5,7110.534204477969,1334.0,9.5,5,302.9,1,312.4,0
57.1,456.8,8227.78927184962,1376.0,9.599999999999966,8,302.8,0,312.4,0
49.5,495.0,7091.2029376828805,1368.0,9.599999999999966,10,302.8,0,312.4,0
55.0,660.0,7815.7589233558065,1357.0,9.600000000000023,12,302.9,2,312.5,0
24.0,408.0,4763.911099903562,1895.5,9.600000000000023,17,302.9,1,312.5,0
40.0,800.0,6496.8136076236915,1551.0,9.600000000000023,20,302.9,1,312.5,0
21.2,487.59999999999997,4208.121471581479,1895.5,9.600000000000023,23,302.9,1,312.5,0
48.7,1266.2,7226.49038932197,1417.0,9.400000000000034,26,302.9,2,312.3,0
35.2,1091.2,5901.50274371945,1601.0,9.400000000000034,31,302.7,0,312.1,0
37.5,1237.5,6059.346830611314,1543.0,9.400000000000034,33,302.7,0,312.1,0
52.3,1830.5,7881.177354379058,1439.0,9.5,35,302.6,0,312.1,0
29.3,1084.1000000000001,5084.154583034993,1657.0,9.399999999999977,37,302.6,2,312.0,0
51.0,2142.0,7786.751551187661,1458.0,9.399999999999977,42,302.8,0,312.2,0
27.4,1205.6,5009.83497282657,1746.0,9.399999999999977,44,302.8,0,312.2,0
30.5,1403.0,5356.258394737917,1677.0,9.300000000000011,46,302.9,0,312.2,0
39.9,1915.1999999999998,6351.043708497125,1520.0,9.300000000000011,48,302.8,0,312.1,0
55.1,2755.0,7887.669979196477,1367.0,9.300000000000011,50,302.9,0,312.2,0
36.5,1898.0,5767.807032358181,1509.0,9.399999999999977,52,302.8,0,312.2,0
51.4,2775.6,7632.520295847426,1418.0,9.300000000000011,54,302.8,0,312.1,0
20.3,1136.8,4029.4748053350963,1895.5,9.300000000000011,56,302.8,0,312.1,0
30.9,1792.1999999999998,5442.683608638173,1682.0,9.399999999999977,58,302.8,0,312.2,0
50.3,3018.0,7648.270147017422,1452.0,9.399999999999977,60,302.8,1,312.2,0
24.0,1512.0,4594.2650966097135,1828.0,9.300000000000011,63,302.7,0,312.0,0
41.5,2697.5,6449.270838799366,1484.0,9.300000000000011,65,302.7,2,312.0,0
32.2,2254.0,5644.688016263996,1674.0,9.399999999999977,70,302.6,0,312.0,0
49.5,3564.0,7505.893167956733,1448.0,9.299999999999955,72,302.6,0,311.9,0
19.1,1413.4,3791.2792503399182,1895.5,9.300000000000011,74,302.5,1,311.8,0
47.4,3649.7999999999997,7207.31620215956,1452.0,9.399999999999977,77,302.5,0,311.9,0
45.0,3555.0,7049.733914655495,1496.0,9.399999999999977,79,302.6,1,312.0,0
46.9,3845.7999999999997,6861.165051611523,1397.0,9.299999999999955,82,302.6,0,311.9,0
39.1,3284.4,5949.370143784647,1453.0,9.299999999999955,84,302.6,0,311.9,0
34.8,2992.7999999999997,5553.833156722179,1524.0,9.399999999999977,86,302.5,1,311.9,0
30.9,2750.1,5284.127427411496,1633.0,9.299999999999955,89,302.6,0,311.9,0
45.7,4158.7,6522.899298624,1363.0,9.399999999999977,91,302.6,1,312.0,0
44.9,4220.599999999999,7146.913847406539,1520.0,9.399999999999977,94,302.5,0,311.9,0
38.8,3724.7999999999997,6224.709795920768,1532.0,9.399999999999977,96,302.5,1,311.9,0
50.9,5039.099999999999,7377.045981257503,1384.0,9.400000000000034,99,302.4,0,311.8,0
39.9,4029.8999999999996,6430.431754853339,1539.0,9.400000000000034,101,302.4,1,311.8,0
50.1,5210.400000000001,7108.952936175663,1355.0,9.5,104,302.3,1,311.8,0
37.3,3991.1,5874.694486408817,1504.0,9.399999999999977,107,302.3,1,311.7,0
46.6,5126.0,7202.792308738391,1476.0,9.400000000000034,110,302.4,0,311.8,0
26.9,3012.7999999999997,4847.990591289136,1721.0,9.300000000000011,112,302.4,0,311.7,0
37.1,4229.400000000001,5804.34375491943,1494.0,9.399999999999977,114,302.3,1,311.7,0
43.5,5089.5,6673.528194388117,1465.0,9.399999999999977,117,302.3,0,311.7,0
54.0,6426.0,7707.5834163171985,1363.0,9.5,119,302.3,1,311.8,1
30.0,3660.0,5177.344693115979,1648.0,9.400000000000034,122,302.4,0,311.8,0
23.0,2852.0,4525.673657006336,1879.0,9.5,124,302.3,1,311.8,0
39.0,4953.0,6052.5924064060955,1482.0,9.399999999999977,127,302.3,2,311.7,0
38.4,5068.8,6003.709224716237,1493.0,9.400000000000034,132,302.4,0,311.8,0
42.2,5654.8,6332.675863449138,1433.0,9.400000000000034,134,302.4,0,311.8,0
41.6,5657.6,6098.878538168985,1400.0,9.399999999999977,136,302.3,0,311.7,0
59.0,8142.0,7753.974267835208,1255.0,9.400000000000034,138,302.4,0,311.8,0
45.6,6384.0,7024.34984601449,1471.0,9.5,140,302.2,0,311.7,0
44.2,6276.400000000001,6281.028080224121,1357.0,9.400000000000034,142,302.2,2,311.6,0
41.2,6056.400000000001,6268.901532581265,1453.0,9.399999999999977,147,302.3,0,311.7,0
28.9,4306.099999999999,4660.657421355578,1540.0,9.399999999999977,149,302.3,1,311.7,0
35.2,5350.400000000001,5916.247285240299,1605.0,9.5,152,302.3,0,311.8,0
52.4,8069.599999999999,7539.571041203215,1374.0,9.599999999999966,154,302.3,2,311.9,0
42.3,6725.7,6679.905627474905,1508.0,9.599999999999966,159,302.3,1,311.9,0
47.3,7662.599999999999,6766.1318738404325,1366.0,9.5,162,302.4,2,311.9,0
35.7,5961.900000000001,5903.084012021757,1579.0,9.5,167,302.5,2,312.0,0
59.7,10268.4,8164.810811120657,1306.0,9.399999999999977,172,302.5,0,311.9,0
40.2,6994.8,6403.005650987501,1521.0,9.5,174,302.5,1,312.0,0
44.2,7823.400000000001,6530.973191743726,1411.0,9.5,177,302.5,0,312.0,0
42.0,7518.0,5968.397723289889,1357.0,9.5,179,302.5,2,312.0,0
43.5,8004.0,6541.424223304667,1436.0,9.5,184,302.5,1,312.0,0
40.1,7498.7,6521.454166003348,1553.0,9.399999999999977,187,302.5,0,311.9,0
43.2,8164.8,6564.169354116658,1451.0,9.5,189,302.5,1,312.0,0
37.9,7276.799999999999,6116.042106033096,1541.0,9.5,192,302.4,0,311.9,0
46.3,8982.199999999999,6501.871571795971,1341.0,9.399999999999977,194,302.3,1,311.7,0
32.1,6323.700000000001,5539.758821634097,1648.0,9.399999999999977,197,302.3,0,311.7,0
31.5,6268.5,5409.822549481623,1640.0,9.399999999999977,199,302.3,1,311.7,0
46.1,9312.2,6835.854286799102,1416.0,9.400000000000034,202,302.4,0,311.8,0
29.9,6099.599999999999,5232.102653068048,1671.0,9.5,204,302.4,0,311.9,0
45.5,9373.0,6942.239086025164,1457.0,9.600000000000023,206,302.4,0,312.0,0
54.8,0.0,8292.338528905379,1445.0,9.5,0,302.5,1,312.0,0
38.6,115.80000000000001,6200.708028047342,1534.0,9.600000000000023,3,302.5,0,312.1,0
36.9,184.5,5827.151717584491,1508.0,9.600000000000023,5,302.4,0,312.0,0
47.7,333.90000000000003,7452.737420257995,1492.0,9.700000000000045,7,302.4,1,312.1,0
37.9,379.0,6199.3885591328335,1562.0,9.600000000000023,10,302.4,0,312.0,0
36.4,436.79999999999995,5889.229588419426,1545.0,9.600000000000023,12,302.4,0,312.0,0
25.3,354.2,4604.674240268608,1738.0,9.699999999999989,14,302.5,0,312.2,0
49.1,785.6,6709.970669169759,1305.0,9.600000000000023,16,302.4,0,312.0,0
39.7,714.6,6140.441808975977,1477.0,9.600000000000023,18,302.4,2,312.0,0
43.4,998.1999999999999,6621.828051285541,1457.0,9.600000000000023,23,302.4,2,312.0,0
40.4,1131.2,6155.63664544384,1455.0,9.700000000000045,28,302.4,0,312.1,0
38.7,1161.0,6378.878219407931,1574.0,9.699999999999989,30,302.5,0,312.2,0
27.1,867.2,4810.249591544011,1695.0,9.599999999999966,32,302.6,0,312.2,0
38.8,1319.1999999999998,5924.0384350212,1458.0,9.599999999999966,34,302.6,1,312.2,0
47.6,1761.2,7247.696139733701,1454.0,9.600000000000023,37,302.5,1,312.1,0
18.9,756.0,3751.5799911740546,1895.5,9.5,40,302.5,0,312.0,0
29.9,1255.8,5238.364894424204,1673.0,9.5,42,302.5,0,312.0,0
29.9,1315.6,4940.908430006811,1578.0,9.5,44,302.4,0,311.9,0
29.1,1338.6000000000001,5003.740283078608,1642.0,9.5,46,302.5,1,312.0,0
31.5,1543.5,5136.032749721273,1557.0,9.400000000000034,49,302.4,1,311.8,0
42.9,2230.7999999999997,6653.359169552072,1481.0,9.399999999999977,52,302.5,0,311.9,0
37.6,2030.4,6166.066733053759,1566.0,9.300000000000011,54,302.5,1,311.8,0
57.5,3277.5,7815.7589233558065,1298.0,9.399999999999977,57,302.5,1,311.9,0
59.4,3564.0,8335.27362850444,1340.0,9.399999999999977,60,302.5,1,311.9,0
33.8,2129.3999999999996,5571.216636072043,1574.0,9.5,63,302.5,0,312.0,0
46.7,3035.5,7027.522854594617,1437.0,9.399999999999977,65,302.5,0,311.9,0
48.0,3216.0,6805.946324736928,1354.0,9.299999999999955,67,302.6,0,311.9,0
35.5,2449.5,5940.646988183179,1598.0,9.299999999999955,69,302.6,0,311.9,0
21.4,1519.3999999999999,4247.820730747342,1895.5,9.300000000000011,71,302.7,1,312.0,0
36.7,2715.8,5910.864689827148,1538.0,9.300000000000011,74,302.7,1,312.0,0
37.0,2849.0,5815.821040080545,1501.0,9.300000000000011,77,302.7,0,312.0,0
52.1,4115.900000000001,7861.950807339089,1441.0,9.300000000000011,79,302.8,0,312.1,0
31.0,2511.0,5362.9080991880155,1652.0,9.300000000000011,81,302.7,1,312.0,0
36.6,3074.4,5699.288896583387,1487.0,9.300000000000011,84,302.8,0,312.1,0
33.9,2915.4,5697.749516183128,1605.0,9.300000000000011,86,302.9,0,312.2,0
54.7,4813.6,7641.379587130549,1334.0,9.200000000000045,88,302.9,0,312.1,0
57.8,5202.0,8110.754473527888,1340.0,9.300000000000011,90,302.9,0,312.2,0
37.8,3477.6,5989.069402950509,1513.0,9.300000000000011,92,302.9,0,312.2,0
41.4,3891.6,6546.4507715504105,1510.0,9.300000000000011,94,302.9,0,312.2,0
23.6,2265.6000000000004,4273.026775804645,1729.0,9.300000000000011,96,302.9,0,312.2,0
25.5,2499.0,4659.76730343706,1745.0,9.300000000000011,98,302.9,1,312.2,0
31.6,3191.6000000000004,5370.741136870967,1623.0,9.199999999999989,101,303.1,1,312.3,0
50.1,5210.400000000001,7229.621510000047,1378.0,9.299999999999955,104,303.1,1,312.4,0
41.2,4408.400000000001,6070.436652678485,1407.0,9.299999999999955,107,303.1,0,312.4,0
29.5,3215.5,5171.375667074159,1674.0,9.300000000000011,109,303.0,1,312.3,0
42.4,4748.8,6598.014778971331,1486.0,9.300000000000011,112,303.0,0,312.3,0
38.8,4423.2,6025.61659748727,1483.0,9.300000000000011,114,303.0,1,312.3,0
28.8,3369.6,4897.868610652631,1624.0,9.199999999999989,117,303.0,2,312.2,0
67.19999999999999,8198.399999999998,8845.719602859706,1257.0,9.199999999999989,122,303.0,1,312.2,1
41.4,5175.0,6416.388835691793,1480.0,9.300000000000011,125,303.0,0,312.3,0
61.5,7810.5,9042.131975562143,1404.0,9.299999999999955,127,303.1,0,312.4,1
29.6,3818.4,5099.014316286473,1645.0,9.399999999999977,129,303.0,1,312.4,0
21.9,2890.7999999999997,4347.068878662,1895.5,9.300000000000011,132,303.0,0,312.3,0
38.5,5159.0,6180.612307039879,1533.0,9.300000000000011,134,303.0,0,312.3,0
54.4,7398.4,7360.207044634263,1292.0,9.300000000000011,136,302.9,1,312.2,0
40.6,5643.400000000001,6679.298252895212,1571.0,9.300000000000011,139,302.9,0,312.2,0
36.3,5118.299999999999,5998.494180911278,1578.0,9.400000000000034,141,302.9,0,312.3,0
36.9,5276.7,5676.449517991789,1469.0,9.399999999999977,143,302.8,1,312.2,0
24.4,3562.3999999999996,4415.319979061238,1728.0,9.400000000000034,146,302.7,0,312.1,0
32.5,4810.0,5455.637442346475,1603.0,9.400000000000034,148,302.7,2,312.1,0
39.8,6089.4,6656.050467258647,1597.0,9.400000000000034,153,302.7,0,312.1,0
32.0,4960.0,5656.542292543542,1688.0,9.400000000000034,155,302.7,0,312.1,0
51.4,8069.8,7562.54655547647,1405.0,9.5,157,302.7,0,312.2,0
32.9,5231.099999999999,5564.127108650442,1615.0,9.399999999999977,159,302.8,1,312.2,0
36.8,5961.599999999999,5838.335787431271,1515.0,9.399999999999977,162,302.8,0,312.2,0
52.8,8659.199999999999,7608.183424757617,1376.0,9.5,164,302.7,0,312.2,0
47.5,7885.0,7197.650568762015,1447.0,9.5,166,302.7,0,312.2,0
56.5,9492.0,8005.249320244831,1353.0,9.599999999999966,168,302.6,1,312.2,0
47.3,8088.299999999999,7439.773114574179,1502.0,9.5,171,302.6,0,312.1,0
45.5,7871.5,6894.591597445719,1447.0,9.399999999999977,173,302.6,0,312.0,0
46.1,8067.5,7178.612517281261,1487.0,9.5,175,302.5,1,312.0,0
38.1,6781.8,6060.540635819678,1519.0,9.5,178,302.6,0,312.1,0
28.7,5166.0,5013.102229186305,1668.0,9.5,180,302.6,0,312.1,0
51.6,9391.2,7673.025897127711,1420.0,9.5,182,302.6,0,312.1,0
37.3,6863.2,5753.607033563954,1473.0,9.5,184,302.6,0,312.1,0
38.8,7216.799999999999,6074.374115470983,1495.0,9.5,186,302.5,0,312.0,0
42.0,7896.0,6922.813571450468,1574.0,9.5,188,302.5,0,312.0,0
51.3,9747.0,7429.646714254109,1383.0,9.5,190,302.5,0,312.0,0
29.4,5644.799999999999,4898.308433624133,1591.0,9.5,192,302.5,1,312.0,0
37.2,7254.000000000001,6404.325119902009,1644.0,9.400000000000034,195,302.4,1,311.8,0
14.7,2910.6,2917.8955486909317,1895.5,9.300000000000011,198,302.5,2,311.8,0
44.9,9114.699999999999,6587.3857238266855,1401.0,9.399999999999977,203,302.5,0,311.9,0
51.6,10578.0,7640.604660942665,1414.0,9.399999999999977,205,302.5,1,311.9,0
46.3,9630.4,7059.4519079306,1456.0,9.5,208,302.5,0,312.0,0
45.7,9597.0,6924.89749457735,1447.0,9.5,210,302.5,1,312.0,0
26.5,5644.5,4792.551952928789,1727.0,9.400000000000034,213,302.4,0,311.8,0
36.8,7911.999999999999,5761.262047663201,1495.0,9.300000000000011,215,302.4,0,311.7,0
34.3,0.0,5545.874455333085,1544.0,9.300000000000011,0,302.3,0,311.6,0
47.3,94.6,6870.15000660079,1387.0,9.199999999999989,2,302.3,0,311.5,0
47.2,188.8,6504.68853320869,1316.0,9.199999999999989,4,302.3,1,311.5,0
26.1,182.70000000000002,4903.334981869877,1794.0,9.199999999999989,7,302.3,0,311.5,0
55.1,495.90000000000003,7916.520271731943,1372.0,9.199999999999989,9,302.2,1,311.4,0
30.0,360.0,5259.026102109314,1674.0,9.199999999999989,12,302.3,1,311.5,0
41.7,625.5,6449.783965599453,1477.0,9.199999999999989,15,302.2,0,311.4,0
53.0,901.0,7753.555388814729,1397.0,9.199999999999989,17,302.2,0,311.4,0
34.0,646.0,5753.722225294586,1616.0,9.300000000000011,19,302.2,0,311.5,0
42.3,888.3,6777.35783158926,1530.0,9.199999999999989,21,302.3,1,311.5,0
35.1,842.4000000000001,5656.845979833389,1539.0,9.199999999999989,24,302.2,1,311.4,0
21.9,591.3,4231.254065487413,1845.0,9.099999999999966,27,302.3,0,311.4,0
43.1,1249.9,6454.19266728999,1430.0,9.199999999999989,29,302.2,0,311.4,0
19.2,595.1999999999999,3811.1288799228496,1895.5,9.199999999999989,31,302.2,0,311.4,0
45.3,1494.8999999999999,6793.128626710281,1432.0,9.199999999999989,33,302.2,1,311.4,0
39.5,1422.0,6117.780453968084,1479.0,9.300000000000011,36,302.2,1,311.5,0
45.2,1762.8000000000002,6740.266094325877,1424.0,9.300000000000011,39,302.2,0,311.5,0
37.2,1525.2,5975.811881952361,1534.0,9.400000000000034,41,302.2,2,311.6,0
26.2,1205.2,4666.961550613781,1701.0,9.5,46,302.1,2,311.6,0
50.0,2550.0,7655.014099247129,1462.0,9.400000000000034,51,302.2,0,311.6,0
42.5,2252.5,6199.671302471657,1393.0,9.5,53,302.2,1,311.7,0
42.5,2380.0,6466.70667802679,1453.0,9.399999999999977,56,302.3,1,311.7,0
37.8,2230.2,6194.906553613712,1565.0,9.5,59,302.3,0,311.8,0
51.7,3153.7000000000003,6935.348526138291,1281.0,9.5,61,302.3,0,311.8,0
36.2,2280.6000000000004,6004.714534365387,1584.0,9.5,63,302.2,1,311.7,0
49.0,3234.0,7522.43888926564,1466.0,9.5,66,302.2,1,311.7,0
50.5,3484.5,7329.649820090346,1386.0,9.400000000000034,69,302.2,1,311.6,0
44.3,3189.6,6415.854764940682,1383.0,9.400000000000034,72,302.2,0,311.6,0
53.9,3988.6,8133.572908168461,1441.0,9.300000000000011,74,302.3,2,311.6,0
37.7,2978.3,6285.112150673788,1592.0,9.400000000000034,79,302.2,1,311.6,0
36.8,3017.6,6142.777059515146,1594.0,9.400000000000034,82,302.2,2,311.6,0
45.6,3967.2000000000003,7076.877275182511,1482.0,9.300000000000011,87,302.2,0,311.5,0
31.4,2794.6,5451.836115235631,1658.0,9.400000000000034,89,302.2,0,311.6,0
18.2,1656.2,3612.632584093534,1895.5,9.399999999999977,91,302.3,0,311.7,0
44.6,4147.8,6646.123034473303,1423.0,9.399999999999977,93,302.3,1,311.7,0
31.1,2985.6000000000004,5025.218304853649,1543.0,9.400000000000034,96,302.4,0,311.8,0
44.8,4390.4,6732.223617132686,1435.0,9.5,98,302.3,0,311.8,0
56.4,5640.0,7796.17632914843,1320.0,9.400000000000034,100,302.4,0,311.8,0
55.7,5681.400000000001,7658.58504289671,1313.0,9.5,102,302.4,1,311.9,0
42.1,4420.5,6405.843556351244,1453.0,9.400000000000034,105,302.4,1,311.8,0
45.7,4935.6,7216.8247559244255,1508.0,9.400000000000034,108,302.4,0,311.8,0
42.0,4620.0,6381.8313165023055,1451.0,9.400000000000034,110,302.4,0,311.8,0
34.6,3875.2000000000003,5779.169125788663,1595.0,9.399999999999977,112,302.5,2,311.9,0
49.4,5779.8,7004.453092541754,1354.0,9.399999999999977,117,302.5,0,311.9,0
59.8,7116.2,7921.735315536902,1265.0,9.399999999999977,119,302.5,0,311.9,0
25.9,3133.8999999999996,5063.755174737684,1867.0,9.5,121,302.4,0,311.9,0
41.6,5116.8,6521.4436940278365,1497.0,9.399999999999977,123,302.5,0,311.9,0
54.3,6787.5,7659.422800937666,1347.0,9.399999999999977,125,302.5,1,311.9,0
43.2,5529.6,6984.891442285402,1544.0,9.399999999999977,128,302.3,0,311.7,0
45.4,5902.0,6922.227140821798,1456.0,9.399999999999977,130,302.3,2,311.7,0
52.7,7114.5,7367.506011566103,1335.0,9.300000000000011,135,302.5,0,311.8,0
43.1,5904.7,6553.4879390944525,1452.0,9.5,137,302.4,0,311.9,0
67.19999999999999,9340.8,9077.946131813063,1290.0,9.5,139,302.4,0,311.9,1
43.4,6119.4,6580.924514935802,1448.0,9.400000000000034,141,302.4,0,311.8,0
38.6,5519.8,6511.956084213995,1611.0,9.399999999999977,143,302.3,0,311.7,0
38.6,5597.0,6289.6360440949575,1556.0,9.5,145,302.2,0,311.7,0
46.5,6835.5,6880.559150259685,1413.0,9.5,147,302.2,2,311.7,0
35.9,5456.8,5808.333577589488,1545.0,9.400000000000034,152,302.2,0,311.6,0
54.6,8408.4,7604.539177279453,1330.0,9.5,154,302.2,0,311.7,0
38.0,5928.0,6351.043708497125,1596.0,9.699999999999989,156,302.2,0,311.9,0
36.0,5688.0,6099.716296209942,1618.0,9.600000000000023,158,302.2,0,311.8,0
35.8,5728.0,5987.10067155426,1597.0,9.699999999999989,160,302.2,2,311.9,0
52.2,8613.0,7401.466628151409,1354.0,9.699999999999989,165,302.3,0,312.0,0
28.1,4692.7,5137.82345753382,1746.0,9.699999999999989,167,302.3,0,312.0,0
32.5,5492.5,5516.898499091476,1621.0,9.600000000000023,169,302.4,0,312.0,0
43.3,7404.299999999999,6339.042824560412,1398.0,9.699999999999989,171,302.3,0,312.0,0
51.9,8978.699999999999,7793.725886878629,1434.0,9.599999999999966,173,302.3,0,311.9,0
43.4,7595.0,6558.200328074836,1443.0,9.5,175,302.3,1,311.8,0
44.6,7938.8,6949.705604565197,1488.0,9.5,178,302.2,0,311.7,0
48.0,8640.0,7414.158662471911,1475.0,9.5,180,302.3,1,311.8,0
50.3,9204.9,7548.189477049564,1433.0,9.5,183,302.3,0,311.8,0
34.1,6308.5,5559.95926239668,1557.0,9.5,185,302.3,1,311.8,0
50.1,9418.800000000001,7334.550704629946,1398.0,9.5,188,302.4,1,311.9,0
34.4,6570.4,5616.078579165305,1559.0,9.5,191,302.3,1,311.8,0
46.4,9001.6,6909.4932185992475,1422.0,9.5,194,302.4,1,311.9,0
35.7,7032.900000000001,5469.418562120222,1463.0,9.5,197,302.3,1,311.8,0
25.3,5060.0,4750.391779517614,1793.0,9.399999999999977,200,302.3,0,311.7,0
20.4,4120.799999999999,3999.1217843136624,1872.0,9.400000000000034,202,302.2,0,311.6,0
44.5,9078.0,6579.961093188702,1412.0,9.5,204,302.2,0,311.7,0
43.2,8899.2,6727.029517278752,1487.0,9.5,206,302.3,0,311.8,0
56.2,11689.6,8056.90757544536,1369.0,9.5,208,302.3,0,311.8,1
30.1,6321.0,5273.404124487243,1673.0,9.400000000000034,210,302.4,0,311.8,0
36.6,7759.200000000001,5515.317230789169,1439.0,9.5,212,302.4,1,311.9,0
42.8,9202.0,7054.676687097143,1574.0,9.5,215,302.3,0,311.8,0
48.8,0.0,6546.325107844266,1281.0,9.399999999999977,0,302.3,0,311.7,0
31.4,62.8,5435.395113681844,1653.0,9.5,2,302.2,1,311.7,0
38.3,191.5,6156.526763362357,1535.0,9.399999999999977,5,302.3,1,311.7,0
40.5,324.0,6289.625572119445,1483.0,9.399999999999977,8,302.3,1,311.7,0
47.0,517.0,6959.465485742348,1414.0,9.399999999999977,11,302.3,0,311.7,0
42.9,557.6999999999999,6195.1264650994635,1379.0,9.400000000000034,13,302.2,1,311.6,0
42.6,681.6,6611.293243920504,1482.0,9.300000000000011,16,302.2,2,311.5,0
20.1,422.1,3989.7755461692336,1895.5,9.399999999999977,21,302.1,0,311.5,0
31.6,726.8000000000001,5410.450868012342,1635.0,9.399999999999977,23,302.1,1,311.5,0
39.4,1024.3999999999999,6325.094153178474,1533.0,9.399999999999977,26,302.1,0,311.5,0
34.0,952.0,5611.303358331849,1576.0,9.5,28,302.2,1,311.7,0
62.4,1934.3999999999999,8690.901916890803,1330.0,9.600000000000023,31,302.2,2,311.8,0
21.8,784.8000000000001,4327.219249079069,1895.5,9.600000000000023,36,302.2,0,311.8,0
42.8,1626.3999999999999,6610.9581407041205,1475.0,9.5,38,302.3,2,311.8,0
25.0,1075.0,4722.8609558966555,1804.0,9.5,43,302.3,2,311.8,0
54.1,2596.8,8022.119672794609,1416.0,9.400000000000034,48,302.2,0,311.6,0
27.7,1385.0,5009.573173438772,1727.0,9.399999999999977,50,302.1,0,311.5,0
49.2,2558.4,7166.7268250751795,1391.0,9.299999999999955,52,302.1,0,311.4,0
52.3,2824.2,7481.36780130771,1366.0,9.5,54,302.0,1,311.5,0
55.6,3169.2000000000003,7953.4235134361115,1366.0,9.400000000000034,57,301.9,0,311.3,0
40.8,2407.2,6413.121579332059,1501.0,9.400000000000034,59,301.9,0,311.3,0
35.8,2183.7999999999997,5814.648178823204,1551.0,9.5,61,301.8,0,311.3,0
35.6,2242.8,5674.051435599549,1522.0,9.400000000000034,63,301.9,1,311.3,0
49.8,3286.7999999999997,7139.394968988948,1369.0,9.300000000000011,66,301.9,0,311.2,0
52.3,3556.3999999999996,7306.1088191394465,1334.0,9.399999999999977,68,301.8,0,311.2,0
39.4,2758.0,5986.765568337877,1451.0,9.399999999999977,70,301.8,2,311.2,0
37.9,2842.5,6306.548284546782,1589.0,9.5,75,301.7,0,311.2,0
30.5,2348.5,5455.270923203556,1708.0,9.600000000000023,77,301.7,0,311.3,0
42.6,3365.4,6303.4799957217765,1413.0,9.5,79,301.7,1,311.2,0
46.5,3813.0,6890.298087485813,1415.0,9.599999999999966,82,301.6,1,311.2,0
45.9,3901.5,6830.230835949177,1421.0,9.600000000000023,85,301.7,0,311.3,0
51.0,4437.0,7199.27372496637,1348.0,9.600000000000023,87,301.7,0,311.3,0
42.9,3818.1,6325.408312443832,1408.0,9.599999999999966,89,301.6,0,311.2,0
43.7,3976.7000000000003,6978.786280561926,1525.0,9.599999999999966,91,301.6,0,311.2,0
29.9,2780.7,5341.691876800773,1706.0,9.699999999999989,93,301.6,0,311.3,0
46.8,4446.0,6836.733932742107,1395.0,9.599999999999966,95,301.6,2,311.2,0
34.3,3429.9999999999995,5754.203936168136,1602.0,9.600000000000023,100,301.5,0,311.1,0
21.5,2193.0,4267.670360330274,1895.5,9.5,102,301.6,0,311.1,0
49.2,5116.8,6826.680836250621,1325.0,9.5,104,301.6,0,311.1,0
44.4,4706.4,6546.576435256554,1408.0,9.5,106,301.6,0,311.1,0
41.4,4471.2,6455.407416449379,1489.0,9.400000000000034,108,301.7,1,311.1,0
29.2,3241.2,5137.132307150029,1680.0,9.5,111,301.6,0,311.1,0
42.4,4791.2,6735.658425100612,1517.0,9.5,113,301.7,0,311.2,0
36.7,4220.5,6218.3218908584695,1618.0,9.400000000000034,115,301.7,1,311.1,0
39.8,4696.4,6064.216299224377,1455.0,9.400000000000034,118,301.7,0,311.1,0
36.4,4368.0,5881.605990246714,1543.0,9.300000000000011,120,301.8,2,311.1,0
41.8,5225.0,6123.822783838487,1399.0,9.300000000000011,125,301.8,1,311.1,0
37.2,4761.6,5722.599514073024,1469.0,9.400000000000034,128,301.7,0,311.1,0
36.7,4771.0,5845.530034607992,1521.0,9.5,130,301.7,0,311.2,0
38.8,5121.599999999999,6435.992373850193,1584.0,9.600000000000023,132,301.7,0,311.3,0
43.3,5802.2,6543.089267411069,1443.0,9.699999999999989,134,301.8,0,311.5,0
49.0,6664.0,7265.875489222473,1416.0,9.699999999999989,136,301.8,1,311.5,0
34.5,4795.5,5646.8557151949735,1563.0,9.5,139,301.7,1,311.2,0
40.1,5694.2,6475.262282020067,1542.0,9.5,142,301.8,1,311.3,0
31.6,4582.0,5374.050281132748,1624.0,9.5,145,301.8,1,311.3,0
44.2,6541.6,6808.689982321063,1471.0,9.5,148,301.8,0,311.3,0
40.8,6120.0,6374.66848525212,1492.0,9.600000000000023,150,301.9,1,311.5,0
39.9,6104.7,6121.236205887032,1465.0,9.5,153,301.9,1,311.4,0
55.1,8595.6,8072.311851423462,1399.0,9.400000000000034,156,301.7,0,311.1,0
42.6,6730.8,6383.7791039475305,1431.0,9.399999999999977,158,301.6,0,311.0,0
39.0,6240.0,6534.512719466769,1600.0,9.399999999999977,160,301.5,0,310.9,0
34.5,5589.0,5755.240661743821,1593.0,9.300000000000011,162,301.5,0,310.8,0
44.7,7330.8,6876.349416103875,1469.0,9.399999999999977,164,301.5,0,310.9,0
44.6,7403.6,6599.418023689935,1413.0,9.300000000000011,166,301.5,0,310.8,0
38.0,6384.0,5929.232534875136,1490.0,9.400000000000034,168,301.4,0,310.8,0
31.1,5287.0,5442.0867060339915,1671.0,9.399999999999977,170,301.5,0,310.9,0
46.5,7998.0,6646.824656832605,1365.0,9.399999999999977,172,301.5,0,310.9,0
39.3,6838.2,6407.8122877474925,1557.0,9.5,174,301.4,1,310.9,0
45.4,8035.8,6846.158710702877,1440.0,9.5,177,301.4,0,310.9,0
38.9,6963.099999999999,6065.588128016445,1489.0,9.5,179,301.4,1,310.9,0
25.7,4677.4,4664.018925494918,1733.0,9.600000000000023,182,301.4,0,311.0,0
36.6,6734.400000000001,6055.733999059685,1580.0,9.699999999999989,184,301.3,2,311.0,0
21.9,4139.099999999999,4256.481054495738,1856.0,9.699999999999989,189,301.3,0,311.0,0
40.3,7697.299999999999,6136.1797149426075,1454.0,9.800000000000011,191,301.3,0,311.1,0
36.3,7005.9,5682.984030711255,1495.0,9.700000000000045,193,301.4,0,311.1,0
29.1,5674.5,5366.3743230824775,1761.0,9.800000000000011,195,301.2,0,311.0,0
47.5,9357.5,6973.8120921937425,1402.0,9.699999999999989,197,301.3,1,311.0,0
33.0,6600.0,5771.105704644449,1670.0,9.800000000000011,200,301.2,0,311.0,0
35.6,7191.200000000001,5897.732832535143,1582.0,9.699999999999989,202,301.3,0,311.0,0
35.1,7160.400000000001,5667.87297004749,1542.0,9.699999999999989,204,301.3,0,311.0,0
36.9,7601.4,5946.94064546587,1539.0,9.699999999999989,206,301.3,0,311.0,0
41.9,8715.199999999999,6221.840474630489,1418.0,9.699999999999989,208,301.3,0,311.0,0
27.6,5796.0,4979.927010764397,1723.0,9.800000000000011,210,301.3,0,311.1,0
49.2,10430.400000000001,6713.332173309101,1303.0,9.800000000000011,212,301.3,0,311.1,0
50.2,10742.800000000001,7690.891087351125,1463.0,9.699999999999989,214,301.3,1,311.0,0
39.3,8528.099999999999,6354.310964856859,1544.0,9.800000000000011,217,301.2,0,311.0,0
37.2,8146.8,6217.337525160345,1596.0,9.800000000000011,219,301.2,0,311.0,0
42.0,9282.0,6214.698587331329,1413.0,9.800000000000011,221,301.3,0,311.1,0
41.2,9187.6,6437.165235107534,1492.0,9.800000000000011,223,301.3,1,311.1,0
40.9,0.0,6955.653686655992,1624.0,9.800000000000011,0,301.3,0,311.1,0
39.1,78.2,6158.19180746876,1504.0,9.800000000000011,2,301.3,0,311.1,0
34.3,137.2,5653.631083351215,1574.0,9.900000000000034,4,301.2,1,311.1,0
42.4,296.8,6384.8891333517995,1438.0,9.899999999999977,7,301.3,1,311.2,0
50.7,507.0,7825.89579565139,1474.0,10.0,10,301.3,0,311.3,0
32.1,385.20000000000005,5630.519433396306,1675.0,9.899999999999977,12,301.3,0,311.2,0
44.5,623.0,6789.66240281582,1457.0,9.899999999999977,14,301.3,0,311.2,0
49.8,796.8,7478.372816311286,1434.0,10.0,16,301.3,0,311.3,0
30.1,541.8000000000001,5257.643801341735,1668.0,9.899999999999977,18,301.3,0,311.2,0
39.7,794.0,6443.930131288264,1550.0,9.900000000000034,20,301.2,0,311.1,0
25.4,558.8,4878.223184592182,1834.0,9.800000000000011,22,301.3,1,311.1,0
36.5,912.5,5641.6720873165505,1476.0,9.800000000000011,25,301.4,1,311.2,0
36.3,1016.3999999999999,5857.845077810063,1541.0,9.800000000000011,28,301.4,1,311.2,0
30.9,957.9,5115.863724885226,1581.0,9.800000000000011,31,301.3,1,311.1,0
30.7,1043.8,5394.596297087225,1678.0,9.800000000000011,34,301.3,1,311.1,0
50.6,1872.2,7179.900570269233,1355.0,9.800000000000011,37,301.4,0,311.2,0
28.8,1123.2,5127.079210658542,1700.0,9.699999999999989,39,301.5,0,311.2,0
37.1,1521.1000000000001,5680.02046164137,1462.0,9.700000000000045,41,301.4,0,311.1,0
26.5,1139.5,4792.551952928789,1727.0,9.800000000000011,43,301.4,1,311.2,0
33.3,1531.8,5837.518973341337,1674.0,9.900000000000034,46,301.4,0,311.3,0
42.3,2030.3999999999999,6188.214961261567,1397.0,9.900000000000034,48,301.4,0,311.3,0
15.9,795.0,3156.09110368611,1895.5,9.900000000000034,50,301.4,0,311.3,0
47.6,2475.2000000000003,7148.002932859785,1434.0,9.800000000000011,52,301.4,1,311.2,0
35.3,1941.4999999999998,5766.707474929423,1560.0,9.800000000000011,55,301.3,0,311.1,0
32.8,1869.6,5402.952933545773,1573.0,9.800000000000011,57,301.2,0,311.0,0
22.3,1315.7,4198.780469424806,1798.0,9.699999999999989,59,301.2,2,310.9,0
35.1,2246.4,5759.764555164991,1567.0,9.800000000000011,64,301.2,0,311.0,0
53.3,3517.7999999999997,7903.493134195058,1416.0,9.699999999999989,66,301.2,0,310.9,0
45.2,3073.6000000000004,6740.266094325877,1424.0,9.699999999999989,68,301.2,1,310.9,0
35.9,2548.9,6007.5838556556655,1598.0,9.699999999999989,71,301.2,2,310.9,0
23.9,1816.3999999999999,4404.931779353368,1760.0,9.599999999999966,76,301.3,0,310.9,0
44.5,3471.0,6281.7192306079105,1348.0,9.699999999999989,78,301.3,0,311.0,0
33.6,2688.0,5425.656176455716,1542.0,9.699999999999989,80,301.3,0,311.0,0
33.1,2714.2000000000003,5428.1066187255165,1566.0,9.599999999999966,82,301.3,0,310.9,0
47.7,4006.8,7762.435624048876,1554.0,9.699999999999989,84,301.3,0,311.0,0
40.6,3491.6,6249.884425051534,1470.0,9.600000000000023,86,301.4,0,311.0,0
25.4,2235.2,4676.072169309191,1758.0,9.700000000000045,88,301.4,1,311.1,0
36.5,3321.5,5679.894797935226,1486.0,9.600000000000023,91,301.4,1,311.0,0
40.0,3760.0,5872.68386711052,1402.0,9.600000000000023,94,301.5,1,311.1,0
45.1,4374.7,6890.654134653221,1459.0,9.600000000000023,97,301.5,0,311.1,0
45.3,4484.7,7087.244530939357,1494.0,9.5,99,301.5,0,311.0,0
27.9,2817.8999999999996,5057.430101528455,1731.0,9.600000000000023,101,301.5,0,311.1,0
18.7,1926.1,3711.880732008192,1895.5,9.600000000000023,103,301.5,0,311.1,0
16.8,1764.0,3334.7377699324934,1895.5,9.600000000000023,105,301.5,0,311.1,0
49.5,5296.5,7614.749353403619,1469.0,9.600000000000023,107,301.5,0,311.1,0
42.6,4643.400000000001,6709.436598418649,1504.0,9.5,109,301.5,1,311.0,0
43.5,4872.0,6359.211849396459,1396.0,9.600000000000023,112,301.5,1,311.1,0
33.8,3886.9999999999995,5875.6160202538695,1660.0,9.600000000000023,115,301.5,1,311.1,0
39.7,4684.6,6556.179236801027,1577.0,9.5,118,301.5,1,311.0,0
52.1,6304.1,7780.112318713075,1426.0,9.600000000000023,121,301.5,0,311.1,0
41.4,5092.2,6321.010082728807,1458.0,9.600000000000023,123,301.5,0,311.1,0
45.8,5725.0,7352.520614608479,1533.0,9.600000000000023,125,301.4,0,311.0,0
28.4,3606.7999999999997,5058.843818222571,1701.0,9.600000000000023,127,301.4,0,311.0,0
49.6,6398.400000000001,7448.339190542969,1434.0,9.600000000000023,129,301.5,0,311.1,0
22.7,2973.7,4505.865915325452,1895.5,9.700000000000045,131,301.4,0,311.1,0
36.9,4907.7,5676.449517991789,1469.0,9.700000000000045,133,301.4,0,311.1,0
26.0,3510.0,4900.884539600077,1800.0,9.700000000000045,135,301.4,0,311.1,0
43.0,5891.0,6475.241338069042,1438.0,9.800000000000011,137,301.3,1,311.1,0
28.2,3948.0,4863.750914434646,1647.0,9.800000000000011,140,301.3,0,311.1,0
41.9,5949.8,6555.310062833533,1494.0,9.700000000000045,142,301.4,0,311.1,0
41.4,5961.599999999999,6264.649910523406,1445.0,9.700000000000045,144,301.4,2,311.1,0
38.6,5751.400000000001,6091.569099261633,1507.0,9.600000000000023,149,301.5,1,311.1,0
55.8,8481.6,7210.709122225436,1234.0,9.600000000000023,152,301.4,1,311.0,0
32.6,5053.0,5578.253803616084,1634.0,9.600000000000023,155,301.4,0,311.0,0
53.3,8368.1,7445.804972469073,1334.0,9.600000000000023,157,301.4,0,311.0,0
44.5,7075.5,6859.562839358194,1472.0,9.700000000000045,159,301.4,0,311.1,0
52.7,8484.7,7781.410843676558,1410.0,9.699999999999989,161,301.3,1,311.0,0
37.9,6215.599999999999,6338.299314299063,1597.0,9.699999999999989,164,301.2,0,310.9,0
46.7,7752.200000000001,7140.002343568643,1460.0,9.699999999999989,166,301.2,1,310.9,0
55.7,9413.300000000001,7431.102318850272,1274.0,9.699999999999989,169,301.1,0,310.8,0
40.2,6874.200000000001,6386.16671436426,1517.0,9.699999999999989,171,301.0,1,310.7,0
57.2,9952.800000000001,7786.9609906979,1300.0,9.699999999999989,174,301.0,0,310.7,0
27.7,4875.2,4890.642947549374,1686.0,9.700000000000045,176,300.9,2,310.6,0
41.0,7421.0,6375.8622904604845,1485.0,9.800000000000011,181,300.9,1,310.7,0
45.8,8427.199999999999,7021.585244479331,1464.0,9.699999999999989,184,301.0,0,310.7,0
35.4,6584.4,5923.9127713150565,1598.0,9.700000000000045,186,300.9,0,310.6,0
21.9,4117.2,4343.628834706319,1894.0,9.600000000000023,188,300.9,0,310.5,0
59.0,11210.0,8217.359184239702,1330.0,9.699999999999989,190,300.8,1,310.5,0
31.1,6002.3,5152.232895838285,1582.0,9.699999999999989,193,300.8,2,310.5,0
35.6,7048.8,5715.059691704408,1533.0,9.600000000000023,198,300.7,0,310.3,0
46.4,9280.0,6894.916228686589,1419.0,9.599999999999966,200,300.8,2,310.4,0
36.3,7441.499999999999,5800.825171147409,1526.0,9.5,205,300.8,1,310.3,0
65.3,13582.4,9327.304812704,1364.0,9.5,208,300.7,2,310.2,1
43.4,0.0,6626.372888657735,1458.0,9.5,0,300.8,1,310.3,0
64.0,192.0,8632.258854023794,1288.0,9.599999999999966,3,300.8,1,310.4,0
29.8,178.8,5177.156197556764,1659.0,9.600000000000023,6,300.7,1,310.3,0
52.3,470.7,8100.251082089386,1479.0,9.5,9,300.7,2,310.2,0
36.0,504.0,6001.698605417941,1592.0,9.600000000000023,14,300.7,0,310.3,0
38.7,619.2,6208.666729436436,1532.0,9.599999999999966,16,300.6,1,310.2,0
41.9,796.1,6822.963284943872,1555.0,9.599999999999966,19,300.6,0,310.2,0
52.6,1104.6000000000001,7386.575478973394,1341.0,9.599999999999966,21,300.6,0,310.2,0
42.0,966.0,6777.671990854619,1541.0,9.5,23,300.6,0,310.1,0
50.6,1265.0,7492.530927203466,1414.0,9.699999999999989,25,300.6,0,310.3,0
25.9,699.3,4784.394284004968,1764.0,9.699999999999989,27,300.5,0,310.2,0
57.1,1655.9,7988.609351156318,1336.0,9.800000000000011,29,300.5,0,310.3,0
43.3,1342.3,6506.814344237619,1435.0,9.800000000000011,31,300.5,0,310.3,0
35.0,1155.0,5633.399226662097,1537.0,9.900000000000034,33,300.4,1,310.3,0
48.8,1756.8,6996.033624230134,1369.0,9.899999999999977,36,300.3,0,310.2,0
31.3,1189.4,5306.6421747622235,1619.0,9.900000000000034,38,300.2,1,310.1,0
51.1,2095.1,7705.698460725044,1440.0,9.900000000000034,41,300.2,0,310.1,0
30.5,1311.5,5266.827723865728,1649.0,9.900000000000034,43,300.2,0,310.1,0
38.7,1741.5000000000002,6281.614510852792,1550.0,9.900000000000034,45,300.2,1,310.1,0
45.2,2169.6000000000004,6962.732742102082,1471.0,9.899999999999977,48,300.3,0,310.2,0
51.6,2580.0,8013.4488770707,1483.0,10.0,50,300.3,0,310.3,0
54.4,2828.7999999999997,7610.864250488679,1336.0,10.099999999999966,52,300.3,0,310.4,0
36.6,1976.4,5806.605701630015,1515.0,10.0,54,300.5,0,310.5,0
47.4,2654.4,6815.182607138481,1373.0,10.0,56,300.5,0,310.5,0
51.2,2969.6000000000004,7795.841225932048,1454.0,9.899999999999977,58,300.6,2,310.5,0
34.5,2173.5,5946.720733980119,1646.0,10.0,63,300.5,0,310.5,0
37.3,2424.5,6046.560548511202,1548.0,9.899999999999977,65,300.5,1,310.4,0
41.3,2808.3999999999996,6323.041645978128,1462.0,9.899999999999977,68,300.6,1,310.5,0
33.1,2350.1,5899.513068372177,1702.0,9.899999999999977,71,300.5,0,310.4,0
60.9,4445.7,8985.803219283276,1409.0,10.0,73,300.5,0,310.5,0
52.8,3960.0,7890.172781343836,1427.0,10.0,75,300.6,1,310.6,0
48.5,3783.0,7303.469881310431,1438.0,10.099999999999966,78,300.6,0,310.7,1
43.4,3472.0,6590.014189680189,1450.0,10.0,80,300.7,0,310.7,0
41.3,3386.6,6664.710791007042,1541.0,10.0,82,300.7,0,310.7,0
38.0,3192.0,5905.356430707853,1484.0,9.900000000000034,84,300.7,1,310.6,0
44.5,3871.5,6593.941180497176,1415.0,10.0,87,300.8,1,310.8,0
46.4,4176.0,7269.058969778111,1496.0,10.100000000000023,90,300.7,0,310.8,0
45.2,4158.400000000001,6934.33274451363,1465.0,10.100000000000023,92,300.7,1,310.8,0
18.5,1757.5,3672.181472842329,1895.5,10.100000000000023,95,300.7,0,310.8,0
44.0,4268.0,6939.149853249135,1506.0,10.100000000000023,97,300.7,1,310.8,0
28.9,2890.0,5111.591158876345,1689.0,10.100000000000023,100,300.7,0,310.8,0
29.4,2998.7999999999997,5079.955320854695,1650.0,10.199999999999989,102,300.7,0,310.9,0
33.8,3515.2,5532.281831118553,1563.0,10.100000000000023,104,300.7,0,310.8,0
38.9,4123.4,6053.367332593981,1486.0,10.199999999999989,106,300.7,1,310.9,0
25.7,2801.2999999999997,4661.327627788343,1732.0,10.099999999999966,109,300.8,0,310.9,0
31.6,3507.6000000000004,5470.015464724404,1653.0,10.100000000000023,111,300.7,0,310.8,0
37.1,4192.3,5963.632974431945,1535.0,10.199999999999989,113,300.7,0,310.9,0
37.2,4278.0,6377.056095668849,1637.0,10.199999999999989,115,300.7,0,310.9,0
38.5,4504.5,6180.612307039879,1533.0,10.199999999999989,117,300.6,0,310.8,0
51.2,6092.8,7388.355714810428,1378.0,10.199999999999989,119,300.6,0,310.8,0
33.5,4053.5,5634.027545192815,1606.0,10.199999999999989,121,300.5,0,310.7,0
32.3,3972.8999999999996,5205.587611071751,1539.0,10.399999999999977,123,300.3,0,310.7,0
26.3,3287.5,4759.135879070106,1728.0,10.300000000000011,125,300.5,0,310.8,0
36.3,4610.099999999999,6294.997695557083,1656.0,10.300000000000011,127,300.4,2,310.7,0
30.5,4026.0,5209.336578305035,1631.0,10.300000000000011,132,300.5,2,310.8,0
46.5,6370.5,7046.121083103867,1447.0,10.399999999999977,137,300.5,2,310.9,0
49.3,7000.599999999999,7207.10676264932,1396.0,10.400000000000034,142,300.4,0,310.8,0
52.5,7560.0,7641.9241298571715,1390.0,10.400000000000034,144,300.4,0,310.8,0
56.0,8176.0,7905.084874472876,1348.0,10.400000000000034,146,300.4,0,310.8,0
35.9,5313.2,5605.323860314516,1491.0,10.400000000000034,148,300.4,1,310.8,0
37.6,5677.6,5984.943444598795,1520.0,10.400000000000034,151,300.4,0,310.8,0
33.0,5049.0,5214.729645693697,1509.0,10.300000000000011,153,300.5,0,310.8,0
46.6,7223.0,7051.51415049253,1445.0,10.300000000000011,155,300.5,0,310.8,0
51.8,8132.599999999999,7344.750408778601,1354.0,10.300000000000011,157,300.5,0,310.8,0
39.4,6264.599999999999,6139.426027351316,1488.0,10.199999999999989,159,300.5,0,310.7,0
28.6,4604.6,4953.705184082433,1654.0,10.199999999999989,161,300.5,2,310.7,0
51.5,8549.0,7431.6468615768945,1378.0,10.100000000000023,166,300.5,2,310.6,0
30.6,5232.6,5607.74288665778,1750.0,10.099999999999966,171,300.6,0,310.7,0
46.3,8009.9,7020.663710634277,1448.0,10.100000000000023,173,300.5,0,310.6,0
45.3,7927.499999999999,7120.451165287802,1501.0,10.099999999999966,175,300.6,2,310.7,0
32.0,5760.0,5542.607198973352,1654.0,10.099999999999966,180,300.6,1,310.7,0
46.5,8509.5,6559.17422179745,1347.0,10.0,183,300.7,1,310.7,0
37.1,6900.6,5773.262931599915,1486.0,10.100000000000023,186,300.7,0,310.8,0
45.2,8497.6,6939.066077445039,1466.0,10.0,188,300.8,2,310.8,0
52.0,10036.0,7329.545100335226,1346.0,10.100000000000023,193,300.7,2,310.8,0
42.4,8395.199999999999,5834.314548834676,1314.0,10.0,198,300.7,0,310.7,0
52.5,10500.0,7916.813487046278,1440.0,10.099999999999966,200,300.6,0,310.7,0
39.5,7979.0,6651.37996618031,1608.0,10.100000000000023,202,300.7,0,310.8,0
58.2,11872.800000000001,7898.717913361601,1296.0,10.100000000000023,204,300.7,2,310.8,0
46.1,9634.9,7275.164131501587,1507.0,10.0,209,300.7,0,310.7,0
51.6,10887.6,7256.953366086278,1343.0,10.0,211,300.7,1,310.7,0
40.4,8645.6,5990.640199277304,1416.0,10.0,214,300.7,0,310.7,0
47.2,10195.2,6366.290904842548,1288.0,9.900000000000034,216,300.7,0,310.6,0
42.4,9243.199999999999,6247.245487222518,1407.0,9.900000000000034,218,300.7,1,310.6,0
39.2,8663.2,6600.863156310586,1608.0,9.799999999999955,221,300.6,0,310.4,0
22.3,4972.900000000001,4426.467396993727,1895.5,9.699999999999989,223,300.6,0,310.3,0
48.2,10845.0,6995.824184719894,1386.0,9.699999999999989,225,300.5,1,310.2,0
34.6,7888.8,5692.209841137299,1571.0,9.699999999999989,228,300.5,1,310.2,0
36.9,8523.9,6232.888408795613,1613.0,9.800000000000011,231,300.4,1,310.2,0
30.5,7137.0,5337.09467955102,1671.0,9.800000000000011,234,300.4,1,310.2,1
43.2,0.0,6473.691485693272,1431.0,9.800000000000011,0,300.4,2,310.2,0
47.3,236.5,6835.477295680671,1380.0,9.800000000000011,5,300.4,1,310.2,0
31.5,252.0,5551.665457791202,1683.0,9.800000000000011,8,300.5,0,310.3,0
36.2,362.0,5796.217501922144,1529.0,9.800000000000011,10,300.4,0,310.2,0
26.5,318.0,4886.904452291603,1761.0,9.899999999999977,12,300.5,0,310.4,0
38.3,536.1999999999999,6296.903595100261,1570.0,9.899999999999977,14,300.6,0,310.5,0
18.0,288.0,3572.9333249276715,1895.5,9.899999999999977,16,300.6,1,310.5,0
54.5,1035.5,7699.048756274946,1349.0,9.900000000000034,19,300.7,1,310.6,0
39.3,864.5999999999999,5889.261004345962,1431.0,10.0,22,300.7,0,310.7,0
22.0,528.0,4366.918508244932,1895.5,10.0,24,300.6,0,310.6,0
43.4,1128.3999999999999,6490.027767491938,1428.0,10.0,26,300.7,2,310.7,0
36.2,1122.2,5928.897431658754,1564.0,10.0,31,300.8,0,310.8,0
44.0,1452.0,6565.928646002667,1425.0,10.099999999999966,33,300.8,2,310.9,0
30.5,1159.0,5100.742192245948,1597.0,10.100000000000023,38,300.7,0,310.8,0
32.8,1312.0,5557.519292102391,1618.0,10.0,40,300.8,2,310.8,0
38.0,1710.0,6048.613055711548,1520.0,10.0,45,300.8,1,310.8,0
45.3,2174.3999999999996,6759.921992361837,1425.0,10.0,48,300.7,0,310.7,0
38.2,1910.0000000000002,5592.411914508263,1398.0,10.099999999999966,50,300.8,0,310.9,0
31.6,1643.2,5152.337615593405,1557.0,10.099999999999966,52,300.8,1,310.9,0
43.9,2414.5,6983.142622374903,1519.0,10.100000000000023,55,300.7,0,310.8,0
34.9,1989.3,5916.990795501648,1619.0,10.100000000000023,57,300.7,0,310.8,0
21.4,1262.6,4065.1790058431443,1814.0,10.100000000000023,59,300.7,0,310.8,0
39.4,2403.4,6275.582652957899,1521.0,10.199999999999989,61,300.7,0,310.9,0
51.2,3225.6000000000004,7340.100851651288,1369.0,10.199999999999989,63,300.7,1,310.9,0
65.3,4309.8,9272.59921262949,1356.0,10.199999999999989,66,300.7,0,310.9,1
53.3,3624.3999999999996,7456.968098364829,1336.0,10.300000000000011,68,300.7,0,311.0,0
48.3,3381.0,7096.323733708232,1403.0,10.300000000000011,70,300.7,0,311.0,0
44.3,3189.6,6555.02731949471,1413.0,10.300000000000011,72,300.7,1,311.0,0
47.6,3570.0,7337.420025920224,1472.0,10.299999999999955,75,300.6,0,310.9,0
47.9,3688.2999999999997,7283.342744376433,1452.0,10.100000000000023,77,300.7,1,310.8,0
53.7,4296.0,7855.960837346245,1397.0,10.099999999999966,80,300.6,0,310.7,0
40.6,3329.2000000000003,6186.110094183661,1455.0,10.099999999999966,82,300.6,0,310.7,0
27.7,2326.7999999999997,5087.893078292765,1754.0,10.100000000000023,84,300.7,0,310.8,0
37.9,3259.4,5838.22059570064,1471.0,10.299999999999955,86,300.6,0,310.9,0
48.1,4232.8,6996.421087324077,1389.0,10.199999999999989,88,300.6,1,310.8,0
30.3,2757.3,5400.460603373926,1702.0,10.299999999999955,91,300.6,1,310.9,0
54.6,5132.400000000001,8010.495779976327,1401.0,10.399999999999977,94,300.6,1,311.0,0
46.2,4481.400000000001,6899.063130989329,1426.0,10.400000000000034,97,300.7,0,311.1,0
38.3,3791.7,6000.106865140121,1496.0,10.300000000000011,99,300.7,0,311.0,0
42.6,4302.6,6392.701227083727,1433.0,10.299999999999955,101,300.6,0,310.9,0
46.6,4799.8,7017.354566372497,1438.0,10.400000000000034,103,300.7,1,311.1,0
49.3,5225.799999999999,7320.685809052103,1418.0,10.300000000000011,106,300.7,1,311.0,0
36.6,3989.4,6055.733999059685,1580.0,10.199999999999989,109,300.8,1,311.0,0
41.8,4681.599999999999,6425.85550155461,1468.0,10.199999999999989,112,300.7,1,310.9,0
41.7,4795.5,6646.290586081494,1522.0,10.099999999999966,115,300.8,1,310.9,0
55.8,6584.4,7660.648022072567,1311.0,10.099999999999966,118,300.8,0,310.9,0
56.5,6780.0,7786.332672167182,1316.0,10.100000000000023,120,300.9,0,311.0,0
23.6,2879.2000000000003,4579.478667186818,1853.0,10.100000000000023,122,300.9,2,311.0,0
38.8,4927.599999999999,6322.224831888195,1556.0,10.100000000000023,127,300.9,1,311.0,0
34.3,4459.0,5628.487870146985,1567.0,10.100000000000023,130,300.9,1,311.0,0
37.7,5014.1,6103.507151345274,1546.0,10.200000000000045,133,300.9,1,311.1,0
51.2,6963.200000000001,7409.802320658934,1382.0,10.100000000000023,136,300.9,0,311.0,0
20.2,2787.6,4009.6251757521645,1895.5,10.100000000000023,138,300.9,0,311.0,0
29.9,4186.0,5473.198945280042,1748.0,10.099999999999966,140,300.8,0,310.9,0
40.1,5694.2,6374.479989692905,1518.0,10.100000000000023,142,300.7,2,310.8,0
42.0,6174.0,6487.388829662923,1475.0,10.100000000000023,147,300.7,0,310.8,0
29.2,4350.8,4996.472732073302,1634.0,10.0,149,300.8,0,310.8,0
32.9,4967.9,5819.077824464765,1689.0,10.0,151,300.8,0,310.8,0
35.3,5400.9,6047.649633964446,1636.0,10.0,153,300.9,1,310.9,0
15.8,2464.8,3136.2414741031785,1895.5,10.100000000000023,156,300.9,0,311.0,0
35.6,5624.8,6020.757600849719,1615.0,10.100000000000023,158,301.0,0,311.1,0
29.5,4720.0,4998.378631616481,1618.0,10.0,160,301.1,2,311.1,0
53.0,8745.0,7809.056859028148,1407.0,10.099999999999966,165,301.1,1,311.2,0
43.3,7274.4,6574.829825187838,1450.0,10.0,168,301.1,0,311.1,0
23.8,4046.0,4708.011694620688,1889.0,10.0,170,301.1,0,311.1,0
38.2,6570.400000000001,6272.462004255333,1568.0,9.899999999999977,172,301.0,0,310.9,0
25.8,4489.2,4873.992506485349,1804.0,10.0,174,301.0,0,311.0,0
37.5,6600.0,6212.499472473815,1582.0,10.0,176,301.0,0,311.0,0
17.9,3186.2,3553.0836953447397,1895.5,9.899999999999977,178,301.0,1,310.9,0
34.0,6154.0,5700.31515018356,1601.0,10.0,181,300.9,0,310.9,0
32.0,5856.0,5411.916944584017,1615.0,10.0,183,300.9,0,310.9,0
43.6,8066.0,6629.514481311325,1452.0,9.900000000000034,185,300.9,1,310.8,0
30.2,5677.599999999999,5360.4995448202635,1695.0,9.900000000000034,188,300.9,1,310.8,0
26.2,5004.2,4911.147075601803,1790.0,9.900000000000034,191,300.9,1,310.8,0
39.3,7624.2,6309.0406147186295,1533.0,9.800000000000011,194,301.0,1,310.8,0
28.5,5614.5,5410.92210691038,1813.0,9.899999999999977,197,301.0,0,310.9,0
36.7,7303.3,5734.076799234138,1492.0,9.899999999999977,199,301.0,0,310.9,0
43.3,8703.3,6706.326421691595,1479.0,9.800000000000011,201,300.9,0,310.7,0
59.1,11997.300000000001,8286.987349418765,1339.0,9.899999999999977,203,300.8,0,310.7,1
44.7,9163.5,6417.614056826694,1371.0,9.899999999999977,205,300.8,1,310.7,0
36.2,7529.6,5564.975338666912,1468.0,9.800000000000011,208,300.9,0,310.7,0
41.7,8757.0,6624.456517139045,1517.0,9.800000000000011,210,300.9,0,310.7,0
46.4,9836.8,6569.363453970592,1352.0,9.800000000000011,212,300.9,0,310.7,0
50.0,10700.0,7272.786993060371,1389.0,9.800000000000011,214,300.9,0,310.7,0
36.2,0.0,5705.236978674185,1505.0,9.800000000000011,0,300.8,1,310.6,0
36.7,110.10000000000001,5910.864689827148,1538.0,9.700000000000045,3,300.9,0,310.6,0
37.0,185.0,5742.2030522314235,1482.0,9.900000000000034,5,300.9,0,310.8,0
33.0,231.0,5525.747318399087,1599.0,9.900000000000034,7,300.9,1,310.8,0
39.0,390.0,6028.087983708095,1476.0,9.900000000000034,10,300.9,0,310.8,0
37.5,450.0,5925.829142833747,1509.0,9.800000000000011,12,300.9,0,310.7,0
29.1,407.40000000000003,5204.865044761425,1708.0,9.900000000000034,14,300.9,0,310.8,0
57.5,920.0,8502.196918165177,1412.0,9.800000000000011,16,300.9,0,310.7,0
28.5,513.0,4948.322588669283,1658.0,9.800000000000011,18,300.9,0,310.7,0
57.2,1144.0,8236.20874016124,1375.0,9.800000000000011,20,301.0,0,310.8,0
48.1,1058.2,7061.902350200399,1402.0,9.900000000000034,22,300.9,1,310.8,0
47.3,1182.5,7192.110893716184,1452.0,9.800000000000011,25,300.9,1,310.7,0
40.8,1142.3999999999999,6336.215391172181,1483.0,9.899999999999977,28,300.8,1,310.7,0
38.4,1190.3999999999999,5939.369407170719,1477.0,9.900000000000034,31,300.9,2,310.8,0
22.4,806.4,4446.317026576658,1895.5,9.899999999999977,36,300.8,1,310.7,0
28.7,1119.3,4835.780267842184,1609.0,9.800000000000011,39,300.9,2,310.7,0
21.1,928.4000000000001,4167.280767084813,1886.0,9.899999999999977,44,300.8,1,310.7,0
29.6,1391.2,5009.122878491758,1616.0,9.900000000000034,47,300.7,0,310.6,0
43.2,2116.8,6523.454313326133,1442.0,10.0,49,300.7,0,310.7,0
45.1,2300.1,6645.065364946595,1407.0,10.0,51,300.8,0,310.8,0
41.3,2188.8999999999996,6318.716720091686,1461.0,10.0,53,300.8,1,310.8,0
46.2,2587.2000000000003,7363.516188896045,1522.0,10.099999999999966,56,300.8,1,310.9,0
48.1,2837.9,7213.012956838069,1432.0,10.100000000000023,59,300.9,0,311.0,0
49.0,2989.0,7378.7633852414665,1438.0,10.100000000000023,61,300.9,0,311.0,0
28.1,1770.3000000000002,4937.724949451173,1678.0,10.099999999999966,63,300.8,1,310.9,0
38.7,2554.2000000000003,6135.718948020081,1514.0,10.099999999999966,66,300.8,1,310.9,0
41.3,2849.7,6634.4363098019485,1534.0,10.100000000000023,69,300.7,0,310.8,0
41.2,2925.2000000000003,6411.2785116419545,1486.0,10.100000000000023,71,300.7,1,310.8,0
22.0,1628.0,4366.918508244932,1895.5,10.100000000000023,74,300.7,0,310.8,0
30.0,2280.0,5416.105734788803,1724.0,10.100000000000023,76,300.7,1,310.8,0
35.5,2804.5,5758.486974152531,1549.0,10.0,79,300.8,1,310.8,0
47.7,3911.4,7277.907789085723,1457.0,10.099999999999966,82,300.8,0,310.9,0
43.9,3687.6,6679.727603891201,1453.0,10.099999999999966,84,300.8,0,310.9,0
44.4,3818.4,7337.001146899745,1578.0,10.199999999999989,86,300.8,0,311.0,0
61.4,5403.2,8519.47567775992,1325.0,10.200000000000045,88,300.9,1,311.1,0
39.3,3576.2999999999997,6053.880459394067,1471.0,10.200000000000045,91,300.9,0,311.1,0
40.0,3720.0,6165.899181445567,1472.0,10.300000000000011,93,300.9,1,311.2,0
37.4,3590.3999999999996,5706.367952029475,1457.0,10.200000000000045,96,300.9,0,311.1,0
55.3,5419.4,8118.985446280292,1402.0,10.0,98,301.0,0,311.0,0
41.5,4150.0,6418.849749937105,1477.0,10.0,100,300.9,0,310.9,0
30.1,3070.2000000000003,5443.6156144587385,1727.0,10.0,102,300.9,1,310.9,0
20.2,2121.0,4009.6251757521645,1895.5,10.0,105,300.9,0,310.9,0
52.5,5617.5,7531.968386981529,1370.0,10.0,107,300.9,0,310.9,0
66.4,7237.6,8538.765056652963,1228.0,10.0,109,300.9,0,310.9,0
38.0,4218.0,5965.046691126059,1499.0,10.100000000000023,111,300.9,0,311.0,0
46.9,5299.7,7406.32562478896,1508.0,10.0,113,301.0,1,311.0,0
44.2,5127.200000000001,6817.947208673641,1473.0,9.899999999999977,116,301.0,0,310.9,0
37.6,4436.8,6457.4389796987,1640.0,10.0,118,301.0,2,311.0,0
42.5,5227.5,6359.892527804736,1429.0,10.0,123,301.1,0,311.1,0
40.9,5112.5,6296.065837059304,1470.0,10.0,125,301.1,0,311.1,0
37.0,4699.0,6125.791515234738,1581.0,10.0,127,301.0,0,311.0,0
28.9,3728.1,5265.937605947211,1740.0,9.899999999999977,129,301.0,0,310.9,0
40.6,5318.6,5909.754660422879,1390.0,9.900000000000034,131,300.9,2,310.8,0
19.7,2679.2,3910.377027837507,1895.5,9.900000000000034,136,300.9,1,310.8,0
43.0,5977.0,6538.282630651077,1452.0,9.899999999999977,139,300.8,1,310.7,0
33.4,4742.8,5547.2567561006645,1586.0,9.899999999999977,142,300.8,0,310.7,0
34.3,4939.2,5707.50939736028,1589.0,9.899999999999977,144,300.8,0,310.7,0
45.7,6672.200000000001,7111.539514127118,1486.0,10.0,146,300.8,0,310.8,0
27.9,4129.2,5127.550449556581,1755.0,10.0,148,300.9,0,310.9,0
34.6,5190.0,5706.703055245859,1575.0,9.899999999999977,150,301.0,1,310.9,0
37.7,5768.1,6375.914650338045,1615.0,10.0,153,301.1,1,311.1,0
41.8,6520.799999999999,6285.782357106553,1436.0,10.0,156,301.1,1,311.1,0
40.6,6455.400000000001,6249.884425051534,1470.0,10.0,159,301.1,1,311.1,0
19.8,3207.6,3930.2266574204386,1895.5,10.0,162,301.1,1,311.1,0
37.0,6105.0,6059.922789264471,1564.0,10.099999999999966,165,301.1,0,311.2,0
47.4,7915.8,7048.477277594059,1420.0,10.100000000000023,167,301.0,1,311.1,0
29.1,4947.0,5214.007079383372,1711.0,10.0,170,301.1,0,311.1,0
35.3,6071.599999999999,5748.2244381508035,1555.0,10.099999999999966,172,301.1,0,311.2,0
35.7,6211.8,5951.684450372791,1592.0,10.0,174,301.1,1,311.1,0
64.4,11398.800000000001,8335.524955916726,1236.0,10.100000000000023,177,301.0,0,311.1,1
24.2,4331.8,4472.894900426028,1765.0,9.899999999999977,179,301.0,1,310.9,0
31.2,5678.4,5338.69689180435,1634.0,10.0,182,301.0,0,311.0,0
41.5,7636.0,6553.571714898548,1508.0,10.0,184,301.1,0,311.1,0
29.6,5505.6,5498.876229235382,1774.0,10.099999999999966,186,301.1,0,311.2,0
29.1,5470.8,5110.3973536679805,1677.0,9.899999999999977,188,301.1,0,311.0,0
58.0,11020.0,8497.170369919433,1399.0,10.0,190,301.0,0,311.0,1
34.0,6528.0,5589.940528287439,1570.0,9.899999999999977,192,301.0,0,310.9,0
44.3,8594.199999999999,6861.206939513571,1479.0,9.899999999999977,194,301.0,0,310.9,0
34.9,6840.4,5694.052908827403,1558.0,9.800000000000011,196,301.0,0,310.8,0
48.1,9523.800000000001,6840.273460465152,1358.0,9.899999999999977,198,300.8,0,310.7,0
30.7,6140.0,5323.868574479407,1656.0,9.800000000000011,200,300.9,2,310.7,0
35.8,7338.999999999999,5709.677096291257,1523.0,9.800000000000011,205,300.9,0,310.7,0
40.6,8404.2,5965.025747175036,1403.0,9.800000000000011,207,300.9,2,310.7,0
51.6,10939.2,7359.620614005592,1362.0,9.800000000000011,212,300.9,1,310.7,0
27.1,5826.5,5045.795736734663,1778.0,9.900000000000034,215,300.7,1,310.6,0
38.2,8327.6,5792.426646786813,1448.0,9.800000000000011,218,300.7,0,310.5,0
40.1,8822.0,6546.649739085138,1559.0,9.699999999999989,220,300.8,2,310.5,0
42.2,9495.0,6257.549911126293,1416.0,9.800000000000011,225,300.8,0,310.6,0
37.9,8603.3,6258.92173991836,1577.0,9.800000000000011,227,300.8,0,310.6,1
27.8,0.0,4754.004611069243,1633.0,9.899999999999977,0,300.8,0,310.7,0
31.2,62.4,5139.394253860614,1573.0,9.800000000000011,2,300.9,0,310.7,0
44.3,177.2,7037.492175282006,1517.0,9.900000000000034,4,300.9,0,310.8,0
37.3,223.79999999999998,5917.6610019344125,1515.0,9.899999999999977,6,301.0,0,310.9,0
45.3,362.4,7243.790092867736,1527.0,9.800000000000011,8,301.0,0,310.8,0
67.19999999999999,671.9999999999999,9021.648791460735,1282.0,9.799999999999955,10,301.1,0,310.9,1
45.1,541.2,6593.113894431731,1396.0,9.799999999999955,12,301.1,1,310.9,0
44.6,669.0,6968.387608878544,1492.0,9.899999999999977,15,301.0,0,310.9,0
19.7,334.9,3910.377027837507,1895.5,9.800000000000011,17,301.0,0,310.8,0
35.3,670.6999999999999,5452.495849692884,1475.0,9.800000000000011,19,301.0,0,310.8,0
37.3,783.3,5839.540064615147,1495.0,9.899999999999977,21,301.0,2,310.9,0
35.8,930.8,5822.146113289771,1553.0,10.0,26,301.0,0,311.0,0
21.7,607.6,4307.369619496138,1895.5,9.899999999999977,28,301.1,0,311.0,0
46.6,1398.0,6895.356051658094,1413.0,9.899999999999977,30,301.1,1,311.0,0
56.0,1848.0,8427.00813398926,1437.0,10.0,33,301.0,0,311.0,0
45.9,1606.5,6969.623301988956,1450.0,9.899999999999977,35,301.0,0,310.9,0
21.9,810.3,4347.068878662,1895.5,9.899999999999977,37,301.0,1,310.9,0
26.4,1056.0,4835.288084993122,1749.0,10.0,40,300.9,0,310.9,0
22.0,924.0,4366.918508244932,1895.5,9.899999999999977,42,301.0,2,310.9,0
45.3,2129.1,6774.153407082598,1428.0,9.899999999999977,47,301.0,0,310.9,0
38.4,1881.6,6345.514505426807,1578.0,9.899999999999977,49,301.0,0,310.9,0
39.9,2034.8999999999999,6564.137938190121,1571.0,9.900000000000034,51,300.9,0,310.8,0
30.2,1600.6,5468.0257893771295,1729.0,9.900000000000034,53,300.9,0,310.8,0
30.4,1672.0,5415.100425139653,1701.0,9.900000000000034,55,300.9,0,310.8,0
45.8,2610.6,7160.674023229262,1493.0,9.900000000000034,57,300.9,0,310.8,0
32.7,1929.3000000000002,5321.418132209607,1554.0,9.899999999999977,59,301.0,1,310.9,0
43.2,2678.4,6772.268451490445,1497.0,10.0,62,300.9,0,310.9,0
29.8,1907.2,5239.569171608081,1679.0,9.899999999999977,64,301.0,0,310.9,0
44.5,2937.0,7036.643945265538,1510.0,9.899999999999977,66,301.0,1,310.9,0
54.9,3788.1,7450.85246466584,1296.0,9.899999999999977,69,301.0,0,310.9,0
41.8,2967.7999999999997,6145.709212658497,1404.0,9.899999999999977,71,301.0,0,310.9,0
34.9,2547.7,5551.518850134035,1519.0,9.900000000000034,73,300.9,1,310.8,0
27.3,2074.8,4848.608437844343,1696.0,9.800000000000011,76,300.9,1,310.7,0
28.4,2243.6,4963.674504769825,1669.0,9.800000000000011,79,300.8,1,310.6,0
40.7,3337.4,6167.2500662866105,1447.0,9.900000000000034,82,300.7,0,310.6,0
46.3,3889.2,6875.20797077307,1418.0,9.900000000000034,84,300.7,1,310.6,0
40.5,3523.5,5967.2981658611325,1407.0,9.900000000000034,87,300.7,0,310.6,0
44.5,3960.5,6682.481733450849,1434.0,9.699999999999989,89,300.8,0,310.5,0
48.8,4440.8,6950.040707781579,1360.0,9.800000000000011,91,300.8,0,310.6,0
53.7,4994.1,7884.078091595874,1402.0,9.800000000000011,93,300.8,0,310.6,0
34.9,3315.5,5672.124592105347,1552.0,9.700000000000045,95,300.9,0,310.6,0
44.2,4287.400000000001,6443.029541394235,1392.0,9.800000000000011,97,300.9,0,310.7,0
41.0,4059.0,6530.4286490171025,1521.0,9.699999999999989,99,301.1,0,310.8,0
27.5,2777.5,4964.7635902230695,1724.0,9.699999999999989,101,301.1,0,310.8,0
46.1,4748.3,7024.129934528739,1455.0,9.699999999999989,103,301.0,1,310.7,0
50.6,5363.6,7238.187585968836,1366.0,9.600000000000023,106,301.0,2,310.6,0
43.9,4872.9,6468.25653040256,1407.0,9.5,111,301.1,2,310.6,0
49.3,5718.799999999999,7589.145373276863,1470.0,9.699999999999989,116,301.1,0,310.8,0
50.8,5994.4,7229.558678146975,1359.0,9.699999999999989,118,301.2,1,310.9,0
25.8,3121.8,4841.571270300302,1792.0,9.699999999999989,121,301.1,2,310.8,0
37.9,4775.4,6159.699771942483,1552.0,9.799999999999955,126,301.1,1,310.9,0
32.9,4244.099999999999,5553.791268820131,1612.0,9.800000000000011,129,301.2,0,311.0,0
41.4,5423.4,6173.606555422374,1424.0,9.800000000000011,131,301.2,1,311.0,0
59.3,7946.2,8327.451062797001,1341.0,9.699999999999989,134,301.3,2,311.0,0
38.2,5309.8,5916.435780799514,1479.0,9.600000000000023,139,301.2,0,310.8,0
50.1,7064.1,7413.247600602371,1413.0,9.699999999999989,141,301.2,0,310.9,0
17.4,2488.2,3453.835547430082,1895.5,9.599999999999966,143,301.3,0,310.9,0
33.0,4785.0,5670.8888989949355,1641.0,9.699999999999989,145,301.3,1,311.0,0
40.8,6038.4,6387.4861832787665,1495.0,9.699999999999989,148,301.3,1,311.0,0
30.4,4590.4,5017.165355684947,1576.0,9.699999999999989,151,301.3,0,311.0,0
37.1,5676.3,5699.445976216067,1467.0,9.699999999999989,153,301.2,0,310.9,0
41.2,6386.0,6381.077334265444,1479.0,9.600000000000023,155,301.2,0,310.8,0
33.9,5322.3,5665.7995188961195,1596.0,9.599999999999966,157,301.3,0,310.9,0
36.9,5867.099999999999,5842.608353440153,1512.0,9.599999999999966,159,301.3,1,310.9,0
38.8,6285.599999999999,5745.2608690809175,1414.0,9.5,162,301.4,0,310.9,0
57.4,9413.6,8355.170381977174,1390.0,9.5,164,301.3,0,310.8,0
31.6,5245.6,5440.233166368373,1644.0,9.5,166,301.2,0,310.7,0
42.8,7190.4,6247.9156936552845,1394.0,9.5,168,301.2,1,310.7,0
52.4,8960.4,7265.205282789707,1324.0,9.399999999999977,171,301.1,0,310.5,0
43.6,7542.8,6739.093233068536,1476.0,9.399999999999977,173,301.0,0,310.4,0
16.6,2905.0000000000005,3295.0385107666307,1895.5,9.399999999999977,175,301.0,0,310.4,0
30.9,5469.3,5387.674321273816,1665.0,9.399999999999977,177,301.0,1,310.4,0
41.7,7506.000000000001,6310.04592436778,1445.0,9.5,180,300.9,0,310.4,0
46.8,8517.6,7140.588774197311,1457.0,9.5,182,300.8,2,310.3,0
46.3,8658.1,7233.998795764048,1492.0,9.399999999999977,187,300.8,0,310.2,0
61.2,11566.800000000001,9004.432863719065,1405.0,9.300000000000011,189,300.8,0,310.1,1
35.5,6780.5,5732.464115005295,1542.0,9.400000000000034,191,300.7,0,310.1,0
37.7,7276.1,6000.860847376984,1520.0,9.399999999999977,193,300.8,0,310.2,0
36.5,7117.5,6107.989156864395,1598.0,9.399999999999977,195,300.8,1,310.2,0
36.1,7147.8,5814.229299802726,1538.0,9.5,198,300.8,0,310.3,0
30.9,6180.0,5225.8822996139415,1615.0,9.5,200,300.9,0,310.4,0
47.0,9494.0,6929.934514798605,1408.0,9.5,202,301.0,0,310.5,0
57.3,11689.199999999999,8274.60947436362,1379.0,9.5,204,301.0,0,310.5,1
37.8,7786.799999999999,5909.901268080046,1493.0,9.600000000000023,206,301.0,0,310.6,1
49.1,0.0,7075.034207492406,1376.0,9.599999999999966,0,301.1,0,310.7,0
40.7,81.4,6746.894854824952,1583.0,9.599999999999966,2,301.1,1,310.7,0
47.4,237.0,6929.348084169934,1396.0,9.600000000000023,5,301.2,1,310.8,0
45.3,362.4,6812.103846337963,1436.0,9.599999999999966,8,301.1,0,310.7,0
47.6,476.0,7063.263707016955,1417.0,9.5,10,301.1,0,310.6,0
33.4,400.79999999999995,5739.626946255479,1641.0,9.600000000000023,12,301.0,0,310.6,0
27.3,382.2,4854.326136473876,1698.0,9.600000000000023,14,301.0,1,310.6,0
39.1,664.7,6309.689877200372,1541.0,9.5,17,300.9,0,310.4,0
46.6,885.4,6748.957834000809,1383.0,9.5,19,300.8,0,310.3,0
46.8,982.8,6704.410050172904,1368.0,9.599999999999966,21,300.8,0,310.4,0
35.2,809.6,5787.232546932878,1570.0,9.599999999999966,23,300.8,0,310.4,0
33.5,837.5,5669.108663157901,1616.0,9.600000000000023,25,300.9,0,310.5,0
43.2,1166.4,6532.502100168473,1444.0,9.600000000000023,27,300.9,1,310.5,0
18.8,564.0,3731.7303615911237,1895.5,9.5,30,300.9,0,310.4,0
29.3,937.6,5222.227580160265,1702.0,9.600000000000023,32,300.9,1,310.5,0
52.7,1844.5,7886.266734477874,1429.0,9.5,35,301.1,1,310.6,0
28.9,1098.2,5178.171979181424,1711.0,9.600000000000023,38,301.2,0,310.8,0
32.9,1316.0,5316.066952722992,1543.0,9.5,40,301.2,1,310.7,0
32.2,1384.6000000000001,5489.577114980757,1628.0,9.5,43,301.3,0,310.8,0
64.6,2906.9999999999995,8341.116990840115,1233.0,9.600000000000023,45,301.2,0,310.8,0
40.6,1908.2,6211.61982653081,1461.0,9.600000000000023,47,301.2,0,310.8,0
38.3,1876.6999999999998,6288.882061858095,1568.0,9.5,49,301.2,0,310.7,0
54.4,2774.4,8157.752699625592,1432.0,9.5,51,301.3,0,310.8,0
41.1,2178.3,6572.180415383312,1527.0,9.5,53,301.2,1,310.7,0
41.2,2307.2000000000003,6277.530440403125,1455.0,9.5,56,301.3,1,310.8,0
45.4,2678.6,6741.56461928936,1418.0,9.5,59,301.3,1,310.8,0
29.5,1829.0,5310.391141995507,1719.0,9.5,62,301.3,0,310.8,0
31.3,2003.2,5683.580933315438,1734.0,9.600000000000023,64,301.2,1,310.8,0
46.1,3088.7000000000003,6884.130093909266,1426.0,9.5,67,301.2,1,310.7,0
35.2,2464.0,5938.36409752157,1611.0,9.5,70,301.1,0,310.6,0
41.1,2959.2000000000003,6365.589282483246,1479.0,9.5,72,301.1,1,310.6,0
50.9,3817.5,7019.920200372929,1317.0,9.5,75,301.0,0,310.5,0
61.4,4727.8,8024.381619505192,1248.0,9.5,77,301.0,0,310.5,0
21.7,1714.3,4307.369619496138,1895.5,9.5,79,301.0,0,310.5,0
35.8,2899.7999999999997,5799.652309890069,1547.0,9.399999999999977,81,301.1,1,310.5,0
31.6,2654.4,5340.958838514935,1614.0,9.399999999999977,84,301.0,0,310.4,0
44.9,3861.4,7109.298511367559,1512.0,9.399999999999977,86,301.0,2,310.4,0
38.7,3521.7000000000003,6196.508765867044,1529.0,9.399999999999977,91,301.1,0,310.5,0
24.9,2315.7,4646.604030218518,1782.0,9.5,93,301.1,2,310.6,0
39.4,3861.2,5895.994484600155,1429.0,9.5,98,301.0,0,310.5,0
60.7,6070.0,8320.644278714222,1309.0,9.399999999999977,100,301.1,1,310.5,0
44.1,4542.3,6594.70563470955,1428.0,9.399999999999977,103,301.1,0,310.5,0
49.2,5166.0,7135.813553363856,1385.0,9.400000000000034,105,301.2,0,310.6,0
39.4,4215.8,6259.0788195510395,1517.0,9.5,107,301.2,0,310.7,0
39.6,4316.400000000001,6535.518029115919,1576.0,9.400000000000034,109,301.2,1,310.6,0
51.2,5734.400000000001,7704.693151075897,1437.0,9.400000000000034,112,301.2,0,310.6,0
50.5,5757.0,7705.122502071886,1457.0,9.400000000000034,114,301.2,2,310.6,0
37.5,4462.5,6016.1499316244535,1532.0,9.399999999999977,119,301.1,0,310.5,0
32.6,3944.6000000000004,5472.424019092156,1603.0,9.399999999999977,121,301.1,1,310.5,0
34.4,4265.599999999999,5630.48801746977,1563.0,9.399999999999977,124,301.0,0,310.4,0
34.5,4347.0,5841.9486189828995,1617.0,9.300000000000011,126,301.0,0,310.3,0
26.9,3443.2,4749.3969418439765,1686.0,9.300000000000011,128,300.8,1,310.1,0
50.4,6602.4,7294.024159398638,1382.0,9.300000000000011,131,300.9,0,310.2,0
17.8,2367.4,3533.234065761809,1895.5,9.200000000000045,133,300.9,0,310.1,0
44.5,6007.5,6738.402082684747,1446.0,9.400000000000034,135,300.9,0,310.3,0
38.1,5219.7,6116.398153200505,1533.0,9.300000000000011,137,300.9,1,310.2,0
47.6,6664.0,7177.910894921959,1440.0,9.400000000000034,140,300.9,0,310.3,0
25.0,3550.0,4694.063023238749,1793.0,9.399999999999977,142,301.0,1,310.4,0
46.1,6684.5,7323.43993861175,1517.0,9.399999999999977,145,301.0,1,310.4,0
36.0,5328.0,5820.742868571168,1544.0,9.5,148,300.9,0,310.4,0
48.8,7320.0,6750.738069837842,1321.0,9.400000000000034,150,300.9,0,310.3,0
50.9,7736.8,7547.613518396405,1416.0,9.400000000000034,152,300.9,1,310.3,0
40.0,6200.0,6341.828370046595,1514.0,9.399999999999977,155,300.8,0,310.2,0
52.5,8242.5,7169.114435491908,1304.0,9.399999999999977,157,300.8,1,310.2,0
64.9,10384.0,8740.057369943972,1286.0,9.5,160,300.7,0,310.2,0
40.2,6512.400000000001,6243.035753066709,1483.0,9.400000000000034,162,300.7,1,310.1,0
46.9,7738.5,6635.24265191637,1351.0,9.400000000000034,165,300.7,0,310.1,0
52.6,8784.2,7529.790216075039,1367.0,9.400000000000034,167,300.7,1,310.1,0
32.3,5490.999999999999,5821.193163518183,1721.0,9.400000000000034,170,300.7,0,310.1,0
40.4,6948.8,6155.63664544384,1455.0,9.399999999999977,172,300.6,0,310.0,0
49.5,8613.0,7386.669726753001,1425.0,9.399999999999977,174,300.6,0,310.0,0
29.7,5227.2,5200.215487634113,1672.0,9.300000000000011,176,300.7,0,310.0,0
34.6,6158.8,5945.841088037115,1641.0,9.300000000000011,178,300.7,1,310.0,0
37.0,6697.0,6121.9168842953095,1580.0,9.5,181,300.5,1,310.0,0
47.4,8721.6,7420.75600704445,1495.0,9.5,184,300.5,2,310.0,0
19.8,3742.2000000000003,3930.2266574204386,1895.5,9.399999999999977,189,300.5,1,309.9,0
31.8,6105.6,4712.07482111933,1415.0,9.5,192,300.4,1,309.9,0
30.4,5928.0,5491.503958474958,1725.0,9.400000000000034,195,300.4,1,309.8,0
43.4,8593.199999999999,6499.117442236325,1430.0,9.400000000000034,198,300.4,1,309.8,0
48.1,9668.1,7026.643208651611,1395.0,9.400000000000034,201,300.4,0,309.8,0
43.6,8850.800000000001,6551.896198816633,1435.0,9.400000000000034,203,300.4,1,309.8,0
28.6,5891.6,5034.569778985835,1681.0,9.5,206,300.4,0,309.9,0
48.6,10108.800000000001,7384.6905233812395,1451.0,9.5,208,300.5,0,310.0,0
45.9,9639.0,6714.8715537093585,1397.0,9.399999999999977,210,300.5,2,309.9,1
47.2,0.0,7023.679639581724,1421.0,9.400000000000034,0,300.4,1,309.8,0
42.0,126.0,6351.043708497125,1444.0,9.5,3,300.3,1,309.8,0
23.0,138.0,4400.428829883223,1827.0,9.600000000000023,6,300.2,0,309.8,0
47.7,381.6,6863.311806591478,1374.0,9.600000000000023,8,300.2,2,309.8,0
29.6,384.8,5114.512840044183,1650.0,9.600000000000023,13,300.2,0,309.8,0
60.7,910.5,8104.5236480982685,1275.0,9.5,15,300.2,0,309.7,0
44.6,758.2,6636.782032316629,1421.0,9.5,17,300.2,0,309.7,0
33.8,642.1999999999999,5511.044664780286,1557.0,9.600000000000023,19,300.2,0,309.8,0
35.2,739.2,5551.319882599309,1506.0,9.699999999999989,21,300.1,0,309.8,0
49.1,1129.3,7003.049847823151,1362.0,9.599999999999966,23,300.1,0,309.7,0
47.1,1177.5,7605.607318781673,1542.0,9.699999999999989,25,300.0,0,309.7,0
38.8,1047.6,6078.4372419696265,1496.0,9.600000000000023,27,300.0,0,309.6,0
42.0,1218.0,6557.760505103334,1491.0,9.600000000000023,29,300.0,1,309.6,0
34.8,1113.6,5703.24730332691,1565.0,9.5,32,300.1,0,309.6,0
37.9,1288.6,5877.909382890991,1481.0,9.599999999999966,34,300.1,0,309.7,0
48.4,1742.3999999999999,7197.179329863977,1420.0,9.599999999999966,36,300.1,1,309.7,0
54.8,2137.2,8022.622327619182,1398.0,9.600000000000023,39,300.2,0,309.8,0
45.7,1873.7,7015.825657947749,1466.0,9.600000000000023,41,300.2,1,309.8,0
56.7,2494.8,8490.782464857133,1430.0,9.699999999999989,44,300.1,0,309.8,0
40.1,1844.6000000000001,6051.136801809932,1441.0,9.599999999999966,46,300.1,0,309.7,0
57.3,2750.3999999999996,8088.5957733445675,1348.0,9.599999999999966,48,300.1,1,309.7,0
28.7,1463.7,5223.4842172217,1738.0,9.600000000000023,51,300.0,0,309.6,0
36.2,1918.6000000000001,6133.603608966665,1618.0,9.600000000000023,53,300.0,1,309.6,0
41.7,2335.2000000000003,6502.18573106133,1489.0,9.700000000000045,56,299.9,1,309.6,0
57.9,3416.1,8561.342635856761,1412.0,9.600000000000023,59,299.9,1,309.5,0
18.1,1122.2,3592.7829545106033,1895.5,9.600000000000023,62,299.9,1,309.5,0
33.1,2151.5,5445.43773819782,1571.0,9.600000000000023,65,300.0,0,309.6,0
48.7,3262.9,7257.089501767934,1423.0,9.600000000000023,67,300.0,1,309.6,0
24.9,1743.0,4643.996508316039,1781.0,9.5,70,300.0,2,309.5,0
46.9,3517.5,6487.901956463009,1321.0,9.5,75,300.1,0,309.6,0
36.7,2825.9,5941.61040993028,1546.0,9.5,77,300.1,0,309.6,0
22.4,1769.6,4407.612605084431,1879.0,9.5,79,300.0,1,309.5,0
28.9,2369.7999999999997,5250.80560133242,1735.0,9.5,82,300.0,2,309.5,0
38.8,3375.6,6119.068506956055,1506.0,9.5,87,300.0,0,309.5,0
32.3,2874.7,5510.007939204602,1629.0,9.600000000000023,89,300.0,2,309.6,0
28.7,2697.7999999999997,5091.244110456594,1694.0,9.600000000000023,94,300.0,0,309.6,0
37.0,3552.0,5970.806277657641,1541.0,9.5,96,300.1,0,309.6,0
44.6,4370.8,7071.138632601955,1514.0,9.600000000000023,98,300.0,0,309.6,0
45.9,4590.0,7137.855588588689,1485.0,9.599999999999966,100,300.1,0,309.7,0
55.0,5610.0,8236.20874016124,1430.0,9.600000000000023,102,300.2,0,309.8,0
27.1,2818.4,5025.9303991884635,1771.0,9.5,104,300.2,0,309.7,0
41.9,4441.4,6498.269212219855,1481.0,9.600000000000023,106,300.2,0,309.8,0
43.8,4730.4,6802.1135816995475,1483.0,9.5,108,300.2,2,309.7,0
45.1,5096.3,6909.545578476807,1463.0,9.5,113,300.1,2,309.6,0
48.3,5699.4,7131.729482914189,1410.0,9.599999999999966,118,300.1,0,309.7,0
34.3,4116.0,5948.16586660077,1656.0,9.5,120,300.2,0,309.7,0
39.2,4782.400000000001,6104.156413827016,1487.0,9.600000000000023,122,300.2,1,309.8,0
46.6,5825.0,7363.830348161404,1509.0,9.599999999999966,125,300.3,2,309.9,0
30.1,3913.0,5286.01238300365,1677.0,9.599999999999966,130,300.3,2,309.9,0
55.0,7425.0,8351.400470792867,1450.0,9.5,135,300.3,0,309.8,0
43.0,5891.0,6362.667601315407,1413.0,9.5,137,300.2,1,309.7,0
33.8,4732.0,5946.40657471476,1680.0,9.599999999999966,140,300.1,0,309.7,0
30.5,4331.0,5359.452347269067,1678.0,9.5,142,300.2,0,309.7,0
44.0,6336.0,6487.5982691731615,1408.0,9.5,144,300.2,1,309.7,0
52.1,7658.7,7507.317356626361,1376.0,9.5,147,300.1,1,309.6,0
46.4,6960.0,7414.828868904677,1526.0,9.600000000000023,150,300.0,0,309.6,0
32.6,4955.2,5417.802194821742,1587.0,9.600000000000023,152,300.0,1,309.6,0
58.2,9021.0,8233.925849499632,1351.0,9.599999999999966,155,300.1,0,309.7,0
38.0,5966.0,5973.005392515153,1501.0,9.5,157,300.1,1,309.6,0
35.8,5728.0,6002.096540487395,1601.0,9.599999999999966,160,300.1,0,309.7,0
39.7,6431.400000000001,6539.5497396880255,1573.0,9.600000000000023,162,300.0,1,309.6,0
36.7,6055.500000000001,6087.652580420157,1584.0,9.5,165,300.1,1,309.6,0
33.6,5644.8,5802.144640061917,1649.0,9.5,168,300.1,0,309.6,0
61.4,10438.0,7606.445076822631,1183.0,9.5,170,300.2,1,309.7,0
17.5,3027.5,3473.685177013014,1895.5,9.599999999999966,173,300.1,0,309.7,0
45.6,7980.0,7286.986991854597,1526.0,9.600000000000023,175,300.2,0,309.8,0
29.0,5133.0,4892.402239435384,1611.0,9.599999999999966,177,300.3,1,309.9,0
31.7,5706.0,5314.705595906436,1601.0,9.599999999999966,180,300.3,0,309.9,0
40.8,7425.599999999999,6665.202973856104,1560.0,9.699999999999989,182,300.3,0,310.0,0
41.9,7709.599999999999,6774.6979498092205,1544.0,9.700000000000045,184,300.4,0,310.1,0
42.3,7867.799999999999,6910.247200836108,1560.0,9.600000000000023,186,300.4,1,310.0,0
44.2,8353.800000000001,6586.516549859193,1423.0,9.600000000000023,189,300.4,0,310.0,0
33.5,6398.5,5662.0924395648835,1614.0,9.700000000000045,191,300.4,0,310.1,0
35.1,6774.3,5355.441580647985,1457.0,9.700000000000045,193,300.4,1,310.1,0
42.2,8271.2,6642.018020072613,1503.0,9.700000000000045,196,300.4,0,310.1,0
38.0,7524.0,5905.356430707853,1484.0,9.700000000000045,198,300.4,2,310.1,0
39.9,8099.7,6434.610073082614,1540.0,9.599999999999966,203,300.3,0,309.9,0
52.1,10680.5,7665.5384346366545,1405.0,9.599999999999966,205,300.3,2,309.9,0
46.7,9807.0,6817.235114338827,1394.0,9.599999999999966,210,300.3,2,309.9,1
36.4,0.0,5786.311013087824,1518.0,9.599999999999966,0,300.3,0,309.9,0
41.4,82.8,6620.152535203627,1527.0,9.599999999999966,2,300.3,0,309.9,0
55.3,221.2,7974.210384827363,1377.0,9.599999999999966,4,300.3,0,309.9,0
37.5,225.0,6035.7848857093895,1537.0,9.699999999999989,6,300.3,1,310.0,0
43.2,388.8,6374.165830427547,1409.0,9.699999999999989,9,300.3,1,310.0,0
56.1,673.2,8183.566119262588,1393.0,9.599999999999966,12,300.3,0,309.9,0
36.8,515.1999999999999,5580.138759208237,1448.0,9.5,14,300.2,0,309.7,0
49.3,788.8,7320.685809052103,1418.0,9.600000000000023,16,300.2,0,309.8,0
24.1,433.8,4398.889449482965,1743.0,9.600000000000023,18,300.2,1,309.8,0
47.4,995.4,6919.42065138459,1394.0,9.600000000000023,21,300.2,1,309.8,0
39.2,940.8000000000001,6251.9369322518805,1523.0,9.5,24,300.3,0,309.8,0
59.4,1544.3999999999999,8416.13822340784,1353.0,9.600000000000023,26,300.2,0,309.8,0
46.5,1302.0,7046.121083103867,1447.0,9.599999999999966,28,300.3,1,309.9,0
34.0,1054.0,5589.940528287439,1570.0,9.599999999999966,31,300.3,0,309.9,0
38.5,1270.5,6023.37559472771,1494.0,9.599999999999966,33,300.3,1,309.9,0
34.1,1227.6000000000001,5788.499655969826,1621.0,9.599999999999966,36,300.3,0,309.9,0
26.1,991.8000000000001,4835.0053416543,1769.0,9.600000000000023,38,300.4,0,310.0,0
66.1,2644.0,8873.972992790992,1282.0,9.600000000000023,40,300.4,0,310.0,0
30.3,1272.6000000000001,5016.526565178718,1581.0,9.600000000000023,42,300.4,0,310.0,0
32.7,1438.8000000000002,5670.700403435721,1656.0,9.5,44,300.6,0,310.1,0
31.7,1458.2,5470.727559059217,1648.0,9.599999999999966,46,300.6,0,310.2,0
31.4,1507.1999999999998,5389.360309331242,1639.0,9.5,48,300.7,0,310.2,0
54.8,2740.0,7735.690198591315,1348.0,9.5,50,300.7,0,310.2,0
33.3,1731.6,5359.776978509938,1537.0,9.5,52,300.8,0,310.3,0
61.0,3294.0,8112.639429120042,1270.0,9.5,54,300.8,1,310.3,0
34.4,1960.8,5987.121615505283,1662.0,9.600000000000023,57,300.7,0,310.3,0
40.2,2371.8,6192.518943196985,1471.0,9.600000000000023,59,300.7,1,310.3,0
45.8,2839.6,6412.472316850318,1337.0,9.5,62,300.6,0,310.1,0
24.8,1587.2,4874.662712918114,1877.0,9.5,64,300.7,2,310.2,0
44.6,3077.4,7094.491137993639,1519.0,9.599999999999966,69,300.6,0,310.2,0
47.3,3358.2999999999997,6825.570806846351,1378.0,9.599999999999966,71,300.6,0,310.2,0
27.5,2007.5,4884.129378780932,1696.0,9.5,73,300.7,0,310.2,0
50.8,3810.0,7319.994658668314,1376.0,9.400000000000034,75,300.7,0,310.1,0
24.2,1863.3999999999999,4579.33205952965,1807.0,9.5,77,300.7,0,310.2,0
32.8,2591.2,5488.823132743894,1598.0,9.400000000000034,79,300.7,0,310.1,0
40.2,3256.2000000000003,6588.233953843155,1565.0,9.400000000000034,81,300.7,0,310.1,0
50.6,4199.8,7349.462797758985,1387.0,9.5,83,300.7,0,310.2,0
48.0,4080.0,7012.034802812418,1395.0,9.300000000000011,85,300.7,0,310.0,0
62.9,5472.3,8576.108121328632,1302.0,9.399999999999977,87,300.6,1,310.0,0
55.2,4968.0,8075.401084199492,1397.0,9.399999999999977,90,300.6,1,310.0,0
52.9,4919.7,7273.593335174792,1313.0,9.399999999999977,93,300.6,0,310.0,0
35.9,3410.5,5657.956009237657,1505.0,9.399999999999977,95,300.6,0,310.0,0
44.0,4268.0,6833.173461068039,1483.0,9.399999999999977,97,300.6,2,310.0,0
60.4,6160.8,8589.449418130876,1358.0,9.5,102,300.5,2,310.0,0
27.0,2889.0,4905.596928580461,1735.0,9.399999999999977,107,300.5,1,309.9,0
48.5,5335.0,7191.733902597754,1416.0,9.300000000000011,110,300.5,1,309.8,0
31.1,3514.3,5666.804828545269,1740.0,9.300000000000011,113,300.4,0,309.7,0
27.4,3151.0,4854.891623151522,1692.0,9.300000000000011,115,300.4,0,309.7,0
42.5,4972.5,6707.038516026409,1507.0,9.300000000000011,117,300.5,0,309.8,0
35.0,4165.0,5574.756163795088,1521.0,9.200000000000045,119,300.4,1,309.6,0
54.5,6649.0,7870.265555895589,1379.0,9.200000000000045,122,300.4,0,309.6,0
38.5,4774.0,6140.2952013188105,1523.0,9.200000000000045,124,300.4,0,309.6,0
33.6,4233.6,5527.695105844313,1571.0,9.200000000000045,126,300.4,2,309.6,0
50.7,6641.700000000001,8213.474081324763,1547.0,9.100000000000023,131,300.4,2,309.5,0
54.3,7384.799999999999,7659.422800937666,1347.0,9.199999999999989,136,300.5,1,309.7,0
30.2,4197.8,4933.5571031974105,1560.0,9.199999999999989,139,300.5,0,309.7,0
48.6,6852.6,7043.702056760604,1384.0,9.199999999999989,141,300.5,0,309.7,0
24.6,3517.8,4742.611101712224,1841.0,9.199999999999989,143,300.5,0,309.7,0
29.1,4219.5,5067.734525432231,1663.0,9.300000000000011,145,300.5,0,309.8,1
42.7,6276.900000000001,6340.634564838232,1418.0,9.199999999999989,147,300.6,0,309.8,0
26.6,3963.4,4944.3432379747355,1775.0,9.199999999999989,149,300.7,0,309.9,0
48.4,7308.4,7126.221223794894,1406.0,9.100000000000023,151,300.7,0,309.8,0
43.7,6686.1,6772.854882119116,1480.0,9.299999999999955,153,300.6,0,309.9,0
45.3,7021.5,6698.252528571869,1412.0,9.199999999999989,155,300.7,0,309.9,0
22.5,3532.5,4466.166656159589,1895.5,9.199999999999989,157,300.6,2,309.8,0
37.6,6091.2,6414.126888981209,1629.0,9.199999999999989,162,300.6,0,309.8,0
21.4,3509.6,4247.820730747342,1895.5,9.300000000000011,164,300.5,0,309.8,0
36.2,6009.200000000001,5841.707763546125,1541.0,9.199999999999989,166,300.6,2,309.8,0
54.4,9302.4,7576.683722417623,1330.0,9.100000000000023,171,300.7,0,309.8,0
38.8,6712.4,6054.05848297777,1490.0,9.100000000000023,173,300.7,1,309.8,0
44.5,7832.0,6444.820249206781,1383.0,9.199999999999989,176,300.7,0,309.9,0
52.7,9380.6,8101.497247175311,1468.0,9.199999999999989,178,300.8,0,310.0,0
46.0,8280.0,6955.90501406828,1444.0,9.099999999999966,180,300.8,1,309.9,0
53.1,9717.300000000001,7579.123692711912,1363.0,9.100000000000023,183,300.7,0,309.8,0
33.2,6142.000000000001,5621.817221745863,1617.0,9.099999999999966,185,300.6,0,309.7,0
31.1,5815.7,5516.992746871084,1694.0,9.199999999999989,187,300.6,1,309.8,0
27.0,5130.0,5131.7915996389265,1815.0,9.199999999999989,190,300.7,0,309.9,0
65.3,12537.599999999999,8971.718412219681,1312.0,9.099999999999966,192,300.8,0,309.9,1
19.2,3724.7999999999997,3811.1288799228496,1895.5,9.099999999999966,194,300.8,2,309.9,0
26.8,5333.2,4689.6438495727,1671.0,9.100000000000023,199,300.9,0,310.0,0
46.6,9366.6,6909.995873423822,1416.0,9.100000000000023,201,300.9,1,310.0,0
36.0,7344.0,6031.857894892402,1600.0,9.100000000000023,204,300.9,1,310.0,0
13.7,2835.8999999999996,2719.3992528616163,1895.5,9.100000000000023,207,300.9,0,310.0,0
42.9,8966.1,6581.479529637937,1465.0,9.0,209,300.9,1,309.9,0
27.4,5808.799999999999,4823.329088958457,1681.0,9.100000000000023,212,301.0,1,310.1,0
39.6,8514.0,6042.0366550900335,1457.0,9.0,215,301.1,0,310.1,0
44.1,9569.7,6714.7773059297515,1454.0,9.100000000000023,217,301.0,2,310.1,0
32.6,0.0,5318.800138331616,1558.0,9.100000000000023,0,301.0,0,310.1,0
30.7,61.4,5645.358222696762,1756.0,9.100000000000023,2,301.0,2,310.1,0
36.8,257.59999999999997,6027.166449863042,1564.0,9.0,7,301.1,0,310.1,0
55.3,497.7,8425.908576560505,1455.0,9.099999999999966,9,301.1,0,310.2,0
15.7,172.7,3116.3918445202467,1895.5,8.900000000000034,11,301.2,1,310.1,0
48.1,673.4,7218.049977059325,1433.0,8.899999999999977,14,301.1,1,310.0,0
38.0,646.0,6020.757600849719,1513.0,8.899999999999977,17,301.1,0,310.0,0
41.8,794.1999999999999,6596.569646350679,1507.0,8.899999999999977,19,301.0,0,309.9,0
43.5,913.5,6741.857834603696,1480.0,9.0,21,301.0,0,310.0,0
40.1,922.3000000000001,6172.915405038584,1470.0,8.899999999999977,23,301.1,2,310.0,0
36.6,1024.8,5902.424277564503,1540.0,9.0,28,301.1,0,310.1,0
67.19999999999999,2015.9999999999995,8529.047063377855,1212.0,9.0,30,301.0,2,310.0,0
46.9,1641.5,6959.392181913765,1417.0,9.0,35,301.1,0,310.1,0
34.9,1291.3,6088.762609824425,1666.0,8.900000000000034,37,301.2,1,310.1,0
27.2,1088.0,4745.396647198406,1666.0,9.0,40,301.1,0,310.1,0
45.8,1923.6,7141.489364091341,1489.0,9.0,42,301.1,0,310.1,0
27.7,1218.8,5366.363851106965,1850.0,9.099999999999966,44,301.1,1,310.2,0
24.8,1165.6000000000001,4866.871563137212,1874.0,9.299999999999955,47,301.1,0,310.4,0
67.19999999999999,3292.7999999999993,9232.763817781968,1312.0,9.299999999999955,49,301.1,0,310.4,1
38.4,1958.3999999999999,6092.176473841327,1515.0,9.199999999999989,51,301.2,0,310.4,0
44.4,2353.2,7048.728605006346,1516.0,9.199999999999989,53,301.2,0,310.4,0
40.0,2200.0,6475.86965659976,1546.0,9.300000000000011,55,301.2,0,310.5,0
40.9,2331.2999999999997,6343.179254887639,1481.0,9.300000000000011,57,301.3,0,310.6,0
32.5,1917.5,5462.444226429253,1605.0,9.300000000000011,59,301.3,2,310.6,0
26.2,1676.8,4543.496959327702,1656.0,9.5,64,301.2,2,310.7,0
52.0,3588.0,7362.21766393256,1352.0,9.400000000000034,69,301.2,2,310.6,0
47.2,3492.8,7433.929752238503,1504.0,9.399999999999977,74,301.3,0,310.7,0
44.2,3359.2000000000003,6646.68852115095,1436.0,9.300000000000011,76,301.3,0,310.6,0
43.6,3400.8,6871.500891441835,1505.0,9.300000000000011,78,301.2,2,310.5,0
47.1,3909.3,6934.814455387182,1406.0,9.199999999999989,83,301.3,0,310.5,0
39.7,3374.5000000000005,6157.07130608898,1481.0,9.199999999999989,85,301.3,1,310.5,0
44.6,3924.8,6945.035103486859,1487.0,9.300000000000011,88,301.4,0,310.7,0
54.1,4869.0,8135.426447834081,1436.0,9.300000000000011,90,301.4,0,310.7,0
63.7,5860.400000000001,9125.447012735343,1368.0,9.300000000000011,92,301.4,1,310.7,1
38.3,3638.4999999999995,6052.2468312142,1509.0,9.300000000000011,95,301.4,0,310.7,0
36.9,3579.2999999999997,5962.397281321532,1543.0,9.400000000000034,97,301.4,0,310.8,0
29.6,2930.4,5263.298668118196,1698.0,9.400000000000034,99,301.4,0,310.8,0
46.5,4696.5,7158.118861204343,1470.0,9.300000000000011,101,301.4,1,310.7,0
30.3,3151.2000000000003,5514.688912258451,1738.0,9.400000000000034,104,301.4,1,310.8,0
39.9,4269.3,6392.82689078987,1530.0,9.400000000000034,107,301.4,1,310.8,0
29.2,3212.0,5320.601318119673,1740.0,9.400000000000034,110,301.4,0,310.8,0
24.1,2699.2000000000003,4467.030594139326,1770.0,9.400000000000034,112,301.4,0,310.8,0
44.0,5016.0,7035.9109069797005,1527.0,9.300000000000011,114,301.3,2,310.6,0
46.0,5474.0,7302.736843024593,1516.0,9.399999999999977,119,301.3,0,310.7,0
36.5,4416.5,6176.7900359780115,1616.0,9.300000000000011,121,301.4,0,310.7,0
26.1,3210.3,4881.469497000893,1786.0,9.300000000000011,123,301.4,0,310.7,0
52.7,6587.5,7665.517490685631,1389.0,9.400000000000034,125,301.4,0,310.8,0
29.8,3784.6,5114.743223505447,1639.0,9.300000000000011,127,301.4,1,310.7,0
46.7,6071.0,6817.235114338827,1394.0,9.199999999999989,130,301.5,2,310.7,0
27.9,3766.5,4925.954448975723,1686.0,9.199999999999989,135,301.5,0,310.7,0
31.9,4370.3,5471.837588463486,1638.0,9.100000000000023,137,301.5,1,310.6,0
41.9,5866.0,6349.085449076388,1447.0,9.100000000000023,140,301.5,1,310.6,0
39.0,5577.0,6175.114519896097,1512.0,9.100000000000023,143,301.5,2,310.6,0
21.8,3226.4,4327.219249079069,1895.5,9.199999999999989,148,301.6,0,310.8,0
35.4,5310.0,5916.498612652585,1596.0,9.199999999999989,150,301.5,0,310.7,0
21.3,3237.6,4173.323096955217,1871.0,9.199999999999989,152,301.5,1,310.7,0
20.5,3177.5,4069.174064500959,1895.5,9.199999999999989,155,301.5,0,310.7,0
38.2,5997.400000000001,6228.458763154052,1557.0,9.200000000000045,157,301.4,0,310.6,0
36.8,5851.2,5973.214832025392,1550.0,9.200000000000045,159,301.4,0,310.6,0
22.6,3638.6000000000004,4486.016285742521,1895.5,9.300000000000011,161,301.3,0,310.6,0
36.1,5884.3,5666.794356569757,1499.0,9.300000000000011,163,301.3,1,310.6,0
36.3,6025.799999999999,5781.81853559319,1521.0,9.300000000000011,166,301.3,0,310.6,0
42.0,7056.0,6047.565858160351,1375.0,9.300000000000011,168,301.4,1,310.7,0
31.1,5318.1,5321.585683817799,1634.0,9.200000000000045,171,301.4,0,310.6,0
49.4,8546.199999999999,7128.608834211623,1378.0,9.300000000000011,173,301.3,1,310.6,0
53.7,9451.2,8030.287813693943,1428.0,9.300000000000011,176,301.4,0,310.7,0
25.3,4503.400000000001,4914.655187398313,1855.0,9.200000000000045,178,301.4,1,310.6,0
33.0,5973.0,5453.176528101163,1578.0,9.200000000000045,181,301.4,0,310.6,0
45.3,8289.9,6883.260919941773,1451.0,9.100000000000023,183,301.4,1,310.5,0
34.9,6491.4,6008.358781843551,1644.0,9.0,186,301.5,0,310.5,0
45.3,8516.4,6584.401210805775,1388.0,9.0,188,301.4,0,310.4,0
40.9,7771.0,6608.727609920072,1543.0,9.0,190,301.4,0,310.4,0
41.6,7987.200000000001,6538.869061279747,1501.0,9.099999999999966,192,301.3,0,310.4,0
39.1,7585.400000000001,6170.475434744297,1507.0,9.099999999999966,194,301.3,0,310.4,0
36.0,7056.0,5877.291536335784,1559.0,9.0,196,301.4,0,310.4,0
35.7,7068.6,5712.420753875393,1528.0,9.0,198,301.5,0,310.5,0
38.2,7640.000000000001,6012.4428522932185,1503.0,9.0,200,301.5,1,310.5,0
44.0,8932.0,6321.722177063621,1372.0,9.0,203,301.5,0,310.5,0
32.8,6723.999999999999,5495.692748679744,1600.0,9.0,205,301.5,1,310.5,0
44.0,9152.0,6694.943384310088,1453.0,9.100000000000023,208,301.5,0,310.6,0
24.6,5166.0,4670.480134385802,1813.0,9.099999999999966,210,301.6,1,310.7,0
40.4,8605.199999999999,6164.098001657509,1457.0,9.099999999999966,213,301.6,0,310.7,0
38.9,0.0,6326.29843036235,1553.0,9.0,0,301.6,1,310.6,0
25.9,77.69999999999999,4781.682042347368,1763.0,9.0,3,301.7,0,310.7,0
20.9,104.5,4148.572582832685,1895.5,9.0,5,301.7,0,310.7,0
47.8,334.59999999999997,7293.165457406656,1457.0,9.099999999999966,7,301.6,1,310.7,0
29.5,295.0,5186.821830954308,1679.0,9.099999999999966,10,301.6,0,310.7,0
19.7,236.39999999999998,3910.377027837507,1895.5,9.0,12,301.6,0,310.6,0
38.6,540.4,5901.586519523546,1460.0,9.199999999999989,14,301.5,1,310.7,0
39.4,669.8,5999.143443393021,1454.0,9.199999999999989,17,301.5,1,310.7,0
46.8,936.0,7258.210003147715,1481.0,9.100000000000023,20,301.5,0,310.6,0
51.1,1124.2,7620.079588939211,1424.0,9.199999999999989,22,301.5,0,310.7,0
39.5,948.0,6179.826908876482,1494.0,9.099999999999966,24,301.6,0,310.7,0
47.0,1222.0,7008.6837706485885,1424.0,9.100000000000023,26,301.5,1,310.6,0
47.9,1389.1,6756.654736002103,1347.0,9.199999999999989,29,301.5,1,310.7,0
46.7,1494.4,6719.426863057065,1374.0,9.100000000000023,32,301.5,0,310.6,0
47.4,1611.6,6964.094098918637,1403.0,9.100000000000023,34,301.5,1,310.6,0
37.4,1383.8,6160.684137640607,1573.0,9.100000000000023,37,301.5,1,310.6,0
30.1,1204.0,5330.141287811075,1691.0,9.0,40,301.6,1,310.6,0
44.3,1904.8999999999999,7134.9129634698265,1538.0,9.0,43,301.5,2,310.5,0
39.1,1876.8000000000002,6371.108013578053,1556.0,9.0,48,301.5,0,310.5,0
36.8,1839.9999999999998,6138.923372526742,1593.0,8.899999999999977,50,301.5,1,310.4,0
39.9,2114.7,6158.841069950502,1474.0,8.899999999999977,53,301.5,0,310.4,0
34.0,1870.0,5493.807793087591,1543.0,8.899999999999977,55,301.5,0,310.4,0
33.8,1926.6,5617.230496471621,1587.0,9.0,57,301.5,2,310.5,0
67.19999999999999,4166.4,8599.418738818267,1222.0,9.0,62,301.6,0,310.6,0
41.1,2630.4,6511.924668287459,1513.0,8.900000000000034,64,301.7,0,310.6,0
28.7,1894.2,4989.058573410831,1660.0,8.900000000000034,66,301.7,0,310.6,0
42.1,2862.8,6811.44411188071,1545.0,8.900000000000034,68,301.7,0,310.6,0
45.8,3206.0,6618.707402582975,1380.0,8.900000000000034,70,301.7,1,310.6,0
60.8,4438.4,8410.75562799469,1321.0,9.0,73,301.6,0,310.6,0
65.8,4935.0,9019.742891917558,1309.0,9.0,75,301.6,1,310.6,1
31.3,2441.4,5332.864001444185,1627.0,9.0,78,301.7,1,310.7,0
23.8,1927.8,4463.763337779594,1791.0,9.099999999999966,81,301.6,1,310.7,0
21.8,1831.2,4248.459521253573,1861.0,9.0,84,301.7,1,310.7,0
51.1,4445.7,7989.3109735156195,1493.0,9.0,87,301.7,0,310.7,0
41.1,3657.9,6206.34195087278,1442.0,9.0,89,301.7,1,310.7,0
39.8,3661.6,6385.140460764086,1532.0,9.0,92,301.7,0,310.7,0
44.4,4173.599999999999,6607.0206779116215,1421.0,9.099999999999966,94,301.6,1,310.7,0
42.5,4122.5,7178.801012840476,1613.0,9.0,97,301.6,0,310.6,0
22.1,2187.9,4341.639159359047,1876.0,8.900000000000034,99,301.7,1,310.6,0
34.5,3519.0,5755.240661743821,1593.0,8.899999999999977,102,301.6,0,310.5,0
49.4,5137.599999999999,7226.898796366936,1397.0,8.899999999999977,104,301.6,0,310.5,0
49.3,5225.799999999999,7300.035073342506,1414.0,8.899999999999977,106,301.6,1,310.5,0
55.3,6027.7,7980.001387285481,1378.0,8.899999999999977,109,301.5,1,310.4,0
51.2,5734.400000000001,6975.50855222668,1301.0,9.0,112,301.4,0,310.4,0
29.3,3340.2000000000003,5329.617689035476,1737.0,9.0,114,301.5,1,310.5,0
44.5,5206.5,6505.400627543504,1396.0,9.0,117,301.5,0,310.5,0
39.3,4676.7,6313.156101094833,1534.0,9.0,119,301.5,0,310.5,0
25.5,3085.5,4737.207562348049,1774.0,9.0,121,301.5,1,310.5,0
48.0,5952.0,7303.57460106555,1453.0,9.0,124,301.5,2,310.5,0
44.2,5701.8,6725.374945147862,1453.0,9.0,129,301.5,0,310.5,0
48.4,6340.4,6994.441883952315,1380.0,9.100000000000023,131,301.4,0,310.5,0
43.2,5745.6,6034.873823839849,1334.0,9.0,133,301.4,0,310.4,0
28.7,3874.5,5115.287766232069,1702.0,9.0,135,301.5,0,310.5,0
37.5,5137.5,5619.523859108742,1431.0,9.0,137,301.6,0,310.6,0
60.5,8409.5,8286.893101639156,1308.0,9.0,139,301.5,1,310.5,0
43.9,6233.8,7194.613695863544,1565.0,9.100000000000023,142,301.5,0,310.6,0
39.6,5702.400000000001,6162.2968218694505,1486.0,8.899999999999977,144,301.5,1,310.4,0
34.2,5027.400000000001,5296.913709511607,1479.0,9.0,147,301.5,0,310.5,0
22.4,3337.6,4446.317026576658,1895.5,9.0,149,301.5,0,310.5,0
41.1,6206.1,6404.325119902009,1488.0,8.899999999999977,151,301.5,0,310.4,0
54.9,8399.699999999999,7761.304650693583,1350.0,8.899999999999977,153,301.5,1,310.4,0
35.3,5506.799999999999,5770.4040822851475,1561.0,8.799999999999955,156,301.6,0,310.4,0
55.6,8784.800000000001,7429.405858817335,1276.0,8.899999999999977,158,301.5,1,310.4,0
35.7,5747.700000000001,5906.822507279529,1580.0,8.899999999999977,161,301.5,2,310.4,0
29.1,4830.6,4906.22524711118,1610.0,8.900000000000034,166,301.4,1,310.3,0
16.6,2805.4,3295.0385107666307,1895.5,8.900000000000034,169,301.4,0,310.3,0
32.7,5591.700000000001,5612.486691564702,1639.0,8.900000000000034,171,301.4,0,310.3,0
44.7,7733.1,7269.551152627174,1553.0,9.0,173,301.4,1,310.4,0
47.6,8377.6,6848.923312238036,1374.0,8.900000000000034,176,301.4,0,310.3,0
50.9,9060.199999999999,7622.236815894676,1430.0,9.0,178,301.4,0,310.4,0
31.3,5634.0,5329.58627310894,1626.0,9.0,180,301.3,0,310.3,0
43.8,7971.599999999999,6517.7366146966,1421.0,9.100000000000023,182,301.4,2,310.5,0
39.8,7442.599999999999,6255.93722689745,1501.0,9.099999999999966,187,301.3,1,310.4,0
18.7,3553.0,3711.880732008192,1895.5,9.099999999999966,190,301.3,1,310.4,0
47.2,9109.6,7433.929752238503,1504.0,9.099999999999966,193,301.3,0,310.4,0
38.4,7488.0,6184.6649615630095,1538.0,9.099999999999966,195,301.3,0,310.4,0
41.5,8175.5,6258.052565950868,1440.0,9.099999999999966,197,301.3,0,310.4,0
51.4,10228.6,7610.989914194823,1414.0,9.099999999999966,199,301.3,0,310.4,0
39.9,8019.9,6417.896800165516,1536.0,9.100000000000023,201,301.4,2,310.5,0
39.2,8075.200000000001,6059.001255419419,1476.0,9.100000000000023,206,301.4,0,310.5,0
33.9,7051.2,5577.049526432207,1571.0,9.100000000000023,208,301.4,0,310.5,0
20.2,4242.0,4009.6251757521645,1895.5,9.100000000000023,210,301.5,0,310.6,0
42.1,8925.2,5982.608194059627,1357.0,9.100000000000023,212,301.5,0,310.6,0
50.5,10807.0,7530.607030164973,1424.0,9.099999999999966,214,301.6,0,310.7,0
51.8,11188.8,7485.786974973758,1380.0,9.099999999999966,216,301.6,0,310.7,1
35.5,7739.0,6014.998014318137,1618.0,9.199999999999989,218,301.5,0,310.7,0
28.0,6160.0,4629.869813350398,1579.0,9.100000000000023,220,301.5,0,310.6,0
44.0,9768.0,6556.713307552137,1423.0,9.199999999999989,222,301.5,0,310.7,0
38.5,8624.0,5785.504670973403,1435.0,9.199999999999989,224,301.5,0,310.7,0
65.6,0.0,9177.806890295173,1336.0,9.199999999999989,0,301.5,1,310.7,1
42.4,127.19999999999999,6180.643722966414,1392.0,9.199999999999989,3,301.6,0,310.8,0
49.7,248.5,7374.878282326528,1417.0,9.300000000000011,5,301.5,0,310.8,0
45.1,315.7,6730.076862152734,1425.0,9.300000000000011,7,301.4,0,310.7,0
38.9,350.09999999999997,6159.280892922004,1512.0,9.300000000000011,9,301.5,0,310.8,0
50.6,556.6,6983.844244734206,1318.0,9.399999999999977,11,301.5,0,310.9,0
40.4,525.1999999999999,6506.782928311083,1538.0,9.299999999999955,13,301.6,0,310.9,0
43.6,654.0,6994.776987168698,1532.0,9.299999999999955,15,301.6,0,310.9,0
24.8,421.6,4453.940624749369,1715.0,9.300000000000011,17,301.7,0,311.0,0
28.7,545.3,5109.2768522882,1700.0,9.300000000000011,19,301.7,0,311.0,0
40.3,846.3,6532.879091286902,1548.0,9.300000000000011,21,301.7,0,311.0,0
43.0,989.0,6961.559880844742,1546.0,9.300000000000011,23,301.7,0,311.0,0
49.2,1230.0,6919.420651384591,1343.0,9.300000000000011,25,301.7,0,311.0,0
47.8,1290.6,7558.462485026803,1510.0,9.300000000000011,27,301.7,1,311.0,0
23.6,708.0,4544.879260095282,1839.0,9.199999999999989,30,301.8,1,311.0,0
26.7,881.1,4909.806662736271,1756.0,9.199999999999989,33,301.8,1,311.0,0
62.7,2257.2000000000003,8535.707239803467,1300.0,9.199999999999989,36,301.7,1,310.9,0
55.8,2176.2,7660.648022072567,1311.0,9.300000000000011,39,301.7,1,311.0,0
31.3,1314.6000000000001,5362.363556461394,1636.0,9.199999999999989,42,301.7,0,310.9,0
34.1,1500.4,5867.060416260594,1643.0,9.299999999999955,44,301.6,0,310.9,0
44.7,2056.2000000000003,6637.619790357587,1418.0,9.199999999999989,46,301.6,0,310.8,0
40.4,1939.1999999999998,6413.70800996073,1516.0,9.100000000000023,48,301.7,1,310.8,0
50.2,2560.2000000000003,7459.58609224282,1419.0,9.299999999999955,51,301.6,2,310.9,0
34.1,1909.6000000000001,5795.641543268986,1623.0,9.299999999999955,56,301.6,0,310.9,0
32.0,1856.0,5576.117520611643,1664.0,9.199999999999989,58,301.6,1,310.8,0
28.2,1720.2,5150.201332588963,1744.0,9.199999999999989,61,301.5,1,310.7,0
36.0,2304.0,5692.5658883047045,1510.0,9.199999999999989,64,301.5,1,310.7,0
58.1,3892.7000000000003,8408.388961528985,1382.0,9.100000000000023,67,301.5,1,310.6,0
46.1,3227.0,6666.888961913532,1381.0,9.200000000000045,70,301.4,0,310.6,0
39.0,2808.0,6354.813619681433,1556.0,9.300000000000011,72,301.3,0,310.6,0
37.4,2767.6,5733.783583919802,1464.0,9.200000000000045,74,301.4,1,310.6,0
37.6,2895.2000000000003,5831.382395691326,1481.0,9.200000000000045,77,301.4,0,310.6,0
49.7,3926.3,6885.648530358501,1323.0,9.199999999999989,79,301.5,0,310.7,0
46.1,3734.1,6884.130093909266,1426.0,9.199999999999989,81,301.5,0,310.7,0
36.4,3021.2,5778.687414915114,1516.0,9.300000000000011,83,301.4,2,310.7,0
45.2,3977.6000000000004,6702.399430874609,1416.0,9.300000000000011,88,301.3,0,310.6,0
53.8,4842.0,8112.848868630282,1440.0,9.300000000000011,90,301.3,0,310.6,0
30.4,2796.7999999999997,5017.165355684947,1576.0,9.300000000000011,92,301.3,0,310.6,0
53.6,5038.400000000001,7785.201698811889,1387.0,9.300000000000011,94,301.3,0,310.6,0
48.6,4665.6,7450.852464665841,1464.0,9.200000000000045,96,301.4,1,310.6,0
18.0,1782.0,3572.9333249276715,1895.5,9.200000000000045,99,301.4,0,310.6,0
40.6,4100.6,6084.071164795065,1431.0,9.200000000000045,101,301.4,1,310.6,0
48.0,4992.0,7328.707342294269,1458.0,9.300000000000011,104,301.3,0,310.6,0
61.0,6466.0,8176.518479743035,1280.0,9.300000000000011,106,301.4,0,310.7,0
28.7,3099.6,4980.042202495028,1657.0,9.300000000000011,108,301.4,0,310.7,0
36.1,3971.0,5916.299645117858,1565.0,9.200000000000045,110,301.4,1,310.6,0
36.8,4158.4,6011.751701909427,1560.0,9.300000000000011,113,301.3,0,310.6,0
47.1,5416.5,6702.99633347879,1359.0,9.199999999999989,115,301.5,1,310.7,0
41.0,4838.0,6440.264939859076,1500.0,9.300000000000011,118,301.5,0,310.8,0
25.5,3060.0,4766.581453659113,1785.0,9.300000000000011,120,301.5,0,310.8,0
23.2,2830.4,4594.181320805617,1891.0,9.399999999999977,122,301.5,0,310.9,0
40.4,5009.599999999999,6447.553434815404,1524.0,9.399999999999977,124,301.5,2,310.9,0
42.3,5456.7,6338.82291307466,1431.0,9.399999999999977,129,301.6,1,311.0,0
51.2,6758.400000000001,7425.887275045313,1385.0,9.299999999999955,132,301.6,0,310.9,0
44.8,6003.2,7051.2418791292175,1503.0,9.300000000000011,134,301.7,0,311.0,0
46.8,6364.799999999999,6425.0596314157,1311.0,9.300000000000011,136,301.7,1,311.0,0
40.1,5573.900000000001,6613.837933969911,1575.0,9.299999999999955,139,301.6,1,310.9,0
40.1,5694.2,6235.90433774306,1485.0,9.399999999999977,142,301.6,0,311.0,0
42.2,6076.8,6748.078188057803,1527.0,9.300000000000011,144,301.7,0,311.0,0
33.5,4891.0,5391.967831233722,1537.0,9.300000000000011,146,301.7,1,311.0,0
50.1,7464.900000000001,7675.570587177119,1463.0,9.300000000000011,149,301.8,2,311.1,0
43.6,6714.400000000001,6766.48792100784,1482.0,9.5,154,301.7,0,311.2,0
55.9,8720.4,8294.883218954787,1417.0,9.399999999999977,156,301.8,0,311.2,0
39.5,6241.0,6229.464072803201,1506.0,9.400000000000034,158,301.7,1,311.1,0
30.0,4830.0,5149.07035923367,1639.0,9.5,161,301.7,2,311.2,0
38.0,6308.0,5642.719284867747,1418.0,9.5,166,301.7,0,311.2,0
58.1,9760.800000000001,7897.314668642998,1298.0,9.300000000000011,168,301.7,1,311.0,0
44.6,7626.6,6515.349004279871,1395.0,9.300000000000011,171,301.8,1,311.1,0
40.5,7047.0,6692.534829942336,1578.0,9.400000000000034,174,301.7,1,311.1,0
29.8,5274.6,4983.67597799768,1597.0,9.300000000000011,177,301.8,1,311.1,0
19.3,3474.0,3830.9785095057814,1895.5,9.300000000000011,180,301.7,2,311.0,0
35.9,6641.5,5958.71114594132,1585.0,9.300000000000011,185,301.7,0,311.0,0
44.0,8228.0,6934.54218402387,1505.0,9.300000000000011,187,301.7,1,311.0,0
37.1,7049.0,5847.079886983763,1505.0,9.300000000000011,190,301.7,1,311.0,0
29.5,5693.5,5270.231115907117,1706.0,9.299999999999955,193,301.6,0,310.9,0
50.7,9886.5,7353.368844624949,1385.0,9.299999999999955,195,301.6,0,310.9,0
36.9,7269.299999999999,5776.917651053591,1495.0,9.300000000000011,197,301.8,0,311.1,0
31.6,6288.400000000001,5503.106907342217,1663.0,9.300000000000011,199,301.8,1,311.1,0
26.6,5373.200000000001,5125.4036945766275,1840.0,9.399999999999977,202,301.8,0,311.2,0
26.2,5344.8,4998.944118294126,1822.0,9.399999999999977,204,301.8,0,311.2,0
32.8,6756.799999999999,5646.824299268437,1644.0,9.400000000000034,206,301.7,0,311.1,0
44.3,9214.4,6684.921703745136,1441.0,9.300000000000011,208,301.7,0,311.0,1
40.6,0.0,6169.1036059522285,1451.0,9.399999999999977,0,301.5,0,310.9,0
50.8,101.6,7447.6689841102025,1400.0,9.399999999999977,2,301.5,0,310.9,0
53.2,212.8,7587.825904362356,1362.0,9.400000000000034,4,301.4,0,310.8,0
26.5,159.0,4945.180996015693,1782.0,9.400000000000034,6,301.4,1,310.8,0
38.3,344.7,6160.5375299834395,1536.0,9.5,9,301.4,0,310.9,0
32.3,355.29999999999995,5344.267982776716,1580.0,9.399999999999977,11,301.5,0,310.9,0
43.2,561.6,6455.595912008594,1427.0,9.600000000000023,13,301.4,1,311.0,0
41.7,667.2,6589.522006831127,1509.0,9.599999999999966,16,301.3,0,310.9,0
39.5,711.0,5931.6410892428885,1434.0,9.5,18,301.3,2,310.8,0
52.6,1209.8,7667.496694057392,1392.0,9.600000000000023,23,301.2,0,310.8,0
40.1,1002.5,6336.68663007022,1509.0,9.5,25,301.3,1,310.8,0
22.5,630.0,4466.166656159589,1895.5,9.5,28,301.2,1,310.7,0
39.3,1218.3,6321.387073847237,1536.0,9.399999999999977,31,301.3,0,310.7,0
47.9,1580.7,6927.201329189981,1381.0,9.5,33,301.3,0,310.8,0
27.3,955.5,4994.409752897445,1747.0,9.5,35,301.2,2,310.7,0
30.0,1200.0,5246.459731494954,1670.0,9.400000000000034,40,301.2,0,310.6,0
47.5,1995.0,7217.54732223475,1451.0,9.300000000000011,42,301.3,0,310.6,0
21.3,937.2,4227.971101164411,1895.5,9.5,44,301.2,0,310.7,0
25.5,1173.0,4857.373481347859,1819.0,9.399999999999977,46,301.3,1,310.7,0
54.2,2655.8,7787.212318110188,1372.0,9.5,49,301.3,1,310.8,0
38.5,2002.0,6289.468492486765,1560.0,9.5,52,301.3,0,310.8,0
35.3,1906.1999999999998,5522.73138945164,1494.0,9.5,54,301.3,1,310.8,0
53.4,3043.7999999999997,8561.405467709832,1531.0,9.5,57,301.3,0,310.8,0
46.9,2767.1,7121.466946912462,1450.0,9.5,59,301.3,0,310.8,0
52.5,3202.5,7647.421917000954,1391.0,9.399999999999977,61,301.3,1,310.7,0
45.3,2899.2,6589.145015712696,1389.0,9.400000000000034,64,301.2,0,310.6,0
50.9,3359.4,7510.30186964727,1409.0,9.400000000000034,66,301.2,0,310.6,0
58.5,3978.0,8503.034676206134,1388.0,9.5,68,301.1,2,310.6,0
43.9,3204.7,6482.04812215182,1410.0,9.5,73,301.1,1,310.6,0
30.7,2333.2,5291.719609657671,1646.0,9.399999999999977,76,301.1,1,310.5,0
16.7,1319.3,3314.8881403495616,1895.5,9.599999999999966,79,301.1,1,310.7,0
41.2,3378.4,6691.718015852403,1551.0,9.5,82,301.2,0,310.7,0
24.0,2016.0,4551.539436520892,1811.0,9.400000000000034,84,301.2,0,310.6,0
31.4,2700.4,5287.426099697765,1608.0,9.399999999999977,86,301.3,0,310.7,0
55.2,4857.6,8254.597529160254,1428.0,9.5,88,301.3,0,310.8,0
50.4,4536.0,7795.422346911569,1477.0,9.400000000000034,90,301.4,0,310.8,0
58.3,5363.599999999999,7936.7102405190135,1300.0,9.399999999999977,92,301.3,1,310.7,0
34.9,3315.5,5902.371917686944,1615.0,9.5,95,301.2,1,310.7,0
32.4,3175.2,5686.534030409812,1676.0,9.5,98,301.2,0,310.7,0
12.800000000000011,1280.0000000000011,2540.7525866152355,1895.5,9.599999999999966,100,301.1,1,310.7,1
48.8,5026.4,6694.524505289609,1310.0,9.5,103,301.1,1,310.6,0
48.2,5109.200000000001,6733.354590487979,1334.0,9.599999999999966,106,301.1,0,310.7,0
31.0,3348.0,5262.272414518023,1621.0,9.599999999999966,108,301.1,1,310.7,0
43.4,4817.4,6212.79268778815,1367.0,9.599999999999966,111,301.1,1,310.7,0
33.7,3841.8,5604.140527081665,1588.0,9.600000000000023,114,301.0,0,310.6,0
37.6,4361.6,5894.381800371314,1497.0,9.699999999999989,116,301.0,1,310.7,0
32.9,3915.1,5540.010149046384,1608.0,9.699999999999989,119,301.1,0,310.8,0
41.4,5009.4,6715.531288166613,1549.0,9.800000000000011,121,301.0,0,310.8,0
45.0,5535.0,6554.933071715103,1391.0,9.699999999999989,123,301.0,0,310.7,0
38.1,4762.5,5944.835778387966,1490.0,9.900000000000034,125,300.9,0,310.8,0
34.5,4381.5,6239.360089662008,1727.0,9.699999999999989,127,301.0,0,310.7,0
46.4,5985.599999999999,7307.930942878527,1504.0,9.700000000000045,129,300.9,0,310.6,0
53.8,7047.799999999999,7605.795814340889,1350.0,9.700000000000045,131,300.9,0,310.6,0
43.0,5719.0,6394.188247606426,1420.0,9.800000000000011,133,300.9,1,310.7,0
44.1,5997.6,6765.5768591382985,1465.0,9.800000000000011,136,300.8,2,310.6,0
44.1,6218.1,6590.087493508773,1427.0,9.800000000000011,141,300.9,0,310.7,0
43.2,6177.6,6681.790583067059,1477.0,9.800000000000011,143,300.9,0,310.7,0
48.1,6974.5,7520.271190334663,1493.0,9.699999999999989,145,301.0,1,310.7,0
29.9,4425.2,5188.266963574959,1657.0,9.699999999999989,148,301.0,1,310.7,0
46.0,6946.0,6546.4507715504105,1359.0,9.800000000000011,151,300.9,0,310.7,0
34.5,5278.5,5603.501736575434,1551.0,9.800000000000011,153,300.8,0,310.6,0
37.5,5812.5,6067.200812245288,1545.0,9.800000000000011,155,300.8,1,310.6,0
29.2,4613.599999999999,5225.808995785357,1709.0,9.700000000000045,158,300.9,1,310.6,0
56.3,9064.3,7475.775766384319,1268.0,9.800000000000011,161,300.9,1,310.7,0
25.3,4149.2,4609.973059877662,1740.0,9.800000000000011,164,300.9,0,310.7,0
25.1,4166.6,4804.835580204325,1828.0,9.899999999999977,166,301.0,0,310.9,0
21.6,3628.8,4121.266906685234,1822.0,9.899999999999977,168,301.0,0,310.9,0
41.8,7105.999999999999,6631.587932462693,1515.0,9.899999999999977,170,301.0,1,310.9,0
52.9,9151.699999999999,7711.227663795363,1392.0,9.899999999999977,173,301.0,0,310.9,0
35.7,6247.500000000001,5510.542009955712,1474.0,10.0,175,300.9,2,310.9,0
53.4,9612.0,7599.57546088678,1359.0,9.899999999999977,180,301.0,1,310.9,0
52.3,9570.9,8571.259596666592,1565.0,9.899999999999977,183,301.1,0,311.0,0
42.5,7862.5,6159.615996138387,1384.0,10.0,185,301.1,1,311.1,0
53.1,9982.800000000001,7712.578548636406,1387.0,10.0,188,301.1,0,311.1,0
51.1,9709.0,7373.925332554938,1378.0,9.899999999999977,190,301.1,0,311.0,0
25.7,4934.4,4868.557551194637,1809.0,9.899999999999977,192,301.0,0,310.9,0
52.8,10243.199999999999,7403.602911155849,1339.0,9.899999999999977,194,301.1,2,311.0,0
38.6,7681.400000000001,5752.025765261648,1423.0,10.0,199,301.0,1,311.0,0
41.6,8403.2,6839.456646375219,1570.0,10.0,202,301.1,0,311.1,0
34.1,6956.400000000001,5563.53020604626,1558.0,10.0,204,301.2,0,311.2,0
21.7,4470.2,4088.0812162878133,1799.0,10.0,206,301.1,0,311.1,0
35.0,7280.0,5831.319563838254,1591.0,10.099999999999966,208,301.1,1,311.2,0
29.6,6245.6,5068.017268771054,1635.0,10.0,211,301.2,0,311.2,0
42.5,9052.5,6715.93969521158,1509.0,10.0,213,301.3,0,311.3,0
23.2,4988.0,4465.417909910484,1838.0,10.099999999999966,215,301.3,1,311.4,0
32.4,0.0,5591.532268565257,1648.0,10.199999999999989,0,301.3,1,311.5,0
49.5,148.5,7765.074561877891,1498.0,10.300000000000011,3,301.2,1,311.5,0
28.0,168.0,5151.793072866782,1757.0,10.199999999999989,6,301.2,0,311.4,0
53.3,426.4,7752.790934602355,1389.0,10.199999999999989,8,301.1,1,311.3,0
37.6,413.6,5898.319263163813,1498.0,10.199999999999989,11,301.1,0,311.3,0
35.8,465.4,5702.179161824689,1521.0,10.199999999999989,13,301.0,1,311.2,0
41.3,660.8,6028.946685700075,1394.0,10.199999999999989,16,301.0,1,311.2,0
32.7,621.3000000000001,5485.786259845425,1602.0,10.199999999999989,19,301.0,2,311.2,0
40.7,976.8000000000001,6039.387245285507,1417.0,10.200000000000045,24,300.9,0,311.1,0
42.9,1115.3999999999999,6788.133494391073,1511.0,10.199999999999989,26,301.0,0,311.2,0
30.7,859.6,5317.438781515059,1654.0,10.199999999999989,28,301.1,1,311.3,0
22.8,706.8000000000001,4383.652725113054,1836.0,10.199999999999989,31,301.1,1,311.3,0
35.6,1210.4,6046.853763825538,1622.0,10.199999999999989,34,301.1,0,311.3,0
45.4,1634.3999999999999,6974.524186528556,1467.0,10.199999999999989,36,301.0,0,311.2,0
22.7,862.6,4505.865915325452,1895.5,10.199999999999989,38,301.1,1,311.3,0
20.2,828.1999999999999,4009.6251757521645,1895.5,10.099999999999966,41,301.1,0,311.2,0
16.6,713.8000000000001,3295.0385107666307,1895.5,10.199999999999989,43,301.1,2,311.3,0
49.4,2371.2,7159.647769629089,1384.0,10.099999999999966,48,301.1,1,311.2,0
29.5,1504.5,5035.44942492884,1630.0,10.199999999999989,51,301.1,0,311.3,0
60.0,3180.0,7967.078969503715,1268.0,10.199999999999989,53,301.1,0,311.3,0
38.7,2128.5,6204.614074913306,1531.0,10.299999999999955,55,301.1,0,311.4,0
41.5,2365.5,6318.89474367539,1454.0,10.300000000000011,57,301.0,1,311.3,0
50.9,3054.0,7153.176088762696,1342.0,10.300000000000011,60,301.0,0,311.3,0
46.3,2870.6,6608.539114360856,1363.0,10.199999999999989,62,301.0,0,311.2,0
42.1,2694.4,6225.086787039199,1412.0,10.199999999999989,64,301.0,0,311.2,0
39.2,2587.2000000000003,6555.707997902989,1597.0,10.300000000000011,66,301.0,2,311.3,0
47.0,3337.0,6639.546633851788,1349.0,10.300000000000011,71,301.0,0,311.3,0
35.3,2576.8999999999996,5441.406027625712,1472.0,10.300000000000011,73,301.0,0,311.3,0
39.5,2962.5,6113.644023640857,1478.0,10.399999999999977,75,301.0,0,311.4,0
58.9,4535.3,7987.5516816296085,1295.0,10.400000000000034,77,300.9,2,311.3,0
32.9,2697.7999999999997,5484.885669951395,1592.0,10.399999999999977,82,300.8,1,311.2,0
54.4,4624.0,8146.359190268572,1430.0,10.399999999999977,85,300.8,0,311.2,0
40.1,3488.7000000000003,6248.502124283955,1488.0,10.399999999999977,87,300.8,1,311.2,0
35.0,3150.0,5563.760589507523,1518.0,10.300000000000011,90,300.9,2,311.2,0
17.0,1615.0,3374.4370290983566,1895.5,10.399999999999977,95,300.8,2,311.2,0
24.6,2460.0,4639.566862674479,1801.0,10.400000000000034,100,300.9,1,311.3,0
37.6,3872.8,6193.628972601253,1573.0,10.399999999999977,103,301.0,0,311.4,0
21.4,2247.0,4247.820730747342,1895.5,10.5,105,300.9,0,311.4,0
19.4,2075.7999999999997,3850.8281390887123,1895.5,10.400000000000034,107,300.9,0,311.3,0
39.0,4251.0,6093.433110902763,1492.0,10.399999999999977,109,300.8,0,311.2,0
48.7,5405.700000000001,7124.493347835421,1397.0,10.399999999999977,111,300.8,0,311.2,0
43.2,4881.6,6627.503862013028,1465.0,10.5,113,300.8,1,311.3,0
26.9,3120.3999999999996,5019.8252374649865,1782.0,10.5,116,300.8,0,311.3,0
45.4,5357.2,6817.633049408281,1434.0,10.5,118,300.9,1,311.4,0
42.7,5166.700000000001,6202.017024986338,1387.0,10.5,121,300.9,2,311.4,0
41.5,5229.0,6657.872590997728,1532.0,10.5,126,300.9,1,311.4,0
41.1,5301.900000000001,6477.492812804115,1505.0,10.600000000000023,129,300.9,0,311.5,0
43.3,5672.299999999999,6529.486171221025,1440.0,10.600000000000023,131,301.0,0,311.6,0
43.4,5772.2,6680.910937124054,1470.0,10.600000000000023,133,301.0,0,311.6,0
46.3,6250.5,6826.722724152667,1408.0,10.599999999999966,135,301.1,0,311.7,0
45.6,6247.2,6479.974671000451,1357.0,10.600000000000023,137,301.0,1,311.6,0
40.0,5600.0,6090.500957759412,1454.0,10.600000000000023,140,301.0,1,311.6,0
63.5,9080.5,8990.40041653303,1352.0,10.600000000000023,143,301.0,0,311.6,0
43.9,6365.5,6656.741617642436,1448.0,10.600000000000023,145,301.0,1,311.6,0
33.5,4958.0,5862.054811965874,1671.0,10.700000000000045,148,300.9,0,311.6,0
31.3,4695.0,5473.806319859736,1670.0,10.699999999999989,150,301.0,0,311.7,0
34.5,5244.0,5589.050410368921,1547.0,10.699999999999989,152,301.0,0,311.7,0
40.6,6252.400000000001,6211.61982653081,1461.0,10.600000000000023,154,301.0,0,311.6,0
35.8,5584.799999999999,6032.088278353665,1609.0,10.600000000000023,156,301.0,1,311.6,0
31.3,4976.7,5585.249083258078,1704.0,10.600000000000023,159,300.9,1,311.5,0
34.9,5653.8,5664.815153197995,1550.0,10.5,162,301.0,1,311.5,0
43.9,7243.5,7033.711792122188,1530.0,10.5,165,301.0,1,311.5,0
40.2,6753.6,6099.904791769158,1449.0,10.400000000000034,168,300.9,0,311.3,0
32.7,5559.000000000001,5523.453955761967,1613.0,10.400000000000034,170,300.9,0,311.3,0
48.1,8273.2,6930.939824447754,1376.0,10.399999999999977,172,300.8,0,311.2,0
45.6,7934.400000000001,6847.6666751766,1434.0,10.399999999999977,174,300.8,0,311.2,0
41.1,7233.6,6369.893264418664,1480.0,10.300000000000011,176,300.8,0,311.1,0
31.9,5678.2,5458.475347710218,1634.0,10.399999999999977,178,300.8,1,311.2,0
38.5,6968.5,5970.96335729032,1481.0,10.399999999999977,181,300.8,0,311.2,0
28.9,5288.7,5048.036739494222,1668.0,10.400000000000034,183,300.9,2,311.3,0
36.2,6805.6,5625.629020832219,1484.0,10.399999999999977,188,301.0,0,311.4,0
31.8,6042.0,5338.1314051267045,1603.0,10.400000000000034,190,300.9,1,311.3,0
37.5,7237.5,5815.8733999581045,1481.0,10.399999999999977,193,301.0,0,311.4,0
31.8,6201.0,5191.607523763277,1559.0,10.5,195,301.0,0,311.5,0
39.8,7840.599999999999,6018.36999043299,1444.0,10.5,197,301.0,0,311.5,0
48.0,9552.0,7152.778153693241,1423.0,10.400000000000034,199,301.2,1,311.6,0
48.1,9716.2,7213.012956838069,1432.0,10.5,202,301.1,0,311.6,0
48.3,9853.199999999999,7399.801584045005,1463.0,10.5,204,301.2,0,311.7,0
49.3,10155.8,7398.1260679630905,1433.0,10.5,206,301.2,0,311.7,0
52.9,11003.199999999999,8093.465241957631,1461.0,10.400000000000034,208,301.2,0,311.6,1
55.5,11655.0,7357.9241539726545,1266.0,10.5,210,301.1,1,311.6,0
53.4,0.0,7923.913486443392,1417.0,10.5,0,301.1,2,311.6,0
43.4,217.0,6762.718009823531,1488.0,10.5,5,301.1,0,311.6,0
24.5,171.5,4659.191344783902,1816.0,10.599999999999966,7,301.1,0,311.7,0
55.0,495.0,7493.222077587255,1301.0,10.600000000000023,9,301.0,1,311.6,0
21.8,261.6,4191.387254713359,1836.0,10.600000000000023,12,300.9,1,311.5,0
39.9,598.5,6355.2220267264,1521.0,10.599999999999966,15,300.8,1,311.4,0
67.19999999999999,1209.6,9303.13549322238,1322.0,10.599999999999966,18,300.8,0,311.4,1
40.6,812.0,6343.420110324415,1492.0,10.599999999999966,20,300.8,0,311.4,0
40.9,899.8,6578.746344029313,1536.0,10.599999999999966,22,300.8,0,311.4,0
24.3,583.2,4778.927912787722,1878.0,10.5,24,300.7,0,311.2,0
40.7,1058.2,6269.5403230874945,1471.0,10.5,26,300.6,0,311.1,0
40.2,1125.6000000000001,6112.533994236588,1452.0,10.5,28,300.6,2,311.1,0
44.4,1465.2,6751.156948858321,1452.0,10.5,33,300.7,0,311.2,0
53.0,1855.0,7481.598184768973,1348.0,10.600000000000023,35,300.7,1,311.3,0
44.6,1694.8,6786.238066823408,1453.0,10.599999999999966,38,300.8,2,311.4,0
57.6,2476.8,7937.924989678402,1316.0,10.599999999999966,43,300.8,0,311.4,0
26.9,1210.5,4878.977166829044,1732.0,10.599999999999966,45,300.8,1,311.4,0
35.2,1689.6000000000001,5610.2980486827,1522.0,10.600000000000023,48,300.7,0,311.3,0
39.8,1989.9999999999998,6197.587379344776,1487.0,10.600000000000023,50,300.7,1,311.3,0
22.2,1176.6,4305.48989989174,1852.0,10.599999999999966,53,300.8,1,311.4,0
46.8,2620.7999999999997,7282.714425845715,1486.0,10.5,56,300.7,0,311.2,0
37.1,2151.8,6068.530753135308,1562.0,10.600000000000023,58,300.7,1,311.3,0
51.4,3135.4,7842.441516960296,1457.0,10.5,61,300.7,0,311.2,0
26.5,1669.5,4909.1050403769705,1769.0,10.5,63,300.7,1,311.2,0
53.1,3504.6,7640.290501677306,1374.0,10.600000000000023,66,300.7,2,311.3,0
43.5,3088.5,6942.291445902724,1524.0,10.5,71,300.8,0,311.3,0
40.2,2934.6000000000004,6306.181765403864,1498.0,10.5,73,300.8,0,311.3,0
41.4,3105.0,6338.3516741766225,1462.0,10.5,75,300.8,0,311.3,0
52.3,4027.1,7826.4089224514755,1429.0,10.399999999999977,77,300.8,1,311.2,0
47.9,3832.0,7017.490702054151,1399.0,10.5,80,300.7,0,311.2,0
39.1,3206.2000000000003,5871.573837706252,1434.0,10.399999999999977,82,300.8,1,311.2,0
52.2,4437.0,7237.475491634022,1324.0,10.400000000000034,85,300.7,0,311.1,0
40.7,3540.9,6661.652974157549,1563.0,10.399999999999977,87,300.6,0,311.0,0
34.7,3088.3,5606.915600592336,1543.0,10.399999999999977,89,300.6,0,311.0,0
52.0,4732.0,7694.3887271721205,1413.0,10.300000000000011,91,300.7,0,311.0,0
41.2,3831.6000000000004,5945.317489261516,1378.0,10.300000000000011,93,300.7,1,311.0,0
49.9,4790.4,7174.633166586714,1373.0,10.400000000000034,96,300.7,1,311.1,0
19.9,1970.1,3950.07628700337,1895.5,10.300000000000011,99,300.7,2,311.0,0
52.3,5439.2,6917.252952453613,1263.0,10.300000000000011,104,300.7,1,311.0,0
52.1,5574.7,7158.139805155367,1312.0,10.300000000000011,107,300.7,0,311.0,0
20.7,2256.2999999999997,4108.873323666822,1895.5,10.300000000000011,109,300.7,0,311.0,0
51.7,5738.700000000001,7390.125478671949,1365.0,10.399999999999977,111,300.8,1,311.2,0
25.5,2907.0,4777.262868681319,1789.0,10.300000000000011,114,300.9,0,311.2,0
32.1,3723.6000000000004,5321.261052576928,1583.0,10.300000000000011,116,300.8,1,311.1,0
44.9,5343.099999999999,6751.952818997231,1436.0,10.300000000000011,119,300.7,0,311.0,0
42.8,5178.799999999999,6987.446604310321,1559.0,10.300000000000011,121,300.7,1,311.0,0
49.9,6187.599999999999,7195.535229708598,1377.0,10.300000000000011,124,300.7,0,311.0,0
41.9,5279.4,6414.901815169093,1462.0,10.300000000000011,126,300.7,0,311.0,0
48.2,6169.6,6652.594715339698,1318.0,10.300000000000011,128,300.7,0,311.0,0
51.6,6708.0,7446.077243832384,1378.0,10.300000000000011,130,300.7,1,311.0,0
46.7,6211.1,6572.714486134421,1344.0,10.299999999999955,133,300.6,0,310.9,0
14.3,1930.5,2838.497030359206,1895.5,10.400000000000034,135,300.7,0,311.1,0
50.3,6891.099999999999,7516.585054954449,1427.0,10.400000000000034,137,300.7,0,311.1,0
60.4,8395.6,8557.82405208474,1353.0,10.300000000000011,139,300.9,0,311.2,0
45.5,6415.5,7170.947031206501,1505.0,10.5,141,300.8,0,311.3,0
32.5,4647.5,5486.267970718975,1612.0,10.399999999999977,143,300.8,2,311.2,0
43.0,6364.0,6484.247237009333,1440.0,10.400000000000034,148,300.7,0,311.1,0
53.9,8085.0,7529.622664466848,1334.0,10.300000000000011,150,300.7,1,311.0,0
25.0,3825.0,4466.297555853489,1706.0,10.300000000000011,153,300.7,1,311.0,0
24.8,3868.8,4409.79077599092,1698.0,10.300000000000011,156,300.8,2,311.1,0
30.7,4942.7,5426.74526190896,1688.0,10.400000000000034,161,300.7,0,311.1,0
13.8,2249.4,2739.248882444548,1895.5,10.400000000000034,163,300.7,0,311.1,0
46.8,7721.999999999999,7243.507349528913,1478.0,10.400000000000034,165,300.7,0,311.1,0
35.3,5895.099999999999,5944.144628004175,1608.0,10.400000000000034,167,300.7,1,311.1,0
13.4,2278.0,2659.8503641128223,1895.5,10.400000000000034,170,300.7,0,311.1,1
33.4,5744.8,5277.9384898839235,1509.0,10.300000000000011,172,300.8,0,311.1,0
36.9,6420.599999999999,6167.197706409051,1596.0,10.300000000000011,174,300.7,0,311.0,0
25.6,4505.6,4664.636772050125,1740.0,10.300000000000011,176,300.7,1,311.0,0
53.2,9522.800000000001,7660.250087003112,1375.0,10.199999999999989,179,300.6,0,310.8,0
31.2,5647.2,5570.672093345421,1705.0,10.099999999999966,181,300.6,1,310.7,0
32.0,5888.0,5432.023137566991,1621.0,10.100000000000023,184,300.5,1,310.6,0
38.2,7143.400000000001,6264.461414964191,1566.0,10.099999999999966,187,300.6,1,310.7,0
42.9,8151.0,6235.558762551164,1388.0,10.099999999999966,190,300.6,1,310.7,0
36.7,7083.1,5599.564273782935,1457.0,10.099999999999966,193,300.6,1,310.7,0
45.5,8918.0,6970.827579172832,1463.0,10.0,196,300.6,1,310.6,0
38.2,7601.8,6256.460825673049,1564.0,10.0,199,300.5,0,310.5,0
47.2,9487.2,6974.251915165244,1411.0,10.100000000000023,201,300.5,2,310.6,0
46.7,9620.2,7531.235348695691,1540.0,10.100000000000023,206,300.5,0,310.6,0
20.3,4222.400000000001,4029.4748053350963,1895.5,10.100000000000023,208,300.5,0,310.6,0
52.9,0.0,7417.624886366371,1339.0,10.099999999999966,0,300.6,1,310.7,0
39.6,118.80000000000001,5884.4543675859695,1419.0,10.0,3,300.6,2,310.6,0
45.2,361.6,7095.266064181524,1499.0,10.100000000000023,8,300.5,0,310.6,0
49.6,496.0,7105.52860018325,1368.0,10.100000000000023,10,300.5,0,310.6,0
36.2,434.40000000000003,5822.753487869466,1536.0,10.0,12,300.5,0,310.5,0
42.9,600.6,6599.44943961647,1469.0,10.0,14,300.5,1,310.5,0
12.800000000000011,217.6000000000002,2540.7525866152355,1895.5,10.0,17,300.5,0,310.5,1
61.4,1166.6,8345.871267722549,1298.0,10.0,19,300.4,0,310.4,0
36.3,762.3,5869.249059142595,1544.0,10.0,21,300.4,1,310.4,0
47.7,1144.8000000000002,7008.1706438485035,1403.0,10.0,24,300.5,2,310.5,0
42.9,1244.1,6523.077322207702,1452.0,10.0,29,300.5,0,310.5,0
43.1,1336.1000000000001,6810.75296149692,1509.0,9.899999999999977,31,300.6,0,310.5,0
37.0,1221.0,5711.206004716004,1474.0,9.900000000000034,33,300.7,1,310.6,0
46.7,1681.2,6734.098100749329,1377.0,10.0,36,300.7,1,310.7,0
27.1,1056.9,4940.79323827618,1741.0,10.0,39,300.8,0,310.8,0
53.8,2205.7999999999997,8225.527325139035,1460.0,10.0,41,300.8,0,310.8,0
32.6,1401.8,5568.012211565382,1631.0,9.900000000000034,43,300.7,2,310.6,0
33.2,1593.6000000000001,5427.122253027392,1561.0,9.800000000000011,48,300.7,0,310.5,0
38.5,1925.0,6337.849019352048,1572.0,9.900000000000034,50,300.7,1,310.6,0
18.7,991.0999999999999,3711.880732008192,1895.5,10.0,53,300.6,0,310.6,0
44.7,2458.5,6778.048981973051,1448.0,10.0,55,300.6,2,310.6,0
39.6,2376.0,6398.670253125547,1543.0,10.099999999999966,60,300.6,0,310.7,0
34.8,2157.6,5495.525197071553,1508.0,10.0,62,300.6,0,310.6,0
50.4,3225.6,7404.859548217285,1403.0,10.0,64,300.6,1,310.6,0
39.7,2659.9,6044.822200576216,1454.0,10.0,67,300.6,0,310.6,0
27.3,1883.7,5065.880985766613,1772.0,10.100000000000023,69,300.7,0,310.8,0
49.1,3486.1,7604.633425059062,1479.0,10.100000000000023,71,300.7,0,310.8,0
31.0,2263.0,5593.396280206387,1723.0,10.199999999999989,73,300.7,0,310.9,0
46.4,3480.0,7137.8660605642,1469.0,10.100000000000023,75,300.7,1,310.8,0
26.2,2043.6,5020.893378967207,1830.0,10.0,78,300.6,2,310.6,0
38.2,3170.6000000000004,5988.441084419792,1497.0,10.0,83,300.6,0,310.6,0
52.7,4479.5,8498.845886001347,1540.0,9.900000000000034,85,300.7,0,310.6,0
39.5,3436.5,6262.555515421013,1514.0,10.0,87,300.6,0,310.6,0
34.2,3043.8,5923.661443902771,1654.0,9.900000000000034,89,300.7,0,310.6,0
37.0,3367.0,5885.564396990238,1519.0,9.899999999999977,91,300.6,2,310.5,0
30.3,2908.8,5457.574757816188,1720.0,9.900000000000034,96,300.7,0,310.6,0
37.7,3694.6000000000004,5803.464108976425,1470.0,9.899999999999977,98,300.6,0,310.5,0
29.9,2990.0,5141.300153403791,1642.0,9.899999999999977,100,300.6,0,310.5,0
19.1,1948.2,3791.2792503399182,1895.5,9.900000000000034,102,300.7,1,310.6,0
35.6,3738.0,5610.675039801131,1505.0,9.900000000000034,105,300.7,1,310.6,0
27.6,2980.8,4650.4367732558985,1609.0,9.900000000000034,108,300.7,1,310.6,0
22.2,2464.2,4331.0624640919605,1863.0,9.800000000000011,111,300.7,1,310.5,0
42.6,4856.400000000001,6249.947256904606,1401.0,9.799999999999955,114,300.6,0,310.4,0
19.8,2296.8,3930.2266574204386,1895.5,9.799999999999955,116,300.6,0,310.4,0
47.3,5581.4,7400.147159236901,1494.0,9.799999999999955,118,300.6,0,310.4,0
47.7,5724.0,7277.907789085723,1457.0,9.799999999999955,120,300.6,0,310.4,0
37.7,4599.400000000001,6142.986499025386,1556.0,9.799999999999955,122,300.6,0,310.4,0
42.8,5307.2,6767.828333873371,1510.0,9.799999999999955,124,300.6,2,310.4,0
38.7,4992.3,6350.509637746015,1567.0,9.800000000000011,129,300.7,2,310.5,0
43.1,5775.400000000001,6661.810053790227,1476.0,9.800000000000011,134,300.7,2,310.5,0
30.6,4253.400000000001,5328.957954578223,1663.0,9.800000000000011,139,300.8,0,310.6,0
50.6,7134.6,7466.036829158192,1409.0,9.699999999999989,141,300.8,1,310.5,0
36.2,5212.8,6315.5646554625855,1666.0,9.800000000000011,144,300.8,0,310.6,0
45.9,6701.4,7306.087875188423,1520.0,9.900000000000034,146,300.7,0,310.6,0
33.8,5002.4,5818.9835766851575,1644.0,9.899999999999977,148,300.6,0,310.5,0
35.6,5340.0,5513.746434462374,1479.0,9.799999999999955,150,300.6,2,310.4,0
49.7,7703.5,7525.810865380492,1446.0,9.799999999999955,155,300.6,0,310.4,0
51.1,8022.7,7529.109537666762,1407.0,9.799999999999955,157,300.6,1,310.4,0
51.7,8272.0,6680.88999317303,1234.0,9.699999999999989,160,300.7,0,310.4,0
29.7,4811.4,5274.859729083406,1696.0,9.699999999999989,162,300.8,1,310.5,0
52.9,8728.5,7666.910263428721,1384.0,9.800000000000011,165,300.8,0,310.6,0
36.2,6045.400000000001,5959.224272741407,1572.0,9.899999999999977,167,300.8,1,310.7,0
42.1,7157.0,6110.460543085219,1386.0,9.899999999999977,170,300.8,1,310.7,0
42.8,7404.4,6548.210063436421,1461.0,9.899999999999977,173,300.8,0,310.7,0
39.4,6895.0,6292.086486364757,1525.0,9.899999999999977,175,300.8,0,310.7,0
61.0,10797.0,8515.077448044894,1333.0,10.0,177,300.7,0,310.7,0
40.6,7267.400000000001,6398.6911970765705,1505.0,9.900000000000034,179,300.7,2,310.6,0
41.7,7672.8,6283.8450416368405,1439.0,9.900000000000034,184,300.7,1,310.6,0
43.2,8078.400000000001,6745.12509096343,1491.0,9.900000000000034,187,300.7,0,310.6,0
39.2,7408.8,6108.261428227707,1488.0,9.900000000000034,189,300.7,1,310.6,0
47.4,9100.8,7624.268379143996,1536.0,9.800000000000011,192,300.7,0,310.5,0
21.0,4074.0,4168.422212415617,1895.5,9.800000000000011,194,300.7,0,310.5,0
31.0,6076.0,5174.621979482868,1594.0,9.800000000000011,196,300.7,1,310.5,0
52.6,10467.4,7474.707624882099,1357.0,9.800000000000011,199,300.7,0,310.5,0
41.1,8261.1,6219.2538966790335,1445.0,9.800000000000011,201,300.7,0,310.5,0
47.3,9601.9,7642.856135677735,1543.0,9.699999999999989,203,300.7,0,310.4,0
52.6,10783.0,7524.281956955746,1366.0,9.699999999999989,205,300.7,0,310.4,0
40.0,8280.0,6107.256118578557,1458.0,9.600000000000023,207,300.7,0,310.3,0
61.8,12916.199999999999,9163.900106815283,1416.0,9.699999999999989,209,300.7,0,310.4,1
24.4,5148.4,4583.960672705938,1794.0,9.699999999999989,211,300.6,0,310.3,0
41.0,8733.0,6371.568780500579,1484.0,9.699999999999989,213,300.6,0,310.3,0
13.4,2881.0,2659.8503641128223,1895.5,9.799999999999955,215,300.6,0,310.4,0
30.5,6618.5,5263.633771334578,1648.0,9.699999999999989,217,300.6,0,310.3,1
32.7,0.0,5526.8782917543795,1614.0,9.699999999999989,0,300.6,1,310.3,0
34.1,102.30000000000001,5792.0705996194065,1622.0,9.599999999999966,3,300.6,0,310.2,0
40.1,200.5,6206.509502480972,1478.0,9.599999999999966,5,300.6,1,310.2,0
51.0,408.0,7039.05249963329,1318.0,9.599999999999966,8,300.6,0,310.2,0
35.9,359.0,5612.842738732107,1493.0,9.5,10,300.7,0,310.2,0
50.7,608.4000000000001,7268.420179271881,1369.0,9.600000000000023,12,300.7,2,310.3,0
45.9,780.3,6955.203391708979,1447.0,9.599999999999966,17,300.6,0,310.2,0
49.9,948.1,7759.890933999468,1485.0,9.5,19,300.6,0,310.1,0
47.8,1003.8,7453.344794837688,1489.0,9.599999999999966,21,300.6,0,310.2,0
52.3,1202.8999999999999,6752.947656670867,1233.0,9.599999999999966,23,300.6,1,310.2,0
32.6,847.6,5605.564715751292,1642.0,9.5,26,300.7,0,310.2,0
44.1,1234.8,6340.707868666816,1373.0,9.5,28,300.7,1,310.2,0
32.8,1016.8,5389.213701674074,1569.0,9.5,31,300.7,0,310.2,0
22.8,752.4,4417.079270947249,1850.0,9.399999999999977,33,300.8,0,310.2,0
42.2,1477.0,6602.245457078166,1494.0,9.5,35,300.8,1,310.3,0
30.1,1143.8,5601.218845913826,1777.0,9.5,38,300.8,2,310.3,0
43.1,1853.3,6562.514781985767,1454.0,9.5,43,300.9,0,310.4,0
34.2,1539.0000000000002,5501.054400141871,1536.0,9.5,45,300.9,0,310.4,0
39.0,1833.0,6052.5924064060955,1482.0,9.699999999999989,47,300.8,0,310.5,0
41.2,2018.8000000000002,6523.454313326133,1512.0,9.600000000000023,49,300.9,2,310.5,0
35.8,1933.1999999999998,5664.689489491851,1511.0,9.699999999999989,54,300.8,1,310.5,0
40.5,2308.5,6781.598981671606,1599.0,9.600000000000023,57,300.9,0,310.5,0
36.0,2124.0,5722.725177779167,1518.0,9.599999999999966,59,300.8,1,310.4,0
39.4,2442.7999999999997,5982.639609986162,1450.0,9.599999999999966,62,300.8,1,310.4,0
47.0,3055.0,7023.449256120461,1427.0,9.5,65,300.9,0,310.4,0
32.7,2190.9,5345.388484156498,1561.0,9.5,67,300.9,0,310.4,0
43.8,3022.2,6682.858724569279,1457.0,9.5,69,300.9,2,310.4,0
53.6,3966.4,8194.949156644094,1460.0,9.600000000000023,74,301.0,1,310.6,0
33.2,2556.4,5566.1900878262995,1601.0,9.5,77,301.0,0,310.5,0
40.1,3167.9,6592.84162306842,1570.0,9.600000000000023,79,300.9,0,310.5,0
35.9,2907.9,5883.522361765405,1565.0,9.600000000000023,81,300.9,0,310.5,0
44.4,3685.2,6407.089721437167,1378.0,9.5,83,301.0,0,310.5,0
16.1,1368.5000000000002,3195.790362851973,1895.5,9.600000000000023,85,300.9,0,310.5,0
44.7,3888.9,6436.337949042089,1375.0,9.5,87,300.9,1,310.4,0
27.8,2502.0,5205.242035879856,1788.0,9.5,90,300.9,0,310.4,0
40.4,3716.7999999999997,6667.5486963707845,1576.0,9.5,92,300.9,1,310.4,0
24.5,2327.5,4792.604312806349,1868.0,9.5,95,300.8,1,310.3,0
56.6,5546.8,7474.121194253429,1261.0,9.400000000000034,98,300.7,0,310.1,0
33.9,3390.0,5474.09953517407,1542.0,9.399999999999977,100,300.6,1,310.0,0
53.8,5541.4,8101.581022979405,1438.0,9.399999999999977,103,300.6,0,310.0,0
36.9,3874.5,5838.744194476238,1511.0,9.399999999999977,105,300.6,0,310.0,0
31.0,3317.0,5307.720788239955,1635.0,9.399999999999977,107,300.6,0,310.0,0
48.8,5319.2,7297.542743170658,1428.0,9.299999999999955,109,300.6,0,309.9,0
44.4,4928.4,6555.87554951118,1410.0,9.300000000000011,111,300.5,1,309.8,0
47.9,5460.599999999999,7137.876532539713,1423.0,9.399999999999977,114,300.5,0,309.9,0
41.3,4790.799999999999,6712.284975757903,1552.0,9.399999999999977,116,300.5,1,309.9,0
50.2,5973.8,7391.24598005173,1406.0,9.5,119,300.5,1,310.0,0
48.3,5892.599999999999,7298.642300599414,1443.0,9.399999999999977,122,300.5,0,309.9,0
63.7,7898.8,8958.680802707286,1343.0,9.399999999999977,124,300.5,1,309.9,0
41.2,5232.400000000001,6411.2785116419545,1486.0,9.399999999999977,127,300.6,1,310.0,0
50.0,6500.0,6791.076119509936,1297.0,9.5,130,300.6,0,310.1,0
42.3,5583.599999999999,6622.320234134603,1495.0,9.5,132,300.6,0,310.1,0
46.5,6231.0,6729.605623254695,1382.0,9.399999999999977,134,300.5,0,309.9,0
44.4,6038.4,6304.799464636284,1356.0,9.400000000000034,136,300.4,1,309.8,0
41.5,5768.5,6310.203004000458,1452.0,9.399999999999977,139,300.3,2,309.7,0
30.8,4435.2,5102.532900058493,1582.0,9.399999999999977,144,300.3,2,309.7,0
40.3,6004.7,6402.052701215912,1517.0,9.400000000000034,149,300.4,1,309.8,0
44.5,6764.0,6584.621122291526,1413.0,9.5,152,300.5,0,310.0,0
31.8,4897.2,4981.81196635655,1496.0,9.5,154,300.4,0,309.9,0
41.2,6427.200000000001,6324.989433423355,1466.0,9.5,156,300.3,0,309.8,0
40.8,6446.4,6908.739236362385,1617.0,9.5,158,300.3,1,309.8,0
41.8,6729.799999999999,6592.192360586678,1506.0,9.600000000000023,161,300.2,0,309.8,0
49.3,8035.9,7232.920182286317,1401.0,9.600000000000023,163,300.2,0,309.8,0
22.9,3778.4999999999995,4545.565174491315,1895.5,9.699999999999989,165,300.2,2,309.9,0
36.4,6188.0,5969.277369232893,1566.0,9.699999999999989,170,300.2,0,309.9,0
47.3,8135.599999999999,7395.193914819741,1493.0,9.800000000000011,172,300.2,0,310.0,0
39.9,6942.599999999999,6196.445934013971,1483.0,9.800000000000011,174,300.3,0,310.1,0
31.2,5491.2,5126.325228421681,1569.0,9.699999999999989,176,300.2,1,309.9,0
30.7,5495.3,5349.587746336795,1664.0,9.800000000000011,179,300.2,1,310.0,0
40.1,7298.2,6240.103599923358,1486.0,9.800000000000011,182,300.2,0,310.0,0
53.6,9862.4,7796.427656560719,1389.0,9.800000000000011,184,300.2,0,310.0,0
41.7,7756.200000000001,6598.255634408107,1511.0,9.899999999999977,186,300.1,0,310.0,0
40.5,7614.0,6298.107872284138,1485.0,9.900000000000034,188,300.2,1,310.1,0
42.9,8193.9,6469.1675922721015,1440.0,10.0,191,300.2,0,310.2,0
43.9,8472.699999999999,6334.937810159721,1378.0,10.0,193,300.2,0,310.2,0
39.3,7663.499999999999,6177.3450506801455,1501.0,10.0,195,300.1,1,310.1,0
44.0,8712.0,6791.704438040654,1474.0,9.900000000000034,198,300.2,1,310.1,0
47.9,9627.9,6982.3781681625305,1392.0,9.900000000000034,201,300.2,0,310.1,0
44.7,9074.1,6689.110493949924,1429.0,9.899999999999977,203,300.3,1,310.2,0
60.3,12421.8,8600.486880320488,1362.0,10.0,206,300.3,0,310.3,1
29.5,0.0,5264.052650355057,1704.0,10.0,0,300.3,0,310.3,0
52.3,104.6,8171.450043595242,1492.0,9.899999999999977,2,300.3,0,310.2,0
39.5,158.0,5964.732531860701,1442.0,9.899999999999977,4,300.3,1,310.2,0
51.5,360.5,7755.230904896644,1438.0,10.0,7,300.2,1,310.2,0
46.6,466.0,6841.676705183756,1402.0,10.0,10,300.1,1,310.1,0
30.8,400.40000000000003,5431.520482742418,1684.0,10.0,13,300.1,0,310.1,0
48.5,727.5,7770.729428654353,1530.0,10.0,15,300.2,0,310.2,0
43.5,739.5,7147.280366549458,1569.0,10.0,17,300.1,0,310.1,0
31.6,600.4,5460.08803193906,1650.0,10.0,19,300.1,0,310.1,0
49.6,1041.6000000000001,7349.651293318201,1415.0,10.0,21,300.2,0,310.2,0
31.5,724.5,5277.875658030852,1600.0,10.0,23,300.2,0,310.2,0
42.3,1057.5,6746.350312098329,1523.0,9.900000000000034,25,300.2,0,310.1,0
30.3,818.1,5165.657968444625,1628.0,10.0,27,300.2,1,310.2,0
52.1,1563.0,7261.801890748319,1331.0,10.100000000000023,30,300.2,0,310.3,0
16.8,537.6,3334.7377699324934,1895.5,10.0,32,300.3,0,310.3,0
50.9,1730.6,7702.190348928536,1445.0,10.100000000000023,34,300.2,0,310.3,0
36.1,1299.6000000000001,6022.15037359281,1593.0,10.100000000000023,36,300.2,1,310.3,0
29.2,1138.8,5112.669772354077,1672.0,10.099999999999966,39,300.3,0,310.4,0
31.4,1287.3999999999999,5405.801310885028,1644.0,10.100000000000023,41,300.4,1,310.5,0
54.3,2389.2,7972.16834960253,1402.0,10.100000000000023,44,300.4,0,310.5,0
56.8,2612.7999999999997,7649.233568764524,1286.0,10.0,46,300.4,0,310.4,0
46.3,2222.3999999999996,7204.907647791808,1486.0,10.0,48,300.4,0,310.4,0
46.3,2315.0,6521.2656704441315,1345.0,10.0,50,300.3,0,310.3,0
34.1,1773.2,5817.067205166469,1629.0,10.0,52,300.3,0,310.3,0
43.8,2365.2,6554.430416890528,1429.0,10.0,54,300.2,1,310.2,0
64.7,3687.9,8848.630812052035,1306.0,10.0,57,300.1,0,310.1,0
52.6,3103.4,7601.397584625863,1380.0,10.0,59,300.1,0,310.1,0
49.3,3007.2999999999997,7449.7529072370835,1443.0,10.0,61,300.1,1,310.1,0
42.7,2732.8,6376.406833187108,1426.0,10.0,64,300.1,2,310.1,0
41.8,2884.2,6504.646645306642,1486.0,10.0,69,300.0,0,310.0,0
34.5,2449.5,5527.632273991241,1530.0,9.899999999999977,71,300.0,1,309.9,0
41.4,3063.6,6533.444577964548,1507.0,9.899999999999977,74,300.0,0,309.9,0
33.4,2538.4,5624.204832162591,1608.0,9.899999999999977,76,300.0,0,309.9,0
40.6,3166.8,6266.890913282967,1474.0,9.800000000000011,78,300.0,0,309.8,0
61.9,4952.0,8595.334668368601,1326.0,9.699999999999989,80,300.0,0,309.7,0
48.0,3936.0,7208.070184396421,1434.0,9.800000000000011,82,299.8,1,309.6,0
41.7,3544.5000000000005,6663.757841235454,1526.0,9.800000000000011,85,299.8,0,309.6,0
39.6,3445.2000000000003,6149.856114961235,1483.0,9.899999999999977,87,299.8,0,309.7,0
51.9,4619.099999999999,7918.729858564969,1457.0,9.899999999999977,89,299.8,0,309.7,0
34.4,3130.4,5547.633747219095,1540.0,9.900000000000034,91,299.7,1,309.6,0
29.1,2735.4,5201.817699887444,1707.0,9.899999999999977,94,299.8,0,309.7,0
34.2,3283.2000000000003,5816.218975149999,1624.0,9.899999999999977,96,299.8,0,309.7,0
50.2,4919.6,6996.97610202621,1331.0,9.800000000000011,98,299.8,1,309.6,0
40.3,4070.2999999999997,6039.114973922195,1431.0,9.899999999999977,101,299.8,0,309.7,0
28.5,2935.5,5088.594700652067,1705.0,9.899999999999977,103,299.8,1,309.7,0
45.2,4791.200000000001,6754.466093120103,1427.0,10.0,106,299.8,1,309.8,0
41.2,4490.8,7010.987605261222,1625.0,9.900000000000034,109,299.9,1,309.8,0
47.7,5342.400000000001,7377.810435469878,1477.0,9.900000000000034,112,299.9,0,309.8,0
28.1,3203.4,4858.274071241888,1651.0,9.899999999999977,114,300.0,1,309.9,0
28.2,3299.4,5067.51461394648,1716.0,9.900000000000034,117,299.9,0,309.8,0
48.7,5795.3,7139.792904058403,1400.0,9.900000000000034,119,299.9,2,309.8,0
37.7,4674.8,6142.986499025386,1556.0,9.899999999999977,124,299.8,1,309.7,0
42.6,5410.2,6374.856980811336,1429.0,9.899999999999977,127,299.8,0,309.7,0
49.6,6398.400000000001,7443.145090689033,1433.0,9.900000000000034,129,299.7,2,309.6,0
61.7,8267.800000000001,8528.79573596557,1320.0,9.899999999999977,134,299.8,1,309.7,0
51.6,7069.2,7424.4630863756865,1374.0,9.800000000000011,137,299.8,0,309.6,0
31.0,4309.0,5187.607229117705,1598.0,9.800000000000011,139,299.8,0,309.6,0
21.8,3073.8,4327.219249079069,1895.5,9.899999999999977,141,299.8,1,309.7,0
51.3,7387.2,7515.6006892563255,1399.0,9.900000000000034,144,299.7,0,309.6,0
27.1,3956.6000000000004,4881.197225637581,1720.0,9.900000000000034,146,299.7,0,309.6,0
47.4,7015.2,6790.364025175122,1368.0,9.899999999999977,148,299.8,2,309.7,0
33.4,5110.2,6117.372046923117,1749.0,10.0,153,299.8,0,309.8,0
39.4,6107.0,6362.227778343905,1542.0,10.0,155,299.8,0,309.8,0
36.6,5746.2,5952.249937050437,1553.0,10.099999999999966,157,299.8,0,309.9,0
42.1,6693.900000000001,7225.862070791252,1639.0,10.0,159,299.9,1,309.9,0
45.9,7435.8,6955.203391708979,1447.0,10.100000000000023,162,299.9,0,310.0,0
48.1,7888.400000000001,7036.717249094121,1397.0,10.199999999999989,164,299.8,1,310.0,0
53.8,8984.6,7667.768965420703,1361.0,10.199999999999989,167,299.8,0,310.0,0
37.1,6269.900000000001,5672.250255811491,1460.0,10.199999999999989,169,299.8,1,310.0,0
33.7,5796.400000000001,5759.418979973096,1632.0,10.199999999999989,172,299.8,1,310.0,0
36.0,6300.0,6397.539279770254,1697.0,10.199999999999989,175,299.8,0,310.0,0
42.0,7434.0,6830.4507474349275,1553.0,10.300000000000011,177,299.8,0,310.1,0
56.3,10077.699999999999,8029.9736544285815,1362.0,10.200000000000045,179,299.9,1,310.1,0
42.1,7662.2,6542.513308757912,1484.0,10.100000000000023,182,299.9,1,310.0,0
51.4,9509.0,7788.615562828792,1447.0,10.200000000000045,185,299.9,2,310.1,0
51.2,9728.0,7468.7804867423265,1393.0,10.199999999999989,190,300.0,1,310.2,0
26.9,5191.7,4957.852086385172,1760.0,10.199999999999989,193,300.0,0,310.2,0
34.6,6747.0,5351.619309586117,1477.0,10.100000000000023,195,300.0,0,310.1,0
29.1,5732.700000000001,5122.586733163909,1681.0,10.200000000000045,197,299.9,0,310.1,0
53.5,10646.5,7361.694065156962,1314.0,10.100000000000023,199,300.0,1,310.1,0
28.0,5656.0,5166.453838583534,1762.0,10.100000000000023,202,300.0,0,310.1,0
44.7,9118.800000000001,6562.724221496006,1402.0,10.100000000000023,204,299.9,0,310.0,0
42.0,8652.0,6285.07026277174,1429.0,10.099999999999966,206,300.1,1,310.2,0
40.1,8380.9,6080.531637072021,1448.0,10.100000000000023,209,300.2,1,310.3,0
42.9,9094.8,6743.2087194447395,1501.0,10.199999999999989,212,300.2,2,310.4,0
39.1,8484.7,6231.893571121977,1522.0,10.199999999999989,217,300.3,0,310.5,0
37.5,8212.5,5862.997289761951,1493.0,10.099999999999966,219,300.3,0,310.4,0
29.4,6497.4,5246.208404082667,1704.0,10.100000000000023,221,300.2,1,310.3,0
42.5,0.0,6266.430146360441,1408.0,10.100000000000023,0,300.2,2,310.3,0
41.8,209.0,6644.7197897546985,1518.0,10.199999999999989,5,300.2,0,310.4,0
25.9,181.29999999999998,4724.724967537785,1742.0,10.099999999999966,7,300.3,0,310.4,0
43.0,387.0,6754.424205218055,1500.0,10.100000000000023,9,300.4,1,310.5,0
14.5,174.0,2878.1962895250686,1895.5,10.100000000000023,12,300.4,0,310.5,0
25.1,351.40000000000003,4778.550921669291,1818.0,10.100000000000023,14,300.4,0,310.5,0
35.6,569.6,5759.795971091527,1545.0,10.200000000000045,16,300.4,1,310.6,0
46.9,891.1,7018.328460095108,1429.0,10.200000000000045,19,300.4,0,310.6,0
44.9,942.9,6808.375823055703,1448.0,10.200000000000045,21,300.4,1,310.6,0
48.7,1168.8000000000002,7058.195270869164,1384.0,10.200000000000045,24,300.4,0,310.6,0
32.8,852.8,5420.126973385398,1578.0,10.100000000000023,26,300.4,0,310.5,0
26.7,747.6,4739.2495975728825,1695.0,10.0,28,300.5,0,310.5,0
36.2,1086.0,5849.289473816788,1543.0,10.100000000000023,30,300.5,0,310.6,0
33.4,1068.8,5386.36532433482,1540.0,10.100000000000023,32,300.4,1,310.5,0
25.8,903.0,4884.799585213697,1808.0,10.199999999999989,35,300.2,0,310.4,0
49.7,1838.9,6729.511375475088,1293.0,10.099999999999966,37,300.3,1,310.4,0
59.5,2380.0,7489.452166402947,1202.0,10.100000000000023,40,300.2,0,310.3,0
29.2,1226.3999999999999,5210.519911537886,1704.0,10.100000000000023,42,300.2,1,310.3,0
38.1,1714.5,5896.957906347257,1478.0,10.100000000000023,45,300.2,1,310.3,0
38.7,1857.6000000000001,6135.718948020081,1514.0,10.100000000000023,48,300.2,0,310.3,0
48.8,2440.0,6898.9374672831855,1350.0,10.199999999999989,50,300.1,1,310.3,0
54.2,2872.6000000000004,8371.8208230412,1475.0,10.099999999999966,53,300.1,0,310.2,0
28.7,1578.5,5151.353249895279,1714.0,10.100000000000023,55,300.0,2,310.1,0
40.9,2454.0,6274.650647137334,1465.0,10.100000000000023,60,300.0,0,310.1,0
67.19999999999999,4166.4,9063.871796724983,1288.0,10.300000000000011,62,299.9,0,310.2,1
29.7,1900.8,5209.546017815274,1675.0,10.199999999999989,64,300.0,0,310.2,0
36.4,2402.4,5664.333442324445,1486.0,10.199999999999989,66,300.0,0,310.2,0
58.7,3991.6000000000004,8870.192609631173,1443.0,10.199999999999989,68,300.0,1,310.2,0
57.1,4054.1,8042.4248333123105,1345.0,10.199999999999989,71,300.1,1,310.3,0
61.7,4565.8,7766.373086841376,1202.0,10.199999999999989,74,300.2,1,310.4,0
37.1,2856.7000000000003,5749.952314110278,1480.0,10.299999999999955,77,300.1,1,310.4,0
35.7,2856.0,5719.897744390937,1530.0,10.199999999999989,80,300.2,1,310.4,0
20.8,1726.4,4128.722953249754,1895.5,10.400000000000034,83,300.2,1,310.6,0
53.8,4626.8,8073.4114088522165,1433.0,10.300000000000011,86,300.3,0,310.6,0
24.4,2147.2,4614.622617004975,1806.0,10.300000000000011,88,300.3,0,310.6,0
46.7,4203.0,6924.8241907487645,1416.0,10.300000000000011,90,300.2,0,310.5,0
38.1,3505.2000000000003,6208.164074611862,1556.0,10.299999999999955,92,300.1,1,310.4,0
29.2,2774.0,4975.068014126844,1627.0,10.399999999999977,95,300.1,0,310.5,0
24.3,2357.1,4603.344299378588,1809.0,10.5,97,300.1,0,310.6,0
57.4,5682.599999999999,7988.504631401196,1329.0,10.399999999999977,99,300.1,1,310.5,0
21.9,2233.7999999999997,4313.815120423752,1881.0,10.399999999999977,102,300.0,2,310.4,0
39.8,4258.599999999999,6251.769380643687,1500.0,10.399999999999977,107,300.1,0,310.5,0
36.0,3924.0,5775.503934359475,1532.0,10.399999999999977,109,300.1,0,310.5,0
50.9,5649.9,7952.711419101298,1492.0,10.399999999999977,111,300.1,0,310.5,0
42.3,4779.9,6338.82291307466,1431.0,10.400000000000034,113,300.2,0,310.6,0
39.4,4531.0,6411.73927856448,1554.0,10.299999999999955,115,300.1,0,310.4,0
44.2,5171.400000000001,6915.148085375709,1494.0,10.399999999999977,117,300.1,0,310.5,0
45.4,5402.599999999999,6532.3764364623285,1374.0,10.5,119,300.1,0,310.6,0
44.3,5360.299999999999,6466.884701610493,1394.0,10.399999999999977,121,300.1,0,310.5,0
25.7,3161.1,4817.422894769708,1790.0,10.5,123,300.0,1,310.5,0
45.8,5770.799999999999,6503.599447755445,1356.0,10.399999999999977,126,300.1,0,310.5,0
52.1,6668.8,7556.420449801969,1385.0,10.399999999999977,128,300.0,1,310.4,0
49.1,6432.1,6853.939388508268,1333.0,10.399999999999977,131,300.0,0,310.4,0
44.9,5971.7,7076.3850923334485,1505.0,10.399999999999977,133,300.0,0,310.4,0
33.5,4522.5,5634.027545192815,1606.0,10.5,135,300.0,0,310.5,0
36.7,5027.900000000001,5987.728990084978,1558.0,10.5,137,300.0,2,310.5,0
52.4,7440.8,7748.089017597483,1412.0,10.5,142,300.0,0,310.5,0
38.4,5529.599999999999,5661.903944005669,1408.0,10.5,144,299.9,0,310.4,0
53.3,7781.799999999999,7077.421817909133,1268.0,10.400000000000034,146,299.9,0,310.3,0
50.0,7400.0,7696.902001294993,1470.0,10.5,148,299.9,0,310.4,0
47.0,7050.0,7367.977250464141,1497.0,10.5,150,299.9,0,310.4,0
29.1,4423.2,4991.550903582679,1638.0,10.400000000000034,152,299.9,0,310.3,0
43.9,6760.599999999999,7056.697778370953,1535.0,10.400000000000034,154,299.9,2,310.3,0
32.7,5199.3,5663.8517314508945,1654.0,10.399999999999977,159,299.8,0,310.2,0
49.7,8001.700000000001,7343.650851349844,1411.0,10.399999999999977,161,299.8,2,310.2,0
23.5,3901.0,4664.662951988905,1895.5,10.399999999999977,166,299.8,0,310.2,0
33.3,5594.4,5485.315020947386,1573.0,10.399999999999977,168,299.8,2,310.2,0
46.3,8009.9,7170.967975157525,1479.0,10.300000000000011,173,299.9,0,310.2,0
26.6,4655.0,5069.6927848529685,1820.0,10.5,175,299.9,1,310.4,0
45.7,8134.6,6790.898095926233,1419.0,10.5,178,299.9,0,310.4,0
52.9,9522.0,7395.466186183052,1335.0,10.600000000000023,180,299.9,1,310.5,0
39.4,7210.2,6502.5103623022005,1576.0,10.600000000000023,183,299.9,1,310.5,0
42.2,7849.200000000001,6703.886451397308,1517.0,10.5,186,300.0,0,310.5,0
34.3,6448.4,5660.814858552423,1576.0,10.5,188,299.9,1,310.4,0
36.6,6990.6,5890.926048452365,1537.0,10.399999999999977,191,299.8,2,310.2,0
34.2,6703.200000000001,5458.077412640763,1524.0,10.5,196,299.8,0,310.3,0
23.7,4692.599999999999,4479.754044386365,1805.0,10.5,198,299.8,1,310.3,0
53.3,10713.3,7629.996549749041,1367.0,10.5,201,299.9,1,310.4,0
30.3,6181.2,5375.076534732921,1694.0,10.599999999999966,204,299.8,0,310.4,0
49.9,10279.4,6939.484956465517,1328.0,10.5,206,299.9,0,310.4,0
42.8,8902.4,6942.626549119107,1549.0,10.600000000000023,208,299.9,2,310.5,0
32.8,6986.4,5286.169462636329,1539.0,10.600000000000023,213,299.9,0,310.5,0
38.8,8342.0,6078.4372419696265,1496.0,10.699999999999989,215,299.8,0,310.5,0
36.4,0.0,6018.830757355517,1579.0,10.599999999999966,0,299.8,0,310.4,0
46.6,93.2,6763.597655766537,1386.0,10.600000000000023,2,299.7,0,310.3,0
37.7,150.8,5941.6418258568165,1505.0,10.600000000000023,4,299.7,0,310.3,0
34.5,207.0,6000.913207254543,1661.0,10.600000000000023,6,299.7,1,310.3,0
48.0,432.0,7378.972824751706,1468.0,10.599999999999966,9,299.6,0,310.2,0
49.8,547.8,7217.6206260633335,1384.0,10.5,11,299.6,0,310.1,0
60.5,786.5,8749.387900125133,1381.0,10.599999999999966,13,299.6,0,310.2,0
47.0,705.0,7230.1660527266695,1469.0,10.599999999999966,15,299.6,0,310.2,0
36.6,622.2,6235.8729218165245,1627.0,10.599999999999966,17,299.6,0,310.2,0
40.4,767.6,6185.25139219168,1462.0,10.600000000000023,19,299.7,2,310.3,0
36.5,876.0,6241.76864402976,1633.0,10.5,24,299.7,0,310.2,0
39.5,1027.0,6076.416150695818,1469.0,10.5,26,299.7,0,310.2,0
43.4,1215.2,6626.372888657735,1458.0,10.5,28,299.7,0,310.2,0
42.8,1284.0,6454.08794753487,1440.0,10.5,30,299.7,1,310.2,0
30.4,1003.1999999999999,5370.531697360727,1687.0,10.5,33,299.8,0,310.3,0
47.7,1669.5,7138.044084147905,1429.0,10.600000000000023,35,299.7,1,310.3,0
34.1,1295.8,5670.6585155336725,1588.0,10.599999999999966,38,299.6,0,310.2,0
51.2,2048.0,7147.081399014732,1333.0,10.599999999999966,40,299.6,0,310.2,0
42.9,1801.8,6680.314034519871,1487.0,10.5,42,299.6,0,310.1,0
31.5,1386.0,5472.49732292074,1659.0,10.600000000000023,44,299.5,1,310.1,0
43.2,2030.4,6840.1268528079845,1512.0,10.600000000000023,47,299.4,1,310.0,0
35.2,1760.0000000000002,5842.524577636058,1585.0,10.600000000000023,50,299.5,0,310.1,0
38.5,2002.0,6055.629279304565,1502.0,10.5,52,299.5,0,310.0,0
35.1,1895.4,5859.007467091892,1594.0,10.5,54,299.5,0,310.0,0
48.9,2738.4,7230.563987796124,1412.0,10.5,56,299.5,0,310.0,0
51.7,2998.6000000000004,7590.443898240347,1402.0,10.399999999999977,58,299.5,0,309.9,0
20.4,1224.0,4049.3244349180272,1895.5,10.5,60,299.6,0,310.1,0
36.8,2281.6,5899.994779245727,1531.0,10.5,62,299.6,2,310.1,0
61.1,4093.7000000000003,8695.394394385437,1359.0,10.600000000000023,67,299.5,1,310.1,0
30.0,2100.0,5089.380098815464,1620.0,10.599999999999966,70,299.6,1,310.2,0
29.6,2160.8,5102.114021038016,1646.0,10.5,73,299.6,1,310.1,0
46.1,3503.6,7024.129934528739,1455.0,10.5,76,299.6,1,310.1,0
44.0,3476.0,6966.795868600725,1512.0,10.599999999999966,79,299.6,0,310.2,0
42.7,3458.7000000000003,6586.568909736753,1473.0,10.599999999999966,81,299.6,0,310.2,0
38.0,3154.0,6179.931628631602,1553.0,10.5,83,299.6,0,310.1,0
50.4,4284.0,7278.1905324245445,1379.0,10.5,85,299.5,0,310.0,0
40.6,3532.2000000000003,6662.291764663779,1567.0,10.5,87,299.4,1,309.9,0
43.1,3879.0,6684.377161018514,1481.0,10.5,90,299.5,0,310.0,0
52.7,4848.400000000001,7444.768246893388,1349.0,10.5,92,299.5,0,310.0,0
52.4,4925.599999999999,7616.393453558998,1388.0,10.5,94,299.5,0,310.0,0
48.7,4675.200000000001,6920.499264862324,1357.0,10.5,96,299.6,1,310.1,0
24.8,2455.2000000000003,4526.6580227044615,1743.0,10.599999999999966,99,299.6,0,310.2,0
43.1,4353.1,6747.565061257717,1495.0,10.600000000000023,101,299.7,0,310.3,0
28.3,2914.9,5032.1402806670585,1698.0,10.599999999999966,103,299.8,0,310.4,0
44.5,4672.5,6570.641034983052,1410.0,10.699999999999989,105,299.7,1,310.4,0
36.2,3909.6000000000004,6118.4401884253375,1614.0,10.699999999999989,108,299.7,0,310.4,0
53.9,5929.0,7761.042851305784,1375.0,10.699999999999989,110,299.8,1,310.5,0
31.8,3593.4,5241.558846955355,1574.0,10.800000000000011,113,299.8,1,310.6,0
44.6,5173.6,6646.123034473303,1423.0,10.800000000000011,116,299.8,2,310.6,0
31.3,3787.3,5552.471799905625,1694.0,10.800000000000011,121,299.8,1,310.6,0
32.5,4030.0,5809.590214650924,1707.0,10.800000000000011,124,299.8,0,310.6,0
41.2,5191.200000000001,6428.536327285675,1490.0,10.800000000000011,126,299.7,1,310.5,0
31.3,4037.7000000000003,5490.194961535963,1675.0,10.900000000000034,129,299.7,0,310.6,0
39.3,5148.299999999999,6140.305673294322,1492.0,10.800000000000011,131,299.7,1,310.5,0
35.4,4743.599999999999,5909.084453990114,1594.0,10.800000000000011,134,299.7,1,310.5,0
38.0,5206.0,5885.459677235118,1479.0,10.900000000000034,137,299.7,0,310.6,0
38.0,5282.0,6255.539291827996,1572.0,10.900000000000034,139,299.7,1,310.6,0
35.1,4984.2,5939.872061995294,1616.0,10.900000000000034,142,299.7,0,310.6,0
26.1,3758.4,4747.543402178359,1737.0,10.900000000000034,144,299.7,0,310.6,0
37.8,5518.799999999999,5929.693301797662,1498.0,11.0,146,299.7,1,310.7,0
35.1,5229.900000000001,6035.439310517495,1642.0,11.0,149,299.6,0,310.6,0
34.2,5164.200000000001,5848.451715775831,1633.0,11.0,151,299.6,1,310.6,0
51.9,7992.599999999999,7657.852004610871,1409.0,11.0,154,299.8,0,310.8,0
43.5,6786.0,6664.417575692707,1463.0,11.0,156,299.8,1,310.8,0
48.6,7727.400000000001,7002.9870159700795,1376.0,11.0,159,299.8,0,310.8,0
32.2,5184.200000000001,5236.678906366778,1553.0,11.0,161,299.8,0,310.8,0
35.2,5737.6,5639.787131724397,1530.0,11.0,163,299.8,1,310.8,0
40.7,6756.200000000001,6584.935281556886,1545.0,11.099999999999966,166,299.8,0,310.9,0
47.2,7929.6,7053.336274231613,1427.0,11.099999999999966,168,299.8,2,310.9,0
51.1,8840.300000000001,6913.723896706081,1292.0,11.0,173,299.9,0,310.9,0
17.6,3080.0000000000005,3493.5348065959456,1895.5,11.099999999999966,175,299.8,0,310.9,0
27.6,4885.2,5049.293376555659,1747.0,11.100000000000023,177,299.9,0,311.0,0
47.8,8556.199999999999,7132.986119975625,1425.0,11.100000000000023,179,300.0,0,311.1,0
33.6,6081.6,5759.921634797671,1637.0,11.0,181,300.0,0,311.0,0
35.2,6441.6,5956.794774422631,1616.0,11.0,183,300.1,1,311.1,0
33.4,6212.4,5662.678870193554,1619.0,11.0,186,300.1,0,311.1,0
39.1,7350.8,6096.773671091079,1489.0,11.099999999999966,188,300.1,0,311.2,0
42.4,8056.0,6447.050779990829,1452.0,11.099999999999966,190,300.1,1,311.2,0
41.0,7913.0,6418.797390059545,1495.0,11.199999999999989,193,300.1,1,311.3,0
39.7,7781.200000000001,5932.573095063453,1427.0,11.199999999999989,196,300.2,1,311.4,0
36.2,7203.8,5959.224272741407,1572.0,11.299999999999955,199,300.1,0,311.4,0
40.0,8040.0,6480.058446804546,1547.0,11.199999999999989,201,300.1,0,311.3,0
48.5,9845.5,6815.894701473295,1342.0,11.299999999999955,203,300.1,1,311.4,0
44.1,9084.6,6239.108762249721,1351.0,11.199999999999989,206,300.0,0,311.2,0
47.3,9838.4,6969.214894943988,1407.0,11.300000000000011,208,300.0,0,311.3,0
29.8,6258.0,4915.021706541231,1575.0,11.299999999999955,210,300.1,1,311.4,0
24.1,5133.3,4520.029262205387,1791.0,11.399999999999977,213,300.0,1,311.4,0
29.0,6264.0,5138.388944211465,1692.0,11.399999999999977,216,300.0,1,311.4,1
31.9,0.0,5458.475347710218,1634.0,11.399999999999977,0,300.0,0,311.4,0
23.3,46.6,4548.104628552967,1864.0,11.399999999999977,2,300.0,1,311.4,0
33.6,168.0,5594.548197512703,1590.0,11.399999999999977,5,300.0,0,311.4,0
46.1,322.7,6681.371704046581,1384.0,11.399999999999977,7,300.0,1,311.4,0
61.8,618.0,8749.712531366004,1352.0,11.399999999999977,10,300.0,1,311.4,0
43.1,560.3000000000001,6697.917425355487,1484.0,11.299999999999955,13,300.1,0,311.4,0
21.9,328.5,4347.068878662,1895.5,11.299999999999955,15,300.1,1,311.4,0
38.2,687.6,6032.444325521074,1508.0,11.399999999999977,18,300.0,0,311.4,0
40.7,814.0,6410.18942618871,1504.0,11.400000000000034,20,299.9,0,311.3,0
41.2,906.4000000000001,6415.5929655528835,1487.0,11.399999999999977,22,300.0,0,311.4,0
30.0,720.0,5425.530512749572,1727.0,11.5,24,299.8,0,311.3,0
27.5,715.0,4743.01950875719,1647.0,11.400000000000034,26,299.9,0,311.3,0
41.4,1159.2,6472.749007897194,1493.0,11.300000000000011,28,300.0,0,311.3,0
29.6,888.0,5130.011363801893,1655.0,11.399999999999977,30,300.0,0,311.4,0
54.8,1753.6,7672.565130205183,1337.0,11.5,32,299.9,1,311.4,0
36.9,1291.5,6186.518501228627,1601.0,11.5,35,300.0,0,311.5,0
37.9,1402.3,6306.548284546782,1589.0,11.5,37,300.1,2,311.6,0
55.1,2314.2000000000003,7420.2952401219245,1286.0,11.5,42,300.2,0,311.7,0
41.3,1817.1999999999998,6716.609901644345,1553.0,11.5,44,300.2,0,311.7,0
51.0,2346.0,7364.835657810551,1379.0,11.600000000000023,46,300.2,0,311.8,0
30.8,1478.4,5408.942903538618,1677.0,11.599999999999966,48,300.3,1,311.9,0
38.4,1958.3999999999999,5983.603031733263,1488.0,11.5,51,300.3,0,311.8,0
45.9,2432.7,6815.8109256692,1418.0,11.5,53,300.3,0,311.8,0
41.0,2255.0,6229.882951823679,1451.0,11.5,55,300.3,0,311.8,0
43.1,2456.7000000000003,6806.239540051263,1508.0,11.5,57,300.3,0,311.8,0
33.6,1982.4,5555.843776020477,1579.0,11.399999999999977,59,300.3,0,311.7,0
47.7,2909.7000000000003,7153.029481105529,1432.0,11.399999999999977,61,300.3,2,311.7,0
47.3,3121.7999999999997,7162.391427213226,1446.0,11.400000000000034,66,300.2,0,311.6,0
39.5,2686.0,6605.879232580817,1597.0,11.5,68,300.2,1,311.7,0
50.2,3564.2000000000003,7343.933594688669,1397.0,11.5,71,300.2,1,311.7,0
36.6,2708.4,5864.096847190707,1530.0,11.5,74,300.1,0,311.6,0
51.4,3906.4,7713.259227044683,1433.0,11.5,76,300.1,1,311.6,0
32.0,2528.0,5331.492172652118,1591.0,11.5,79,300.0,0,311.5,0
41.6,3369.6,6294.913919752988,1445.0,11.5,81,300.0,0,311.5,0
28.3,2348.9,5183.2823032312635,1749.0,11.5,83,300.0,0,311.5,0
30.4,2584.0,5421.467386250929,1703.0,11.300000000000011,85,300.0,0,311.3,0
46.9,4080.2999999999997,7455.439189940081,1518.0,11.299999999999955,87,300.1,2,311.4,0
42.3,3891.6,6799.506059797068,1535.0,11.199999999999989,92,300.1,0,311.3,0
52.1,4897.400000000001,7583.699946010641,1390.0,11.299999999999955,94,300.1,1,311.4,0
23.6,2289.2000000000003,4450.966583703971,1801.0,11.300000000000011,97,300.3,2,311.6,0
41.6,4243.2,6373.328072386589,1463.0,11.300000000000011,102,300.3,2,311.6,0
37.7,4033.9,6158.778238097431,1560.0,11.300000000000011,107,300.3,0,311.6,0
33.5,3651.5,5637.535656989324,1607.0,11.300000000000011,109,300.3,0,311.6,0
54.6,6060.6,7615.97457453852,1332.0,11.200000000000045,111,300.4,0,311.6,0
53.3,6022.9,7618.833423853286,1365.0,11.399999999999977,113,300.3,0,311.7,0
32.5,3737.5,5503.28493092592,1617.0,11.300000000000011,115,300.3,1,311.6,0
62.8,7410.4,8575.626410455081,1304.0,11.300000000000011,118,300.3,1,311.6,0
22.3,2698.3,4426.467396993727,1895.5,11.399999999999977,121,300.3,0,311.7,0
53.4,6568.2,7487.734762418983,1339.0,11.300000000000011,123,300.3,2,311.6,0
41.8,5350.4,6530.910359890653,1492.0,11.300000000000011,128,300.2,0,311.5,0
40.2,5226.0,6390.37644852007,1518.0,11.199999999999989,130,300.1,1,311.3,0
39.5,5253.5,6117.780453968084,1479.0,11.199999999999989,133,300.1,0,311.3,0
34.1,4603.5,5438.547178310946,1523.0,11.199999999999989,135,300.1,1,311.3,0
35.3,4871.4,5803.673548486663,1570.0,11.199999999999989,138,300.2,1,311.4,0
36.1,5090.1,5693.2570386884945,1506.0,11.199999999999989,141,300.2,2,311.4,0
47.5,6935.0,7511.024435957596,1510.0,11.400000000000034,146,300.2,1,311.6,0
28.8,4291.2,5039.617271182603,1671.0,11.400000000000034,149,300.2,0,311.6,0
53.4,8063.4,7336.749819487459,1312.0,11.300000000000011,151,300.3,1,311.6,0
38.8,5975.2,6480.686765335264,1595.0,11.300000000000011,154,300.3,0,311.6,0
31.8,4960.8,5444.69422793647,1635.0,11.399999999999977,156,300.3,0,311.7,0
33.6,5308.8,6006.22249883911,1707.0,11.399999999999977,158,300.3,0,311.7,0
43.5,6960.0,7037.952942204533,1545.0,11.399999999999977,160,300.3,0,311.7,0
28.0,4536.0,5134.200154006679,1751.0,11.400000000000034,162,300.2,1,311.6,0
30.0,4950.0,5362.698659677777,1707.0,11.400000000000034,165,300.4,1,311.8,0
57.9,9727.199999999999,8003.521444285357,1320.0,11.400000000000034,168,300.4,0,311.8,0
51.4,8738.0,7099.643349945524,1319.0,11.399999999999977,170,300.3,1,311.7,0
54.2,9376.6,8218.573933399091,1448.0,11.5,173,300.2,0,311.7,0
48.2,8435.0,7248.198794558274,1436.0,11.600000000000023,175,300.2,0,311.8,0
34.0,6018.0,5728.798923576107,1609.0,11.599999999999966,177,300.3,0,311.9,0
44.5,7965.5,6822.282606535595,1464.0,11.600000000000023,179,300.2,0,311.8,0
45.1,8163.1,7004.0027975947405,1483.0,11.5,181,300.3,1,311.8,0
28.5,5244.0,5216.92876055121,1748.0,11.600000000000023,184,300.2,1,311.8,0
26.3,4918.1,4808.7102111437525,1746.0,11.5,187,300.3,0,311.8,0
51.4,9714.6,7589.4595325422215,1410.0,11.600000000000023,189,300.2,0,311.8,0
30.8,5882.8,5289.604270604254,1640.0,11.5,191,300.2,0,311.7,0
29.9,5770.7,5182.004722218804,1655.0,11.399999999999977,193,300.3,2,311.7,0
28.9,5722.2,4981.455919189143,1646.0,11.399999999999977,198,300.3,1,311.7,0
42.0,8442.0,6988.787017175853,1589.0,11.400000000000034,201,300.4,0,311.8,0
39.4,7998.2,6378.731611750763,1546.0,11.399999999999977,203,300.5,0,311.9,0
41.8,8569.0,6614.078789406686,1511.0,11.399999999999977,205,300.5,0,311.9,0
28.3,5858.1,5186.24587230115,1750.0,11.399999999999977,207,300.5,0,311.9,0
27.5,5747.5,4982.042349817813,1730.0,11.399999999999977,209,300.5,1,311.9,0
60.1,12741.2,8634.897791852809,1372.0,11.299999999999955,212,300.6,0,311.9,1
38.9,8324.6,6208.164074611862,1524.0,11.300000000000011,214,300.5,0,311.8,1
36.1,0.0,6052.393438871369,1601.0,11.400000000000034,0,300.4,0,311.8,0
34.4,68.8,5893.460266526259,1636.0,11.300000000000011,2,300.5,1,311.8,0
14.9,74.5,2957.594807856795,1895.5,11.400000000000034,5,300.4,0,311.8,0
32.3,226.09999999999997,5533.685075837157,1636.0,11.400000000000034,7,300.4,0,311.8,0
58.3,524.6999999999999,8150.390900840679,1335.0,11.5,9,300.4,1,311.9,0
57.5,690.0,7442.4329963542195,1236.0,11.399999999999977,12,300.3,1,311.7,0
47.3,709.5,7157.438182796065,1445.0,11.399999999999977,15,300.3,0,311.7,0
40.8,693.5999999999999,6408.849013323177,1500.0,11.300000000000011,17,300.2,0,311.5,0
21.0,399.0,4168.422212415617,1895.5,11.400000000000034,19,300.2,0,311.6,0
35.5,745.5,5684.135948017572,1529.0,11.400000000000034,21,300.2,0,311.6,0
40.7,936.1,6252.491946954014,1467.0,11.400000000000034,23,300.2,1,311.6,0
54.0,1404.0,7543.592279799811,1334.0,11.399999999999977,26,300.1,0,311.5,0
46.2,1293.6000000000001,6497.504758007482,1343.0,11.399999999999977,28,300.1,1,311.5,0
31.1,964.1,5337.869605738905,1639.0,11.300000000000011,31,300.2,0,311.5,0
49.1,1620.3,7111.026387327032,1383.0,11.399999999999977,33,300.1,2,311.5,0
31.4,1193.2,5458.412515857146,1660.0,11.299999999999955,38,300.1,0,311.4,0
45.2,1808.0,6957.999409170673,1470.0,11.199999999999989,40,300.1,0,311.3,0
26.6,1117.2,4869.133509847797,1748.0,11.199999999999989,42,300.1,1,311.3,0
35.7,1606.5000000000002,5484.372543151309,1467.0,11.299999999999955,45,300.1,0,311.4,0
39.3,1847.1,6654.741470319651,1617.0,11.299999999999955,47,300.1,1,311.4,0
56.7,2835.0,8176.089128747045,1377.0,11.299999999999955,50,300.1,2,311.4,0
32.1,1765.5,5475.890242986617,1629.0,11.300000000000011,55,300.0,1,311.3,0
37.9,2198.2,5969.193593428798,1504.0,11.199999999999989,58,300.0,0,311.2,0
47.3,2838.0,7023.700583532747,1418.0,11.199999999999989,60,300.0,0,311.2,0
31.7,1965.3999999999999,5407.654850550646,1629.0,11.199999999999989,62,300.0,0,311.2,0
12.800000000000011,819.2000000000007,2540.7525866152355,1895.5,11.199999999999989,64,300.1,0,311.3,1
64.7,4270.2,8841.855443895793,1305.0,11.199999999999989,66,300.1,0,311.3,0
38.5,2618.0,5845.980329555006,1450.0,11.199999999999989,68,300.2,1,311.4,0
36.9,2619.9,5746.0043793422665,1487.0,11.100000000000023,71,300.2,0,311.3,0
31.2,2277.6,5185.1358428968815,1587.0,11.100000000000023,73,300.2,1,311.3,0
40.9,3108.4,6544.482040154161,1528.0,11.199999999999989,76,300.3,1,311.5,0
49.9,3942.1,7320.947608439902,1401.0,11.200000000000045,79,300.4,1,311.6,0
45.0,3690.0,6814.114465636261,1446.0,11.199999999999989,82,300.3,0,311.5,0
44.2,3712.8,6595.773776211771,1425.0,11.199999999999989,84,300.2,0,311.4,0
22.6,1943.6000000000001,4475.366286646852,1891.0,11.199999999999989,86,300.2,0,311.4,0
42.8,3766.3999999999996,6516.83602480257,1454.0,11.300000000000011,88,300.2,2,311.5,0
40.9,3803.7,6124.74431768354,1430.0,11.299999999999955,93,300.1,0,311.4,0
43.6,4142.0,6825.843078209663,1495.0,11.199999999999989,95,300.2,0,311.4,0
41.6,4035.2000000000003,6726.191759237795,1544.0,11.099999999999966,97,300.3,0,311.4,0
34.3,3395.7,5581.793331339129,1554.0,11.099999999999966,99,300.3,1,311.4,0
37.3,3804.6,5823.915877151294,1491.0,11.100000000000023,102,300.2,1,311.3,0
40.7,4273.5,6499.693400889483,1525.0,11.0,105,300.3,0,311.3,0
39.6,4237.2,6241.087965621483,1505.0,11.0,107,300.3,0,311.3,0
50.2,5471.8,7207.253370306487,1371.0,11.099999999999966,109,300.3,1,311.4,0
60.5,6776.0,8438.946186072902,1332.0,11.0,112,300.3,0,311.3,0
37.0,4218.0,5699.582111897722,1471.0,11.099999999999966,114,300.3,0,311.4,0
27.3,3166.8,5002.986300841745,1750.0,11.100000000000023,116,300.4,1,311.5,0
48.1,5723.900000000001,6981.3100266603105,1386.0,11.099999999999966,119,300.3,1,311.4,0
56.2,6856.400000000001,7974.514072117211,1355.0,11.0,122,300.4,1,311.4,0
53.8,6725.0,7757.911730627706,1377.0,11.0,125,300.3,1,311.3,0
49.4,6323.2,7180.340393240735,1388.0,10.800000000000011,128,300.3,0,311.1,0
58.7,7631.0,8298.516994457437,1350.0,10.800000000000011,130,300.3,1,311.1,0
23.4,3112.2,4486.75979600387,1831.0,10.800000000000011,133,300.4,1,311.2,0
65.2,8867.2,9429.092414680308,1381.0,10.899999999999977,136,300.3,1,311.2,1
25.6,3558.4,4779.912278485846,1783.0,10.899999999999977,139,300.3,1,311.2,0
34.7,4927.400000000001,5861.279885777989,1613.0,10.699999999999989,142,300.3,0,311.0,0
14.7,2116.7999999999997,2917.8955486909317,1895.5,10.800000000000011,144,300.2,1,311.0,0
33.7,4953.900000000001,5741.773701235433,1627.0,10.800000000000011,147,300.2,0,311.0,0
67.19999999999999,10012.799999999997,8831.645267771624,1255.0,10.800000000000011,149,300.2,0,311.0,1
27.5,4152.5,5117.3926333099735,1777.0,10.800000000000011,151,300.2,2,311.0,0
30.9,4820.4,5196.7597357151635,1606.0,10.800000000000011,156,300.3,0,311.1,0
28.6,4518.8,5019.594854003724,1676.0,10.800000000000011,158,300.3,0,311.1,0
37.1,5936.0,6235.590178477701,1605.0,10.800000000000011,160,300.3,0,311.1,0
37.4,6058.8,5823.863517273734,1487.0,10.700000000000045,162,300.4,0,311.1,0
46.5,7626.0,7162.988329817407,1471.0,10.800000000000011,164,300.4,0,311.2,0
44.2,7337.200000000001,6836.461661378797,1477.0,10.800000000000011,166,300.3,1,311.1,0
32.0,5408.0,5127.079210658542,1530.0,10.800000000000011,169,300.4,0,311.2,0
28.9,4941.9,5063.1687441090135,1673.0,10.800000000000011,171,300.4,0,311.2,0
56.8,9826.4,8541.445882384025,1436.0,10.800000000000011,173,300.4,0,311.2,0
51.2,8960.0,8015.668935879237,1495.0,10.900000000000034,175,300.4,0,311.3,0
56.1,9929.7,8024.94710618284,1366.0,10.800000000000011,177,300.4,1,311.2,0
45.3,8153.999999999999,7063.525506404754,1489.0,10.800000000000011,180,300.4,2,311.2,0
46.6,8621.0,7222.312071092695,1480.0,10.800000000000011,185,300.3,0,311.1,0
37.3,6975.099999999999,5749.7009866979915,1472.0,10.800000000000011,187,300.4,0,311.2,0
50.8,9601.199999999999,7431.709693429965,1397.0,10.700000000000045,189,300.4,0,311.1,0
35.5,6780.5,5907.189026422448,1589.0,10.700000000000045,191,300.4,0,311.1,0
54.1,10441.300000000001,7959.800946522899,1405.0,10.700000000000045,193,300.4,0,311.1,0
20.1,3919.5000000000005,3989.7755461692336,1895.5,10.700000000000045,195,300.4,0,311.1,0
26.0,5122.0,4906.329966866299,1802.0,10.600000000000023,197,300.4,0,311.0,0
46.1,9173.9,6917.92315888638,1433.0,10.600000000000023,199,300.4,1,311.0,0
61.3,12382.599999999999,8319.440001530347,1296.0,10.600000000000023,202,300.5,1,311.1,1
36.6,7503.0,5944.584450975679,1551.0,10.699999999999989,205,300.5,1,311.2,0
67.19999999999999,13977.599999999999,8937.20278093224,1270.0,10.699999999999989,208,300.5,0,311.2,1
38.5,0.0,6172.548885895665,1531.0,10.699999999999989,0,300.6,0,311.3,0
45.2,90.4,6612.466105177844,1397.0,10.699999999999989,2,300.5,2,311.2,0
37.2,260.40000000000003,6026.454355528228,1547.0,10.600000000000023,7,300.5,0,311.1,0
18.9,170.1,3751.5799911740546,1895.5,10.5,9,300.5,0,311.0,0
42.6,468.6,6651.442798033381,1491.0,10.600000000000023,11,300.5,0,311.1,0
28.3,367.90000000000003,5212.9179939301275,1759.0,10.5,13,300.5,0,311.0,0
35.4,531.0,5912.79153332135,1595.0,10.600000000000023,15,300.4,1,311.0,0
62.0,1116.0,8771.536128332942,1351.0,10.800000000000011,18,300.4,0,311.2,0
28.7,574.0,5124.304137147871,1705.0,10.800000000000011,20,300.4,0,311.2,0
43.6,959.2,6419.488540443335,1406.0,10.800000000000011,22,300.4,0,311.2,0
34.6,830.4000000000001,5938.594480982833,1639.0,10.900000000000034,24,300.4,0,311.3,0
20.3,527.8000000000001,4029.4748053350963,1895.5,10.900000000000034,26,300.4,2,311.3,0
56.5,1751.5,7987.499321752049,1350.0,10.900000000000034,31,300.4,1,311.3,0
41.1,1397.4,6318.245481193649,1468.0,10.800000000000011,34,300.5,1,311.3,0
27.1,1002.7,4659.840607265644,1642.0,10.899999999999977,37,300.5,0,311.4,0
41.8,1630.1999999999998,6522.155788362649,1490.0,10.800000000000011,39,300.5,0,311.3,0
43.4,1779.3999999999999,6849.069919895203,1507.0,10.800000000000011,41,300.5,1,311.3,0
32.7,1438.8000000000002,5516.605283777141,1611.0,10.899999999999977,44,300.5,0,311.4,0
27.6,1269.6000000000001,5037.732315590449,1743.0,10.899999999999977,46,300.5,1,311.4,0
46.3,2268.7,7151.573876509365,1475.0,10.800000000000011,49,300.5,0,311.3,0
47.5,2422.5,7123.037743239257,1432.0,10.899999999999977,51,300.5,0,311.4,0
47.0,2491.0,7097.276683479821,1442.0,10.899999999999977,53,300.5,0,311.4,0
40.4,2222.0,6210.635460832686,1468.0,10.799999999999955,55,300.6,1,311.4,0
45.3,2627.3999999999996,7381.360435168433,1556.0,10.899999999999977,58,300.5,0,311.4,0
51.4,3084.0,7061.965182053472,1312.0,10.899999999999977,60,300.5,1,311.4,0
47.0,2961.0,7180.947767820429,1459.0,10.899999999999977,63,300.6,0,311.5,0
36.9,2398.5,6379.7264494244,1651.0,11.0,65,300.5,0,311.5,0
38.4,2572.7999999999997,5991.645508926453,1490.0,11.0,67,300.5,0,311.5,0
31.5,2173.5,4858.944277674654,1473.0,11.0,69,300.6,1,311.6,0
29.9,2152.7999999999997,5429.363255786951,1734.0,11.099999999999966,72,300.6,0,311.7,0
45.5,3367.0,7180.476528922391,1507.0,11.099999999999966,74,300.6,0,311.7,0
34.9,2652.4,5686.743469920051,1556.0,11.099999999999966,76,300.6,0,311.7,0
53.5,4173.0,7568.986820416329,1351.0,11.100000000000023,78,300.5,2,311.6,0
44.8,3718.3999999999996,6779.138067426294,1445.0,11.199999999999989,83,300.5,0,311.7,0
32.7,2779.5000000000005,5543.999971716444,1619.0,11.199999999999989,85,300.5,0,311.7,0
64.0,5568.0,8504.919631798288,1269.0,11.199999999999989,87,300.5,1,311.7,0
37.7,3393.0000000000005,6056.13193412914,1534.0,11.100000000000023,90,300.5,0,311.6,0
49.3,4535.599999999999,7454.915591164483,1444.0,11.100000000000023,92,300.5,0,311.6,0
26.8,2519.2000000000003,4894.517578488802,1744.0,11.100000000000023,94,300.5,0,311.6,0
44.6,4281.6,6730.192053883366,1441.0,11.100000000000023,96,300.4,0,311.5,0
40.7,3988.6000000000004,6418.71361425545,1506.0,11.0,98,300.3,1,311.3,0
38.5,3888.5,6152.390333035131,1526.0,11.099999999999966,101,300.3,0,311.4,0
29.7,3059.1,5299.741142899837,1704.0,11.100000000000023,103,300.4,0,311.5,0
52.4,5502.0,7929.170418150398,1445.0,11.0,105,300.4,2,311.4,0
35.9,3949.0,6244.428525809799,1661.0,11.0,110,300.5,0,311.5,0
41.8,4681.599999999999,6417.100930026606,1466.0,10.899999999999977,112,300.5,0,311.4,0
35.1,4001.4,5910.466754757693,1608.0,10.900000000000034,114,300.4,0,311.3,0
57.3,6646.799999999999,8112.597541217993,1352.0,11.0,116,300.4,1,311.4,0
31.7,3772.2999999999997,5324.664444618315,1604.0,11.0,119,300.4,1,311.4,0
50.7,6185.400000000001,7576.359091176753,1427.0,11.0,122,300.4,2,311.4,0
44.6,5664.2,6650.79353555164,1424.0,11.0,127,300.4,0,311.4,0
29.3,3779.7000000000003,5099.496027160024,1662.0,11.0,129,300.4,0,311.4,0
23.9,3130.8999999999996,4744.06147032063,1895.5,11.0,131,300.4,0,311.4,0
31.7,4216.099999999999,5736.296858042675,1728.0,11.0,133,300.4,0,311.4,0
28.8,3888.0,4680.7217264365045,1552.0,11.0,135,300.4,0,311.4,0
29.0,3973.0,5047.2827572573615,1662.0,11.100000000000023,137,300.4,2,311.5,0
57.7,8193.4,8114.8490159530675,1343.0,11.099999999999966,142,300.3,0,311.4,0
32.6,4694.400000000001,5038.86328894574,1476.0,11.100000000000023,144,300.4,1,311.5,0
51.1,7511.7,7202.687588983271,1346.0,11.099999999999966,147,300.3,0,311.4,0
44.6,6645.400000000001,6968.387608878544,1492.0,11.100000000000023,149,300.4,0,311.5,0
41.5,6266.5,6692.639549697456,1540.0,11.199999999999989,151,300.3,1,311.5,0
32.5,5005.0,5431.813698056752,1596.0,11.100000000000023,154,300.4,0,311.5,0
47.8,7456.799999999999,7713.636218163113,1541.0,11.100000000000023,156,300.5,0,311.6,0
30.0,4740.0,5218.185397612646,1661.0,11.100000000000023,158,300.5,0,311.6,0
55.4,8864.0,7884.203755302015,1359.0,11.200000000000045,160,300.4,1,311.6,0
42.4,6911.2,6784.499718888421,1528.0,11.100000000000023,163,300.5,0,311.6,0
52.9,8728.5,6902.435107104181,1246.0,11.100000000000023,165,300.5,1,311.6,0
32.5,5460.0,5360.342465187584,1575.0,11.100000000000023,168,300.5,0,311.6,0
30.4,5168.0,5278.210761247235,1658.0,11.100000000000023,170,300.5,1,311.6,0
54.8,9480.4,7948.019974071937,1385.0,11.100000000000023,173,300.5,0,311.6,0
50.3,8802.5,7658.80495438246,1454.0,11.199999999999989,175,300.5,2,311.7,0
40.5,7290.0,6349.0016732722925,1497.0,11.100000000000023,180,300.5,0,311.6,0
50.8,9245.6,7575.343309552091,1424.0,11.099999999999966,182,300.6,1,311.7,0
43.9,8121.5,7024.517397622681,1528.0,11.099999999999966,185,300.6,0,311.7,0
37.0,6919.0,5963.057015778786,1539.0,11.199999999999989,187,300.6,0,311.8,0
58.4,11037.6,8170.486621848141,1336.0,11.100000000000023,189,300.7,0,311.8,1
37.6,7181.6,6004.630758561291,1525.0,11.100000000000023,191,300.5,0,311.6,0
51.1,9862.300000000001,7791.317332510878,1456.0,11.100000000000023,193,300.5,1,311.6,0
17.2,3371.2,3414.1362882642193,1895.5,11.199999999999989,196,300.5,1,311.7,0
39.1,7780.900000000001,6043.544619563756,1476.0,11.100000000000023,199,300.5,1,311.6,0
47.2,9534.400000000001,7458.643614446743,1509.0,11.100000000000023,202,300.5,0,311.6,0
45.4,9261.6,6879.4386488799055,1447.0,11.100000000000023,204,300.5,0,311.6,0
49.1,10114.6,7445.239485791427,1448.0,11.099999999999966,206,300.6,0,311.7,0
52.6,10940.800000000001,7865.79402235198,1428.0,11.099999999999966,208,300.6,0,311.7,0
52.1,10941.0,7578.2440467689075,1389.0,11.099999999999966,210,300.6,1,311.7,0
32.4,6901.2,5547.424307708857,1635.0,11.0,213,300.7,0,311.7,0
43.7,9395.5,6383.873351727139,1395.0,11.0,215,300.7,0,311.7,0
43.7,9482.900000000001,6603.533510066138,1443.0,11.100000000000023,217,300.7,0,311.8,0
49.1,10752.9,7260.136846641915,1412.0,11.0,219,300.7,1,311.7,0
43.5,9657.0,6942.291445902724,1524.0,11.0,222,300.7,0,311.7,0
42.4,9497.6,6247.245487222518,1407.0,11.100000000000023,224,300.7,1,311.8,0
43.5,9874.5,6363.767158744165,1397.0,10.899999999999977,227,300.8,0,311.7,0
36.9,8450.1,5811.69508172883,1504.0,11.0,229,300.7,1,311.7,0
18.9,4384.799999999999,3751.5799911740546,1895.5,11.0,232,300.7,1,311.7,1
39.8,0.0,6472.665232093098,1553.0,11.099999999999966,0,300.6,0,311.7,0
39.2,78.4,5878.38062178903,1432.0,11.099999999999966,2,300.6,0,311.7,0
36.5,146.0,6027.721464565176,1577.0,11.100000000000023,4,300.5,1,311.6,0
56.1,392.7,8048.4462192316905,1370.0,11.0,7,300.5,1,311.5,0
36.2,362.0,5709.027833809516,1506.0,11.100000000000023,10,300.5,2,311.6,0
21.4,321.0,4247.820730747342,1895.5,11.0,15,300.6,0,311.6,0
36.7,623.9000000000001,5764.822519337271,1500.0,11.099999999999966,17,300.6,2,311.7,0
47.7,1049.4,7432.756890981163,1488.0,11.099999999999966,22,300.6,0,311.7,0
60.2,1444.8000000000002,8081.893709016911,1282.0,10.899999999999977,24,300.6,2,311.5,0
45.1,1307.9,6612.005338255318,1400.0,10.899999999999977,29,300.5,0,311.4,0
38.6,1196.6000000000001,5735.8570350711725,1419.0,10.899999999999977,31,300.6,0,311.5,0
40.6,1339.8,6126.587385373647,1441.0,10.800000000000011,33,300.7,1,311.5,0
62.5,2250.0,8822.639368831335,1348.0,10.900000000000034,36,300.7,1,311.6,0
38.7,1509.3000000000002,5949.296839956063,1468.0,10.899999999999977,39,300.8,2,311.7,0
30.8,1355.2,5486.351746523072,1701.0,11.0,44,300.7,1,311.7,0
23.6,1109.2,4606.663915615881,1864.0,11.0,47,300.7,2,311.7,0
31.8,1653.6000000000001,5428.043786872444,1630.0,11.0,52,300.6,1,311.6,0
49.7,2733.5,6849.216527552371,1316.0,11.0,55,300.5,0,311.5,0
31.2,1778.3999999999999,5580.473862424621,1708.0,11.0,57,300.5,0,311.5,0
27.5,1622.5,4835.17289326249,1679.0,10.899999999999977,59,300.5,2,311.4,0
32.3,2067.2,5780.603786433802,1709.0,10.899999999999977,64,300.5,0,311.4,0
41.5,2739.0,6279.781915138197,1445.0,10.899999999999977,66,300.5,0,311.4,0
51.9,3529.2,7554.5878540873755,1390.0,10.899999999999977,68,300.5,1,311.4,0
55.5,3940.5,7607.8378495657225,1309.0,11.0,71,300.4,0,311.4,0
37.6,2744.8,5902.256725956312,1499.0,11.0,73,300.5,0,311.5,0
18.8,1410.0,3731.7303615911237,1895.5,10.899999999999977,75,300.5,1,311.4,0
43.0,3354.0,6695.885862106165,1487.0,11.0,78,300.5,0,311.5,0
49.6,3968.0,6762.718009823532,1302.0,11.0,80,300.5,0,311.5,0
48.2,3952.4,6955.444247145754,1378.0,11.0,82,300.5,1,311.5,0
53.0,4505.0,7575.950684131786,1365.0,11.100000000000023,85,300.5,0,311.6,0
44.6,3880.2000000000003,6664.805038786651,1427.0,11.099999999999966,87,300.6,2,311.7,0
33.3,3063.6,5352.802642818968,1535.0,11.099999999999966,92,300.6,2,311.7,0
41.7,4044.9,6445.417151810963,1476.0,11.100000000000023,97,300.5,2,311.6,0
42.4,4324.8,6327.167604329843,1425.0,11.100000000000023,102,300.5,0,311.6,0
54.7,5688.8,8070.992382508954,1409.0,11.199999999999989,104,300.5,0,311.7,0
30.2,3201.2,5471.188325981744,1730.0,11.100000000000023,106,300.5,0,311.6,0
41.4,4471.2,6303.6684912809915,1454.0,11.100000000000023,108,300.5,1,311.6,0
26.9,2985.8999999999996,4912.78070378167,1744.0,11.099999999999966,111,300.6,0,311.7,0
29.0,3277.0,5347.933174205905,1761.0,11.099999999999966,113,300.8,1,311.9,0
30.9,3584.3999999999996,5361.787597808235,1657.0,11.199999999999989,116,300.7,1,311.9,0
47.0,5593.0,6988.996456686093,1420.0,11.100000000000023,119,300.7,0,311.8,0
59.2,7163.200000000001,8239.015229598448,1329.0,11.199999999999989,121,300.7,2,311.9,0
44.2,5569.200000000001,6813.318595497351,1472.0,11.299999999999955,126,300.6,0,311.9,0
30.1,3852.8,4936.133209173355,1566.0,11.399999999999977,128,300.6,0,312.0,0
42.7,5551.0,6394.292967361545,1430.0,11.399999999999977,130,300.6,0,312.0,0
40.9,5398.8,6343.179254887639,1481.0,11.399999999999977,132,300.6,0,312.0,0
29.4,3939.6,5141.530536865055,1670.0,11.399999999999977,134,300.6,0,312.0,0
55.1,7493.6,8112.702260973115,1406.0,11.399999999999977,136,300.6,0,312.0,0
46.9,6472.2,6649.976721461706,1354.0,11.5,138,300.6,2,312.1,0
19.3,2759.9,3830.9785095057814,1895.5,11.5,143,300.5,1,312.0,0
60.8,8876.8,8041.47188354072,1263.0,11.5,146,300.5,1,312.0,0
31.1,4633.900000000001,5132.692189532957,1576.0,11.399999999999977,149,300.5,0,311.9,0
45.1,6810.1,6862.31696891784,1453.0,11.5,151,300.5,0,312.0,0
39.0,5967.0,6036.256124607428,1478.0,11.5,153,300.5,0,312.0,0
57.9,8974.5,8021.711265749641,1323.0,11.399999999999977,155,300.5,1,311.9,0
28.4,4487.2,5085.610187631157,1710.0,11.399999999999977,158,300.5,0,311.9,0
59.5,9520.0,8187.30461452036,1314.0,11.300000000000011,160,300.4,0,311.7,0
39.6,6415.2,6054.477361998249,1460.0,11.300000000000011,162,300.4,0,311.7,0
45.4,7445.599999999999,7169.44953870829,1508.0,11.300000000000011,164,300.4,1,311.7,0
55.3,9235.1,7707.824271753973,1331.0,11.300000000000011,167,300.5,1,311.8,0
47.4,8058.0,7520.030334897888,1515.0,11.300000000000011,170,300.4,0,311.7,0
33.0,5676.0,5784.928712320245,1674.0,11.200000000000045,172,300.4,0,311.6,0
51.2,8908.800000000001,7742.2247113107815,1444.0,11.300000000000011,174,300.4,0,311.7,0
42.6,7497.6,6236.564072200314,1398.0,11.300000000000011,176,300.4,1,311.7,0
24.2,4331.8,4642.687511377044,1832.0,11.300000000000011,179,300.4,1,311.7,0
42.0,7644.0,6997.583476605905,1591.0,11.300000000000011,182,300.5,1,311.8,0
39.9,7381.5,6175.554342867599,1478.0,11.300000000000011,185,300.4,1,311.7,0
47.6,8948.800000000001,6789.107388113686,1362.0,11.400000000000034,188,300.4,1,311.8,0
57.9,11058.9,8294.558587713915,1368.0,11.300000000000011,191,300.5,0,311.8,1
28.3,5461.900000000001,5106.2295074142185,1723.0,11.399999999999977,193,300.3,1,311.7,0
30.8,6036.8,5447.647325030845,1689.0,11.400000000000034,196,300.4,0,311.8,0
59.2,11721.6,7885.648887922668,1272.0,11.400000000000034,198,300.4,0,311.8,1
33.0,6600.0,5221.641149531595,1511.0,11.300000000000011,200,300.4,1,311.7,0
30.8,6252.400000000001,5531.5069049306685,1715.0,11.200000000000045,203,300.4,2,311.6,0
43.8,0.0,6421.415383937536,1400.0,11.199999999999989,0,300.3,1,311.5,0
67.19999999999999,201.59999999999997,8444.601052849363,1200.0,11.200000000000045,3,300.4,0,311.6,1
38.7,193.5,6301.877783468446,1555.0,11.300000000000011,5,300.4,1,311.7,0
56.2,449.6,8398.252089233403,1427.0,11.300000000000011,8,300.3,2,311.6,0
52.7,685.1,7273.687582954401,1318.0,11.099999999999966,13,300.3,0,311.4,0
54.6,819.0,7541.644492354586,1319.0,11.199999999999989,15,300.2,2,311.4,0
20.9,418.0,4148.572582832685,1895.5,11.199999999999989,20,300.2,1,311.4,0
38.9,894.6999999999999,6322.224831888195,1552.0,11.199999999999989,23,300.3,0,311.5,0
32.2,805.0000000000001,5219.8190257925135,1548.0,11.199999999999989,25,300.3,0,311.5,0
29.5,796.5,5279.498814235207,1709.0,11.300000000000011,27,300.3,0,311.6,0
41.0,1189.0,6285.698581302458,1464.0,11.199999999999989,29,300.3,2,311.5,0
24.8,843.2,4568.210821535942,1759.0,11.099999999999966,34,300.3,0,311.4,0
31.9,1148.3999999999999,5458.475347710218,1634.0,11.199999999999989,36,300.3,0,311.5,0
33.6,1276.8,5851.404812870205,1663.0,11.199999999999989,38,300.3,0,311.5,0
47.3,1892.0,7157.438182796065,1445.0,11.199999999999989,40,300.3,1,311.5,0
25.6,1100.8,4543.999614152277,1695.0,11.199999999999989,43,300.3,0,311.5,0
39.0,1755.0,6195.534872144431,1517.0,11.200000000000045,45,300.4,0,311.6,0
26.8,1259.6000000000001,5082.552370781663,1811.0,11.199999999999989,47,300.5,0,311.7,0
23.5,1151.5,4466.559355241288,1815.0,11.200000000000045,49,300.4,0,311.6,0
40.0,2040.0,6337.639579841809,1513.0,11.300000000000011,51,300.4,0,311.7,0
36.4,1929.1999999999998,5786.311013087824,1518.0,11.200000000000045,53,300.4,1,311.6,0
28.8,1612.8,5027.5535553928175,1667.0,11.199999999999989,56,300.3,0,311.5,0
60.1,3485.8,8830.001167616248,1403.0,11.199999999999989,58,300.3,0,311.5,0
42.1,2526.0,6097.234438013606,1383.0,11.300000000000011,60,300.2,0,311.5,0
46.2,2864.4,7092.58523845046,1466.0,11.199999999999989,62,300.3,0,311.5,0
47.5,3040.0,6854.43157135733,1378.0,11.199999999999989,64,300.3,0,311.5,0
40.9,2699.4,6625.859761857648,1547.0,11.300000000000011,66,300.2,1,311.5,0
38.5,2656.5,6027.407305299817,1495.0,11.300000000000011,69,300.2,0,311.5,0
29.3,2080.3,5305.071378435428,1729.0,11.299999999999955,71,300.1,0,311.4,0
47.7,3482.1000000000004,7083.097628636619,1418.0,11.299999999999955,73,300.1,0,311.4,0
40.4,3030.0,6282.556988648868,1485.0,11.299999999999955,75,300.1,2,311.4,0
40.8,3264.0,6126.859656736958,1434.0,11.399999999999977,80,300.1,0,311.5,0
55.8,4575.599999999999,8268.357704982976,1415.0,11.400000000000034,82,300.2,1,311.6,0
29.6,2516.0,5188.905754081189,1674.0,11.5,85,300.1,2,311.6,0
52.4,4716.0,7978.556254664829,1454.0,11.399999999999977,90,300.1,0,311.5,0
39.0,3588.0,6028.087983708095,1476.0,11.399999999999977,92,300.0,0,311.4,0
28.3,2660.2000000000003,5369.987154634105,1812.0,11.5,94,300.0,0,311.5,0
41.9,4022.3999999999996,6028.779134091885,1374.0,11.399999999999977,96,300.0,0,311.4,0
40.6,3978.8,6479.472016175876,1524.0,11.299999999999955,98,300.1,1,311.4,0
49.6,5009.6,7183.4400979922775,1383.0,11.399999999999977,101,300.0,0,311.4,0
58.2,5994.6,8709.31164984084,1429.0,11.400000000000034,103,299.9,0,311.3,0
41.2,4326.0,6545.026582880783,1517.0,11.5,105,299.8,1,311.3,0
44.9,4849.2,6958.837167211631,1480.0,11.5,108,299.9,1,311.4,0
28.8,3196.8,5145.1747843432195,1706.0,11.5,111,299.9,0,311.4,0
48.6,5491.8,6865.573753302063,1349.0,11.5,113,300.0,0,311.5,0
49.0,5635.0,7445.46986925269,1451.0,11.5,115,300.0,1,311.5,0
36.7,4330.6,6252.910825974493,1627.0,11.5,118,299.9,0,311.4,0
35.4,4248.0,5697.780932109664,1537.0,11.399999999999977,120,300.0,1,311.4,0
17.0,2091.0,3374.4370290983566,1895.5,11.399999999999977,123,300.1,0,311.5,0
39.0,4875.0,5987.247279211428,1466.0,11.399999999999977,125,300.0,1,311.4,0
32.0,4096.0,5582.819584939301,1666.0,11.5,128,300.0,0,311.5,0
41.7,5421.0,6353.714062252678,1455.0,11.5,130,300.0,0,311.5,0
24.6,3247.2000000000003,4883.008877401151,1895.5,11.399999999999977,132,300.0,0,311.4,0
28.4,3805.6,5064.791900313368,1703.0,11.400000000000034,134,299.9,1,311.3,0
35.9,4918.3,5763.220307083939,1533.0,11.399999999999977,137,299.8,0,311.2,0
25.4,3530.6,4747.888977370254,1785.0,11.5,139,299.8,2,311.3,0
16.6,2390.4,3295.0385107666307,1895.5,11.399999999999977,144,299.8,0,311.2,0
46.2,6745.200000000001,6623.294127857217,1369.0,11.399999999999977,146,299.8,0,311.2,0
29.2,4321.599999999999,5216.635545236875,1706.0,11.399999999999977,148,299.8,1,311.2,0
24.4,3684.3999999999996,4604.401968905296,1802.0,11.400000000000034,151,299.9,0,311.3,0
41.8,6395.4,6185.104784534512,1413.0,11.400000000000034,153,299.9,2,311.3,0
53.2,8405.6,8267.499002990995,1484.0,11.300000000000011,158,300.0,0,311.3,0
38.1,6096.0,6124.377798540622,1535.0,11.400000000000034,160,299.9,0,311.3,0
35.5,5751.0,5870.013513354968,1579.0,11.300000000000011,162,299.9,1,311.2,0
64.2,10593.0,8739.910762286803,1300.0,11.300000000000011,165,299.8,0,311.1,0
44.3,7398.099999999999,6735.951640414947,1452.0,11.300000000000011,167,299.8,1,311.1,0
35.7,6069.000000000001,5839.529592639636,1562.0,11.300000000000011,170,299.8,1,311.1,0
28.3,4895.900000000001,4931.378932290922,1664.0,11.399999999999977,173,299.8,0,311.2,0
35.8,6264.999999999999,5604.70601375931,1495.0,11.300000000000011,175,299.9,2,311.2,0
42.6,7668.0,6838.807383893477,1533.0,11.399999999999977,180,300.0,1,311.4,0
37.0,6771.0,5749.952314110278,1484.0,11.399999999999977,183,300.0,0,311.4,0
38.7,7159.500000000001,6500.457855101857,1604.0,11.399999999999977,185,300.0,0,311.4,0
45.6,8527.2,7081.652496015968,1483.0,11.399999999999977,187,300.0,0,311.4,0
34.7,6558.3,5628.718253608248,1549.0,11.399999999999977,189,300.1,0,311.5,0
35.0,6685.0,5878.967052417699,1604.0,11.299999999999955,191,300.1,0,311.4,0
31.0,5983.0,5470.036408675428,1685.0,11.300000000000011,193,300.2,0,311.5,0
49.2,9594.0,7068.834797989322,1372.0,11.400000000000034,195,300.2,0,311.6,0
47.4,9337.8,6820.146323531153,1374.0,11.300000000000011,197,300.3,0,311.6,0
31.0,6169.0,5213.577728387381,1606.0,11.400000000000034,199,300.2,0,311.6,0
47.2,9487.2,7270.818261664121,1471.0,11.399999999999977,201,300.1,0,311.5,0
31.1,6313.3,5403.005293423334,1659.0,11.399999999999977,203,300.1,0,311.5,0
48.5,9942.5,7110.471372624898,1400.0,11.599999999999966,205,300.1,1,311.7,0
42.6,8860.800000000001,6704.975536850552,1503.0,11.599999999999966,208,300.1,0,311.7,0
23.2,4872.0,4368.23797715944,1798.0,11.600000000000023,210,300.2,0,311.8,0
35.0,7420.0,5893.627818134451,1608.0,11.400000000000034,212,300.2,1,311.6,0
50.9,10943.5,7046.571378050882,1322.0,11.400000000000034,215,300.2,0,311.6,0
37.7,8180.900000000001,6107.455086113285,1547.0,11.400000000000034,217,300.2,2,311.6,0
47.9,10633.8,6892.0887952983585,1374.0,11.399999999999977,222,300.3,1,311.7,1
36.8,0.0,5576.285072219835,1447.0,11.399999999999977,0,300.3,1,311.7,0
47.2,141.60000000000002,6786.426562382623,1373.0,11.300000000000011,3,300.4,0,311.7,0
37.5,187.5,5949.39108773567,1515.0,11.399999999999977,5,300.3,0,311.7,0
56.5,395.5,7792.249338331443,1317.0,11.399999999999977,7,300.3,0,311.7,0
37.2,334.8,6042.0366550900335,1551.0,11.5,9,300.3,0,311.8,0
32.1,353.1,5351.5145898309975,1592.0,11.5,11,300.3,1,311.8,0
42.2,590.8000000000001,6332.675863449138,1433.0,11.400000000000034,14,300.4,0,311.8,0
43.1,689.6,6463.219510181306,1432.0,11.399999999999977,16,300.5,0,311.9,0
51.7,930.6,7308.915308576653,1350.0,11.399999999999977,18,300.5,0,311.9,0
44.8,896.0,6427.279690224237,1370.0,11.399999999999977,20,300.5,1,311.9,0
44.6,1025.8,6608.759025846608,1415.0,11.5,23,300.5,0,312.0,0
42.9,1072.5,6729.731286960839,1498.0,11.5,25,300.5,0,312.0,0
54.1,1460.7,7829.498155227506,1382.0,11.5,27,300.5,1,312.0,0
44.5,1335.0,7041.303974368363,1511.0,11.399999999999977,30,300.5,1,311.9,0
59.5,1963.5,8286.997821394276,1330.0,11.399999999999977,33,300.5,0,311.9,0
50.5,1767.5,7313.784777189718,1383.0,11.399999999999977,35,300.5,0,311.9,0
49.4,1827.8,7402.786097065916,1431.0,11.399999999999977,37,300.5,0,311.9,0
38.1,1485.9,5829.130920956253,1461.0,11.5,39,300.5,0,312.0,0
46.7,1914.7,7032.413267158704,1438.0,11.5,41,300.4,2,311.9,0
27.7,1274.2,5160.4115087131295,1779.0,11.5,46,300.5,1,312.0,0
52.3,2562.7,7081.55824823636,1293.0,11.5,49,300.6,1,312.1,0
54.7,2844.4,7492.447151399369,1308.0,11.599999999999966,52,300.6,0,312.2,0
37.2,2008.8000000000002,5968.020732171458,1532.0,11.699999999999989,54,300.6,0,312.3,0
38.6,2161.6,5942.008344999735,1470.0,11.699999999999989,56,300.7,0,312.4,0
37.9,2198.2,6143.824257066342,1548.0,11.600000000000023,58,300.7,0,312.3,0
24.0,1440.0,4763.911099903562,1895.5,11.600000000000023,60,300.7,0,312.3,0
49.0,3038.0,6850.242781152544,1335.0,11.5,62,300.7,2,312.2,0
53.8,3604.6,8000.170412121527,1420.0,11.600000000000023,67,300.7,0,312.3,0
49.0,3381.0,7276.1380252242,1418.0,11.600000000000023,69,300.7,0,312.3,0
40.3,2861.2999999999997,6478.016411579712,1535.0,11.5,71,300.8,1,312.3,0
47.2,3492.8,7201.619447481051,1457.0,11.699999999999989,74,300.7,2,312.4,0
39.1,3088.9,6113.151840791795,1493.0,11.599999999999966,79,300.8,0,312.4,0
27.3,2211.3,4774.278355660408,1670.0,11.600000000000023,81,300.7,2,312.3,0
45.4,3904.4,6874.684371997471,1446.0,11.600000000000023,86,300.7,2,312.3,0
59.1,5378.1,9066.793477892823,1465.0,11.599999999999966,91,300.8,0,312.4,1
36.3,3375.8999999999996,6044.110106241402,1590.0,11.600000000000023,93,300.7,0,312.3,0
18.5,1757.5,3672.181472842329,1895.5,11.599999999999966,95,300.6,1,312.2,0
37.9,3714.2,6310.5171632658175,1590.0,11.699999999999989,98,300.7,0,312.4,0
33.2,3320.0000000000005,5482.7493869469545,1577.0,11.600000000000023,100,300.7,0,312.3,0
61.7,6293.400000000001,8858.317389400603,1371.0,11.699999999999989,102,300.7,1,312.4,0
25.6,2688.0,4737.019066788834,1767.0,11.599999999999966,105,300.8,0,312.4,0
39.2,4194.400000000001,6227.3068458477355,1517.0,11.699999999999989,107,300.8,0,312.5,0
40.6,4425.400000000001,6611.27229996948,1555.0,11.700000000000045,109,300.9,1,312.6,0
43.8,4905.599999999999,6494.802988325394,1416.0,11.800000000000011,112,300.9,0,312.7,0
35.6,4058.4,5920.100972228702,1588.0,11.800000000000011,114,300.8,1,312.6,0
50.0,5850.0,7445.57458900781,1422.0,11.800000000000011,117,300.8,0,312.6,0
53.6,6378.400000000001,7723.458931193339,1376.0,11.800000000000011,119,300.8,0,312.6,0
50.7,6134.700000000001,7613.52413226872,1434.0,11.699999999999989,121,300.8,0,312.5,0
47.3,5817.9,7048.466805618547,1423.0,11.699999999999989,123,300.8,0,312.5,0
52.5,6562.5,7498.981664118835,1364.0,11.5,125,300.9,0,312.4,0
23.8,3022.6,4548.502563622422,1825.0,11.599999999999966,127,300.8,0,312.4,0
44.5,5740.5,6360.939725355934,1365.0,11.599999999999966,129,300.8,0,312.4,0
47.2,6183.200000000001,7068.164591556556,1430.0,11.600000000000023,131,300.7,1,312.3,0
44.8,6003.2,6732.223617132686,1435.0,11.5,134,300.8,0,312.3,0
25.1,3413.6000000000004,4760.151660694767,1811.0,11.599999999999966,136,300.8,1,312.4,0
43.7,6074.3,6704.211082638179,1465.0,11.599999999999966,139,300.8,1,312.4,0
51.0,7242.0,7327.450705232834,1372.0,11.5,142,300.9,0,312.4,0
26.3,3787.2000000000003,5117.172721824222,1858.0,11.5,144,300.8,0,312.3,0
26.8,3912.8,4813.129384809802,1715.0,11.600000000000023,146,300.7,0,312.3,0
38.5,5698.0,6410.419809649972,1590.0,11.5,148,300.7,0,312.2,0
25.7,3855.0,4478.3193837412255,1664.0,11.399999999999977,150,300.8,1,312.2,0
36.9,5645.7,5842.608353440153,1512.0,11.400000000000034,153,300.7,0,312.1,0
44.0,6820.0,6902.288499447014,1498.0,11.400000000000034,155,300.7,0,312.1,0
41.9,6578.3,6120.922046621673,1395.0,11.400000000000034,157,300.7,0,312.1,0
43.1,6852.900000000001,6724.997954029431,1490.0,11.400000000000034,159,300.7,2,312.1,0
35.1,5756.400000000001,5612.738018976988,1527.0,11.300000000000011,164,300.8,2,312.1,0
37.1,6269.900000000001,5874.275607388339,1512.0,11.300000000000011,169,300.8,0,312.1,0
42.4,7250.4,6544.733367566448,1474.0,11.200000000000045,171,300.9,0,312.1,0
41.3,7144.9,6509.013459095131,1505.0,11.300000000000011,173,300.8,0,312.1,0
40.0,7000.0,6266.430146360441,1496.0,11.199999999999989,175,300.8,0,312.0,0
49.3,8726.1,7134.82918766573,1382.0,11.199999999999989,177,300.8,0,312.0,0
47.7,8538.300000000001,7088.0927609558275,1419.0,11.199999999999989,179,300.7,0,311.9,0
39.7,7185.700000000001,6078.08119480222,1462.0,11.199999999999989,181,300.7,0,311.9,0
45.0,8235.0,6832.9640215578,1450.0,11.199999999999989,183,300.8,1,312.0,0
46.5,8649.0,6763.691903546145,1389.0,11.199999999999989,186,300.7,2,311.9,0
28.2,5386.2,5011.405769153366,1697.0,11.199999999999989,191,300.7,1,311.9,0
57.1,11077.4,7982.629853138985,1335.0,11.199999999999989,194,300.7,0,311.9,1
42.0,8232.0,6491.787059377948,1476.0,11.199999999999989,196,300.7,0,311.9,0
43.6,8632.800000000001,6834.974640856098,1497.0,11.099999999999966,198,300.6,0,311.7,0
29.2,5840.0,5103.496321805595,1669.0,11.0,200,300.6,1,311.6,0
48.0,9744.0,7313.627697557038,1455.0,11.0,203,300.6,0,311.6,0
38.4,7872.0,6027.836656295807,1499.0,11.0,205,300.7,0,311.7,0
41.9,8673.3,6485.105939001313,1478.0,11.100000000000023,207,300.7,0,311.8,0
21.8,4556.2,4327.219249079069,1895.5,11.0,209,300.8,0,311.8,0
28.3,5971.3,4803.945462285808,1621.0,11.099999999999966,211,300.8,1,311.9,0
44.3,9480.199999999999,6290.599465842058,1356.0,11.099999999999966,214,300.8,1,311.9,0
46.4,10068.8,7239.904989952797,1490.0,10.899999999999977,217,300.8,0,311.7,0
31.4,6876.599999999999,5188.780090375046,1578.0,10.899999999999977,219,300.8,0,311.7,0
31.3,6917.3,5509.861331547435,1681.0,10.899999999999977,221,300.8,0,311.7,0
43.4,9678.199999999999,6440.034556397812,1417.0,11.0,223,300.8,0,311.8,0
40.0,0.0,6417.22659373275,1532.0,11.0,0,300.7,1,311.7,0
38.9,116.69999999999999,6106.324112757992,1499.0,11.0,3,300.7,1,311.7,0
45.8,274.79999999999995,6868.107971375956,1432.0,10.899999999999977,6,300.8,0,311.7,0
29.0,232.0,5323.6381910181435,1753.0,10.899999999999977,8,300.8,0,311.7,0
49.0,490.0,7255.612953220747,1414.0,10.899999999999977,10,300.8,0,311.7,0
32.2,386.40000000000003,5580.62047008179,1655.0,10.899999999999977,12,300.8,0,311.7,0
35.6,498.40000000000003,5651.683295905989,1516.0,10.800000000000011,14,300.8,0,311.6,0
45.5,728.0,6794.531871428884,1426.0,10.899999999999977,16,300.8,0,311.7,0
39.4,709.1999999999999,6102.292402185885,1479.0,10.899999999999977,18,300.8,0,311.7,0
36.4,728.0,5980.712766491961,1569.0,10.800000000000011,20,300.7,1,311.5,0
36.0,828.0,5911.2207369945545,1568.0,10.800000000000011,23,300.8,0,311.6,0
24.5,612.5,4728.4634627955575,1843.0,10.900000000000034,25,300.9,1,311.8,0
40.9,1145.2,6338.896216903245,1480.0,11.0,28,300.9,1,311.9,0
36.8,1140.8,5576.285072219835,1447.0,11.0,31,301.0,0,312.0,0
41.9,1382.7,6379.7997532529835,1454.0,10.899999999999977,33,301.0,0,311.9,0
56.1,1963.5,7695.959523498916,1310.0,11.0,35,300.9,1,311.9,0
38.0,1444.0,6020.757600849719,1513.0,11.0,38,300.9,2,311.9,0
16.5,709.5,3275.188881183699,1895.5,11.0,43,300.9,2,311.9,0
49.9,2395.2,7195.535229708598,1377.0,11.100000000000023,48,301.0,0,312.1,0
32.3,1614.9999999999998,5361.180223228541,1585.0,11.100000000000023,50,301.0,0,312.1,0
42.6,2215.2000000000003,6651.442798033381,1491.0,11.099999999999966,52,301.1,2,312.2,0
59.0,3363.0,7809.580457803747,1264.0,11.199999999999989,57,301.0,0,312.2,0
47.0,2773.0,6752.7486891361405,1372.0,11.199999999999989,59,301.0,0,312.2,0
39.9,2433.9,6309.260526204382,1510.0,11.199999999999989,61,301.0,0,312.2,0
40.2,2532.6000000000004,5990.451703718089,1423.0,11.200000000000045,63,300.9,0,312.1,0
35.3,2294.5,5411.833168779921,1464.0,11.199999999999989,65,301.1,0,312.3,0
35.9,2405.2999999999997,6022.621612490848,1602.0,11.199999999999989,67,301.0,0,312.2,0
32.6,2249.4,5561.18448353158,1629.0,11.199999999999989,69,301.0,1,312.2,0
23.2,1670.3999999999999,4399.821455303529,1811.0,11.300000000000011,72,300.9,0,312.2,0
28.8,2131.2000000000003,5160.254429080451,1711.0,11.200000000000045,74,300.9,0,312.1,0
48.6,3693.6,6600.925988163658,1297.0,11.200000000000045,76,300.9,1,312.1,0
46.1,3641.9,6782.750898977923,1405.0,11.100000000000023,79,301.0,0,312.1,0
54.9,4446.9,8031.513034828842,1397.0,11.099999999999966,81,301.1,0,312.2,0
29.7,2465.1,5231.317254904651,1682.0,11.199999999999989,83,301.1,0,312.3,0
38.4,3264.0,6144.452575597061,1528.0,11.100000000000023,85,301.2,0,312.3,0
38.3,3332.1,6208.666729436435,1548.0,11.100000000000023,87,301.2,1,312.3,0
47.8,4302.0,6982.817991134033,1395.0,11.199999999999989,90,301.2,2,312.4,0
59.0,5605.0,8513.925530738577,1378.0,11.199999999999989,95,301.2,0,312.4,0
53.5,5189.5,8291.71021037466,1480.0,11.199999999999989,97,301.2,0,312.4,0
36.6,3623.4,5473.157057377994,1428.0,11.199999999999989,99,301.2,1,312.4,0
39.6,4039.2000000000003,6241.087965621483,1505.0,11.199999999999989,102,301.2,1,312.4,0
36.4,3822.0,5508.049679783864,1445.0,11.300000000000011,105,301.0,0,312.3,0
42.6,4558.2,6638.059613329089,1488.0,11.300000000000011,107,301.0,0,312.3,0
33.0,3597.0,5532.658822236985,1601.0,11.199999999999989,109,301.0,0,312.2,0
34.9,3873.8999999999996,5664.815153197995,1550.0,11.300000000000011,111,301.0,0,312.3,0
34.1,3853.3,5499.253220353813,1540.0,11.199999999999989,113,301.0,0,312.2,0
34.5,3967.5,5733.563672434052,1587.0,11.199999999999989,115,301.1,0,312.3,0
40.3,4715.099999999999,6283.886929538888,1489.0,11.199999999999989,117,301.0,2,312.2,0
34.9,4257.8,5430.913108162723,1486.0,11.199999999999989,122,301.1,0,312.3,0
37.9,4699.599999999999,5675.4965682202,1430.0,11.299999999999955,124,301.1,0,312.4,0
25.1,3162.6000000000004,4754.89472898776,1809.0,11.299999999999955,126,301.1,1,312.4,0
39.0,5031.0,6264.964069788765,1534.0,11.199999999999989,129,301.1,0,312.3,0
25.9,3392.8999999999996,5023.071549873695,1852.0,11.199999999999989,131,301.1,1,312.3,0
31.9,4274.599999999999,5328.193500365849,1595.0,11.199999999999989,134,301.1,0,312.3,0
43.5,5916.0,6486.760511132205,1424.0,11.300000000000011,136,301.0,0,312.3,0
28.8,3974.4,5356.289810664453,1776.0,11.199999999999989,138,301.0,0,312.2,0
41.5,5810.0,6514.458886361354,1499.0,11.199999999999989,140,301.0,1,312.2,0
12.800000000000011,1830.4000000000017,2540.7525866152355,1895.5,11.199999999999989,143,301.0,1,312.2,1
51.7,7548.200000000001,7357.641410633832,1359.0,11.200000000000045,146,300.9,0,312.1,0
31.0,4588.0,5249.287164883185,1617.0,11.200000000000045,148,300.9,1,312.1,0
53.3,8048.299999999999,8054.195333787759,1443.0,11.199999999999989,151,300.8,1,312.0,0
50.2,7730.8,7223.024165427509,1374.0,11.199999999999989,154,300.8,0,312.0,0
23.0,3588.0,4458.234134709275,1851.0,11.200000000000045,156,300.9,1,312.1,0
67.19999999999999,10684.799999999997,8965.351451108407,1274.0,11.199999999999989,159,300.8,1,312.0,0
44.0,7128.0,7063.5569223312905,1533.0,11.100000000000023,162,300.9,0,312.0,0
37.3,6117.2,5769.231221027808,1477.0,11.199999999999989,164,300.8,0,312.0,0
46.0,7636.0,7042.612971307359,1462.0,11.200000000000045,166,300.9,0,312.1,0
28.4,4771.2,4948.804299542833,1664.0,11.100000000000023,168,301.0,1,312.1,0
41.1,7028.1,6085.830456681076,1414.0,11.099999999999966,171,300.8,0,311.9,0
17.8,3079.4,3533.234065761809,1895.5,11.100000000000023,173,300.9,2,312.0,0
61.1,10875.800000000001,8465.052821024234,1323.0,11.0,178,300.8,0,311.8,0
43.3,7793.999999999999,6470.539421064169,1427.0,11.0,180,300.8,0,311.8,0
56.1,10210.2,8077.820110542755,1375.0,11.100000000000023,182,300.9,1,312.0,0
50.7,9379.5,7443.626801562585,1402.0,11.100000000000023,185,300.9,1,312.0,0
44.2,8309.6,6942.919764433443,1500.0,11.100000000000023,188,300.9,0,312.0,0
37.5,7125.0,6118.251692866122,1558.0,11.0,190,301.0,1,312.0,0
41.4,7990.2,6273.320706247314,1447.0,11.100000000000023,193,300.9,1,312.0,0
39.3,7702.799999999999,6247.30831907559,1518.0,11.0,196,301.0,0,312.0,0
23.5,4653.0,4648.667009394377,1889.0,10.899999999999977,198,301.0,0,311.9,0
30.7,6140.0,5384.951607640704,1675.0,11.100000000000023,200,301.0,0,312.1,0
27.9,5635.799999999999,5025.291608682232,1720.0,11.100000000000023,202,300.9,2,312.0,0
34.6,7162.200000000001,5431.331987183202,1499.0,11.0,207,301.0,1,312.0,0
43.8,9198.0,6609.471120181422,1441.0,11.100000000000023,210,300.9,0,312.0,0
42.7,9052.400000000001,6246.732360422433,1397.0,11.100000000000023,212,300.9,2,312.0,0
38.7,8397.900000000001,6050.613203034334,1493.0,11.100000000000023,217,300.9,0,312.0,0
50.7,11103.300000000001,7549.81263325392,1422.0,11.199999999999989,219,300.8,1,312.0,0
50.2,11144.400000000001,7354.447458102682,1399.0,11.199999999999989,222,300.7,0,311.9,1
44.9,10057.6,6700.231731943631,1425.0,11.299999999999955,224,300.6,0,311.9,0
44.8,10124.8,7041.858989070497,1501.0,11.199999999999989,226,300.6,0,311.8,0
35.3,0.0,6021.773382474379,1629.0,11.299999999999955,0,300.6,1,311.9,0
42.2,126.60000000000001,6584.568762413967,1490.0,11.399999999999977,3,300.6,0,312.0,0
32.4,162.0,5259.026102109314,1550.0,11.300000000000011,5,300.7,0,312.0,0
46.5,325.5,6895.167556098878,1416.0,11.199999999999989,7,300.8,0,312.0,0
38.8,349.2,6033.742850484556,1485.0,11.199999999999989,9,300.7,0,311.9,0
36.8,404.79999999999995,6027.166449863042,1564.0,11.100000000000023,11,300.7,0,311.8,0
19.7,256.09999999999997,3910.377027837507,1895.5,11.0,13,300.7,0,311.7,0
46.1,691.5,7048.267838083821,1460.0,11.0,15,300.7,0,311.7,0
34.1,579.7,5724.222670277379,1603.0,11.100000000000023,17,300.7,0,311.8,0
47.3,898.6999999999999,7360.521203899622,1486.0,11.100000000000023,19,300.7,0,311.8,0
31.8,667.8000000000001,5194.937611976082,1560.0,11.099999999999966,21,300.8,0,311.9,0
39.3,903.9,6164.998591551537,1498.0,11.099999999999966,23,300.8,0,311.9,0
48.5,1212.5,7267.917524447306,1431.0,11.099999999999966,25,300.8,2,311.9,0
45.1,1353.0,7018.1713804624305,1486.0,11.099999999999966,30,300.8,0,311.9,0
35.8,1145.6,5570.9653086597555,1486.0,11.199999999999989,32,300.7,0,311.9,0
38.1,1295.4,5749.3344675550725,1441.0,11.100000000000023,34,300.7,0,311.8,0
55.1,1983.6000000000001,7881.899920689384,1366.0,11.199999999999989,36,300.7,1,311.9,0
41.4,1614.6,6377.370254934208,1471.0,11.199999999999989,39,300.6,0,311.8,0
38.2,1566.2,5852.431066470378,1463.0,11.299999999999955,41,300.6,0,311.9,0
41.3,1775.8999999999999,6111.120277542473,1413.0,11.299999999999955,43,300.6,0,311.9,0
30.5,1372.5,5123.099859963995,1604.0,11.299999999999955,45,300.6,2,311.9,0
51.1,2555.0,7497.002460747075,1401.0,11.300000000000011,50,300.7,0,312.0,0
27.2,1414.3999999999999,4705.51936444884,1652.0,11.199999999999989,52,300.6,0,311.8,0
45.7,2467.8,6714.327010982738,1403.0,11.399999999999977,54,300.5,0,311.9,0
21.7,1215.2,4288.054060664316,1887.0,11.399999999999977,56,300.5,0,311.9,0
47.9,2778.2,7047.587159675542,1405.0,11.400000000000034,58,300.4,0,311.8,0
41.1,2466.0,6438.756975385352,1496.0,11.400000000000034,60,300.2,2,311.6,0
43.4,2821.0,6812.711220917658,1499.0,11.399999999999977,65,300.1,0,311.5,0
37.2,2492.4,6034.245505309131,1549.0,11.300000000000011,67,300.2,0,311.5,0
44.9,3098.1,7123.404262382176,1515.0,11.300000000000011,69,300.3,0,311.6,0
37.7,2676.7000000000003,6079.8195427372075,1540.0,11.400000000000034,71,300.2,0,311.6,0
44.3,3233.8999999999996,6615.335426468122,1426.0,11.300000000000011,73,300.2,2,311.5,0
41.4,3229.2,6351.357867762485,1465.0,11.400000000000034,78,300.2,1,311.6,0
54.1,4382.1,7699.195363932115,1359.0,11.300000000000011,81,300.3,1,311.6,0
36.4,3057.6,5912.100382937559,1551.0,11.399999999999977,84,300.3,1,311.7,0
34.8,3027.6,5816.218975149999,1596.0,11.300000000000011,87,300.5,0,311.8,0
26.3,2340.7000000000003,4599.396364610577,1670.0,11.399999999999977,89,300.5,1,311.9,0
21.3,1959.6000000000001,4166.63150460307,1868.0,11.5,92,300.4,0,311.9,0
39.8,3741.2,6210.090918106062,1490.0,11.399999999999977,94,300.6,1,312.0,0
35.2,3414.4,6177.962897235352,1676.0,11.399999999999977,97,300.5,1,311.9,0
22.1,2210.0,4339.324852770902,1875.0,11.399999999999977,100,300.5,1,311.9,0
23.0,2369.0,4496.77100459331,1867.0,11.5,103,300.5,1,312.0,0
29.5,3127.0,5084.87714934532,1646.0,11.5,106,300.5,0,312.0,0
43.2,4665.6,6220.353454107791,1375.0,11.5,108,300.5,2,312.0,0
36.7,4147.1,5987.728990084978,1558.0,11.5,113,300.5,0,312.0,0
34.9,4013.5,5960.847428945761,1631.0,11.600000000000023,115,300.4,0,312.0,0
43.0,5031.0,6151.028976218576,1366.0,11.600000000000023,117,300.4,0,312.0,0
48.0,5712.0,6836.105614211389,1360.0,11.5,119,300.3,0,311.8,0
39.7,4803.700000000001,6431.458008453513,1547.0,11.5,121,300.3,0,311.8,0
31.2,3837.6,5132.859741141147,1571.0,11.399999999999977,123,300.3,0,311.7,0
36.1,4512.5,5776.425468204528,1528.0,11.300000000000011,125,300.2,0,311.5,0
43.6,5537.2,6538.198854846982,1432.0,11.300000000000011,127,300.2,2,311.5,0
53.5,7062.0,7596.999354910838,1356.0,11.400000000000034,132,300.2,0,311.6,0
46.2,6190.8,6879.710920243217,1422.0,11.399999999999977,134,300.1,2,311.5,0
42.2,5865.8,6354.771731779386,1438.0,11.299999999999955,139,300.1,0,311.4,0
44.4,6260.4,6895.293219805021,1483.0,11.199999999999989,141,300.2,0,311.4,0
49.8,7121.4,6941.223304400504,1331.0,11.199999999999989,143,300.2,0,311.4,0
37.5,5437.5,5745.187565252334,1463.0,11.199999999999989,145,300.2,0,311.4,0
40.6,5968.2,6147.8454956629375,1446.0,11.299999999999955,147,300.1,0,311.4,0
45.7,6809.3,6489.3994489612205,1356.0,11.299999999999955,149,300.1,0,311.4,0
30.3,4575.3,5317.962380290658,1676.0,11.199999999999989,151,300.1,0,311.3,0
23.0,3519.0,4565.414804074247,1895.5,11.299999999999955,153,300.1,0,311.4,0
56.9,8819.5,8193.01184117438,1375.0,11.400000000000034,155,300.2,0,311.6,0
40.8,6405.599999999999,6464.392371438645,1513.0,11.400000000000034,157,300.2,1,311.6,0
35.7,5712.0,5648.866334493271,1511.0,11.400000000000034,160,300.2,0,311.6,0
28.8,4665.6,5012.473910655586,1662.0,11.400000000000034,162,300.2,2,311.6,0
48.3,8066.099999999999,7551.540509213392,1493.0,11.5,167,300.2,0,311.7,0
37.4,6320.599999999999,6090.186798494053,1555.0,11.5,169,300.2,1,311.7,0
41.5,7138.0,6310.203004000458,1452.0,11.399999999999977,172,300.3,0,311.7,0
39.0,6786.0,6126.105674500096,1500.0,11.400000000000034,174,300.2,0,311.6,0
30.5,5368.0,5119.905907432845,1603.0,11.5,176,300.2,0,311.7,0
27.8,4948.400000000001,4896.653861493242,1682.0,11.399999999999977,178,300.3,0,311.7,0
37.7,6786.000000000001,6186.413781473509,1567.0,11.5,180,300.3,0,311.8,0
46.0,8372.0,6806.574643267645,1413.0,11.5,182,300.3,0,311.8,0
41.6,7654.400000000001,6225.212450745343,1429.0,11.599999999999966,184,300.3,1,311.9,0
31.5,5890.5,5581.353508367626,1692.0,11.599999999999966,187,300.3,0,311.9,0
48.7,9204.300000000001,7527.381661707287,1476.0,11.5,189,300.4,0,311.9,0
30.4,5806.4,5080.8349667977,1596.0,11.600000000000023,191,300.4,1,312.0,0
49.0,9506.0,7132.4625212000265,1390.0,11.599999999999966,194,300.3,2,311.9,0
33.7,6706.3,5671.192586284783,1607.0,11.5,199,300.3,1,311.8,0
26.3,5312.6,5015.269928117282,1821.0,11.399999999999977,202,300.3,0,311.7,0
18.5,3774.0,3672.181472842329,1895.5,11.5,204,300.3,2,311.8,0
33.1,6917.900000000001,5383.045708097527,1553.0,11.400000000000034,209,300.4,1,311.8,1
45.1,0.0,6810.365498402977,1442.0,11.400000000000034,0,300.4,1,311.8,0
45.6,136.8,6967.047196013013,1459.0,11.300000000000011,3,300.4,0,311.7,0
13.5,67.5,2679.6999936957536,1895.5,11.400000000000034,5,300.4,2,311.8,0
57.2,572.0,8188.288980218485,1367.0,11.400000000000034,10,300.4,0,311.8,0
19.6,235.20000000000002,3890.527398254576,1895.5,11.5,12,300.3,0,311.8,0
47.5,665.0,6993.708845666478,1406.0,11.399999999999977,14,300.3,0,311.7,0
33.0,528.0,5349.5039705327,1548.0,11.5,16,300.3,0,311.8,0
55.2,993.6,7705.447133312758,1333.0,11.399999999999977,18,300.3,0,311.7,0
26.4,528.0,4885.050912625984,1767.0,11.400000000000034,20,300.2,0,311.6,0
27.0,594.0,5165.720800297697,1827.0,11.400000000000034,22,300.2,0,311.6,0
46.4,1113.6,7448.841845367542,1533.0,11.400000000000034,24,300.2,1,311.6,0
36.8,993.5999999999999,5838.335787431271,1515.0,11.300000000000011,27,300.2,2,311.5,0
41.0,1312.0,6732.223617132687,1568.0,11.199999999999989,32,300.2,0,311.4,0
47.8,1625.1999999999998,7268.137435933057,1452.0,11.199999999999989,34,300.2,0,311.4,0
37.9,1364.3999999999999,5687.403204377305,1433.0,11.199999999999989,36,300.2,0,311.4,0
33.8,1284.3999999999999,5840.220743023425,1650.0,11.199999999999989,38,300.1,1,311.3,0
31.3,1283.3,5339.419458114677,1629.0,11.299999999999955,41,300.1,0,311.4,0
39.2,1685.6000000000001,6239.6218890498085,1520.0,11.300000000000011,43,300.0,0,311.3,0
43.1,1939.5,6287.196073800669,1393.0,11.199999999999989,45,300.0,2,311.2,0
49.6,2480.0,7084.752200767511,1364.0,11.300000000000011,50,299.9,2,311.2,0
50.0,2750.0,7272.786993060371,1389.0,11.400000000000034,55,299.9,1,311.3,0
46.1,2673.8,7077.233322349919,1466.0,11.300000000000011,58,299.8,0,311.1,0
32.4,1944.0,5598.318108697011,1650.0,11.400000000000034,60,299.7,0,311.1,0
36.3,2250.6,5907.262330251031,1554.0,11.399999999999977,62,299.6,0,311.0,0
39.7,2540.8,6127.969686141227,1474.0,11.299999999999955,64,299.6,1,310.9,0
32.4,2170.7999999999997,5428.672105403162,1600.0,11.300000000000011,67,299.5,2,310.8,0
54.9,3952.7999999999997,7795.799338029999,1356.0,11.300000000000011,72,299.5,0,310.8,0
38.2,2826.8,6284.462888192046,1571.0,11.300000000000011,74,299.5,0,310.8,0
28.0,2128.0,4861.509911675085,1658.0,11.299999999999955,76,299.6,0,310.9,0
49.9,3892.2,7279.143482196134,1393.0,11.199999999999989,78,299.6,0,310.8,0
49.8,3984.0,7551.383429580713,1448.0,11.300000000000011,80,299.7,1,311.0,0
40.4,3353.2,6248.711563794193,1477.0,11.199999999999989,83,299.7,0,310.9,0
42.7,3629.5000000000005,6734.1295166758655,1506.0,11.300000000000011,85,299.7,1,311.0,0
32.1,2824.8,5664.134474789717,1685.0,11.199999999999989,88,299.7,1,310.9,0
31.8,2893.8,5105.025230230342,1533.0,11.299999999999955,91,299.6,0,310.9,0
41.0,3813.0,6212.708911984055,1447.0,11.300000000000011,93,299.5,0,310.8,0
39.5,3752.5,6155.008326913123,1488.0,11.199999999999989,95,299.5,1,310.7,0
50.4,4939.2,7531.5285640100265,1427.0,11.199999999999989,98,299.6,1,310.8,0
41.3,4171.299999999999,6158.694462293334,1424.0,11.199999999999989,101,299.5,1,310.7,0
40.9,4253.599999999999,6304.631913028092,1472.0,11.199999999999989,104,299.5,0,310.7,0
45.7,4844.200000000001,6881.826259296634,1438.0,11.199999999999989,106,299.5,0,310.7,0
42.4,4579.2,6691.2572489298755,1507.0,11.199999999999989,108,299.6,0,310.8,0
52.1,5731.0,7600.067643735843,1393.0,11.099999999999966,110,299.6,0,310.7,0
52.4,5868.8,7040.22536089063,1283.0,11.300000000000011,112,299.5,0,310.8,0
30.9,3522.6,5319.721672176668,1644.0,11.199999999999989,114,299.6,0,310.8,0
46.9,5440.4,7357.21205963784,1498.0,11.199999999999989,116,299.6,0,310.8,0
40.8,4814.4,5981.592412434965,1400.0,11.199999999999989,118,299.6,0,310.8,0
31.2,3744.0,5485.723427992352,1679.0,11.299999999999955,120,299.6,2,310.9,0
30.3,3787.5,5133.927882643368,1618.0,11.400000000000034,125,299.7,1,311.1,0
30.2,3865.6,5420.587740307924,1714.0,11.399999999999977,128,299.6,2,311.0,0
35.0,4655.0,5769.011309542057,1574.0,11.399999999999977,133,299.6,0,311.0,0
36.4,4914.0,5999.771761923738,1574.0,11.400000000000034,135,299.7,0,311.1,0
40.9,5603.3,6304.631913028092,1472.0,11.299999999999955,137,299.6,0,310.9,0
33.2,4614.8,5395.831990197637,1552.0,11.399999999999977,139,299.6,0,311.0,0
31.4,4427.4,5270.985098143979,1603.0,11.400000000000034,141,299.7,0,311.1,0
47.1,6735.3,6673.402530681975,1353.0,11.400000000000034,143,299.7,2,311.1,0
30.6,4528.8,5415.477416258085,1690.0,11.400000000000034,148,299.7,0,311.1,0
26.3,3945.0,4805.956081584105,1745.0,11.399999999999977,150,299.8,1,311.2,0
45.7,6992.1,7283.824455249984,1522.0,11.400000000000034,153,299.9,0,311.3,0
34.5,5347.5,5928.656576221978,1641.0,11.399999999999977,155,300.0,2,311.4,0
28.9,4624.0,4830.135873041234,1596.0,11.5,160,299.9,0,311.4,0
37.0,5994.0,5800.322516322834,1497.0,11.5,162,299.9,2,311.4,0
52.3,8734.1,7508.7520172715,1371.0,11.400000000000034,167,299.9,0,311.3,0
41.2,6962.8,6234.385901293826,1445.0,11.400000000000034,169,299.9,1,311.3,0
40.0,6880.0,6551.2678802859145,1564.0,11.399999999999977,172,299.8,0,311.2,0
44.9,7812.599999999999,6766.058570011849,1439.0,11.400000000000034,174,299.7,0,311.1,0
52.1,9169.6,7376.375774824738,1352.0,11.5,176,299.7,0,311.2,0
35.4,6301.2,5783.043756728091,1560.0,11.5,178,299.8,0,311.3,0
42.3,7613.999999999999,7158.307356763557,1616.0,11.5,180,299.7,1,311.2,0
23.7,4337.099999999999,4554.2097902764435,1835.0,11.5,183,299.7,0,311.2,0
32.7,6049.500000000001,5646.73005148883,1649.0,11.400000000000034,185,299.7,1,311.1,0
47.3,8892.4,7192.110893716184,1452.0,11.300000000000011,188,299.8,0,311.1,0
17.7,3363.0,3513.384436178877,1895.5,11.300000000000011,190,299.8,0,311.1,0
41.0,7872.0,6672.114477694003,1554.0,11.400000000000034,192,299.7,0,311.1,0
25.4,4927.599999999999,4859.6040121319065,1827.0,11.300000000000011,194,299.7,0,311.0,0
46.3,9074.8,7020.663710634277,1448.0,11.299999999999955,196,299.6,0,310.9,0
38.8,7682.4,6216.583542923481,1530.0,11.299999999999955,198,299.6,1,310.9,0
21.0,4221.0,4168.422212415617,1895.5,11.300000000000011,201,299.7,0,311.0,0
37.2,7551.6,6310.831322531177,1620.0,11.199999999999989,203,299.7,1,310.9,0
29.8,6138.8,5086.657385182353,1630.0,11.299999999999955,206,299.6,1,310.9,0
65.2,13626.800000000001,8391.277753542434,1229.0,11.299999999999955,209,299.6,0,310.9,1
22.3,4705.3,4373.924259862437,1873.0,11.300000000000011,211,299.5,0,310.8,0
45.7,9734.1,6824.397945589012,1426.0,11.300000000000011,213,299.4,0,310.7,0
53.9,11588.5,7766.687246106733,1376.0,11.400000000000034,215,299.4,0,310.8,1
33.6,7291.200000000001,5707.142878217362,1622.0,11.400000000000034,217,299.4,0,310.8,0
45.7,10008.300000000001,7140.25367098093,1492.0,11.300000000000011,219,299.4,1,310.7,0
48.9,10855.8,7035.973738832771,1374.0,11.399999999999977,222,299.3,1,310.7,0
27.0,6075.0,4911.251795356923,1737.0,11.5,225,299.2,0,310.7,1
42.4,0.0,6331.607721946917,1426.0,11.5,0,299.3,0,310.8,0
25.1,50.2,4799.578648497319,1826.0,11.599999999999966,2,299.3,1,310.9,0
32.4,162.0,5662.783589948674,1669.0,11.599999999999966,5,299.3,0,310.9,0
40.1,280.7,6185.51319157948,1473.0,11.5,7,299.4,1,310.9,0
27.8,278.0,5097.527295763774,1751.0,11.5,10,299.4,0,310.9,0
47.3,567.5999999999999,7162.391427213226,1446.0,11.5,12,299.4,1,310.9,0
43.5,652.5,6755.5237626468115,1483.0,11.5,15,299.3,0,310.8,0
42.6,724.2,6847.729507029671,1535.0,11.5,17,299.2,0,310.7,0
44.0,836.0,6805.527445716449,1477.0,11.5,19,299.2,0,310.7,0
46.9,984.9,6831.696912520852,1391.0,11.5,21,299.3,0,310.8,0
29.4,676.1999999999999,5036.852669647443,1636.0,11.5,23,299.2,2,310.7,0
33.3,932.3999999999999,5841.006141186822,1675.0,11.400000000000034,28,299.2,0,310.6,0
48.9,1467.0,6805.5379176919605,1329.0,11.300000000000011,30,299.2,2,310.5,0
33.5,1172.5,5430.5570609953165,1548.0,11.300000000000011,35,299.2,1,310.5,0
45.8,1740.3999999999999,6671.46521521226,1391.0,11.300000000000011,38,299.2,0,310.5,0
43.1,1724.0,6485.7866174095925,1437.0,11.399999999999977,40,299.1,0,310.5,0
61.9,2599.7999999999997,8880.549393412508,1370.0,11.400000000000034,42,299.2,0,310.6,0
37.1,1632.4,6126.807296859399,1577.0,11.5,44,299.1,0,310.6,0
37.8,1738.8,5878.234014131861,1485.0,11.399999999999977,46,299.1,0,310.5,0
34.3,1646.3999999999999,5402.198951308912,1504.0,11.399999999999977,48,299.0,0,310.4,0
35.2,1760.0000000000002,5717.1959747088495,1551.0,11.400000000000034,50,298.9,1,310.3,0
43.0,2279.0,6430.211843367589,1428.0,11.399999999999977,53,299.1,1,310.5,0
27.9,1562.3999999999999,5127.550449556581,1755.0,11.5,56,299.0,0,310.5,0
54.9,3184.2,7640.573245016127,1329.0,11.399999999999977,58,299.1,0,310.5,0
35.2,2112.0,5514.458528797188,1496.0,11.399999999999977,60,299.1,0,310.5,0
36.6,2269.2000000000003,5871.7623332654675,1532.0,11.399999999999977,62,299.1,0,310.5,0
61.4,3929.6,8930.982427478135,1389.0,11.399999999999977,64,299.1,0,310.5,0
51.4,3392.4,8203.075409641378,1524.0,11.299999999999955,66,299.1,1,310.4,0
49.3,3401.7,7341.336544761699,1422.0,11.299999999999955,69,299.1,1,310.4,0
27.4,1972.8,4989.74972379462,1739.0,11.399999999999977,72,299.1,0,310.5,0
26.9,1990.6,4890.245012479919,1736.0,11.399999999999977,74,299.1,0,310.5,0
48.8,3708.7999999999997,7251.549826722104,1419.0,11.399999999999977,76,299.1,0,310.5,0
49.7,3876.6000000000004,6901.262245846841,1326.0,11.5,78,299.1,0,310.6,0
43.2,3456.0,6555.121567274318,1449.0,11.5,80,299.1,1,310.6,0
39.7,3295.1000000000004,6377.412142836256,1534.0,11.400000000000034,83,299.2,0,310.6,0
50.9,4326.5,7691.529877857354,1443.0,11.400000000000034,85,299.2,1,310.6,0
41.1,3616.8,6447.364939256189,1498.0,11.400000000000034,88,299.2,0,310.6,0
26.0,2340.0,4889.993685067632,1796.0,11.5,90,299.1,0,310.6,0
45.3,4167.599999999999,7205.839653612372,1519.0,11.299999999999955,92,299.1,0,310.4,0
49.6,4662.400000000001,6954.899704419133,1339.0,11.399999999999977,94,299.0,0,310.4,0
41.5,3984.0,6444.9249689619,1483.0,11.399999999999977,96,299.0,0,310.4,0
20.0,1960.0,3969.925916586302,1895.5,11.300000000000011,98,298.9,1,310.2,0
29.7,2999.7,5253.088491994028,1689.0,11.300000000000011,101,299.0,1,310.3,0
54.5,5668.0,7813.193289355375,1369.0,11.299999999999955,104,299.1,2,310.4,0
38.8,4229.2,6143.447265947912,1512.0,11.399999999999977,109,299.0,0,310.4,0
67.19999999999999,7459.199999999999,9169.4293098856,1303.0,11.300000000000011,111,299.0,1,310.3,1
39.9,4548.599999999999,6484.749891833907,1552.0,11.300000000000011,114,299.0,0,310.3,0
28.0,3248.0,5022.778334559361,1713.0,11.399999999999977,116,299.0,0,310.4,0
44.1,5203.8,6724.013588331306,1456.0,11.400000000000034,118,298.9,0,310.3,0
39.8,4776.0,6351.797690733987,1524.0,11.399999999999977,120,299.0,0,310.4,0
45.2,5514.400000000001,6598.2661063836185,1394.0,11.399999999999977,122,299.0,1,310.4,0
21.2,2650.0,4208.121471581479,1895.5,11.399999999999977,125,299.0,0,310.4,0
36.1,4584.7,5916.299645117858,1565.0,11.399999999999977,127,299.0,0,310.4,0
31.0,3999.0,5379.139661231563,1657.0,11.299999999999955,129,299.1,0,310.4,0
37.1,4860.1,6313.292236776488,1625.0,11.399999999999977,131,299.0,1,310.4,0
31.1,4167.400000000001,5230.395721059599,1606.0,11.399999999999977,134,299.0,0,310.4,0
56.8,7724.799999999999,7946.637673304358,1336.0,11.5,136,299.0,2,310.5,0
34.2,4822.200000000001,5683.706597021582,1587.0,11.600000000000023,141,299.0,1,310.6,0
39.7,5716.8,6660.11359375729,1602.0,11.5,144,299.1,0,310.6,0
38.4,5606.4,5915.24197559115,1471.0,11.399999999999977,146,299.1,0,310.5,0
48.0,7104.0,6695.362263330567,1332.0,11.5,148,299.1,2,310.6,0
48.4,7405.2,7268.137435933057,1434.0,11.400000000000034,153,299.2,2,310.6,0
23.9,3776.2,4744.06147032063,1895.5,11.5,158,299.1,0,310.6,0
30.6,4896.0,5460.339359351347,1704.0,11.400000000000034,160,299.2,2,310.6,0
49.5,8167.5,7241.528146157152,1397.0,11.5,165,299.1,1,310.6,0
28.0,4704.0,5251.486279740698,1791.0,11.5,168,299.1,2,310.6,0
24.1,4169.3,4588.170406861749,1818.0,11.5,173,299.1,0,310.6,0
36.3,6352.499999999999,5854.043750699219,1540.0,11.5,175,299.2,0,310.7,0
39.8,7044.599999999999,6260.105073151213,1502.0,11.600000000000023,177,299.2,1,310.8,0
30.4,5472.0,5606.1092584779135,1761.0,11.600000000000023,180,299.2,2,310.8,0
38.4,7104.0,6100.218951034516,1517.0,11.699999999999989,185,299.1,1,310.8,0
51.1,9606.800000000001,7004.693947978531,1309.0,11.599999999999966,188,299.1,0,310.7,0
52.6,9994.0,7507.757179597864,1363.0,11.700000000000045,190,298.9,0,310.6,0
22.2,4262.4,4154.379293254071,1787.0,11.600000000000023,192,299.0,1,310.6,0
29.2,5694.0,5014.819633170267,1640.0,11.600000000000023,195,298.9,0,310.5,0
25.3,4984.1,4556.984863787115,1720.0,11.700000000000045,197,298.9,1,310.6,0
52.8,10560.0,7652.417049320161,1384.0,11.699999999999989,200,298.8,0,310.5,0
55.8,11271.599999999999,7561.310862366057,1294.0,11.699999999999989,202,298.8,2,310.5,0
46.4,9604.8,7113.5710773764395,1464.0,11.699999999999989,207,298.8,0,310.5,0
25.4,5308.599999999999,4795.766849410962,1803.0,11.800000000000011,209,298.8,0,310.6,0
39.1,8250.1,6559.456965136273,1602.0,11.800000000000011,211,298.8,0,310.6,0
38.8,8264.4,6171.889151438411,1519.0,11.700000000000045,213,298.9,2,310.6,0
33.6,7324.8,5763.440218569691,1638.0,11.800000000000011,218,298.9,1,310.7,0
33.0,7293.0,5581.039349102267,1615.0,11.700000000000045,221,298.9,2,310.6,0
33.3,0.0,5757.31411289519,1651.0,11.800000000000011,0,298.8,0,310.6,0
52.7,105.4,7654.480028496019,1387.0,11.700000000000045,2,298.9,0,310.6,0
32.8,131.2,5763.607770177881,1678.0,11.699999999999989,4,298.8,1,310.5,0
38.1,266.7,6323.868932043574,1585.0,11.700000000000045,7,298.9,0,310.6,0
33.8,304.2,5804.825465792979,1640.0,11.800000000000011,9,298.8,1,310.6,0
43.8,525.5999999999999,6448.935735582983,1406.0,11.700000000000045,12,298.9,0,310.6,0
35.8,501.19999999999993,6294.515984683533,1679.0,11.700000000000045,14,298.9,1,310.6,0
26.9,457.29999999999995,4836.722745638261,1717.0,11.600000000000023,17,298.9,0,310.5,0
39.9,758.1,5970.8167496331525,1429.0,11.600000000000023,19,298.9,2,310.5,0
44.4,1065.6,7127.771076170666,1533.0,11.5,24,298.9,1,310.4,0
38.5,1039.5,6148.358622463024,1525.0,11.600000000000023,27,298.9,1,310.5,0
26.3,789.0,4789.431304226224,1739.0,11.5,30,298.9,0,310.4,0
39.0,1248.0,5864.725165721426,1436.0,11.400000000000034,32,298.9,0,310.3,0
33.1,1125.4,5528.627111664878,1595.0,11.399999999999977,34,298.8,1,310.2,0
45.6,1687.2,6852.441896010057,1435.0,11.400000000000034,37,298.7,2,310.1,0
31.8,1335.6000000000001,5451.3544043620805,1637.0,11.300000000000011,42,298.7,0,310.0,0
37.6,1654.4,6134.567030713765,1558.0,11.400000000000034,44,298.7,0,310.1,0
34.1,1568.6000000000001,5870.631359910174,1644.0,11.400000000000034,46,298.7,1,310.1,0
31.1,1523.9,5344.3831745073485,1641.0,11.400000000000034,49,298.7,0,310.1,0
41.0,2091.0,6457.4389796987,1504.0,11.399999999999977,51,298.8,0,310.2,0
50.7,2687.1000000000004,7995.793126357526,1506.0,11.400000000000034,53,298.7,1,310.1,0
44.0,2464.0,6358.583530865741,1380.0,11.300000000000011,56,298.8,2,310.1,0
42.5,2592.5,6893.963278915002,1549.0,11.400000000000034,61,298.7,1,310.1,0
67.19999999999999,4300.799999999999,9866.10889674567,1402.0,11.400000000000034,64,298.7,1,310.1,1
45.3,3035.1,6646.070674595742,1401.0,11.400000000000034,67,298.7,0,310.1,0
40.2,2773.8,6142.002133327261,1459.0,11.300000000000011,69,298.7,1,310.0,0
39.7,2858.4,6090.553317636973,1465.0,11.199999999999989,72,298.7,0,309.9,0
52.7,3899.8,7146.75676777386,1295.0,11.199999999999989,74,298.8,1,310.0,0
38.5,2964.5,6164.485464751451,1529.0,11.199999999999989,77,298.8,1,310.0,0
44.9,3592.0,6977.644835231121,1484.0,11.199999999999989,80,298.8,1,310.0,0
30.6,2539.8,5572.494217084503,1739.0,11.099999999999966,83,298.8,0,309.9,0
40.7,3459.5000000000005,6060.6977154523565,1422.0,11.100000000000023,85,298.7,2,309.8,0
40.0,3600.0,6128.20006960249,1463.0,11.0,90,298.8,0,309.8,0
30.4,2796.7999999999997,5306.862086247974,1667.0,11.0,92,298.7,0,309.7,0
39.3,3694.2,6440.7361787571135,1565.0,11.0,94,298.7,2,309.7,0
45.7,4524.3,6666.470082893054,1393.0,11.0,99,298.7,0,309.7,0
47.7,4817.700000000001,7257.927259808892,1453.0,10.899999999999977,101,298.8,1,309.7,0
50.0,5200.0,7550.294344127469,1442.0,10.800000000000011,104,298.8,0,309.6,0
44.9,4759.4,6413.4147946463945,1364.0,10.900000000000034,106,298.7,0,309.6,0
40.4,4363.2,6147.175289230172,1453.0,10.800000000000011,108,298.7,2,309.5,0
46.0,5198.0,6715.049577293063,1394.0,10.800000000000011,113,298.7,1,309.5,0
38.8,4500.799999999999,6094.6897479641975,1500.0,10.800000000000011,116,298.7,1,309.5,0
34.2,4069.8,5454.495997015671,1523.0,10.899999999999977,119,298.6,2,309.5,0
57.1,7080.400000000001,7498.290513735047,1254.0,10.900000000000034,124,298.7,1,309.6,0
52.2,6629.400000000001,7242.941862851268,1325.0,10.899999999999977,127,298.6,0,309.5,0
49.6,6398.400000000001,7396.398192003618,1424.0,10.899999999999977,129,298.8,0,309.7,0
39.0,5109.0,6146.52602674843,1505.0,10.899999999999977,131,298.8,0,309.7,0
48.7,6477.1,7098.994087463784,1392.0,10.899999999999977,133,298.8,1,309.7,0
44.0,5984.0,7045.1262454302305,1529.0,10.899999999999977,136,298.8,0,309.7,0
48.5,6693.0,7501.547298119268,1477.0,10.899999999999977,138,298.8,1,309.7,0
47.3,6669.299999999999,7226.783604636304,1459.0,10.899999999999977,141,298.8,1,309.7,0
15.9,2289.6,3156.09110368611,1895.5,10.800000000000011,144,299.0,1,309.8,0
48.8,7173.599999999999,7404.859548217285,1449.0,10.800000000000011,147,298.9,0,309.7,0
35.3,5259.7,5873.909088245419,1589.0,10.899999999999977,149,298.8,1,309.7,0
28.5,4332.0,5193.052656383928,1740.0,10.899999999999977,152,298.8,0,309.7,0
40.3,6206.2,6326.08899085211,1499.0,10.899999999999977,154,298.8,1,309.7,0
38.1,5981.7,5904.937551687375,1480.0,10.899999999999977,157,298.8,1,309.7,0
29.6,4736.0,5427.583019949919,1751.0,10.899999999999977,160,298.8,0,309.7,0
40.6,6577.2,6419.949307365861,1510.0,11.0,162,298.7,0,309.7,0
48.2,7904.8,7253.246286755043,1437.0,11.0,164,298.8,2,309.8,0
40.4,6827.599999999999,6807.161073896315,1609.0,10.899999999999977,169,298.8,0,309.7,0
35.9,6138.9,5601.564421105721,1490.0,11.0,171,298.8,2,309.8,0
35.7,6283.200000000001,5985.330907692738,1601.0,11.0,176,298.7,0,309.7,0
31.1,5535.8,5422.5459997286625,1665.0,10.900000000000034,178,298.7,0,309.6,0
42.7,7686.000000000001,6492.666705320954,1452.0,10.900000000000034,180,298.7,1,309.6,0
33.6,6148.8,5232.1340689945855,1487.0,10.800000000000011,183,298.7,1,309.5,0
48.1,8946.6,6961.161945775287,1382.0,10.900000000000034,186,298.7,1,309.6,0
26.2,4951.8,4625.806686851754,1686.0,10.900000000000034,189,298.7,1,309.6,0
36.9,7084.799999999999,5761.46101519793,1491.0,11.0,192,298.6,0,309.6,0
55.6,10786.4,8395.927310669746,1442.0,10.900000000000034,194,298.7,0,309.6,0
50.3,9858.8,7321.691118701252,1390.0,11.0,196,298.6,0,309.6,0
46.7,9246.6,7345.399671260344,1502.0,10.900000000000034,198,298.7,0,309.6,0
59.4,11880.0,8360.155042320868,1344.0,11.0,200,298.6,1,309.6,0
46.3,9398.9,6715.206656925741,1385.0,11.0,203,298.5,0,309.5,1
37.4,0.0,6058.85464776225,1547.0,11.0,0,298.7,0,309.7,0
42.4,84.8,6771.1793660372,1525.0,11.0,2,298.6,1,309.6,0
35.8,179.0,5773.409539257082,1540.0,11.0,5,298.6,0,309.6,0
44.3,310.09999999999997,6726.673470111345,1450.0,10.899999999999977,7,298.6,0,309.5,0
62.5,562.5,8855.364292306229,1353.0,11.0,9,298.6,0,309.6,0
45.0,495.0,7454.999366968579,1582.0,10.899999999999977,11,298.8,0,309.7,0
49.0,637.0,7163.250129205207,1396.0,10.900000000000034,13,298.9,0,309.8,0
36.6,549.0,5944.584450975679,1551.0,11.0,15,298.8,1,309.8,0
22.8,410.40000000000003,4383.652725113054,1836.0,10.900000000000034,18,298.9,1,309.8,0
49.9,1047.8999999999999,7263.466934854721,1390.0,10.900000000000034,21,298.9,0,309.8,0
42.1,968.3000000000001,6762.948393284795,1534.0,10.900000000000034,23,298.9,0,309.8,0
20.6,515.0,4089.023694083891,1895.5,10.899999999999977,25,298.8,0,309.7,0
33.6,907.2,5749.365883481609,1634.0,11.0,27,298.8,0,309.8,0
21.7,629.3,4274.419548547736,1881.0,11.0,29,298.7,0,309.7,0
44.8,1388.8,6793.212402514377,1448.0,10.899999999999977,31,298.8,1,309.7,0
50.5,1717.0,7202.729476885318,1362.0,11.0,34,298.7,1,309.7,0
63.4,2345.7999999999997,8133.059781368375,1225.0,10.899999999999977,37,298.8,0,309.7,0
48.2,1879.8000000000002,6985.72920032636,1384.0,10.800000000000011,39,298.8,1,309.6,0
49.3,2070.6,6887.020359150568,1334.0,11.0,42,298.8,0,309.8,0
50.3,2213.2,7037.2513198452325,1336.0,10.899999999999977,44,298.8,0,309.7,0
61.6,2833.6,8585.930834358856,1331.0,11.099999999999966,46,298.8,1,309.9,0
31.9,1563.1,5441.772546768631,1629.0,11.099999999999966,49,298.8,0,309.9,0
25.7,1310.7,4779.744726877654,1776.0,11.100000000000023,51,298.9,0,310.0,0
38.3,2029.8999999999999,6136.472930256942,1530.0,11.199999999999989,53,298.8,2,310.0,0
27.3,1583.4,4914.361972083978,1719.0,11.100000000000023,58,298.9,0,310.0,0
35.2,2112.0,5510.772393416976,1495.0,11.099999999999966,60,298.8,1,309.9,0
43.1,2715.3,6544.4610962031375,1450.0,10.899999999999977,63,298.8,0,309.7,0
38.8,2522.0,6350.666717378694,1563.0,11.0,65,298.8,2,309.8,0
37.1,2597.0,5831.539475324005,1501.0,11.0,70,298.9,1,309.9,0
47.2,3445.6000000000004,6677.685568666368,1351.0,11.099999999999966,73,298.8,0,309.9,0
46.5,3487.5,6646.824656832605,1365.0,11.0,75,298.9,0,309.9,0
39.7,3056.9,6339.995774332002,1525.0,11.099999999999966,77,298.8,0,309.9,0
61.9,4890.099999999999,8349.012860376139,1288.0,11.0,79,298.8,1,309.8,0
42.7,3501.4,6362.992232556279,1423.0,11.0,82,298.6,0,309.6,0
39.4,3309.6,6197.189444275321,1502.0,11.100000000000023,84,298.5,1,309.6,0
43.5,3784.5,6504.981748523025,1428.0,11.0,87,298.5,0,309.5,0
38.1,3390.9,6248.062301312452,1566.0,10.899999999999977,89,298.6,1,309.5,0
44.8,4121.599999999999,6957.412978542003,1483.0,11.0,92,298.5,1,309.5,0
33.3,3163.4999999999995,5555.058377857079,1593.0,11.0,95,298.6,2,309.6,0
26.4,2640.0,4766.173046614146,1724.0,11.100000000000023,100,298.5,0,309.6,0
12.800000000000011,1305.6000000000013,2540.7525866152355,1895.5,11.199999999999989,102,298.5,0,309.7,1
59.4,6177.599999999999,8049.13736961548,1294.0,11.099999999999966,104,298.6,0,309.7,0
40.7,4314.200000000001,6533.790153156444,1533.0,11.0,106,298.6,0,309.6,0
31.8,3434.4,5564.577403597457,1671.0,10.899999999999977,108,298.5,2,309.4,0
52.4,5921.2,7517.621780530135,1370.0,11.0,113,298.5,0,309.5,0
45.1,5186.5,6904.82271752091,1462.0,11.100000000000023,115,298.5,0,309.6,0
36.6,4282.2,5921.587992751401,1545.0,11.100000000000023,117,298.4,0,309.5,0
41.7,4962.3,6480.351662118882,1484.0,11.100000000000023,119,298.4,1,309.5,0
45.3,5526.599999999999,6375.6737949012695,1344.0,11.100000000000023,122,298.4,1,309.5,0
50.1,6262.5,7119.445855638653,1357.0,11.100000000000023,125,298.4,0,309.5,0
33.0,4191.0,5432.44201658747,1572.0,11.100000000000023,127,298.5,1,309.6,0
26.9,3497.0,5242.365189069775,1861.0,11.100000000000023,130,298.5,0,309.6,0
44.5,5874.0,7213.725051172883,1548.0,11.0,132,298.5,0,309.5,0
37.7,5051.8,5906.110412944716,1496.0,11.199999999999989,134,298.6,0,309.8,0
49.7,6759.200000000001,6838.807383893477,1314.0,11.099999999999966,136,298.6,1,309.7,0
49.7,6908.3,7400.901141473763,1422.0,11.099999999999966,139,298.6,1,309.7,0
20.1,2854.2000000000003,3877.1651575013075,1842.0,11.199999999999989,142,298.6,0,309.8,0
53.0,7632.0,7958.910828604381,1434.0,11.199999999999989,144,298.7,1,309.9,0
31.3,4601.1,5195.199411363881,1585.0,11.300000000000011,147,298.8,1,310.1,0
30.7,4605.0,5478.183605623737,1704.0,11.300000000000011,150,298.8,2,310.1,0
23.2,3596.0,4605.11406324011,1895.5,11.300000000000011,155,298.9,0,310.2,0
39.9,6264.3,5979.173386091702,1431.0,11.300000000000011,157,299.0,0,310.3,0
37.7,5994.3,6103.507151345274,1546.0,11.5,159,298.9,0,310.4,0
36.3,5844.299999999999,5686.785357822099,1496.0,11.400000000000034,161,298.9,0,310.3,0
63.0,10269.0,8200.499303665436,1243.0,11.400000000000034,163,298.9,2,310.3,0
46.2,7761.6,7024.852500839065,1452.0,11.399999999999977,168,299.0,0,310.4,0
44.7,7599.000000000001,6459.742814311333,1380.0,11.5,170,299.1,0,310.6,0
38.4,6604.8,6301.280880864263,1567.0,11.400000000000034,172,299.2,0,310.6,0
35.9,6246.599999999999,6120.367031919539,1628.0,11.399999999999977,174,299.1,0,310.5,0
46.1,8113.6,7265.508970079554,1505.0,11.299999999999955,176,299.1,0,310.4,0
28.0,4984.0,5357.043792901315,1827.0,11.300000000000011,178,299.0,1,310.3,0
40.0,7240.0,6605.722152948138,1577.0,11.300000000000011,181,299.0,0,310.3,0
57.2,10467.6,7810.920870669279,1304.0,11.300000000000011,183,298.9,0,310.2,0
54.6,10101.0,7570.2329855022535,1324.0,11.200000000000045,185,298.9,2,310.1,0
39.9,7581.0,6422.0751183947905,1537.0,11.199999999999989,190,298.8,0,310.0,0
48.7,9350.400000000001,7654.877963565473,1501.0,11.300000000000011,192,298.8,1,310.1,0
29.1,5674.5,5040.308421566392,1654.0,11.199999999999989,195,298.7,1,309.9,0
38.1,7543.8,6060.540635819678,1519.0,11.300000000000011,198,298.7,1,310.0,0
51.3,10311.3,7365.181233002447,1371.0,11.199999999999989,201,298.7,0,309.9,0
65.9,13377.7,8150.118629477369,1181.0,11.100000000000023,203,298.7,0,309.8,1
42.8,8774.0,6584.066107589392,1469.0,11.199999999999989,205,298.6,0,309.8,0
34.6,7162.200000000001,5931.347873928554,1637.0,11.199999999999989,207,298.6,0,309.8,0
56.0,0.0,8034.099612780297,1370.0,11.199999999999989,0,298.6,0,309.8,0
30.6,61.2,5223.21194585839,1630.0,11.299999999999955,2,298.6,0,309.9,0
39.0,156.0,6195.534872144431,1517.0,11.399999999999977,4,298.6,0,310.0,0
32.3,193.79999999999998,5641.923414728837,1668.0,11.299999999999955,6,298.6,1,309.9,0
24.9,224.1,4740.474818707782,1818.0,11.299999999999955,9,298.6,1,309.9,0
36.9,442.79999999999995,5954.6689633937,1541.0,11.399999999999977,12,298.6,1,310.0,0
42.1,631.5,6533.695905376837,1482.0,11.399999999999977,15,298.5,0,309.9,0
49.9,848.3,7519.5172080978,1439.0,11.5,17,298.6,0,310.1,0
41.2,782.8000000000001,6437.165235107534,1492.0,11.5,19,298.5,0,310.0,0
27.8,583.8000000000001,5021.835856763284,1725.0,11.5,21,298.4,0,309.9,0
44.2,1016.6,7216.007941834491,1559.0,11.600000000000023,23,298.4,0,310.0,0
42.5,1062.5,6386.59606536025,1435.0,11.5,25,298.5,0,310.0,0
37.5,1012.5,5937.610115284709,1512.0,11.399999999999977,27,298.6,1,310.0,0
37.1,1113.0,6076.3009589651865,1564.0,11.299999999999955,30,298.6,0,309.9,0
40.3,1289.6,6423.153731872523,1522.0,11.399999999999977,32,298.6,0,310.0,0
59.5,2023.0,8448.99928256439,1356.0,11.299999999999955,34,298.6,0,309.9,0
38.6,1389.6000000000001,6289.6360440949575,1556.0,11.299999999999955,36,298.6,0,309.9,0
45.5,1729.0,6637.295159116716,1393.0,11.299999999999955,38,298.6,0,309.9,0
26.8,1072.0,4919.775983423664,1753.0,11.199999999999989,40,298.7,0,309.9,0
29.5,1239.0,5100.323313225469,1651.0,11.199999999999989,42,298.7,0,309.9,0
54.7,2406.8,7859.0500701222745,1372.0,11.199999999999989,44,298.7,0,309.9,0
43.3,1991.8,6556.692363601112,1446.0,11.199999999999989,46,298.7,0,309.9,0
44.7,2145.6000000000004,7026.140553827036,1501.0,11.100000000000023,48,298.7,1,309.8,0
45.1,2300.1,6663.956808770181,1411.0,11.199999999999989,51,298.7,1,309.9,0
27.5,1485.0,4815.014340401956,1672.0,11.099999999999966,54,298.6,2,309.7,0
40.5,2389.5,6255.696371460675,1475.0,11.100000000000023,59,298.7,1,309.8,0
38.4,2380.7999999999997,5907.199498397959,1469.0,11.100000000000023,62,298.7,0,309.8,0
28.3,1811.2,5049.921695086377,1704.0,11.199999999999989,64,298.6,0,309.8,0
39.1,2580.6,5990.315568036433,1463.0,11.099999999999966,66,298.6,2,309.7,0
64.1,4551.099999999999,8592.046468057844,1280.0,11.099999999999966,71,298.6,1,309.7,0
38.0,2812.0,5825.769416816912,1464.0,11.199999999999989,74,298.7,0,309.9,0
46.4,3526.4,6472.183521219547,1332.0,11.199999999999989,76,298.6,0,309.8,0
37.8,2948.3999999999996,6468.036618916809,1634.0,11.199999999999989,78,298.5,0,309.7,0
43.1,3448.0,6454.19266728999,1430.0,11.199999999999989,80,298.6,1,309.8,0
44.6,3701.8,7113.173142306986,1523.0,11.199999999999989,83,298.5,1,309.7,0
37.7,3242.2000000000003,6146.934433793397,1557.0,11.199999999999989,86,298.5,1,309.7,0
32.2,2865.8,5344.582142042076,1585.0,11.100000000000023,89,298.5,0,309.6,0
33.5,3048.5,5539.308526687083,1579.0,11.100000000000023,91,298.5,2,309.6,0
60.8,5836.799999999999,8620.865344666774,1354.0,11.199999999999989,96,298.5,1,309.7,0
33.4,3306.6,5690.659988761527,1627.0,11.099999999999966,99,298.6,0,309.7,0
35.6,3595.6000000000004,5506.290387897854,1477.0,11.200000000000045,101,298.4,0,309.6,0
29.0,2987.0,4843.8122730598625,1595.0,11.099999999999966,103,298.3,1,309.4,0
38.1,4038.6000000000004,6064.530458489737,1520.0,11.100000000000023,106,298.4,0,309.5,0
31.5,3402.0,5337.2517591836995,1618.0,11.099999999999966,108,298.3,0,309.4,0
50.3,5533.0,7358.562944478883,1397.0,11.100000000000023,110,298.4,0,309.5,0
47.9,5364.8,7273.310591835969,1450.0,11.100000000000023,112,298.4,0,309.5,0
40.2,4582.8,6318.810967871294,1501.0,11.0,114,298.5,1,309.5,0
50.1,5861.7,7303.071946240976,1392.0,11.0,117,298.4,0,309.4,0
43.2,5140.8,6265.592388319484,1385.0,11.0,119,298.4,0,309.4,0
46.3,5602.299999999999,7083.694531240802,1461.0,11.0,121,298.4,0,309.4,0
58.7,7220.1,8384.575689214775,1364.0,11.100000000000023,123,298.5,1,309.6,0
38.6,4863.6,6382.606242690191,1579.0,11.0,126,298.5,0,309.5,0
38.8,4966.4,6151.573518945197,1514.0,11.100000000000023,128,298.4,1,309.5,0
36.9,4833.9,6028.087983708095,1560.0,11.199999999999989,131,298.3,1,309.5,0
36.7,4917.8,5926.237549878714,1542.0,11.199999999999989,134,298.3,0,309.5,0
27.1,3685.6000000000004,4733.626146722957,1668.0,11.099999999999966,136,298.3,0,309.4,0
22.6,3118.8,4297.866301719029,1816.0,11.099999999999966,138,298.3,1,309.4,0
34.2,4822.200000000001,5404.356178264377,1509.0,11.099999999999966,141,298.3,1,309.4,0
37.8,5443.2,5854.483573670723,1479.0,11.200000000000045,144,298.4,0,309.6,0
30.2,4409.2,5233.998080635714,1655.0,11.200000000000045,146,298.4,0,309.6,0
30.3,4484.400000000001,5429.017680595058,1711.0,11.199999999999989,148,298.3,0,309.5,0
34.6,5190.0,5728.442876408701,1581.0,11.300000000000011,150,298.4,0,309.7,0
55.9,8496.8,7487.054084010706,1279.0,11.199999999999989,152,298.6,2,309.8,0
40.9,6421.3,6287.499761090516,1468.0,11.300000000000011,157,298.5,0,309.8,0
41.3,6566.7,6137.069832861124,1419.0,11.300000000000011,159,298.4,0,309.7,0
38.6,6214.6,6184.539297856866,1530.0,11.300000000000011,161,298.4,0,309.7,0
27.3,4449.900000000001,4888.632328251077,1710.0,11.200000000000045,163,298.4,0,309.6,1
39.8,6566.999999999999,6326.790613211411,1518.0,11.300000000000011,165,298.4,0,309.7,0
33.3,5561.099999999999,5854.954812568761,1679.0,11.300000000000011,167,298.4,1,309.7,0
22.5,3825.0,4406.083696659684,1870.0,11.300000000000011,170,298.4,1,309.7,0
44.3,7663.9,6884.402365272576,1484.0,11.399999999999977,173,298.3,0,309.7,0
44.2,7735.000000000001,6743.889397853018,1457.0,11.300000000000011,175,298.4,0,309.7,0
36.2,6407.400000000001,5860.662039222783,1546.0,11.300000000000011,177,298.3,2,309.6,0
36.5,6643.0,5649.316629440285,1478.0,11.300000000000011,182,298.2,1,309.5,0
47.1,8713.5,7137.038774498756,1447.0,11.199999999999989,185,298.2,0,309.4,0
45.4,8489.8,6860.421541350174,1443.0,11.199999999999989,187,298.2,0,309.4,0
30.9,5840.099999999999,4941.128341492562,1527.0,11.300000000000011,189,298.3,0,309.6,0
54.8,10466.8,8430.065950838754,1469.0,11.300000000000011,191,298.3,1,309.6,0
27.1,5257.400000000001,4770.518916451613,1681.0,11.300000000000011,194,298.3,1,309.6,0
44.1,8687.7,6557.760505103334,1420.0,11.300000000000011,197,298.3,0,309.6,0
49.9,9930.1,8062.970849266787,1543.0,11.199999999999989,199,298.3,1,309.5,0
50.4,10180.8,7262.356905450452,1376.0,11.100000000000023,202,298.4,0,309.5,0
29.8,0.0,5089.77803388492,1631.0,11.099999999999966,0,298.3,2,309.4,0
41.7,208.5,6676.858282600923,1529.0,11.0,5,298.3,2,309.3,0
46.2,462.0,7102.261343823518,1468.0,11.099999999999966,10,298.3,0,309.4,0
52.3,627.5999999999999,7547.0899196208065,1378.0,11.099999999999966,12,298.3,0,309.4,0
51.9,726.6,7614.3723622851885,1401.0,11.0,14,298.3,0,309.3,0
37.4,598.4,5996.190346298647,1531.0,10.900000000000034,16,298.4,0,309.3,0
35.8,644.4,5668.438456725135,1512.0,10.900000000000034,18,298.4,0,309.3,0
47.4,948.0,7554.7763496465905,1522.0,10.899999999999977,20,298.5,1,309.4,0
31.8,731.4,5378.092463680367,1615.0,10.800000000000011,23,298.5,1,309.3,0
46.5,1209.0,7055.860020329996,1449.0,10.699999999999989,26,298.6,0,309.3,0
55.5,1554.0,7642.7095280205685,1315.0,10.799999999999955,28,298.6,0,309.4,0
41.1,1233.0,6305.333535387394,1465.0,10.799999999999955,30,298.6,1,309.4,0
43.3,1428.8999999999999,6366.2490169405,1404.0,10.899999999999977,33,298.6,1,309.5,0
44.8,1612.8,7257.665460421091,1547.0,10.899999999999977,36,298.6,0,309.5,0
45.4,1725.2,6779.598834348822,1426.0,10.899999999999977,38,298.6,1,309.5,0
30.2,1238.2,5471.188325981744,1730.0,10.899999999999977,41,298.6,0,309.5,0
37.7,1621.1000000000001,6111.4030208812965,1548.0,10.899999999999977,43,298.5,0,309.4,0
40.2,1809.0000000000002,6386.16671436426,1517.0,10.899999999999977,45,298.5,0,309.4,0
29.3,1377.1000000000001,5176.203247785174,1687.0,10.899999999999977,47,298.6,0,309.5,0
25.2,1234.8,4586.473946828811,1738.0,11.0,49,298.5,0,309.5,0
35.3,1800.3,5589.270321854672,1512.0,11.0,51,298.4,2,309.4,0
48.7,2727.2000000000003,6961.298081456943,1365.0,10.899999999999977,56,298.5,1,309.4,0
21.0,1239.0,4168.422212415617,1895.5,10.899999999999977,59,298.5,2,309.4,0
27.6,1766.4,5219.8190257925135,1806.0,10.900000000000034,64,298.4,0,309.3,0
28.4,1874.3999999999999,5103.4544339035465,1716.0,10.900000000000034,66,298.4,0,309.3,0
24.3,1652.4,4239.453622313283,1666.0,11.0,68,298.4,1,309.4,0
36.3,2577.2999999999997,5998.494180911278,1578.0,10.899999999999977,71,298.5,0,309.4,0
37.2,2715.6000000000004,6069.3056793231935,1558.0,11.0,73,298.3,0,309.3,0
45.5,3412.5,6937.47433716722,1456.0,10.899999999999977,75,298.3,0,309.2,0
49.0,3773.0,7476.25747725787,1457.0,10.900000000000034,77,298.2,1,309.1,0
44.5,3560.0,6836.262693844069,1467.0,10.900000000000034,80,298.2,0,309.1,0
38.2,3132.4,6644.489406293436,1661.0,10.899999999999977,82,298.1,1,309.0,0
33.9,2881.5,5651.599520101893,1592.0,10.899999999999977,85,298.1,0,309.0,0
37.2,3236.4,6217.337525160345,1596.0,10.800000000000011,87,298.2,0,309.0,0
40.6,3613.4,6330.6652441508395,1489.0,10.800000000000011,89,298.2,0,309.0,0
48.3,4395.3,7440.265297423243,1471.0,10.699999999999989,91,298.3,0,309.0,0
41.3,3840.8999999999996,6509.013459095131,1505.0,10.699999999999989,93,298.3,1,309.0,0
40.0,3840.0,6362.772321070527,1519.0,10.699999999999989,96,298.3,0,309.0,0
45.4,4449.2,6694.021850465035,1408.0,10.699999999999989,98,298.3,0,309.0,0
44.4,4440.0,6193.210093580774,1332.0,10.699999999999989,100,298.2,0,308.9,0
52.4,5344.8,7413.362792333001,1351.0,10.799999999999955,102,298.1,0,308.9,0
36.7,3816.8,5764.822519337271,1500.0,10.899999999999977,104,298.0,0,308.9,0
30.7,3254.2,5188.8429222281175,1614.0,10.699999999999989,106,298.0,1,308.7,0
36.5,3978.5,5691.3616111208285,1489.0,10.800000000000011,109,298.0,0,308.8,0
26.6,2952.6000000000004,4877.490146306346,1751.0,10.800000000000011,111,297.9,1,308.7,0
45.8,5221.2,7247.004989349911,1511.0,10.699999999999989,114,298.0,0,308.7,0
29.6,3433.6000000000004,5241.600734857403,1691.0,10.700000000000045,116,297.9,0,308.6,0
27.5,3245.0,5059.79676799416,1757.0,10.700000000000045,118,297.9,0,308.6,0
35.9,4308.0,5808.333577589488,1545.0,10.800000000000011,120,297.9,2,308.7,0
15.7,1962.5,3116.3918445202467,1895.5,10.700000000000045,125,297.9,0,308.6,0
35.2,4470.400000000001,5746.685057750546,1559.0,10.800000000000011,127,297.7,1,308.5,0
32.4,4212.0,5516.888027115963,1626.0,10.799999999999955,130,297.6,0,308.4,0
53.9,7114.8,8037.6181965523165,1424.0,10.699999999999989,132,297.6,0,308.3,0
29.1,3899.4,5022.0243523225,1648.0,10.699999999999989,134,297.6,1,308.3,0
39.5,5411.5,6299.783388366052,1523.0,10.699999999999989,137,297.6,0,308.3,0
43.2,6004.8,6794.8879185962915,1502.0,10.699999999999989,139,297.6,0,308.3,0
40.7,5738.700000000001,6346.258015688158,1489.0,10.699999999999989,141,297.5,0,308.2,0
31.2,4461.599999999999,5292.955302768083,1620.0,10.700000000000045,143,297.4,1,308.1,0
30.6,4467.6,5226.416370365052,1631.0,10.600000000000023,146,297.5,0,308.1,0
45.8,6778.4,6853.719477022516,1429.0,10.5,148,297.5,1,308.0,0
67.19999999999999,10147.199999999999,9387.581503750875,1334.0,10.600000000000023,151,297.5,1,308.1,1
38.0,5852.0,5662.616038340482,1423.0,10.600000000000023,154,297.4,0,308.0,0
47.7,7441.200000000001,6943.233923698802,1390.0,10.5,156,297.4,0,307.9,0
48.5,7663.0,6795.5790689800815,1338.0,10.5,158,297.4,1,307.9,0
37.5,6037.5,5737.33358361836,1461.0,10.599999999999966,161,297.3,2,307.9,0
34.3,5693.799999999999,5844.001126183245,1627.0,10.5,166,297.4,1,307.9,0
44.4,7503.599999999999,6439.636621328357,1385.0,10.5,169,297.3,0,307.8,0
48.0,8208.0,7730.8312019537625,1538.0,10.5,171,297.3,1,307.8,0
35.5,6177.0,5788.227384606514,1557.0,10.5,174,297.4,0,307.9,0
33.4,5878.4,5617.209552520597,1606.0,10.5,176,297.4,0,307.9,0
44.5,7921.0,6663.841617039549,1430.0,10.5,178,297.5,1,308.0,0
34.6,6262.6,5800.908946951506,1601.0,10.600000000000023,181,297.4,1,308.0,0
51.9,9549.6,7369.799374203223,1356.0,10.600000000000023,184,297.4,0,308.0,0
30.9,5747.4,5255.004863512719,1624.0,10.699999999999989,186,297.5,1,308.2,0
56.5,10678.5,7851.4159999740505,1327.0,10.699999999999989,189,297.5,0,308.2,0
47.0,8977.0,6939.7781717798525,1410.0,10.699999999999989,191,297.6,0,308.3,0
42.3,8163.9,6547.016258228056,1478.0,10.699999999999989,193,297.6,0,308.3,0
40.3,7858.499999999999,6161.500951730541,1460.0,10.799999999999955,195,297.6,0,308.4,0
40.3,7939.099999999999,6055.995798447483,1435.0,10.800000000000011,197,297.5,0,308.3,0
46.9,9333.1,6674.5335040372665,1359.0,10.800000000000011,199,297.4,2,308.2,0
31.7,6466.8,5739.616474279967,1729.0,10.700000000000045,204,297.4,0,308.1,0
49.1,10114.6,7116.168127303408,1384.0,10.699999999999989,206,297.3,2,308.0,0
52.1,10993.1,7076.301316529353,1297.0,10.800000000000011,211,297.4,0,308.2,0
33.3,7092.9,5694.545091676466,1633.0,10.899999999999977,213,297.5,0,308.4,0
37.2,7998.000000000001,5862.840210129272,1505.0,10.899999999999977,215,297.5,1,308.4,0
50.0,10900.0,7503.170454323622,1433.0,10.899999999999977,218,297.5,0,308.4,0
50.6,11132.0,7254.084044796001,1369.0,11.0,220,297.4,0,308.4,1
40.5,8991.0,6255.696371460675,1475.0,10.900000000000034,222,297.4,0,308.3,1
38.3,0.0,6260.806695510514,1561.0,10.900000000000034,0,297.4,0,308.3,0
45.5,91.0,7013.710318894333,1472.0,10.900000000000034,2,297.4,0,308.3,0
44.5,178.0,6715.1019371706225,1441.0,10.899999999999977,4,297.5,0,308.4,0
50.5,303.0,7408.975034593488,1401.0,11.0,6,297.5,1,308.5,0
33.1,297.90000000000003,5861.384605533109,1691.0,11.0,9,297.5,0,308.5,0
47.1,518.1,6816.439244199918,1382.0,11.0,11,297.6,0,308.6,0
46.4,603.1999999999999,6583.940443883249,1355.0,11.0,13,297.6,0,308.6,0
45.3,679.5,7253.2777026815775,1529.0,11.0,15,297.6,0,308.6,0
24.9,423.29999999999995,4769.157559635057,1829.0,11.0,17,297.7,0,308.7,0
39.8,756.1999999999999,6168.412455568438,1480.0,11.0,19,297.6,2,308.6,0
42.4,1017.5999999999999,6549.173485183522,1475.0,10.899999999999977,24,297.6,0,308.5,0
52.6,1367.6000000000001,7882.318799709863,1431.0,10.899999999999977,26,297.6,1,308.5,0
42.3,1226.6999999999998,6365.40078692403,1437.0,10.800000000000011,29,297.5,0,308.3,0
45.6,1413.6000000000001,7048.2259501817725,1476.0,10.800000000000011,31,297.5,1,308.3,0
39.7,1349.8000000000002,6194.487674593235,1490.0,10.899999999999977,34,297.5,2,308.4,0
33.5,1306.5,5725.238451902039,1632.0,10.900000000000034,39,297.4,0,308.3,0
49.7,2037.7,7296.809704884821,1402.0,10.800000000000011,41,297.4,0,308.2,0
45.8,1969.3999999999999,6460.433964695122,1347.0,10.900000000000034,43,297.4,0,308.3,0
31.0,1395.0,5671.3077780154135,1747.0,10.899999999999977,45,297.5,0,308.4,0
39.1,1837.7,6375.202556003232,1557.0,11.0,47,297.5,2,308.5,0
57.4,2984.7999999999997,8240.963017043672,1371.0,11.0,52,297.4,0,308.4,0
37.0,1998.0,5835.194194777681,1506.0,11.0,54,297.3,2,308.3,0
35.5,2094.5,5910.906577729195,1590.0,11.0,59,297.3,0,308.3,0
53.7,3275.7000000000003,7512.930335500774,1336.0,10.900000000000034,61,297.4,0,308.3,0
43.2,2721.6000000000004,6383.213617269886,1411.0,11.0,63,297.3,0,308.3,0
27.3,1774.5,4871.479232362477,1704.0,10.900000000000034,65,297.4,0,308.3,0
27.3,1829.1000000000001,4925.797369343044,1723.0,10.899999999999977,67,297.5,0,308.4,0
39.7,2739.3,6065.609071967469,1459.0,11.0,69,297.5,0,308.5,0
35.9,2548.9,5909.838436226974,1572.0,10.899999999999977,71,297.6,0,308.5,0
56.0,4088.0,8116.19990079411,1384.0,10.899999999999977,73,297.5,0,308.4,0
47.5,3562.5,6879.3025131982495,1383.0,11.0,75,297.6,0,308.6,0
48.6,3742.2000000000003,6921.556934389032,1360.0,10.899999999999977,77,297.6,1,308.5,0
36.6,2928.0,6117.057887657758,1596.0,10.899999999999977,80,297.5,1,308.4,0
54.3,4506.9,8233.737353940416,1448.0,11.0,83,297.5,0,308.5,0
38.2,3247.0000000000005,5772.425173558958,1443.0,10.899999999999977,85,297.6,1,308.5,0
35.5,3124.0,5546.586549667899,1492.0,11.0,88,297.6,1,308.6,0
43.9,3994.9,6882.004282880337,1497.0,11.100000000000023,91,297.5,0,308.6,0
38.5,3580.5,6168.517175323558,1530.0,11.0,93,297.5,0,308.5,0
46.2,4389.0,7150.6418706888,1478.0,11.0,95,297.4,1,308.4,0
61.8,6056.4,8594.392190572524,1328.0,11.0,98,297.4,0,308.4,0
27.4,2740.0,5081.568005083537,1771.0,10.900000000000034,100,297.4,2,308.3,0
35.0,3675.0,5732.359395250176,1564.0,11.0,105,297.4,1,308.4,0
41.5,4482.0,6349.315832537651,1461.0,11.0,108,297.3,2,308.3,0
57.9,6542.7,8094.470551606781,1335.0,10.900000000000034,113,297.4,1,308.3,0
46.8,5428.799999999999,7062.174621563711,1441.0,11.0,116,297.4,1,308.4,0
60.6,7211.400000000001,8046.749759198752,1268.0,11.0,119,297.3,0,308.3,0
27.4,3315.3999999999996,4869.238229602915,1697.0,11.0,121,297.3,1,308.3,0
46.0,5704.0,6845.11151315168,1421.0,11.0,124,297.4,0,308.4,0
36.4,4586.4,5702.451433188001,1496.0,11.100000000000023,126,297.4,0,308.5,0
55.6,7116.8,8005.825278897989,1375.0,11.0,128,297.5,0,308.5,0
52.1,6773.0,7065.389518045885,1295.0,11.100000000000023,130,297.4,0,308.5,0
33.8,4461.599999999999,5815.444048962113,1643.0,11.100000000000023,132,297.4,0,308.5,0
36.9,4944.599999999999,5850.336671367984,1514.0,11.100000000000023,134,297.5,0,308.6,0
29.4,3998.3999999999996,5144.609297665573,1671.0,11.100000000000023,136,297.5,0,308.6,0
58.9,8128.2,8357.631296222486,1355.0,11.100000000000023,138,297.5,2,308.6,0
50.6,7235.8,7232.888766359781,1365.0,11.099999999999966,143,297.6,0,308.7,0
42.5,6162.5,6261.979556767855,1407.0,11.199999999999989,145,297.5,0,308.7,0
46.1,6776.7,7024.129934528739,1455.0,11.300000000000011,147,297.5,1,308.8,0
45.9,6885.0,7219.56841350856,1502.0,11.300000000000011,150,297.5,0,308.8,0
52.3,7949.599999999999,8056.436336547321,1471.0,11.300000000000011,152,297.5,1,308.8,0
30.4,4712.0,5033.082758463135,1581.0,11.399999999999977,155,297.5,0,308.9,0
37.8,5934.599999999999,6056.362317590402,1530.0,11.300000000000011,157,297.5,0,308.8,0
50.3,7997.7,6910.833631464778,1312.0,11.300000000000011,159,297.5,0,308.8,0
42.6,6858.6,6664.825982737674,1494.0,11.200000000000045,161,297.4,0,308.6,0
29.1,4743.3,4656.342967444648,1528.0,11.200000000000045,163,297.4,1,308.6,0
29.4,4880.4,5196.9482312743785,1688.0,11.300000000000011,166,297.3,2,308.6,0
42.4,7250.4,6748.978777951833,1520.0,11.199999999999989,171,297.3,1,308.5,0
28.9,5028.599999999999,5035.93113580239,1664.0,11.199999999999989,174,297.3,1,308.5,0
44.5,7876.5,7055.284061676837,1514.0,11.199999999999989,177,297.3,0,308.5,0
54.2,9701.800000000001,8263.980419218975,1456.0,11.199999999999989,179,297.3,0,308.5,0
39.6,7167.6,6195.472040291359,1494.0,11.300000000000011,181,297.2,0,308.5,0
30.0,5490.0,5042.256209011618,1605.0,11.199999999999989,183,297.2,0,308.4,0
46.5,8602.5,6588.391033475835,1353.0,11.300000000000011,185,297.2,1,308.5,0
47.9,9005.199999999999,7258.262363025275,1447.0,11.300000000000011,188,297.2,0,308.5,0
40.4,7676.0,6718.316833652796,1588.0,11.300000000000011,190,297.2,0,308.5,0
41.4,7948.799999999999,6607.146341617765,1524.0,11.300000000000011,192,297.2,2,308.5,0
31.6,6225.200000000001,5331.031405729592,1611.0,11.300000000000011,197,297.2,1,308.5,0
34.9,6980.0,5862.170003696506,1604.0,11.300000000000011,200,297.2,1,308.5,0
46.9,9520.699999999999,7283.54171191116,1483.0,11.399999999999977,203,297.1,0,308.5,0
39.6,8118.0,6398.670253125547,1543.0,11.299999999999955,205,297.1,0,308.4,0
44.4,9190.8,6151.364079434958,1323.0,11.399999999999977,207,297.1,0,308.5,1
36.2,0.0,5894.7797354407685,1555.0,11.399999999999977,0,297.1,0,308.5,0
31.9,63.8,5288.106778106043,1583.0,11.299999999999955,2,297.1,0,308.4,0
40.0,160.0,6635.043684381642,1584.0,11.300000000000011,4,297.2,1,308.5,0
25.8,180.6,4771.325258566034,1766.0,11.300000000000011,7,297.2,0,308.5,0
44.4,399.59999999999997,6965.036576714714,1498.0,11.400000000000034,9,297.2,1,308.6,0
49.8,597.5999999999999,7368.856896407146,1413.0,11.400000000000034,12,297.2,0,308.6,0
33.5,469.0,5279.708253745446,1505.0,11.300000000000011,14,297.3,0,308.6,0
46.2,739.2,6957.119763227669,1438.0,11.399999999999977,16,297.3,2,308.7,0
34.1,716.1,5909.911740055559,1655.0,11.399999999999977,21,297.3,1,308.7,0
43.8,1051.1999999999998,6655.338372923832,1451.0,11.399999999999977,24,297.3,1,308.7,0
38.4,1036.8,5895.135782608175,1466.0,11.399999999999977,27,297.3,1,308.7,0
23.0,690.0,4272.775448392358,1774.0,11.400000000000034,30,297.2,0,308.6,0
51.3,1641.6,6897.806493927893,1284.0,11.400000000000034,32,297.2,1,308.6,0
40.0,1400.0,5969.026041820606,1425.0,11.399999999999977,35,297.1,0,308.5,0
52.4,1938.8,7885.271896804237,1437.0,11.400000000000034,37,297.2,0,308.6,0
53.0,2067.0,7409.446273491527,1335.0,11.400000000000034,39,297.2,0,308.6,0
41.7,1709.7,6423.583082868514,1471.0,11.300000000000011,41,297.2,0,308.5,0
54.0,2322.0,7713.238283093659,1364.0,11.300000000000011,43,297.2,1,308.5,0
35.6,1637.6000000000001,5882.820739406103,1578.0,11.399999999999977,46,297.1,0,308.5,0
32.1,1540.8000000000002,5754.895086551926,1712.0,11.399999999999977,48,297.1,0,308.5,0
28.7,1435.0,5208.45693236203,1733.0,11.399999999999977,50,297.1,0,308.5,0
32.1,1669.2,5553.204838191462,1652.0,11.400000000000034,52,297.2,0,308.6,0
24.1,1301.4,4783.760729486494,1895.5,11.400000000000034,54,297.2,0,308.6,0
41.1,2301.6,6214.949914743615,1444.0,11.400000000000034,56,297.2,1,308.6,0
37.1,2188.9,5602.318403342582,1442.0,11.5,59,297.1,0,308.6,0
31.3,1909.3,5627.859551616267,1717.0,11.5,61,297.1,1,308.6,0
42.3,2707.2,6529.29767566181,1474.0,11.599999999999966,64,297.1,0,308.7,0
39.3,2593.7999999999997,6210.2689416897665,1509.0,11.5,66,297.2,0,308.7,0
43.1,2930.8,6548.974517648794,1451.0,11.600000000000023,68,297.2,0,308.8,0
36.1,2527.0,5874.715430359841,1554.0,11.5,70,297.3,0,308.8,0
30.7,2210.4,5365.662228747662,1669.0,11.5,72,297.2,0,308.7,0
50.4,3729.6,7209.578148870143,1366.0,11.400000000000034,74,297.2,0,308.6,0
34.4,2614.4,5684.523411111515,1578.0,11.400000000000034,76,297.2,0,308.6,0
39.0,3042.0,6179.1985903457635,1513.0,11.400000000000034,78,297.2,1,308.6,0
42.1,3410.1,6679.183061164579,1515.0,11.399999999999977,81,297.1,1,308.5,0
33.0,2772.0,5397.884497397982,1562.0,11.400000000000034,84,297.2,0,308.6,0
38.5,3311.0,6051.597568732458,1501.0,11.5,86,297.2,0,308.7,0
38.1,3352.8,5577.772092742534,1398.0,11.5,88,297.2,1,308.7,0
53.8,4895.8,7617.063659991763,1352.0,11.399999999999977,91,297.3,0,308.7,0
33.9,3152.7,5569.949527035095,1569.0,11.399999999999977,93,297.3,2,308.7,0
46.6,4566.8,7251.591714624152,1486.0,11.400000000000034,98,297.2,2,308.6,0
23.6,2430.8,4606.663915615881,1864.0,11.400000000000034,103,297.2,0,308.6,0
44.5,4672.5,6743.062111787572,1447.0,11.399999999999977,105,297.3,1,308.7,0
41.5,4482.0,6049.450813752505,1392.0,11.400000000000034,108,297.2,0,308.6,0
47.6,5236.0,6769.168746738903,1358.0,11.300000000000011,110,297.3,0,308.6,0
40.2,4502.400000000001,6276.7136263131915,1491.0,11.399999999999977,112,297.3,0,308.7,0
36.7,4183.8,5980.042560059195,1556.0,11.399999999999977,114,297.3,0,308.7,0
36.7,4257.200000000001,5883.962184736907,1531.0,11.399999999999977,116,297.3,0,308.7,0
37.6,4436.8,5626.634330481367,1429.0,11.300000000000011,118,297.4,2,308.7,0
33.9,4169.7,5584.149525829321,1573.0,11.400000000000034,123,297.4,1,308.8,0
41.2,5191.200000000001,6635.630115010314,1538.0,11.400000000000034,126,297.4,0,308.8,0
39.0,4992.0,5991.3313496610945,1467.0,11.400000000000034,128,297.4,0,308.8,0
51.1,6643.0,7079.610460791135,1323.0,11.300000000000011,130,297.4,2,308.7,0
23.0,3105.0,4330.58075321841,1798.0,11.300000000000011,135,297.4,1,308.7,0
46.3,6389.4,6841.268298138788,1411.0,11.200000000000045,138,297.4,0,308.6,0
44.5,6230.0,7120.524469116385,1528.0,11.199999999999989,140,297.3,0,308.5,0
42.0,5964.0,6614.9374913986685,1504.0,11.199999999999989,142,297.3,0,308.5,0
39.6,5702.400000000001,5739.312786990121,1384.0,11.199999999999989,144,297.3,0,308.5,0
26.4,3854.3999999999996,4636.236774461672,1677.0,11.199999999999989,146,297.2,0,308.4,0
30.8,4558.400000000001,5689.5499593572595,1764.0,11.199999999999989,148,297.3,0,308.5,0
42.0,6300.0,6474.194140517845,1472.0,11.100000000000023,150,297.4,1,308.5,0
55.9,8552.699999999999,8575.867265891857,1465.0,11.100000000000023,153,297.4,1,308.5,0
33.1,5163.6,5743.532993121444,1657.0,11.200000000000045,156,297.4,1,308.6,0
30.5,4849.5,5222.112388429633,1635.0,11.200000000000045,159,297.4,0,308.6,0
31.9,5135.9,5284.766217917725,1582.0,11.300000000000011,161,297.4,1,308.7,0
26.2,4296.8,4831.581005661886,1761.0,11.199999999999989,164,297.5,0,308.7,0
34.9,5793.4,5800.0397729840115,1587.0,11.300000000000011,166,297.5,0,308.8,0
53.0,8904.0,8025.512592860485,1446.0,11.199999999999989,168,297.5,1,308.7,0
53.0,9063.0,7503.79877285434,1352.0,11.199999999999989,171,297.5,1,308.7,0
46.4,8073.599999999999,6763.7233194726805,1392.0,11.300000000000011,174,297.4,1,308.7,0
49.8,8814.6,7389.717071626982,1417.0,11.300000000000011,177,297.5,0,308.8,0
24.0,4296.0,4584.212000118226,1824.0,11.300000000000011,179,297.5,2,308.8,0
36.7,6752.8,6160.673665665096,1603.0,11.300000000000011,184,297.5,0,308.8,0
33.4,6212.4,5666.17651001455,1620.0,11.400000000000034,186,297.4,0,308.8,0
49.4,9287.199999999999,6999.279936638843,1353.0,11.400000000000034,188,297.4,0,308.8,0
50.7,9633.0,7220.63655501078,1360.0,11.300000000000011,190,297.5,0,308.8,0
53.5,10272.0,7731.459520484481,1380.0,11.100000000000023,192,297.5,0,308.6,0
53.6,10398.4,7650.4902058259595,1363.0,11.199999999999989,194,297.5,1,308.7,0
41.2,8116.400000000001,6264.587078670334,1452.0,11.200000000000045,197,297.4,1,308.6,0
32.8,6559.999999999999,5770.477386113731,1680.0,11.200000000000045,200,297.4,0,308.6,0
39.0,7878.0,6273.132210688099,1536.0,11.100000000000023,202,297.5,0,308.6,0
28.9,0.0,4905.795896115188,1621.0,11.100000000000023,0,297.5,0,308.6,0
37.6,75.2,6240.878526111243,1585.0,11.100000000000023,2,297.5,0,308.6,0
51.5,206.0,7593.438883236769,1408.0,11.099999999999966,4,297.6,1,308.7,0
38.7,270.90000000000003,6224.87734752896,1536.0,11.100000000000023,7,297.5,2,308.6,0
52.6,631.2,7447.166329285628,1352.0,11.100000000000023,12,297.5,0,308.6,0
38.8,543.1999999999999,6017.490344489985,1481.0,11.100000000000023,14,297.5,2,308.6,0
45.0,855.0,6851.813577479338,1454.0,11.199999999999989,19,297.5,0,308.7,0
51.5,1081.5,7275.247907305683,1349.0,11.100000000000023,21,297.5,1,308.6,0
52.1,1250.4,7239.978293781381,1327.0,11.100000000000023,24,297.5,1,308.6,0
42.3,1142.1,6874.810035703615,1552.0,11.099999999999966,27,297.6,0,308.7,0
44.7,1296.3000000000002,6815.496766403841,1456.0,11.199999999999989,29,297.5,0,308.7,0
45.8,1419.8,6014.390639738443,1254.0,11.0,31,297.6,1,308.6,0
43.3,1472.1999999999998,6515.883075030982,1437.0,11.100000000000023,34,297.5,0,308.6,0
27.1,975.6,4807.411686180269,1694.0,11.100000000000023,36,297.5,0,308.6,0
50.7,1926.6000000000001,6933.934809444176,1306.0,11.0,38,297.5,0,308.5,0
30.1,1204.0,5355.3578048438885,1699.0,11.0,40,297.5,1,308.5,0
53.2,2287.6,7626.823541168917,1369.0,11.100000000000023,43,297.4,0,308.5,0
43.9,1975.5,6762.477154386757,1471.0,11.100000000000023,45,297.4,0,308.5,0
43.9,2063.2999999999997,6482.04812215182,1410.0,11.100000000000023,47,297.4,0,308.5,0
45.5,2229.5,6727.825387417662,1412.0,11.100000000000023,49,297.4,1,308.5,0
51.2,2662.4,7602.821773295491,1418.0,11.100000000000023,52,297.4,0,308.5,0
25.9,1398.6,4833.214633841752,1782.0,11.100000000000023,54,297.4,0,308.5,0
36.4,2038.3999999999999,5706.263232274356,1497.0,11.100000000000023,56,297.4,1,308.5,0
39.4,2324.6,6019.773235151593,1459.0,11.099999999999966,59,297.3,0,308.4,0
23.8,1451.8,4476.224988638833,1796.0,11.100000000000023,61,297.2,0,308.3,0
31.2,1965.6,5126.325228421681,1569.0,11.100000000000023,63,297.2,0,308.3,0
46.7,3035.5,7184.016056645435,1469.0,11.099999999999966,65,297.3,0,308.4,0
41.3,2767.1,6366.290904842548,1472.0,11.099999999999966,67,297.3,0,308.4,0
47.2,3256.8,7290.589351430713,1475.0,11.100000000000023,69,297.4,0,308.5,0
36.4,2584.4,5671.9570404971555,1488.0,11.200000000000045,71,297.4,0,308.6,0
43.1,3146.3,6878.454283181781,1524.0,11.200000000000045,73,297.4,0,308.6,0
48.6,3645.0,7562.818826839781,1486.0,11.100000000000023,75,297.4,0,308.5,0
60.7,4673.900000000001,7977.393865383002,1255.0,11.100000000000023,77,297.5,1,308.6,0
42.6,3408.0,6553.299443535237,1469.0,11.200000000000045,80,297.4,1,308.6,0
34.3,2846.8999999999996,6077.473820222526,1692.0,11.100000000000023,83,297.4,0,308.5,0
32.8,2787.9999999999995,5509.431980551443,1604.0,11.200000000000045,85,297.4,1,308.6,0
48.1,4232.8,7283.531239935648,1446.0,11.200000000000045,88,297.4,0,308.6,0
43.3,3896.9999999999995,6815.151191211945,1503.0,11.199999999999989,90,297.3,0,308.5,0
32.8,3017.6,5581.562947877865,1625.0,11.199999999999989,92,297.3,1,308.5,0
35.8,3400.9999999999995,5900.874425188732,1574.0,11.300000000000011,95,297.2,0,308.5,0
41.9,4064.2999999999997,6046.330165049939,1378.0,11.199999999999989,97,297.2,1,308.4,0
29.5,2950.0,5230.071089818727,1693.0,11.299999999999955,100,297.1,0,308.4,0
51.2,5222.400000000001,7838.734437629061,1462.0,11.199999999999989,102,297.2,0,308.4,0
55.0,5720.0,8265.006672819147,1435.0,11.199999999999989,104,297.3,2,308.5,0
45.8,4992.2,6834.534817884594,1425.0,11.300000000000011,109,297.2,1,308.5,0
53.5,5992.0,7709.049492888873,1376.0,11.300000000000011,112,297.3,2,308.6,0
48.0,5616.0,7444.317951946374,1481.0,11.300000000000011,117,297.4,1,308.7,0
48.9,5868.0,6907.953838198987,1349.0,11.300000000000011,120,297.4,2,308.7,0
40.0,5000.0,6496.8136076236915,1551.0,11.399999999999977,125,297.3,0,308.7,0
33.8,4292.599999999999,5744.653494501223,1623.0,11.300000000000011,127,297.4,2,308.7,0
49.7,6560.400000000001,7609.084014651647,1462.0,11.400000000000034,132,297.4,0,308.8,0
57.4,7691.599999999999,8697.792476777677,1447.0,11.5,134,297.3,1,308.8,0
24.5,3356.5,4615.575566776564,1799.0,11.599999999999966,137,297.3,1,308.9,0
41.3,5782.0,6694.985272212135,1548.0,11.5,140,297.3,1,308.8,0
47.9,6849.7,7448.8732612940785,1485.0,11.600000000000023,143,297.2,1,308.8,0
49.9,7285.4,7644.929586829106,1463.0,11.5,146,297.2,0,308.7,0
35.8,5298.4,5949.6109992214215,1587.0,11.399999999999977,148,297.3,0,308.7,0
44.1,6615.0,6784.0494239414065,1469.0,11.5,150,297.3,1,308.8,0
42.8,6548.4,6409.267892343655,1430.0,11.399999999999977,153,297.3,2,308.7,0
26.8,4234.400000000001,4844.000768619078,1726.0,11.300000000000011,158,297.4,2,308.7,0
34.1,5558.3,5895.627965457238,1651.0,11.400000000000034,163,297.4,0,308.8,0
41.3,6814.499999999999,6612.8116803697385,1529.0,11.400000000000034,165,297.4,0,308.8,0
46.2,7715.400000000001,7126.451607256159,1473.0,11.400000000000034,167,297.4,0,308.8,0
53.5,9041.5,7417.71913414598,1324.0,11.400000000000034,169,297.4,2,308.8,0
28.8,5011.2,5151.206642238112,1708.0,11.5,174,297.4,0,308.9,0
38.5,6776.0,6208.8342810446275,1540.0,11.600000000000023,176,297.5,1,309.1,0
54.7,9791.300000000001,7561.185198659914,1320.0,11.5,179,297.5,0,309.0,0
39.0,7059.0,5619.680938741421,1376.0,11.5,181,297.4,1,308.9,0
37.0,6808.0,5974.680908597068,1542.0,11.399999999999977,184,297.3,1,308.7,0
39.3,7349.099999999999,6197.922482561158,1506.0,11.399999999999977,187,297.3,0,308.7,0
43.6,8240.4,6812.145734240012,1492.0,11.399999999999977,189,297.3,0,308.7,0
38.0,7258.0,6223.704486271619,1564.0,11.5,191,297.3,2,308.8,0
30.8,6036.8,5305.731112892681,1645.0,11.5,196,297.4,2,308.9,0
59.1,11879.1,8342.687787166911,1348.0,11.5,201,297.4,1,308.9,0
62.4,12729.6,8658.22935329347,1325.0,11.400000000000034,204,297.4,1,308.8,1
43.5,0.0,6573.3113887386035,1443.0,11.399999999999977,0,297.5,0,308.9,0
44.8,89.6,6736.915062162047,1436.0,11.399999999999977,2,297.5,1,308.9,0
30.7,153.5,5130.974785548993,1596.0,11.399999999999977,5,297.5,0,308.9,0
43.2,302.40000000000003,6745.12509096343,1491.0,11.399999999999977,7,297.6,0,309.0,0
35.1,315.90000000000003,5781.818535593191,1573.0,11.199999999999989,9,297.7,1,308.9,0
39.9,478.79999999999995,6580.851211107219,1575.0,11.199999999999989,12,297.7,0,308.9,0
41.1,575.4,6275.205661839468,1458.0,11.199999999999989,14,297.7,0,308.9,0
41.8,668.8,6272.650499814547,1433.0,11.300000000000011,16,297.7,1,309.0,0
28.1,533.9,4890.642947549375,1662.0,11.199999999999989,19,297.7,0,308.9,0
63.7,1337.7,8851.950428289329,1327.0,11.199999999999989,21,297.7,1,308.9,0
26.3,631.2,4797.693692905164,1742.0,11.199999999999989,24,297.7,0,308.9,0
33.5,871.0,5283.2163655419545,1506.0,11.099999999999966,26,297.8,0,308.9,0
44.4,1243.2,6774.404734494886,1457.0,11.200000000000045,28,297.9,0,309.1,0
37.3,1119.0,5812.197736553404,1488.0,11.200000000000045,30,297.9,1,309.1,0
34.7,1145.1000000000001,5883.082538793902,1619.0,11.200000000000045,33,297.9,0,309.1,0
41.7,1459.5,6803.4958824671285,1558.0,11.199999999999989,35,298.0,1,309.2,0
28.7,1090.6,5202.446018418161,1731.0,11.199999999999989,38,298.0,0,309.2,0
34.8,1392.0,5736.0455306303875,1574.0,11.100000000000023,40,298.0,1,309.1,0
49.8,2141.4,6727.406508397182,1290.0,11.100000000000023,43,297.9,0,309.0,0
39.6,1782.0,5872.013660677753,1416.0,11.0,45,297.9,2,308.9,0
41.9,2095.0,6871.228620078523,1566.0,11.0,50,297.9,0,308.9,0
46.5,2418.0,7089.946300621445,1456.0,11.100000000000023,52,297.9,0,309.0,0
37.5,2025.0,6000.441968356505,1528.0,11.100000000000023,54,297.9,0,309.0,0
49.6,2777.6,6949.705604565197,1338.0,11.200000000000045,56,297.9,1,309.1,0
39.2,2312.8,6395.612436276053,1558.0,11.200000000000045,59,297.9,1,309.1,0
38.1,2362.2000000000003,6439.573789475286,1614.0,11.200000000000045,62,297.9,1,309.1,0
36.4,2366.0,5934.971177455693,1557.0,11.100000000000023,65,298.0,2,309.1,0
45.3,3171.0,6845.310480686407,1443.0,11.199999999999989,70,298.1,0,309.3,0
51.0,3672.0,7113.822404788727,1332.0,11.199999999999989,72,298.1,2,309.3,0
25.2,1940.3999999999999,4623.419076435027,1752.0,11.199999999999989,77,298.1,1,309.3,0
45.8,3664.0,7002.400585341409,1460.0,11.099999999999966,80,298.1,1,309.2,0
26.9,2232.7,5076.164465719363,1802.0,11.099999999999966,83,298.1,0,309.2,0
39.5,3357.5,6316.329109674958,1527.0,11.199999999999989,85,298.0,0,309.2,0
39.8,3462.6,6076.7198379856645,1458.0,11.199999999999989,87,298.0,0,309.2,0
37.9,3373.1,6032.69565293336,1520.0,11.199999999999989,89,298.0,2,309.2,0
49.7,4671.8,7171.899980978091,1378.0,11.199999999999989,94,298.0,0,309.2,0
38.1,3657.6000000000004,6100.438862520268,1529.0,11.300000000000011,96,297.9,1,309.2,0
32.4,3207.6,5180.988940594142,1527.0,11.199999999999989,99,298.0,0,309.2,0
42.9,4332.9,6460.182637282835,1438.0,11.199999999999989,101,298.0,1,309.2,0
36.7,3816.8,6083.809365407266,1583.0,11.100000000000023,104,297.9,0,309.0,0
37.6,3985.6000000000004,6024.318072523787,1530.0,11.099999999999966,106,297.8,0,308.9,0
39.1,4222.8,6264.649910523406,1530.0,11.199999999999989,108,297.7,1,308.9,0
19.1,2120.1000000000004,3791.2792503399182,1895.5,11.100000000000023,111,297.7,1,308.8,0
34.2,3898.8,5787.567650149261,1616.0,11.100000000000023,114,297.7,0,308.8,0
28.3,3282.8,4981.7596064789905,1681.0,11.199999999999989,116,297.7,1,308.9,0
43.0,5117.0,6641.85046846442,1475.0,11.199999999999989,119,297.6,0,308.8,0
46.5,5626.5,6676.04146851099,1371.0,11.199999999999989,121,297.5,0,308.7,0
38.0,4674.0,6152.076173769772,1546.0,11.199999999999989,123,297.5,1,308.7,0
40.1,5052.6,6135.122045415899,1461.0,11.200000000000045,126,297.4,2,308.6,0
31.9,4178.9,5471.837588463486,1638.0,11.300000000000011,131,297.4,0,308.7,0
35.6,4734.8,5879.092716123843,1577.0,11.399999999999977,133,297.3,1,308.7,0
38.7,5263.200000000001,6208.666729436436,1532.0,11.200000000000045,136,297.4,0,308.6,0
27.7,3822.6,4960.260640752924,1710.0,11.199999999999989,138,297.3,1,308.5,0
29.4,4145.4,4876.757108020507,1584.0,11.300000000000011,141,297.3,1,308.6,0
50.1,7214.400000000001,7586.380771741705,1446.0,11.300000000000011,144,297.3,0,308.6,0
46.3,6759.799999999999,7379.454535625256,1522.0,11.300000000000011,146,297.4,2,308.7,0
49.9,7534.9,7221.662808610953,1382.0,11.300000000000011,151,297.4,1,308.7,0
38.2,5882.8,6336.466718584469,1584.0,11.300000000000011,154,297.4,0,308.7,0
55.2,8611.2,8006.034718408228,1385.0,11.300000000000011,156,297.3,0,308.6,0
34.4,5435.2,5734.956445177143,1592.0,11.399999999999977,158,297.3,0,308.7,0
43.7,6992.0,6425.059631415701,1404.0,11.400000000000034,160,297.2,1,308.6,0
44.3,7220.9,7042.131260433807,1518.0,11.300000000000011,163,297.2,0,308.5,0
40.4,6666.0,6468.706825349575,1529.0,11.299999999999955,165,297.1,0,308.4,0
37.0,6179.0,6005.677956112488,1550.0,11.299999999999955,167,297.1,0,308.4,0
23.8,4022.2000000000003,4418.9013946863315,1773.0,11.199999999999989,169,297.1,0,308.3,0
43.7,7472.700000000001,6617.262269962325,1446.0,11.300000000000011,171,297.2,0,308.5,0
46.9,8113.7,7303.1871379716085,1487.0,11.300000000000011,173,297.2,1,308.5,0
49.3,8676.8,7867.930305356421,1524.0,11.199999999999989,176,297.3,1,308.5,0
54.1,9683.9,7948.4702690189515,1403.0,11.199999999999989,179,297.1,0,308.3,0
15.7,2841.7,3116.3918445202467,1895.5,11.099999999999966,181,297.1,0,308.2,0
37.9,6935.7,6068.415561404676,1529.0,11.099999999999966,183,297.1,1,308.2,0
51.2,9523.2,7517.035349901466,1402.0,11.099999999999966,186,297.1,0,308.2,0
28.0,5264.0,4964.135271692351,1693.0,11.100000000000023,188,297.2,0,308.3,0
45.8,8702.0,7175.0625175827045,1496.0,11.199999999999989,190,297.1,0,308.3,0
33.3,6393.599999999999,5694.545091676466,1633.0,11.0,192,297.1,0,308.1,0
42.6,8264.4,6241.025133768411,1399.0,11.099999999999966,194,297.1,0,308.2,0
45.3,8878.8,6465.80608813276,1363.0,11.100000000000023,196,297.0,1,308.1,0
42.2,8397.800000000001,6748.078188057803,1527.0,11.099999999999966,199,297.1,2,308.2,0
42.5,8670.0,6253.078377582684,1405.0,11.0,204,297.2,1,308.2,0
59.6,12337.2,9106.052914087184,1459.0,11.0,207,297.3,1,308.3,1
25.0,5250.0,4683.5910477267835,1789.0,11.0,210,297.4,1,308.4,0
41.5,8839.5,6653.526721160263,1531.0,11.0,213,297.4,0,308.4,0
35.8,7696.999999999999,6073.326917919787,1620.0,11.0,215,297.4,1,308.4,0
39.4,0.0,6481.880570543628,1571.0,11.0,0,297.4,0,308.4,0
39.9,79.8,5991.708340779524,1434.0,11.0,2,297.4,0,308.4,0
43.6,174.4,6729.9616704221025,1474.0,11.0,4,297.4,0,308.4,0
41.7,250.20000000000002,6742.360489428271,1544.0,11.0,6,297.3,1,308.3,0
35.7,321.3,5985.330907692738,1601.0,10.899999999999977,9,297.3,0,308.2,0
26.9,295.9,5073.347504306644,1801.0,10.900000000000034,11,297.4,0,308.3,0
42.0,546.0,6443.406532512666,1465.0,10.900000000000034,13,297.4,0,308.3,0
52.6,789.0,7381.067219854099,1340.0,11.0,15,297.4,1,308.4,0
41.0,738.0,6513.254609177478,1517.0,11.0,18,297.4,1,308.4,0
44.8,940.8,6727.532172103326,1434.0,11.099999999999966,21,297.3,1,308.4,0
19.3,463.20000000000005,3830.9785095057814,1895.5,11.0,24,297.3,2,308.3,0
32.2,933.8000000000001,5378.301903190607,1595.0,11.0,29,297.3,1,308.3,0
17.0,544.0,3374.4370290983566,1895.5,11.0,32,297.3,0,308.3,0
44.4,1509.6,6737.208277476383,1449.0,11.099999999999966,34,297.3,1,308.4,0
38.2,1413.4,5884.433423634946,1471.0,11.0,37,297.3,0,308.3,0
33.8,1318.1999999999998,5801.285938069936,1639.0,10.800000000000011,39,297.4,0,308.2,0
24.5,1004.5,4736.160364796852,1846.0,10.899999999999977,41,297.3,1,308.2,0
38.2,1680.8000000000002,5808.427825369096,1452.0,10.899999999999977,44,297.3,1,308.2,0
41.9,1969.3,6507.0447276988825,1483.0,10.900000000000034,47,297.4,1,308.3,0
60.3,3015.0,8107.947984090681,1284.0,10.900000000000034,50,297.4,0,308.3,0
50.0,2600.0,7429.86662573986,1419.0,10.800000000000011,52,297.4,0,308.2,0
28.4,1533.6,5243.234363037269,1763.0,10.800000000000011,54,297.3,0,308.1,0
42.5,2380.0,6577.971417841428,1478.0,10.800000000000011,56,297.2,1,308.0,0
36.0,2124.0,5722.725177779167,1518.0,10.699999999999989,59,297.3,0,308.0,0
49.0,2989.0,7424.944797249236,1447.0,10.699999999999989,61,297.3,0,308.0,0
55.1,3471.3,7818.429277111358,1355.0,10.600000000000023,63,297.4,1,308.0,0
57.4,3788.4,8102.711996334698,1348.0,10.700000000000045,66,297.4,0,308.1,0
53.7,3651.6000000000004,7580.411745699884,1348.0,10.700000000000045,68,297.4,0,308.1,0
27.7,1939.0,5029.878333956473,1734.0,10.700000000000045,70,297.4,1,308.1,0
46.5,3394.5,6914.645430551134,1420.0,10.699999999999989,73,297.3,0,308.0,0
24.7,1852.5,4648.080578765706,1797.0,10.599999999999966,75,297.3,0,307.9,0
45.0,3465.0,6611.481739479719,1403.0,10.699999999999989,77,297.3,1,308.0,0
30.2,2416.0,5148.609592311144,1628.0,10.599999999999966,80,297.3,0,307.9,0
30.4,2492.7999999999997,5370.531697360727,1687.0,10.699999999999989,82,297.2,1,307.9,0
44.9,3816.5,6845.991159094686,1456.0,10.699999999999989,85,297.2,1,307.9,0
44.7,3933.6000000000004,7002.735688557792,1496.0,10.799999999999955,88,297.1,0,307.9,0
30.3,2727.0,5191.042037085631,1636.0,10.699999999999989,90,297.1,0,307.8,0
40.4,3716.7999999999997,6498.321572097414,1536.0,10.699999999999989,92,297.1,0,307.8,0
50.6,4756.400000000001,7704.483711565657,1454.0,10.699999999999989,94,297.1,0,307.8,0
50.0,4800.0,7309.438907352252,1396.0,10.800000000000011,96,297.0,0,307.8,0
37.4,3665.2,6168.517175323558,1575.0,10.600000000000023,98,297.0,0,307.6,0
35.7,3570.0000000000005,5660.081820266587,1514.0,10.700000000000045,100,296.9,0,307.6,0
49.9,5089.8,7603.125460585337,1455.0,10.599999999999966,102,296.8,1,307.4,0
48.3,5071.5,7834.786502861049,1549.0,10.599999999999966,105,296.8,0,307.4,0
42.4,4536.8,6544.733367566448,1474.0,10.699999999999989,107,296.8,0,307.5,0
34.2,3727.8,5948.731353278417,1661.0,10.699999999999989,109,296.7,2,307.4,0
34.6,3944.4,5561.77091416025,1535.0,10.699999999999989,114,296.7,0,307.4,0
31.2,3619.2,5083.850895745146,1556.0,10.600000000000023,116,296.9,1,307.5,0
45.0,5355.0,6762.27818685203,1435.0,10.700000000000045,119,296.9,0,307.6,0
51.1,6183.1,7127.771076170666,1332.0,10.600000000000023,121,296.9,1,307.5,0
42.4,5257.599999999999,6717.897954632317,1513.0,10.600000000000023,124,297.0,0,307.6,0
39.4,4964.4,6197.189444275321,1502.0,10.699999999999989,126,297.0,0,307.7,0
60.1,7692.8,8276.159326739391,1315.0,10.699999999999989,128,297.0,0,307.7,0
51.1,6643.0,6747.8373326210285,1261.0,10.699999999999989,130,297.0,1,307.7,0
60.4,8033.2,8893.052932173794,1406.0,10.699999999999989,133,297.1,0,307.8,0
42.3,5710.5,7016.5586962335865,1584.0,10.699999999999989,135,297.1,0,307.8,0
43.9,6014.3,6633.75563139367,1443.0,10.699999999999989,137,297.1,1,307.8,0
35.8,5012.0,5923.368228588434,1580.0,10.699999999999989,140,297.2,0,307.9,0
24.6,3493.2000000000003,4701.393406097125,1825.0,10.699999999999989,142,297.2,0,307.9,0
48.2,6940.8,7414.766037051606,1469.0,10.699999999999989,144,297.2,0,307.9,0
38.4,5606.4,6003.709224716237,1493.0,10.699999999999989,146,297.2,0,307.9,0
29.4,4351.2,4919.859759227759,1598.0,10.699999999999989,148,297.3,1,308.0,0
37.2,5617.200000000001,5648.583591154448,1450.0,10.699999999999989,151,297.2,2,307.9,0
37.5,5850.0,6408.849013323178,1632.0,10.699999999999989,156,297.2,1,307.9,0
20.3,3227.7000000000003,4029.4748053350963,1895.5,10.799999999999955,159,297.1,1,307.9,0
43.7,7079.400000000001,6745.39736232674,1474.0,10.800000000000011,162,297.2,0,308.0,0
37.1,6084.400000000001,5983.058489006641,1540.0,10.699999999999989,164,297.2,0,307.9,0
38.9,6457.4,6554.4199449150165,1609.0,10.799999999999955,166,297.1,1,307.9,0
42.8,7233.2,6575.10209655115,1467.0,10.899999999999977,169,297.1,0,308.0,0
39.4,6737.4,6155.929860758175,1492.0,10.799999999999955,171,297.1,0,307.9,0
46.1,7975.3,7207.578001547359,1493.0,10.899999999999977,173,297.0,0,307.9,0
39.9,6982.5,6267.477343911637,1500.0,10.800000000000011,175,297.0,0,307.8,0
36.6,6478.2,5660.961466209592,1477.0,10.699999999999989,177,297.1,0,307.8,0
49.1,8788.9,6900.215048295645,1342.0,10.799999999999955,179,297.1,0,307.9,0
34.3,6208.299999999999,5524.323129729459,1538.0,10.699999999999989,181,297.1,1,307.8,0
58.1,10690.4,8134.599161768634,1337.0,10.699999999999989,184,297.2,0,307.9,0
41.8,7774.799999999999,6202.61392759052,1417.0,10.599999999999966,186,297.3,0,307.9,0
46.2,8685.6,6691.026865468613,1383.0,10.600000000000023,188,297.4,0,308.0,0
42.4,8056.0,6393.769368585947,1440.0,10.600000000000023,190,297.4,1,308.0,0
34.4,6639.2,5688.125770687631,1579.0,10.599999999999966,193,297.3,0,307.9,0
40.0,7800.0,6036.046685097189,1441.0,10.699999999999989,195,297.2,0,307.9,0
35.9,7072.299999999999,5751.941989457552,1530.0,10.699999999999989,197,297.2,1,307.9,0
26.0,5200.0,4642.226744454518,1705.0,10.800000000000011,200,297.2,0,308.0,0
43.0,8686.0,6461.732489658606,1435.0,10.800000000000011,202,297.2,2,308.0,0
61.3,12689.099999999999,8601.890125039092,1340.0,10.900000000000034,207,297.2,1,308.1,1
49.7,10437.0,7447.742287938786,1431.0,10.900000000000034,210,297.2,0,308.1,1
52.7,11172.400000000001,7704.148608349273,1396.0,10.899999999999977,212,297.3,0,308.2,1
52.0,11128.0,7454.78992745834,1369.0,10.800000000000011,214,297.3,1,308.1,0
35.4,7681.799999999999,5986.9331199460685,1615.0,10.800000000000011,217,297.3,0,308.1,1
31.3,0.0,5447.584493177773,1662.0,10.900000000000034,0,297.2,0,308.1,0
33.5,67.0,5448.097619977859,1553.0,10.899999999999977,2,297.3,0,308.2,0
34.6,138.4,5565.394217687391,1536.0,10.800000000000011,4,297.4,1,308.2,0
46.6,326.2,7554.148031115873,1548.0,10.900000000000034,7,297.4,0,308.3,0
30.9,278.09999999999997,5520.343779034912,1706.0,10.900000000000034,9,297.4,0,308.3,0
45.5,500.5,6508.646939952214,1366.0,10.900000000000034,11,297.4,0,308.3,0
35.9,466.7,5413.592460665931,1440.0,10.899999999999977,13,297.5,0,308.4,0
28.1,421.5,4958.323325283211,1685.0,10.899999999999977,15,297.5,1,308.4,0
44.0,792.0,6653.474361282703,1444.0,10.900000000000034,18,297.4,1,308.3,0
48.7,1022.7,7114.293643686766,1395.0,10.900000000000034,21,297.4,0,308.3,0
38.8,892.4,6025.61659748727,1483.0,10.900000000000034,23,297.4,0,308.3,0
44.3,1107.5,6508.636467976701,1403.0,10.899999999999977,25,297.5,1,308.4,0
23.9,669.1999999999999,4487.524250216244,1793.0,10.899999999999977,28,297.5,2,308.4,0
28.8,950.4,5196.445576449805,1723.0,10.900000000000034,33,297.4,0,308.3,0
41.0,1435.0,5950.804804429786,1386.0,10.800000000000011,35,297.4,0,308.2,0
46.2,1709.4,7668.313508147326,1585.0,10.800000000000011,37,297.4,2,308.2,0
27.7,1163.3999999999999,5021.17612230603,1731.0,10.800000000000011,42,297.3,1,308.1,0
37.7,1696.5000000000002,5996.912912608972,1519.0,11.0,45,297.3,0,308.3,0
24.4,1146.8,4843.309618235287,1895.5,10.899999999999977,47,297.3,0,308.2,0
14.9,730.1,2957.594807856795,1895.5,11.0,49,297.3,0,308.3,0
51.9,2646.9,7288.275044842568,1341.0,11.0,51,297.3,1,308.3,0
37.0,1998.0,6005.677956112488,1550.0,11.0,54,297.3,0,308.3,0
61.5,3444.0,8430.30680627553,1309.0,11.0,56,297.3,0,308.3,0
32.9,1908.1999999999998,5509.0026295554535,1599.0,11.099999999999966,58,297.3,1,308.4,0
40.0,2440.0,5625.545245028123,1343.0,11.0,61,297.4,0,308.4,0
39.9,2513.7,5757.722519940157,1378.0,11.0,63,297.4,0,308.4,0
34.6,2249.0,5808.155554005785,1603.0,11.0,65,297.4,0,308.4,0
28.1,1882.7,4896.528197787099,1664.0,11.0,67,297.4,0,308.4,0
37.4,2580.6,5827.780036115209,1488.0,11.099999999999966,69,297.3,0,308.4,0
50.5,3585.5,7245.036257953661,1370.0,11.099999999999966,71,297.3,1,308.4,0
34.3,2538.2,5549.466342933689,1545.0,11.199999999999989,74,297.3,0,308.5,0
31.4,2386.4,5149.321686645957,1566.0,11.100000000000023,76,297.4,1,308.5,0
24.6,1943.4,4688.512876217407,1820.0,11.200000000000045,79,297.4,0,308.6,0
22.1,1790.1000000000001,4386.768137827864,1895.5,11.200000000000045,81,297.4,1,308.6,0
32.2,2704.8,5523.296876129288,1638.0,11.100000000000023,84,297.4,1,308.5,0
38.2,3323.4,6084.4481559134965,1521.0,11.099999999999966,87,297.3,1,308.4,0
23.1,2079.0,4509.065103844358,1864.0,11.099999999999966,90,297.3,2,308.4,0
41.9,3980.5,6274.4935675046545,1430.0,11.0,95,297.3,0,308.3,0
34.5,3346.5,6091.23399604525,1686.0,11.099999999999966,97,297.3,1,308.4,0
57.2,5720.0,7942.700210511858,1326.0,11.100000000000023,100,297.2,1,308.3,0
25.6,2636.8,4838.890444569239,1805.0,11.100000000000023,103,297.2,0,308.3,0
45.8,4809.0,6968.827431850045,1453.0,11.100000000000023,105,297.2,2,308.3,0
26.0,2860.0,5072.41549848608,1863.0,11.199999999999989,110,297.2,1,308.4,0
35.3,3988.8999999999996,5825.853192621007,1576.0,11.100000000000023,113,297.2,0,308.3,0
39.7,4565.5,5899.31410083745,1419.0,11.100000000000023,115,297.2,0,308.3,0
25.2,2948.4,4837.173040585276,1833.0,11.199999999999989,117,297.2,0,308.4,0
17.3,2058.7000000000003,3433.985917847151,1895.5,11.199999999999989,119,297.2,2,308.4,0
30.3,3757.2000000000003,5254.5022086881445,1656.0,11.100000000000023,124,297.2,0,308.3,0
56.6,7131.6,8007.563626832976,1351.0,11.099999999999966,126,297.1,0,308.2,0
30.3,3878.4,5679.685358424987,1790.0,11.099999999999966,128,297.1,2,308.2,0
28.1,3737.3,4937.724949451173,1678.0,11.0,133,297.2,1,308.2,0
45.2,6147.200000000001,6754.466093120103,1427.0,11.099999999999966,136,297.1,0,308.2,0
54.0,7452.0,8080.804623563666,1429.0,11.100000000000023,138,297.0,0,308.1,0
27.2,3808.0,5041.6278904809,1770.0,10.900000000000034,140,297.2,2,308.1,0
31.2,4524.0,5518.395991589687,1689.0,10.900000000000034,145,297.2,0,308.1,0
41.3,6071.099999999999,6720.9348275307875,1554.0,10.900000000000034,147,297.2,1,308.1,0
36.0,5400.0,5677.486243567474,1506.0,10.800000000000011,150,297.3,0,308.1,0
44.3,6733.599999999999,6838.011513754567,1474.0,10.900000000000034,152,297.2,0,308.1,0
26.1,4019.4,4815.873042393938,1762.0,10.800000000000011,154,297.3,0,308.1,0
35.7,5569.200000000001,5854.483573670724,1566.0,10.800000000000011,156,297.3,0,308.1,0
42.4,6699.2,6899.942776932333,1554.0,10.800000000000011,158,297.3,2,308.1,0
25.4,4140.2,4971.31904689356,1869.0,10.800000000000011,163,297.2,0,308.0,0
35.1,5791.5,5612.738018976988,1527.0,10.699999999999989,165,297.3,0,308.0,0
49.6,8283.2,6799.076708801078,1309.0,10.699999999999989,167,297.2,0,307.9,0
35.7,6033.3,5761.021192226427,1541.0,10.699999999999989,169,297.2,1,307.9,0
67.19999999999999,11558.399999999998,9331.284163398544,1326.0,10.699999999999989,172,297.2,0,307.9,1
54.0,9396.0,7718.893149870121,1365.0,10.799999999999955,174,297.1,2,307.9,0
43.7,7822.3,6534.889710585201,1428.0,10.699999999999989,179,297.1,0,307.8,0
27.6,4995.6,4858.535870629687,1681.0,10.699999999999989,181,297.1,0,307.8,0
26.9,4922.7,4681.7898679387245,1662.0,10.799999999999955,183,297.1,1,307.9,0
20.3,3775.8,4029.4748053350963,1895.5,10.699999999999989,186,297.2,0,307.9,0
29.0,5452.0,5305.416953627323,1747.0,10.699999999999989,188,297.2,1,307.9,0
31.1,5940.1,5748.224438150804,1765.0,10.800000000000011,191,297.2,1,308.0,0
34.4,6673.599999999999,5648.499815350352,1568.0,10.800000000000011,194,297.3,0,308.1,0
30.6,5997.6,5476.361481884655,1709.0,10.800000000000011,196,297.3,1,308.1,0
58.8,11701.199999999999,8435.804593419312,1370.0,10.800000000000011,199,297.3,1,308.1,0
45.7,9231.400000000001,6977.540115476003,1458.0,10.800000000000011,202,297.3,0,308.1,0
30.9,6303.599999999999,5539.758821634097,1712.0,10.900000000000034,204,297.2,0,308.1,0
36.9,7601.4,6344.949018749161,1642.0,10.800000000000011,206,297.3,0,308.1,0
49.8,0.0,7655.684305679894,1468.0,10.800000000000011,0,297.3,0,308.1,0
52.3,104.6,8089.297395703869,1477.0,10.800000000000011,2,297.3,2,308.1,0
53.5,374.5,8101.224975811999,1446.0,10.899999999999977,7,297.3,0,308.2,0
31.4,282.59999999999997,5435.395113681844,1653.0,10.899999999999977,9,297.3,2,308.2,0
38.2,534.8000000000001,5976.440200483079,1494.0,11.0,14,297.3,0,308.3,0
41.0,656.0,6397.329840260015,1490.0,10.899999999999977,16,297.3,0,308.2,0
47.8,860.4,7758.686656815592,1550.0,10.900000000000034,18,297.4,1,308.3,0
34.9,732.9,6128.964523814862,1677.0,10.899999999999977,21,297.3,1,308.2,0
21.8,523.2,4232.479286622313,1854.0,10.900000000000034,24,297.4,0,308.3,0
30.3,787.8000000000001,5273.540260168898,1662.0,11.0,26,297.5,1,308.5,0
38.8,1125.1999999999998,5850.90215804563,1440.0,11.100000000000023,29,297.5,1,308.6,0
39.7,1270.4,6290.107282992996,1513.0,11.100000000000023,32,297.5,0,308.6,0
49.0,1666.0,7127.331253199163,1389.0,11.0,34,297.6,1,308.6,0
51.0,1887.0,7215.295847499678,1351.0,11.0,37,297.6,0,308.6,0
38.3,1493.6999999999998,5943.95613244496,1482.0,11.0,39,297.6,1,308.6,0
28.5,1197.0,5204.990708467569,1744.0,11.0,42,297.6,0,308.6,0
39.0,1716.0,6028.087983708095,1476.0,11.099999999999966,44,297.6,0,308.7,0
48.2,2217.2000000000003,7288.578732132416,1444.0,11.0,46,297.6,1,308.6,0
32.1,1572.9,5576.73536716685,1659.0,11.099999999999966,49,297.6,2,308.7,0
46.6,2516.4,7197.912368149814,1475.0,11.099999999999966,54,297.6,1,308.7,0
42.1,2399.7000000000003,6727.678779760494,1526.0,11.0,57,297.6,0,308.6,0
29.5,1740.5,5174.464899850188,1675.0,11.0,59,297.4,1,308.4,0
38.7,2399.4,6180.298147774521,1525.0,11.0,62,297.4,0,308.4,0
45.9,2937.6,6710.064916949367,1396.0,11.0,64,297.3,0,308.3,0
41.2,2719.2000000000003,6816.837179269373,1580.0,11.0,66,297.4,0,308.4,0
42.8,2910.3999999999996,6552.692068955542,1462.0,11.100000000000023,68,297.4,0,308.5,0
50.4,3528.0,7526.2506883519945,1426.0,11.0,70,297.4,0,308.4,0
34.2,2462.4,5619.24111576992,1569.0,11.100000000000023,72,297.4,0,308.5,0
40.7,3011.8,6295.112887287715,1477.0,11.100000000000023,74,297.4,0,308.5,0
27.2,2067.2,5015.992494427607,1761.0,11.100000000000023,76,297.4,0,308.5,0
45.9,3580.2,7142.662225348681,1486.0,11.100000000000023,78,297.5,1,308.6,0
30.1,2438.1,5245.035542825327,1664.0,11.0,81,297.6,0,308.6,0
32.7,2714.1000000000004,5396.7535240426905,1576.0,11.0,83,297.6,0,308.6,0
46.7,3969.5000000000005,7154.673581260907,1463.0,11.0,85,297.6,2,308.6,0
42.0,3780.0,6971.194098315751,1585.0,11.0,90,297.6,1,308.6,0
45.7,4250.1,7078.03966446434,1479.0,11.0,93,297.7,0,308.7,0
40.2,3819.0000000000005,6099.904791769158,1449.0,11.0,95,297.7,0,308.7,0
50.3,4879.099999999999,7395.434770256516,1404.0,11.100000000000023,97,297.7,2,308.8,0
29.1,2968.2000000000003,5162.202216525676,1694.0,11.0,102,297.7,0,308.7,0
28.4,2953.6,5148.065049584521,1731.0,11.0,104,297.7,0,308.7,0
37.0,3922.0,5897.1882898085205,1522.0,11.0,106,297.6,0,308.6,0
36.9,3985.2,5935.3481685741235,1536.0,11.0,108,297.5,0,308.5,0
39.9,4389.0,5736.830928793785,1373.0,11.0,110,297.5,0,308.5,0
36.4,4076.7999999999997,6087.443140909917,1597.0,11.0,112,297.5,0,308.5,0
34.2,3898.8,6009.615418904988,1678.0,10.899999999999977,114,297.6,0,308.5,0
42.6,4941.6,6477.461396877579,1452.0,10.899999999999977,116,297.6,0,308.5,0
41.6,4908.8,6303.626603378944,1447.0,11.0,118,297.5,1,308.5,0
37.1,4489.1,6115.1519881145805,1574.0,10.899999999999977,121,297.6,0,308.5,0
40.0,4920.0,6400.471432913605,1528.0,11.0,123,297.6,0,308.6,0
27.2,3400.0,4808.060948662011,1688.0,11.0,125,297.7,0,308.7,0
40.4,5130.8,5893.334602820116,1393.0,11.0,127,297.6,0,308.6,0
50.5,6514.5,7557.048768332687,1429.0,11.100000000000023,129,297.5,1,308.6,0
57.0,7524.0,8040.278078332357,1347.0,11.100000000000023,132,297.5,1,308.6,0
40.5,5467.5,6586.5060778836805,1553.0,11.0,135,297.6,0,308.6,0
53.6,7343.2,7072.353381761342,1260.0,11.100000000000023,137,297.5,0,308.6,0
33.8,4698.2,5472.109859826796,1546.0,11.100000000000023,139,297.5,0,308.6,0
36.0,5076.0,6016.778250155172,1596.0,11.100000000000023,141,297.5,0,308.6,0
57.4,8208.199999999999,8054.62468478375,1340.0,11.0,143,297.5,0,308.5,0
54.8,7946.0,7856.201692783019,1369.0,10.899999999999977,145,297.5,1,308.4,0
52.3,7740.4,8007.144747812496,1462.0,11.0,148,297.5,0,308.5,0
46.2,6930.0,7194.184344867555,1487.0,11.0,150,297.4,2,308.4,0
35.5,5502.5,5613.502473189362,1510.0,11.100000000000023,155,297.5,1,308.6,0
28.0,4424.0,4899.627902538641,1671.0,11.0,158,297.5,2,308.5,0
30.0,4890.0,5064.247357586746,1612.0,11.0,163,297.5,1,308.5,0
39.7,6590.200000000001,6273.4777858799935,1509.0,11.0,166,297.6,1,308.6,0
47.3,7993.7,7008.840850281268,1415.0,11.0,169,297.6,0,308.6,0
14.4,2462.4,2858.346659942137,1895.5,11.0,171,297.6,0,308.6,0
62.4,10795.199999999999,8664.763866012936,1326.0,11.0,173,297.6,0,308.6,0
53.4,9345.0,7772.928543511865,1390.0,11.0,175,297.6,1,308.6,0
41.2,7333.6,6005.719844014536,1392.0,11.099999999999966,178,297.6,1,308.7,0
44.4,8036.4,6439.636621328357,1385.0,11.199999999999989,181,297.6,2,308.8,0
24.5,4557.0,4863.159247818219,1895.5,11.100000000000023,186,297.7,0,308.8,0
46.8,8798.4,7223.903811370513,1474.0,11.0,188,297.7,0,308.7,0
45.6,8664.0,6628.006516837602,1388.0,11.100000000000023,190,297.7,1,308.8,0
27.2,5249.599999999999,4884.967136821889,1715.0,11.199999999999989,193,297.7,0,308.9,0
32.2,6279.000000000001,5563.760589507524,1650.0,11.099999999999966,195,297.8,2,308.9,0
25.6,5120.0,5015.824942819416,1871.0,11.099999999999966,200,297.8,0,308.9,1
64.2,0.0,9432.380614991067,1403.0,11.199999999999989,0,297.8,0,309.0,1
40.4,80.8,6422.169366174398,1518.0,11.099999999999966,2,297.8,0,308.9,0
43.0,172.0,6772.436003098636,1504.0,11.200000000000045,4,297.9,0,309.1,0
56.9,341.4,7984.462448853578,1340.0,11.199999999999989,6,297.8,0,309.0,0
44.7,357.6,6717.196332273016,1435.0,11.200000000000045,8,297.9,2,309.1,0
36.9,479.7,5823.2875586205755,1507.0,11.200000000000045,13,297.9,0,309.1,0
36.1,541.5,5749.96278608579,1521.0,11.200000000000045,15,297.9,0,309.1,0
45.0,765.0,7426.725033086271,1576.0,11.199999999999989,17,297.8,1,309.0,0
36.6,732.0,5913.922506676642,1543.0,11.200000000000045,20,297.9,0,309.1,0
36.6,805.2,6381.517157236946,1665.0,11.199999999999989,22,298.0,0,309.2,0
50.3,1207.1999999999998,7595.596110192233,1442.0,11.200000000000045,24,297.9,0,309.1,0
29.0,754.0,4947.065951607847,1629.0,11.100000000000023,26,297.9,0,309.0,0
47.3,1324.3999999999999,6830.524051263511,1379.0,11.100000000000023,28,297.9,0,309.0,0
40.2,1206.0,6323.020702027105,1502.0,11.100000000000023,30,297.9,0,309.0,0
32.0,1024.0,5344.896301307434,1595.0,11.200000000000045,32,297.9,0,309.1,0
38.5,1309.0,5801.63151326183,1439.0,11.0,34,298.0,1,309.0,0
21.6,799.2,4287.519989913206,1895.5,11.100000000000023,37,297.9,1,309.0,0
35.8,1432.0,5855.886818389326,1562.0,11.100000000000023,40,297.9,0,309.0,0
40.9,1717.8,6553.048116122949,1530.0,11.100000000000023,42,297.9,1,309.0,0
40.6,1827.0,5922.509526596454,1393.0,11.0,45,297.9,0,308.9,0
37.6,1767.2,6032.192998108786,1532.0,11.100000000000023,47,297.9,0,309.0,0
37.7,1847.3000000000002,6344.331172193955,1607.0,10.899999999999977,49,298.0,0,308.9,0
49.0,2499.0,7537.832693268229,1469.0,10.900000000000034,51,297.9,1,308.8,0
37.6,2030.4,6055.817774863781,1538.0,10.900000000000034,54,297.9,1,308.8,0
31.4,1789.8,5303.8671012515515,1613.0,10.900000000000034,57,297.9,0,308.8,0
32.1,1893.9,5385.1296312244085,1602.0,10.900000000000034,59,297.9,1,308.8,0
44.2,2740.4,6498.572899509702,1404.0,10.899999999999977,62,297.8,0,308.7,0
36.9,2361.6,5981.718076141109,1548.0,11.0,64,297.8,0,308.8,0
35.2,2323.2000000000003,5746.685057750546,1559.0,11.0,66,297.8,0,308.8,0
36.1,2454.8,6128.001102067763,1621.0,11.0,68,297.8,0,308.8,0
32.9,2303.0,5440.097030686717,1579.0,11.0,70,297.8,0,308.8,0
44.0,3168.0,7128.064291485001,1547.0,11.0,72,297.9,1,308.9,0
48.6,3645.0,7053.880816958234,1386.0,10.900000000000034,75,297.9,0,308.8,0
40.9,3149.2999999999997,6021.951406058083,1406.0,10.899999999999977,77,298.0,0,308.9,0
55.9,4416.099999999999,8154.39119548625,1393.0,11.0,79,298.0,1,309.0,0
13.9,1139.8,2759.09851202748,1895.5,11.100000000000023,82,297.9,1,309.0,0
49.1,4173.5,7244.711626712791,1409.0,11.0,85,298.0,1,309.0,0
53.9,4743.2,7845.70877332003,1390.0,10.899999999999977,88,298.0,0,308.9,0
32.4,2916.0,5696.712790607443,1679.0,11.0,90,298.0,0,309.0,0
37.1,3413.2000000000003,5858.735195728581,1508.0,10.899999999999977,92,298.0,0,308.9,0
31.7,2979.7999999999997,5580.274894889893,1681.0,10.900000000000034,94,297.9,0,308.8,0
43.7,4195.200000000001,6722.516095833095,1469.0,11.100000000000023,96,297.7,2,308.8,0
49.6,5009.6,7380.815892441812,1421.0,11.0,101,297.8,0,308.8,0
50.2,5170.6,7117.88553128737,1354.0,11.100000000000023,103,297.7,0,308.8,0
57.0,5985.0,8058.185156457819,1350.0,11.100000000000023,105,297.7,1,308.8,0
58.1,6274.8,7799.9671842837615,1282.0,11.099999999999966,108,297.8,0,308.9,0
30.0,3300.0,5262.167694762903,1675.0,11.199999999999989,110,297.8,1,309.0,0
38.5,4350.5,6148.358622463024,1525.0,11.100000000000023,113,297.9,1,309.0,0
43.9,5092.4,6353.326599158733,1382.0,11.100000000000023,116,297.9,0,309.0,0
46.8,5522.4,7106.282582420112,1450.0,11.100000000000023,118,297.9,0,309.0,0
23.6,2832.0,4497.922921899626,1820.0,11.100000000000023,120,298.0,0,309.1,0
23.5,2867.0,4483.785754958472,1822.0,11.100000000000023,122,298.0,0,309.1,0
44.3,5493.2,6833.3724286027655,1473.0,11.100000000000023,124,298.0,0,309.1,0
37.5,4725.0,6173.229564303943,1572.0,11.0,126,298.1,1,309.1,0
17.8,2296.2000000000003,3533.234065761809,1895.5,10.899999999999977,129,298.1,1,309.0,0
22.6,2983.2000000000003,4486.016285742521,1895.5,11.0,132,298.2,0,309.2,0
36.5,4891.0,5882.475164214208,1539.0,10.900000000000034,134,298.2,0,309.1,0
52.0,7072.0,7351.326809400116,1350.0,10.900000000000034,136,298.2,0,309.1,0
45.1,6223.8,6626.173921123008,1403.0,10.800000000000011,138,298.3,0,309.1,0
20.3,2842.0,4029.4748053350963,1895.5,10.800000000000011,140,298.3,0,309.1,0
35.2,4998.400000000001,5868.327525297542,1592.0,10.699999999999989,142,298.2,1,308.9,0
31.6,4582.0,5149.028471331623,1556.0,10.599999999999966,145,298.1,0,308.7,0
25.4,3733.7999999999997,4817.045903651277,1811.0,10.699999999999989,147,298.1,1,308.8,0
41.2,6180.0,6281.844894314055,1456.0,10.600000000000023,150,298.2,1,308.8,0
51.9,7940.7,7804.595797460051,1436.0,10.600000000000023,153,298.2,2,308.8,0
49.6,7836.8,7074.364001059639,1362.0,10.599999999999966,158,298.1,1,308.7,0
29.1,4685.1,5128.681422911874,1683.0,10.599999999999966,161,298.1,0,308.7,0
60.9,9926.699999999999,8092.962587133057,1269.0,10.5,163,298.2,1,308.7,0
49.0,8134.0,7460.8636732552795,1454.0,10.5,166,298.3,0,308.8,0
27.3,4586.400000000001,5051.5867391927795,1767.0,10.5,168,298.3,0,308.8,0
27.3,4641.0,4882.914629621544,1708.0,10.599999999999966,170,298.3,0,308.9,0
27.0,4644.0,5264.680968885775,1862.0,10.599999999999966,172,298.3,0,308.9,0
30.7,5341.8,5449.249537284176,1695.0,10.599999999999966,174,298.3,0,308.9,0
40.6,7145.6,6326.413622092982,1488.0,10.800000000000011,176,298.3,1,309.1,0
32.2,5763.8,5587.364422311495,1657.0,10.699999999999989,179,298.3,0,309.0,0
25.9,4687.9,4944.416541803319,1823.0,10.699999999999989,181,298.3,2,309.0,0
28.8,5356.8,4979.298692233679,1651.0,10.900000000000034,186,298.2,1,309.1,0
36.1,6822.900000000001,5795.327384003627,1533.0,10.899999999999977,189,298.1,1,309.0,0
40.5,7776.0,6395.654324178101,1508.0,10.800000000000011,192,298.2,1,309.0,0
31.1,6064.5,5262.963564901814,1616.0,10.800000000000011,195,298.3,0,309.1,0
31.5,6205.5,5446.107944630586,1651.0,10.800000000000011,197,298.2,0,309.0,0
35.2,7004.8,5783.546411552666,1569.0,10.900000000000034,199,298.2,0,309.1,0
58.7,11798.7,7966.5763146791405,1296.0,10.800000000000011,201,298.3,1,309.1,0
43.2,0.0,6238.449027792468,1379.0,10.699999999999989,0,298.3,2,309.0,0
28.0,140.0,4967.067424835702,1694.0,10.800000000000011,5,298.2,1,309.0,0
57.8,462.4,8334.708141826792,1377.0,10.800000000000011,8,298.2,0,309.0,0
38.4,384.0,5911.2207369945545,1470.0,10.699999999999989,10,298.3,2,309.0,0
47.0,705.0,6910.247200836108,1404.0,10.800000000000011,15,298.3,1,309.1,0
40.1,721.8000000000001,6689.424653215282,1593.0,10.800000000000011,18,298.3,0,309.1,0
36.9,738.0,5896.70657893497,1526.0,10.699999999999989,20,298.3,1,309.0,0
49.7,1143.1000000000001,7234.354842931456,1390.0,10.599999999999966,23,298.3,1,308.9,0
25.5,663.0,4638.40447339265,1737.0,10.699999999999989,26,298.2,0,308.9,0
57.3,1604.3999999999999,8172.601960901558,1362.0,10.600000000000023,28,298.2,0,308.8,0
31.5,945.0,5495.588028924625,1666.0,10.600000000000023,30,298.2,0,308.8,0
60.9,1948.8,8635.044399509976,1354.0,10.600000000000023,32,298.2,0,308.8,0
60.4,2053.6,8235.24531841414,1302.0,10.600000000000023,34,298.2,0,308.8,0
20.5,738.0,4069.174064500959,1895.5,10.5,36,298.2,0,308.7,0
54.1,2055.8,7665.203331420272,1353.0,10.400000000000034,38,298.2,0,308.6,0
35.7,1428.0,5682.512791813218,1520.0,10.5,40,298.2,2,308.7,0
54.9,2470.5,8209.73558606699,1428.0,10.5,45,298.2,0,308.7,0
29.4,1381.8,4941.411084831386,1605.0,10.5,47,298.2,0,308.7,0
30.3,1484.7,5365.557508992543,1691.0,10.599999999999966,49,298.1,0,308.7,0
48.4,2468.4,7334.0271058543485,1447.0,10.5,51,298.2,0,308.7,0
39.9,2114.7,6710.3790762147255,1606.0,10.600000000000023,53,298.2,2,308.8,0
28.2,1635.6,4857.8447202458965,1645.0,10.600000000000023,58,298.2,1,308.8,0
43.3,2641.2999999999997,6665.517133121463,1470.0,10.600000000000023,61,298.2,2,308.8,0
45.0,2970.0,6295.751677793945,1336.0,10.699999999999989,66,298.2,0,308.9,0
44.3,3012.3999999999996,6559.666404646511,1414.0,10.699999999999989,68,298.2,1,308.9,0
27.5,1952.5,5189.38746495474,1802.0,10.699999999999989,71,298.3,1,309.0,0
31.7,2345.7999999999997,5586.91412736448,1683.0,10.699999999999989,74,298.2,0,308.9,0
47.6,3617.6,7028.371084611085,1410.0,10.800000000000011,76,298.2,1,309.0,0
32.0,2528.0,5378.406622945726,1605.0,10.699999999999989,79,298.2,0,308.9,0
28.1,2276.1,5028.946328135909,1709.0,10.699999999999989,81,298.2,0,308.9,0
53.1,4407.3,8029.533831457081,1444.0,10.699999999999989,83,298.2,0,308.9,0
45.0,3825.0,6441.835736185871,1367.0,10.699999999999989,85,298.2,0,308.9,0
44.2,3845.4,6563.373483977748,1418.0,10.800000000000011,87,298.2,0,309.0,0
57.8,5144.2,8189.4408975248,1353.0,10.800000000000011,89,298.2,0,309.0,0
34.1,3103.1,5867.060416260594,1643.0,10.800000000000011,91,298.2,0,309.0,0
38.0,3534.0,5718.326948064141,1437.0,10.800000000000011,93,298.3,0,309.1,0
36.2,3439.0000000000005,5447.4588294716295,1437.0,10.899999999999977,95,298.1,0,309.0,0
47.9,4646.3,7087.715769837396,1413.0,10.800000000000011,97,298.2,1,309.0,0
39.1,3910.0,6240.082655972335,1524.0,10.800000000000011,100,298.2,2,309.0,0
43.4,4557.0,6721.8144734737925,1479.0,10.799999999999955,105,298.1,1,308.9,0
50.6,5464.8,6957.350146688932,1313.0,10.799999999999955,108,298.1,0,308.9,0
50.4,5544.0,7045.964003471187,1335.0,10.799999999999955,110,298.1,1,308.9,0
41.9,4734.7,5998.064829915288,1367.0,10.799999999999955,113,298.1,0,308.9,0
50.3,5784.5,7685.141972795054,1459.0,10.799999999999955,115,298.1,1,308.9,0
25.1,2961.8,4741.7523997202425,1804.0,10.799999999999955,118,298.1,1,308.9,0
38.3,4634.299999999999,5980.053032034706,1491.0,10.800000000000011,121,298.2,0,309.0,0
43.0,5289.0,6921.033335613433,1537.0,10.800000000000011,123,298.3,0,309.1,0
30.2,3775.0,5205.535251194191,1646.0,10.800000000000011,125,298.3,2,309.1,0
28.3,3679.0,5284.0436516074005,1783.0,10.899999999999977,130,298.3,1,309.2,0
49.8,6623.4,7274.986107917884,1395.0,10.800000000000011,133,298.3,0,309.1,0
48.0,6480.0,7152.778153693241,1423.0,10.700000000000045,135,298.4,0,309.1,0
37.6,5151.2,6150.316881883762,1562.0,10.899999999999977,137,298.3,0,309.2,0
40.8,5671.2,6618.204747758401,1549.0,10.900000000000034,139,298.4,0,309.3,0
43.2,6091.200000000001,6966.795868600725,1540.0,11.0,141,298.4,0,309.4,0
33.6,4804.8,5534.732273388354,1573.0,10.899999999999977,143,298.5,2,309.4,0
45.1,6674.8,6697.016835461458,1418.0,10.899999999999977,148,298.5,0,309.4,0
33.7,5055.0,5522.972244888417,1565.0,10.899999999999977,150,298.5,1,309.4,0
41.0,6273.0,6736.517127092593,1569.0,11.0,153,298.5,0,309.5,0
41.2,6386.0,6113.581191787785,1417.0,10.899999999999977,155,298.5,2,309.4,0
38.1,6096.0,5904.937551687375,1480.0,11.0,160,298.5,0,309.5,0
44.5,7209.0,6356.279696253108,1364.0,10.899999999999977,162,298.5,0,309.4,0
21.5,3526.0,4267.670360330274,1895.5,10.899999999999977,164,298.5,0,309.4,0
43.1,7154.6,6359.410816931187,1409.0,10.900000000000034,166,298.4,0,309.3,0
53.5,8988.0,7479.346710033899,1335.0,10.800000000000011,168,298.4,0,309.2,0
38.1,6477.0,6032.611877129265,1512.0,10.800000000000011,170,298.5,1,309.3,0
40.2,6954.6,6091.485323457537,1447.0,10.799999999999955,173,298.6,0,309.4,0
37.6,6580.0,6051.880312071282,1537.0,10.699999999999989,175,298.6,0,309.3,0
40.8,7221.599999999999,6451.574673411998,1510.0,10.699999999999989,177,298.6,1,309.3,0
31.2,5616.0,5479.188915272886,1677.0,10.699999999999989,180,298.6,0,309.3,0
33.7,6133.400000000001,5307.699844288932,1504.0,10.699999999999989,182,298.5,0,309.2,0
19.0,3496.0,3771.4296207569864,1895.5,10.600000000000023,184,298.5,2,309.1,0
41.3,7805.7,6374.940756615431,1474.0,10.600000000000023,189,298.5,0,309.1,0
36.1,6895.1,5697.037421848315,1507.0,10.600000000000023,191,298.4,1,309.0,0
37.9,7352.599999999999,5937.442563676517,1496.0,10.5,194,298.4,0,308.9,0
22.0,4312.0,4366.918508244932,1895.5,10.5,196,298.5,1,309.0,0
40.5,8059.5,6149.66761940202,1450.0,10.5,199,298.5,0,309.0,0
44.8,9004.8,6577.405931163782,1402.0,10.5,201,298.4,0,308.9,0
50.0,10150.0,7859.217621730465,1501.0,10.5,203,298.4,0,308.9,0
31.9,6539.5,5762.466324847078,1725.0,10.399999999999977,205,298.5,0,308.9,0
40.3,8342.099999999999,6330.309196983432,1500.0,10.399999999999977,207,298.5,2,308.9,0
30.8,6529.6,4938.039108716533,1531.0,10.5,212,298.5,2,309.0,0
44.8,9721.599999999999,6840.126852807984,1458.0,10.5,217,298.5,0,309.0,0
37.1,0.0,6126.807296859399,1577.0,10.5,0,298.4,2,308.9,0
46.1,230.5,6579.992509115238,1363.0,10.599999999999966,5,298.3,1,308.9,0
31.8,254.4,5681.130491045638,1706.0,10.599999999999966,8,298.3,2,308.9,0
50.4,655.1999999999999,7341.525040320915,1391.0,10.5,13,298.3,1,308.8,0
33.7,539.2,5702.954088012576,1616.0,10.600000000000023,16,298.2,0,308.8,0
47.0,846.0,7097.276683479821,1442.0,10.600000000000023,18,298.2,0,308.8,0
40.4,808.0,6879.082601712497,1626.0,10.600000000000023,20,298.2,1,308.8,0
42.6,979.8000000000001,6361.473796107043,1426.0,10.5,23,298.2,1,308.7,0
49.1,1276.6000000000001,7383.538606074923,1436.0,10.5,26,298.2,0,308.7,0
36.2,1013.6000000000001,6061.5773613953625,1599.0,10.5,28,298.2,1,308.7,0
17.8,551.8000000000001,3533.234065761809,1895.5,10.5,31,298.2,0,308.7,0
30.4,1003.1999999999999,5236.825514023945,1645.0,10.5,33,298.3,0,308.8,0
27.9,976.5,5200.592478752544,1780.0,10.5,35,298.2,0,308.7,0
44.3,1639.1,6239.569529172247,1345.0,10.600000000000023,37,298.2,0,308.8,0
31.9,1244.1,5368.2802226256545,1607.0,10.600000000000023,39,298.2,1,308.8,0
28.0,1176.0,5008.117568842608,1708.0,10.599999999999966,42,298.3,0,308.9,0
52.7,2318.8,7008.788490403708,1270.0,10.599999999999966,44,298.3,0,308.9,0
25.4,1168.3999999999999,4378.165409944782,1646.0,10.599999999999966,46,298.3,1,308.9,0
45.1,2209.9,6645.065364946595,1407.0,10.5,49,298.2,0,308.7,0
47.4,2417.4,7847.63561681423,1581.0,10.599999999999966,51,298.1,1,308.7,0
42.6,2300.4,6834.346322325379,1532.0,10.600000000000023,54,298.0,0,308.6,0
33.1,1853.6000000000001,5580.620470081789,1610.0,10.600000000000023,56,298.0,0,308.6,0
33.0,1914.0,5812.574727671835,1682.0,10.5,58,298.0,1,308.5,0
34.3,2092.2999999999997,5456.0772653179765,1519.0,10.600000000000023,61,297.9,0,308.5,0
28.5,1795.5,5022.93541419204,1683.0,10.600000000000023,63,297.9,0,308.5,0
55.8,3627.0,7327.576368938976,1254.0,10.600000000000023,65,298.0,1,308.6,0
48.0,3264.0,7343.7869870315,1461.0,10.5,68,298.0,0,308.5,0
45.1,3157.0,6952.0513270798765,1472.0,10.600000000000023,70,297.9,0,308.5,0
38.6,2779.2000000000003,6103.695646904489,1510.0,10.699999999999989,72,297.7,0,308.4,0
36.8,2723.2,5961.653771060182,1547.0,10.600000000000023,74,297.7,1,308.3,0
51.9,3996.2999999999997,7706.766602227264,1418.0,10.699999999999989,77,297.7,2,308.4,0
51.3,4206.599999999999,6924.667111116086,1289.0,10.699999999999989,82,297.7,0,308.4,0
41.4,3477.6,6446.73662072547,1487.0,10.699999999999989,84,297.7,0,308.4,0
45.5,3913.0,6923.180090593387,1453.0,10.800000000000011,86,297.7,0,308.5,0
44.7,3933.6000000000004,6862.3064969423285,1466.0,10.699999999999989,88,297.8,1,308.5,0
49.5,4504.5,6676.512707409028,1288.0,10.699999999999989,91,297.7,2,308.4,0
27.7,2659.2,5041.481282823732,1738.0,10.699999999999989,96,297.7,2,308.4,0
41.0,4141.0,6388.742820340203,1488.0,10.600000000000023,101,297.7,2,308.3,0
28.8,3052.8,5476.926968562302,1816.0,10.699999999999989,106,297.6,0,308.3,0
48.5,5238.0,7206.970626967664,1419.0,10.699999999999989,108,297.5,0,308.2,0
45.7,5027.0,6867.469180869728,1435.0,10.700000000000045,110,297.4,0,308.1,0
42.4,4748.8,6571.374073268889,1480.0,10.600000000000023,112,297.5,1,308.1,0
33.6,3864.0,5664.9198729531145,1610.0,10.699999999999989,115,297.5,0,308.2,0
38.2,4469.400000000001,6192.456111343913,1548.0,10.600000000000023,117,297.5,2,308.1,0
57.4,7002.8,8289.05032859462,1379.0,10.5,122,297.6,1,308.1,0
23.5,2937.5,4664.662951988905,1895.5,10.600000000000023,125,297.5,1,308.1,0
16.7,2137.6,3314.8881403495616,1895.5,10.5,128,297.5,1,308.0,0
52.0,6812.0,7569.143900049008,1390.0,10.5,131,297.4,2,307.9,0
37.9,5154.4,6127.948742190202,1544.0,10.399999999999977,136,297.5,1,307.9,0
57.4,7978.599999999999,7561.729741386535,1258.0,10.399999999999977,139,297.6,0,308.0,0
39.0,5499.0,6371.1499014801,1560.0,10.5,141,297.5,1,308.0,0
18.5,2664.0,3672.181472842329,1895.5,10.599999999999966,144,297.6,2,308.2,0
46.3,6898.7,6967.329939351835,1437.0,10.5,149,297.6,0,308.1,0
43.0,6493.0,6704.891761046456,1489.0,10.5,151,297.7,2,308.2,0
53.0,8268.0,7403.896126470185,1334.0,10.5,156,297.7,0,308.2,0
39.9,6304.2,6267.477343911637,1500.0,10.5,158,297.7,0,308.2,0
47.3,7568.0,7419.96013690554,1498.0,10.5,160,297.8,0,308.3,0
53.4,8650.8,7661.08784504407,1370.0,10.5,162,297.7,1,308.2,0
40.1,6616.5,6408.074087135292,1526.0,10.5,165,297.7,2,308.2,0
44.8,7615.999999999999,6929.264308365838,1477.0,10.5,170,297.8,0,308.3,0
43.9,7550.8,6647.54722314293,1446.0,10.5,172,297.7,0,308.2,0
25.6,4454.400000000001,4611.020257428859,1720.0,10.5,174,297.7,1,308.2,0
30.7,5433.9,5574.630500088943,1734.0,10.400000000000034,177,297.7,0,308.1,0
29.1,5208.900000000001,5171.344251147622,1697.0,10.400000000000034,179,297.7,0,308.1,0
19.3,3493.3,3830.9785095057814,1895.5,10.5,181,297.7,0,308.2,0
48.8,8930.4,7507.066029214073,1469.0,10.400000000000034,183,297.7,1,308.1,0
15.6,2901.6,3096.5422149373153,1895.5,10.400000000000034,186,297.7,1,308.1,0
50.1,9468.9,7528.669714695259,1435.0,10.5,189,297.8,0,308.3,0
34.5,6589.5,5914.205250015465,1637.0,10.5,191,297.9,2,308.4,0
28.3,5546.8,4931.378932290922,1664.0,10.5,196,298.0,0,308.5,0
31.0,6138.0,5408.356472909948,1666.0,10.5,198,298.0,1,308.5,0
46.6,9366.6,6851.436586360908,1404.0,10.5,201,298.0,0,308.5,0
26.7,5420.099999999999,4758.821719804747,1702.0,10.5,203,298.0,0,308.5,0
44.9,9204.5,6766.058570011849,1439.0,10.5,205,298.1,0,308.6,0
53.9,11157.3,7642.510560485841,1354.0,10.5,207,298.1,0,308.6,1
44.2,0.0,6299.5425329292775,1361.0,10.5,0,298.2,1,308.7,0
45.9,137.7,7032.109579868857,1463.0,10.399999999999977,3,298.1,1,308.5,0
43.8,262.79999999999995,6948.888790475263,1515.0,10.299999999999955,6,298.1,2,308.4,0
46.2,508.20000000000005,6928.0914471085,1432.0,10.399999999999977,11,298.0,0,308.4,0
22.0,286.0,4366.918508244932,1895.5,10.399999999999977,13,298.0,0,308.4,0
42.0,630.0,6474.194140517845,1472.0,10.399999999999977,15,298.0,0,308.4,0
54.5,926.5,7887.387235857654,1382.0,10.399999999999977,17,298.1,1,308.5,0
29.6,592.0,5161.008411317312,1665.0,10.399999999999977,20,298.1,0,308.5,0
30.5,671.0,5353.064442206768,1676.0,10.399999999999977,22,298.1,0,308.5,0
33.0,792.0,5477.366791533804,1585.0,10.5,24,298.0,1,308.5,0
46.3,1250.1,6860.662396786949,1415.0,10.5,27,298.1,1,308.6,0
55.7,1671.0,7821.905972981331,1341.0,10.599999999999966,30,298.1,0,308.7,0
34.8,1113.6,5612.141116372805,1540.0,10.600000000000023,32,298.2,0,308.8,0
28.4,965.5999999999999,5463.313400396745,1837.0,10.600000000000023,34,298.2,2,308.8,0
36.0,1404.0,5647.326954093011,1498.0,10.600000000000023,39,298.2,0,308.8,0
28.8,1180.8,5039.617271182603,1671.0,10.599999999999966,41,298.1,0,308.7,0
57.0,2451.0,8535.707239803467,1430.0,10.600000000000023,43,298.0,0,308.6,0
40.1,1804.5,6798.605469903039,1619.0,10.699999999999989,45,298.0,0,308.7,0
51.9,2439.2999999999997,7771.986065715789,1430.0,10.699999999999989,47,298.0,1,308.7,0
33.3,1664.9999999999998,5670.134916758073,1626.0,10.600000000000023,50,298.0,0,308.6,0
49.3,2563.6,7449.7529072370835,1443.0,10.699999999999989,52,298.0,0,308.7,0
42.5,2295.0,6591.3231866191845,1481.0,10.600000000000023,54,298.0,0,308.6,0
43.0,2408.0,6876.00384091198,1527.0,10.599999999999966,56,298.1,1,308.7,0
56.8,3351.2,7821.7279493976275,1315.0,10.599999999999966,59,298.1,1,308.7,0
48.2,2988.4,7233.056317967972,1433.0,10.699999999999989,62,298.1,1,308.8,0
53.5,3477.5,7720.254506686677,1378.0,10.699999999999989,65,298.1,1,308.8,0
43.4,2951.2,6508.20711698071,1432.0,10.699999999999989,68,298.1,0,308.8,0
47.9,3353.0,6992.410320702993,1394.0,10.699999999999989,70,298.1,1,308.8,0
53.8,3927.3999999999996,7949.465106692589,1411.0,10.800000000000011,73,298.0,2,308.8,0
15.9,1240.2,3156.09110368611,1895.5,10.799999999999955,78,298.1,0,308.9,0
45.8,3664.0,6935.254278358684,1446.0,10.800000000000011,80,298.2,1,309.0,0
53.5,4440.5,7776.279575675695,1388.0,10.799999999999955,83,298.1,2,308.9,0
51.7,4549.6,7162.737002405121,1323.0,10.799999999999955,88,298.1,1,308.9,0
29.3,2666.3,5461.554108510735,1780.0,10.800000000000011,91,298.2,0,309.0,0
41.8,3887.3999999999996,6277.02778557855,1434.0,10.699999999999989,93,298.1,1,308.8,0
42.6,4089.6000000000004,6664.825982737674,1494.0,10.699999999999989,96,298.0,1,308.7,0
39.6,3920.4,6369.641937006378,1536.0,10.699999999999989,99,298.0,2,308.7,0
53.4,5553.599999999999,7784.112613358646,1392.0,10.699999999999989,104,298.0,1,308.7,0
56.8,6077.599999999999,8089.391643483477,1360.0,10.800000000000011,107,298.2,2,309.0,0
35.4,3964.7999999999997,5868.306581346517,1583.0,10.800000000000011,112,298.4,0,309.2,0
20.2,2302.7999999999997,4009.6251757521645,1895.5,10.699999999999989,114,298.5,0,309.2,0
33.3,3862.7999999999997,5684.083588140012,1630.0,10.800000000000011,116,298.5,0,309.3,0
26.7,3150.6,4730.861545187798,1692.0,10.800000000000011,118,298.5,1,309.3,0
40.6,4912.6,6024.548455985051,1417.0,10.700000000000045,121,298.4,0,309.1,0
36.1,4440.3,5969.225009355334,1579.0,10.700000000000045,123,298.4,0,309.1,0
45.2,5650.0,6621.9327710406615,1399.0,10.800000000000011,125,298.4,1,309.2,0
46.4,5939.2,6870.621245498828,1414.0,10.800000000000011,128,298.4,1,309.2,0
40.1,5253.1,6592.84162306842,1570.0,10.800000000000011,131,298.5,0,309.3,0
36.8,4894.4,5980.9222060022,1552.0,10.800000000000011,133,298.5,1,309.3,0
48.2,6555.200000000001,7268.388763345345,1440.0,10.799999999999955,136,298.6,0,309.4,0
43.8,6044.4,6696.618900392002,1460.0,10.799999999999955,138,298.6,1,309.4,0
48.0,6768.0,7394.052469488936,1471.0,10.799999999999955,141,298.6,0,309.4,0
27.6,3946.8,4919.231440697042,1702.0,10.699999999999989,143,298.6,0,309.3,0
55.4,8033.0,7977.027346240083,1375.0,10.799999999999955,145,298.6,0,309.4,0
33.2,4880.400000000001,5903.429587213653,1698.0,10.799999999999955,147,298.6,0,309.4,0
47.1,7017.900000000001,7097.580370769669,1439.0,10.799999999999955,149,298.6,2,309.4,0
27.5,4235.0,5108.753253512602,1774.0,10.799999999999955,154,298.6,1,309.4,0
48.3,7583.099999999999,6954.700736884404,1375.0,10.699999999999989,157,298.7,1,309.4,0
40.0,6400.0,6056.990636121121,1446.0,10.800000000000011,160,298.7,0,309.5,0
46.8,7581.599999999999,7130.787005118112,1455.0,10.900000000000034,162,298.7,1,309.6,0
41.9,6913.5,6682.555037279432,1523.0,10.800000000000011,165,298.8,0,309.6,0
31.9,5327.3,5652.227838632612,1692.0,10.800000000000011,167,298.8,1,309.6,0
33.3,5660.999999999999,5903.775162405546,1693.0,10.800000000000011,170,298.8,1,309.6,0
24.0,4152.0,4750.0880922277665,1890.0,10.800000000000011,173,298.8,0,309.6,0
33.5,5862.5,5612.978874413763,1600.0,10.700000000000045,175,298.9,2,309.6,0
43.8,7883.999999999999,6577.364043261734,1434.0,10.700000000000045,180,298.9,1,309.6,0
50.9,9314.699999999999,7275.771506081281,1365.0,10.700000000000045,183,298.9,0,309.6,0
57.4,10619.0,7868.286352523827,1309.0,10.800000000000011,185,298.8,2,309.6,0
35.3,6706.999999999999,5714.954971949288,1546.0,10.700000000000045,190,298.9,2,309.6,0
33.7,6571.500000000001,5868.819708146605,1663.0,10.700000000000045,195,298.9,0,309.6,0
34.2,6737.400000000001,5690.869428271767,1589.0,10.700000000000045,197,298.9,0,309.6,0
46.0,9154.0,7090.7840586624025,1472.0,10.700000000000045,199,298.9,1,309.6,0
39.8,8039.599999999999,6597.700619705972,1583.0,10.700000000000045,202,298.9,0,309.6,0
34.5,7038.0,5661.3070414014865,1567.0,10.700000000000045,204,298.9,1,309.6,0
41.9,8673.3,6173.575139495838,1407.0,10.800000000000011,207,298.9,0,309.7,0
44.7,9342.300000000001,6637.619790357587,1418.0,10.699999999999989,209,299.0,1,309.7,0
40.7,8628.400000000001,6346.258015688158,1489.0,10.699999999999989,212,299.0,1,309.7,0
36.6,7869.0,6078.730457283963,1586.0,10.799999999999955,215,299.1,0,309.9,0
55.4,12021.8,8110.461258213553,1398.0,10.699999999999989,217,299.1,0,309.8,1
41.4,9066.6,6572.463158722134,1516.0,10.699999999999989,219,299.2,0,309.9,0
44.8,9900.8,6441.354025312319,1373.0,10.699999999999989,221,299.3,2,310.0,0
50.4,11390.4,7119.854262683619,1349.0,10.800000000000011,226,299.2,1,310.0,0
40.3,0.0,6089.757447498062,1443.0,10.799999999999955,0,299.1,2,309.9,0
36.1,180.5,5829.3508324420045,1542.0,10.900000000000034,5,299.2,2,310.1,0
37.7,377.0,6056.13193412914,1534.0,10.900000000000034,10,299.2,0,310.1,0
30.6,367.20000000000005,5437.908387804717,1697.0,11.0,12,299.2,0,310.2,0
47.4,663.6,6929.348084169934,1396.0,11.0,14,299.3,0,310.3,0
49.2,787.2,7702.556868071454,1495.0,10.899999999999977,16,299.3,0,310.2,0
44.8,806.4,7276.4312405385335,1551.0,11.100000000000023,18,299.2,1,310.3,0
47.0,987.0,7087.433026498573,1440.0,11.100000000000023,21,299.2,0,310.3,0
40.1,922.3000000000001,6000.745655646352,1429.0,11.100000000000023,23,299.2,0,310.3,0
41.6,1040.0,6743.617126489707,1548.0,11.099999999999966,25,299.3,2,310.4,0
38.8,1164.0,6115.005380457412,1505.0,11.199999999999989,30,299.3,0,310.5,0
36.4,1164.8,6140.808328118896,1611.0,11.199999999999989,32,299.2,0,310.4,0
39.8,1353.1999999999998,6260.105073151213,1502.0,11.199999999999989,34,299.2,1,310.4,0
43.3,1602.1,6819.685556608627,1504.0,11.199999999999989,37,299.2,1,310.4,0
40.7,1628.0,6175.774254353351,1449.0,11.199999999999989,40,299.1,0,310.3,0
37.8,1587.6,6234.4906210489435,1575.0,11.199999999999989,42,299.0,0,310.2,0
33.4,1469.6,5589.228433952624,1598.0,11.199999999999989,44,299.0,1,310.2,0
45.9,2157.2999999999997,6806.197652149215,1416.0,11.100000000000023,47,299.0,0,310.1,0
28.8,1411.2,5072.792489604511,1682.0,11.199999999999989,49,299.0,0,310.2,0
54.5,2779.5,7653.390943042774,1341.0,11.200000000000045,51,298.9,0,310.1,0
39.1,2072.3,6235.988113547156,1523.0,11.200000000000045,53,298.9,0,310.1,0
41.9,2304.5,6932.657228431716,1580.0,11.100000000000023,55,299.0,0,310.1,0
36.0,2052.0,5771.734023175168,1531.0,11.100000000000023,57,299.0,0,310.1,0
48.9,2885.1,7041.094534858124,1375.0,11.100000000000023,59,299.0,0,310.1,0
40.4,2464.4,6278.326310542034,1484.0,11.200000000000045,61,298.9,1,310.1,0
32.3,2067.2,5604.7164857348225,1657.0,11.199999999999989,64,299.0,1,310.2,0
40.6,2720.2000000000003,6351.92335444013,1494.0,11.199999999999989,67,299.0,0,310.2,0
27.6,1904.4,4792.059770079727,1658.0,11.300000000000011,69,299.0,2,310.3,0
42.1,3115.4,6220.678085348661,1411.0,11.199999999999989,74,299.1,0,310.3,0
55.4,4210.4,8093.056834912666,1395.0,11.199999999999989,76,299.2,1,310.4,0
43.9,3468.1,7125.6557371172485,1550.0,11.299999999999955,79,299.1,0,310.4,0
59.0,4779.0,7618.048025689889,1233.0,11.199999999999989,81,299.1,1,310.3,0
46.7,3922.8,7135.111931004554,1459.0,11.199999999999989,84,299.1,0,310.3,0
53.6,4609.6,7886.2353185513375,1405.0,11.299999999999955,86,299.1,2,310.4,0
44.1,4013.1,6733.24987073286,1458.0,11.300000000000011,91,299.2,0,310.5,0
48.7,4529.1,7058.195270869164,1384.0,11.300000000000011,93,299.2,0,310.5,0
29.5,2802.5,5267.1418831310875,1705.0,11.300000000000011,95,299.2,0,310.5,0
45.7,4432.900000000001,6905.754723341476,1443.0,11.300000000000011,97,299.3,0,310.6,0
31.4,3108.6,5290.7143000085225,1609.0,11.300000000000011,99,299.3,1,310.6,0
26.0,2652.0,4949.893384996078,1818.0,11.199999999999989,102,299.3,0,310.5,0
42.1,4378.400000000001,6423.478363113394,1457.0,11.300000000000011,104,299.3,1,310.6,0
45.1,4825.7,6989.8342147270505,1480.0,11.300000000000011,107,299.3,0,310.6,0
47.7,5199.3,7113.068422551866,1424.0,11.400000000000034,109,299.4,0,310.8,0
40.2,4462.200000000001,6853.447205659206,1628.0,11.400000000000034,111,299.4,1,310.8,0
31.3,3568.2000000000003,5749.135500020346,1754.0,11.300000000000011,114,299.5,1,310.8,0
28.5,3334.5,5121.42434388208,1716.0,11.299999999999955,117,299.6,0,310.9,0
48.7,5795.3,7027.5961584232,1378.0,11.399999999999977,119,299.5,1,310.9,0
31.0,3782.0,5544.701594075746,1708.0,11.399999999999977,122,299.6,0,311.0,0
38.3,4749.2,5735.396268148645,1430.0,11.399999999999977,124,299.6,0,311.0,0
43.9,5531.4,7171.62770961478,1560.0,11.5,126,299.7,1,311.2,0
30.7,3960.2999999999997,5397.811193569398,1679.0,11.5,129,299.6,0,311.1,0
37.2,4873.200000000001,5925.169408376493,1521.0,11.5,131,299.6,0,311.1,0
33.8,4495.4,5836.68121530038,1649.0,11.5,133,299.6,1,311.1,0
43.3,5888.799999999999,6579.364190584519,1451.0,11.5,136,299.5,1,311.0,0
48.9,6797.099999999999,7123.027271263744,1391.0,11.400000000000034,139,299.4,0,310.8,0
40.9,5766.9,6523.0668502321905,1523.0,11.5,141,299.3,1,310.8,0
39.2,5644.8,6136.996529032542,1495.0,11.399999999999977,144,299.3,0,310.7,0
45.5,6643.0,6861.238355440108,1440.0,11.399999999999977,146,299.3,1,310.7,0
31.4,4678.599999999999,5211.797492550347,1585.0,11.400000000000034,149,299.4,2,310.8,0
48.3,7438.2,6949.6427727121245,1374.0,11.300000000000011,154,299.5,0,310.8,0
40.2,6271.200000000001,6344.069372806156,1507.0,11.300000000000011,156,299.5,1,310.8,0
34.6,5501.400000000001,5713.94966230014,1577.0,11.399999999999977,159,299.5,1,310.9,0
38.5,6237.0,6031.439015871924,1496.0,11.399999999999977,162,299.5,0,310.9,0
42.5,6970.0,6618.026724174698,1487.0,11.299999999999955,164,299.6,0,310.9,0
26.3,4365.8,5103.4020740259875,1853.0,11.299999999999955,166,299.6,0,310.9,0
50.1,8416.800000000001,7528.669714695259,1435.0,11.300000000000011,168,299.7,1,311.0,0
25.5,4360.5,4707.833671036984,1763.0,11.300000000000011,171,299.8,1,311.1,0
24.9,4332.599999999999,4745.6898625127415,1820.0,11.300000000000011,174,299.8,0,311.1,0
38.1,6705.6,5976.754359748438,1498.0,11.300000000000011,176,299.8,1,311.1,0
35.1,6282.900000000001,5892.088437734193,1603.0,11.300000000000011,179,299.8,0,311.1,0
42.5,7692.5,6284.232504730782,1412.0,11.300000000000011,181,299.8,0,311.1,0
38.0,6954.0,6319.208902940749,1588.0,11.300000000000011,183,299.8,0,311.1,0
20.0,3700.0,3969.925916586302,1895.5,11.199999999999989,185,299.8,1,311.0,0
48.2,9061.6,6985.72920032636,1384.0,11.199999999999989,188,299.7,0,310.9,0
36.0,6840.0,5990.388871865017,1589.0,11.100000000000023,190,299.7,0,310.8,0
47.6,9139.2,7003.447782892606,1405.0,11.100000000000023,192,299.7,1,310.8,0
40.1,7819.5,6261.09991082485,1491.0,11.199999999999989,195,299.7,0,310.9,0
46.6,9180.2,6919.755754600974,1418.0,11.100000000000023,197,299.7,2,310.8,0
35.4,7150.799999999999,5942.448167971237,1603.0,11.199999999999989,202,299.6,1,310.8,0
23.3,4776.5,4624.963692823042,1895.5,11.099999999999966,205,299.6,0,310.7,1
49.5,0.0,7070.468426169188,1364.0,11.199999999999989,0,299.5,1,310.7,0
41.2,123.60000000000001,6691.718015852403,1551.0,11.300000000000011,3,299.4,0,310.7,0
33.5,167.5,5574.3896446521685,1589.0,11.199999999999989,5,299.5,0,310.7,0
56.5,395.5,8419.415951743085,1423.0,11.199999999999989,7,299.5,1,310.7,0
53.1,531.0,7884.957737538878,1418.0,11.200000000000045,10,299.4,0,310.6,0
47.5,570.0,6983.76046893011,1404.0,11.199999999999989,12,299.3,1,310.5,0
59.8,897.0,8021.931177235393,1281.0,11.199999999999989,15,299.3,0,310.5,0
41.3,702.0999999999999,6612.8116803697385,1529.0,11.199999999999989,17,299.3,0,310.5,0
42.1,799.9,6890.800742310388,1563.0,11.199999999999989,19,299.3,1,310.5,0
54.5,1199.0,7693.341529620924,1348.0,11.200000000000045,22,299.4,0,310.6,0
40.5,972.0,6200.561420390174,1462.0,11.199999999999989,24,299.3,1,310.5,0
45.5,1228.5,7194.770775496224,1510.0,11.099999999999966,27,299.3,2,310.4,0
43.3,1385.6,6674.585863914826,1472.0,11.199999999999989,32,299.2,0,310.4,0
52.0,1768.0,7215.191127744558,1325.0,11.199999999999989,34,299.2,1,310.4,0
37.3,1380.1,6132.493579562395,1570.0,11.199999999999989,37,299.2,0,310.4,0
46.8,1825.1999999999998,6758.319780108506,1379.0,11.199999999999989,39,299.2,0,310.4,0
52.8,2164.7999999999997,7475.482551069983,1352.0,11.099999999999966,41,299.1,0,310.2,0
28.7,1234.1,5190.424190530424,1727.0,11.199999999999989,43,299.1,0,310.3,0
50.0,2250.0,7497.934466567639,1432.0,11.100000000000023,45,299.0,2,310.1,0
43.4,2170.0,6662.731587635281,1466.0,11.200000000000045,50,298.9,0,310.1,0
38.0,1976.0,6008.819548766078,1510.0,11.200000000000045,52,298.9,0,310.1,0
41.1,2219.4,6412.933083772845,1490.0,11.199999999999989,54,299.0,0,310.2,0
37.4,2094.4,5729.867065078327,1463.0,11.100000000000023,56,299.0,0,310.1,0
45.3,2627.3999999999996,7405.079459703035,1561.0,11.100000000000023,58,298.9,1,310.0,0
18.0,1098.0,3572.9333249276715,1895.5,11.200000000000045,61,298.9,0,310.1,0
32.5,2047.5,5802.783430568147,1705.0,11.300000000000011,63,298.9,0,310.2,0
40.2,2613.0,6520.87820735019,1549.0,11.200000000000045,65,298.9,1,310.1,0
38.0,2584.0,6514.197086973555,1637.0,11.199999999999989,68,299.0,2,310.2,0
37.9,2766.7,5889.816019048096,1484.0,11.200000000000045,73,298.9,1,310.1,0
44.4,3374.4,6514.029535365364,1401.0,11.200000000000045,76,298.9,0,310.1,0
36.8,2870.3999999999996,6054.142258781866,1571.0,11.200000000000045,78,298.9,0,310.1,0
41.5,3320.0,6575.3010640858765,1513.0,11.200000000000045,80,298.9,1,310.1,0
40.3,3344.8999999999996,6203.703013043763,1470.0,11.100000000000023,83,299.0,0,310.1,0
41.3,3510.4999999999995,6509.013459095131,1505.0,11.100000000000023,85,299.0,0,310.1,0
42.2,3671.4,6328.2566897830875,1432.0,11.199999999999989,87,299.0,0,310.2,0
31.8,2830.2000000000003,5411.393345808418,1625.0,11.199999999999989,89,299.0,1,310.2,0
62.5,5750.0,9012.443924985719,1377.0,11.199999999999989,92,299.0,0,310.2,1
43.9,4126.599999999999,6624.561236894165,1441.0,11.199999999999989,94,299.1,1,310.3,0
39.9,3870.2999999999997,6534.8897105852,1564.0,11.199999999999989,97,299.0,1,310.2,0
37.3,3729.9999999999995,6171.554048222028,1580.0,11.200000000000045,100,298.9,0,310.1,0
35.3,3600.6,5604.056751277568,1516.0,11.199999999999989,102,299.0,0,310.2,0
42.8,4451.2,6485.461986168721,1447.0,11.100000000000023,104,299.0,0,310.1,0
52.9,5607.4,7328.990085633091,1323.0,11.100000000000023,106,298.9,1,310.0,0
45.9,5003.099999999999,7065.756037188803,1470.0,11.100000000000023,109,298.9,0,310.0,0
19.5,2164.5,3870.677768671644,1895.5,11.0,111,299.0,1,310.0,0
27.2,3100.7999999999997,5109.988946623013,1794.0,11.100000000000023,114,298.9,0,310.0,0
47.8,5544.799999999999,6787.599423639963,1356.0,11.200000000000045,116,298.9,0,310.1,0
38.6,4554.8,6285.593861547338,1555.0,11.100000000000023,118,299.0,2,310.1,0
47.5,5842.5,7396.618103489368,1487.0,11.100000000000023,123,299.0,1,310.1,0
58.9,7421.4,8271.279386150814,1341.0,11.0,126,299.0,1,310.0,0
36.6,4721.400000000001,5699.288896583387,1487.0,11.100000000000023,129,298.9,1,310.0,0
34.3,4527.599999999999,5635.671645348193,1569.0,11.0,132,299.0,2,310.0,0
19.7,2698.9,3910.377027837507,1895.5,11.100000000000023,137,299.0,2,310.1,0
35.8,5083.599999999999,5934.615130288285,1583.0,11.100000000000023,142,299.0,0,310.1,0
33.2,4780.8,5813.035494594362,1672.0,11.0,144,299.0,0,310.0,0
57.4,8380.4,8036.5919429521455,1337.0,11.0,146,299.0,1,310.0,0
41.2,6138.8,6130.839007431506,1421.0,11.0,149,299.1,2,310.1,0
52.7,8115.8,7864.1918100986495,1425.0,11.099999999999966,154,299.1,0,310.2,0
33.2,5179.200000000001,5594.003654786082,1609.0,11.0,156,299.2,0,310.2,0
41.3,6525.4,6517.663310868016,1507.0,11.100000000000023,158,299.2,0,310.3,0
38.9,6224.0,5959.674567688421,1463.0,11.100000000000023,160,299.2,0,310.3,0
44.9,7273.8,6549.770387787704,1393.0,11.099999999999966,162,299.3,2,310.4,0
26.8,4475.6,4841.194279181871,1725.0,11.099999999999966,167,299.3,0,310.4,0
36.1,6100.900000000001,5723.500103967052,1514.0,11.100000000000023,169,299.4,0,310.5,0
53.9,9216.9,7704.598903296288,1365.0,11.099999999999966,171,299.3,0,310.4,0
46.3,8009.9,6652.175836319219,1372.0,11.100000000000023,173,299.4,0,310.5,0
40.6,7105.0,6415.697685308003,1509.0,11.0,175,299.4,0,310.4,0
32.6,5770.2,5561.18448353158,1629.0,11.099999999999966,177,299.3,0,310.4,0
28.1,5029.900000000001,5146.651332890407,1749.0,11.100000000000023,179,299.4,0,310.5,0
31.7,5737.7,5251.6328873978655,1582.0,11.0,181,299.4,0,310.4,0
47.0,8601.0,7176.025939329805,1458.0,11.0,183,299.2,0,310.2,0
41.2,7622.000000000001,6109.266737876856,1416.0,11.0,185,299.1,0,310.1,0
33.1,6189.7,5743.532993121444,1657.0,10.899999999999977,187,299.1,2,310.0,0
41.1,7891.200000000001,6184.82204119569,1437.0,10.899999999999977,192,299.1,1,310.0,0
36.0,7020.0,5956.459671206248,1580.0,10.899999999999977,195,299.1,1,310.0,0
46.3,9167.4,7214.604697115888,1488.0,11.0,198,299.0,1,310.0,0
55.7,11195.7,8008.558464506613,1373.0,10.899999999999977,201,299.0,0,309.9,1
56.3,11428.9,8059.452265494766,1367.0,10.899999999999977,203,299.1,0,310.0,1
49.5,10147.5,7417.77149402354,1431.0,10.899999999999977,205,299.1,2,310.0,0
33.0,6930.0,5608.685364453858,1623.0,11.100000000000023,210,299.0,0,310.1,0
39.6,8395.2,6154.003017263974,1484.0,11.0,212,299.0,0,310.0,0
34.5,7383.0,5592.66324192055,1548.0,10.899999999999977,214,299.0,0,309.9,0
61.9,13370.4,8342.530707534232,1287.0,10.900000000000034,216,298.9,0,309.8,1
43.1,9395.800000000001,6282.682652355012,1392.0,10.900000000000034,218,298.9,1,309.8,0
44.9,9922.9,6855.394993104431,1458.0,11.0,221,299.0,2,310.0,0
30.9,6983.4,5080.269480120054,1570.0,11.0,226,299.1,1,310.1,0
48.8,11175.199999999999,7333.315011519534,1435.0,11.0,229,299.1,0,310.1,1
54.8,12658.8,7557.792278594035,1317.0,11.099999999999966,231,299.1,0,310.2,1
33.3,7758.9,5614.340231230318,1610.0,11.100000000000023,233,299.2,0,310.3,0
24.0,5640.0,4619.397837838432,1838.0,11.199999999999989,235,299.1,1,310.3,0
48.9,11638.199999999999,6923.316226275042,1352.0,11.100000000000023,238,299.2,0,310.3,1
35.2,8448.0,5967.8531805632665,1619.0,11.199999999999989,240,299.1,0,310.3,0
31.1,7526.200000000001,5272.733918054477,1619.0,11.199999999999989,242,299.1,0,310.3,0
30.7,7490.8,5433.175054873308,1690.0,11.199999999999989,244,299.0,0,310.2,0
44.1,10848.6,6520.815375497118,1412.0,11.199999999999989,246,299.0,0,310.2,0
31.5,0.0,5752.884467253629,1744.0,11.199999999999989,0,299.0,2,310.2,0
35.4,177.0,5905.377374658877,1593.0,11.100000000000023,5,299.0,1,310.1,0
29.6,236.8,5253.999553863569,1695.0,11.099999999999966,8,299.1,0,310.2,0
57.2,572.0,7774.981050712212,1298.0,11.199999999999989,10,299.0,1,310.2,0
21.2,275.59999999999997,4187.03091290038,1886.0,11.100000000000023,13,299.0,0,310.1,0
19.3,289.5,3830.9785095057814,1895.5,11.100000000000023,15,299.0,0,310.1,0
28.1,477.70000000000005,5034.831578373634,1711.0,11.099999999999966,17,299.1,1,310.2,0
33.4,668.0,5589.228433952624,1598.0,11.099999999999966,20,299.1,0,310.2,0
24.2,532.4,4799.809031958581,1894.0,11.0,22,299.1,0,310.1,0
44.4,1065.6,6565.174663765805,1412.0,11.0,24,299.1,1,310.1,0
46.6,1258.2,6802.637180475146,1394.0,10.899999999999977,27,299.1,0,310.0,0
56.4,1635.6,7902.487824545909,1338.0,11.0,29,299.0,1,310.0,0
51.0,1632.0,7348.813535277243,1376.0,11.0,32,298.9,2,309.9,0
48.1,1779.7,6850.347500907663,1360.0,11.0,37,299.0,0,310.0,0
40.7,1587.3000000000002,6333.471733588047,1486.0,11.0,39,299.1,0,310.1,0
31.6,1295.6000000000001,5456.778887677279,1649.0,11.0,41,299.1,1,310.1,0
45.6,2006.4,6527.726879335016,1367.0,11.0,44,299.1,0,310.1,0
59.5,2737.0,8486.384235142108,1362.0,11.100000000000023,46,299.0,0,310.1,0
35.6,1708.8000000000002,5666.595389035029,1520.0,11.100000000000023,48,298.9,1,310.0,0
31.9,1626.8999999999999,5284.766217917725,1582.0,11.0,51,299.0,0,310.0,0
30.0,1590.0,5237.034953534185,1667.0,11.0,53,299.0,1,310.0,0
28.8,1612.8,5105.967708026419,1693.0,11.100000000000023,56,298.9,0,310.0,0
33.4,1937.1999999999998,5452.820480933756,1559.0,11.100000000000023,58,298.9,0,310.0,0
32.0,1920.0,5334.8432048159475,1592.0,11.0,60,298.9,0,309.9,0
39.8,2467.6,5851.656140282492,1404.0,11.0,62,298.9,0,309.9,0
45.5,2912.0,6732.590136275606,1413.0,11.0,64,298.8,1,309.8,0
28.2,1889.3999999999999,4911.000467944636,1663.0,11.0,67,298.8,0,309.8,0
36.3,2504.7,5732.401283152223,1508.0,11.0,69,298.8,0,309.8,0
53.7,3812.7000000000003,7608.528999949513,1353.0,10.900000000000034,71,298.9,1,309.8,0
42.4,3137.6,6593.574661354258,1485.0,11.0,74,298.8,0,309.8,0
31.2,2371.2,5335.429635444617,1633.0,11.100000000000023,76,298.9,0,310.0,0
43.6,3400.8,6492.541041614811,1422.0,11.100000000000023,78,298.9,0,310.0,0
41.4,3312.0,6836.922428301323,1577.0,11.200000000000045,80,298.9,0,310.1,0
41.1,3370.2000000000003,6378.5012282895,1482.0,11.100000000000023,82,298.9,0,310.0,0
30.1,2528.4,5374.270192618499,1705.0,11.100000000000023,84,299.0,1,310.1,0
32.9,2862.2999999999997,5853.530623899133,1699.0,11.100000000000023,87,299.0,0,310.1,0
29.7,2643.2999999999997,5175.334073817681,1664.0,11.100000000000023,89,299.0,0,310.1,0
34.6,3148.6,5384.229041330378,1486.0,11.0,91,299.0,1,310.0,0
61.3,5762.2,8576.212841083752,1336.0,11.0,94,299.1,0,310.1,0
42.9,4118.4,6419.750339831134,1429.0,11.0,96,299.1,2,310.1,0
48.4,4888.4,7379.643031184471,1456.0,11.099999999999966,101,299.1,1,310.2,0
45.0,4680.0,7049.733914655495,1496.0,11.099999999999966,104,299.1,0,310.2,0
20.1,2130.6000000000004,3986.618245552376,1894.0,11.0,106,299.1,0,310.1,0
55.6,6004.8,7994.180442128683,1373.0,11.0,108,299.1,0,310.1,0
45.2,4972.0,6565.132775863758,1387.0,11.0,110,299.0,2,310.0,0
44.2,5083.0,6942.919764433443,1500.0,11.0,115,298.9,0,309.9,0
36.6,4282.2,5814.271187704774,1517.0,11.0,117,298.9,0,309.9,0
56.2,6687.8,7703.792561181866,1309.0,11.0,119,298.9,0,309.9,0
54.5,6594.5,7744.706569507118,1357.0,11.0,121,298.9,1,309.9,0
40.6,5034.400000000001,6334.916866208698,1490.0,11.0,124,298.8,0,309.8,0
21.6,2721.6000000000004,4287.519989913206,1895.5,11.0,126,298.8,2,309.8,0
33.6,4401.6,5626.215451460888,1599.0,11.0,131,298.8,0,309.8,0
19.0,2527.0,3771.4296207569864,1895.5,10.899999999999977,133,298.8,1,309.7,0
27.9,3794.3999999999996,4759.418622408929,1629.0,11.0,136,298.7,1,309.7,0
37.2,5170.8,6065.410104432742,1557.0,11.0,139,298.8,0,309.8,0
39.4,5555.4,6028.025151855023,1461.0,11.0,141,298.8,0,309.8,0
33.7,4819.1,5515.914133393351,1563.0,11.0,143,298.8,0,309.8,0
29.0,4205.0,5147.499562906876,1695.0,11.100000000000023,145,298.7,0,309.8,0
36.7,5394.900000000001,5872.432539698233,1528.0,11.199999999999989,147,298.8,0,310.0,0
49.6,7390.400000000001,7214.6046971158885,1389.0,11.199999999999989,149,298.8,0,310.0,0
17.4,2627.3999999999996,3453.835547430082,1895.5,11.100000000000023,151,298.9,0,310.0,0
42.9,6563.7,6478.152547261368,1442.0,11.200000000000045,153,298.9,1,310.1,0
44.3,6910.799999999999,6763.786151325752,1458.0,11.200000000000045,156,298.9,2,310.1,0
47.7,7679.700000000001,7212.971068936022,1444.0,11.100000000000023,161,299.0,0,310.1,0
58.2,9486.6,8215.64178025574,1348.0,11.100000000000023,163,298.9,1,310.0,0
27.6,4581.6,5176.465047172975,1791.0,11.100000000000023,166,298.9,0,310.0,0
38.0,6384.0,6004.840198071531,1509.0,11.0,168,299.0,0,310.0,0
42.9,7293.0,6806.103404369607,1515.0,11.100000000000023,170,298.9,0,310.0,0
31.5,5418.0,5459.302633775663,1655.0,11.200000000000045,172,298.9,1,310.1,0
42.9,7507.5,6716.253854476939,1495.0,11.200000000000045,175,298.9,0,310.1,0
37.2,6584.400000000001,6322.51804720253,1623.0,11.300000000000011,177,298.9,0,310.2,0
42.5,7607.5,6951.8209436186135,1562.0,11.300000000000011,179,298.9,0,310.2,0
36.2,6552.200000000001,5966.80598301207,1574.0,11.300000000000011,181,298.8,0,310.1,0
32.4,5929.2,5465.994226127808,1611.0,11.199999999999989,183,298.8,0,310.0,0
45.6,8436.0,6699.634829339449,1403.0,11.199999999999989,185,298.8,0,310.0,0
47.4,8863.8,7351.263977547043,1481.0,11.300000000000011,187,298.8,0,310.1,0
41.2,7786.8,6217.128085650105,1441.0,11.200000000000045,189,298.9,1,310.1,0
45.4,8716.8,7050.5926166474765,1483.0,11.300000000000011,192,298.8,2,310.1,0
32.6,6422.200000000001,5308.558546280912,1555.0,11.300000000000011,197,298.7,0,310.0,0
28.8,5731.2,4870.725250125615,1615.0,11.299999999999955,199,298.6,0,309.9,0
32.6,6552.6,5329.041730382319,1561.0,11.199999999999989,201,298.6,0,309.8,0
35.1,7125.3,5855.331803687192,1593.0,11.300000000000011,203,298.5,0,309.8,0
34.0,6970.0,5525.852038154207,1552.0,11.199999999999989,205,298.5,1,309.7,0
35.3,7342.4,5770.4040822851475,1561.0,11.199999999999989,208,298.5,2,309.7,0
35.9,7646.7,6003.824416446869,1597.0,11.199999999999989,213,298.6,0,309.8,0
34.0,7310.0,5401.235529561812,1517.0,11.299999999999955,215,298.6,1,309.9,0
16.2,3531.6,3215.6399924349043,1895.5,11.199999999999989,218,298.6,0,309.8,1
36.7,0.0,6199.1058157940115,1613.0,11.199999999999989,0,298.5,0,309.7,0
47.3,94.6,7474.445825494299,1509.0,11.100000000000023,2,298.5,1,309.6,0
26.1,130.5,4654.615091485173,1703.0,11.099999999999966,5,298.6,0,309.7,0
22.1,154.70000000000002,4386.768137827864,1895.5,11.099999999999966,7,298.6,0,309.7,0
29.7,267.3,5085.138948733118,1635.0,11.0,9,298.6,1,309.6,0
66.7,800.4000000000001,9038.34112042681,1294.0,11.0,12,298.5,0,309.5,1
39.1,547.4,6027.1664498630425,1472.0,11.0,14,298.6,0,309.6,0
42.5,680.0,6448.904319656447,1449.0,11.0,16,298.6,2,309.6,0
35.0,735.0,5728.694203820987,1563.0,11.0,21,298.6,0,309.6,0
35.7,821.1,6022.715860270457,1611.0,11.0,23,298.6,0,309.6,0
48.6,1215.0,7053.880816958234,1386.0,11.0,25,298.6,0,309.6,0
31.8,858.6,5274.859729083407,1584.0,10.899999999999977,27,298.6,2,309.5,0
50.4,1612.8,7515.6949370359325,1424.0,10.900000000000034,32,298.7,1,309.6,0
34.8,1218.0,5688.670313414253,1561.0,11.0,35,298.5,0,309.5,0
37.9,1402.3,6191.450801694764,1560.0,10.899999999999977,37,298.5,0,309.4,0
41.0,1599.0,5903.57619487082,1375.0,10.899999999999977,39,298.6,2,309.5,0
27.8,1223.2,4902.476279877897,1684.0,10.899999999999977,44,298.6,1,309.5,0
54.1,2542.7000000000003,7914.47823650711,1397.0,11.0,47,298.6,1,309.6,0
57.6,2880.0,8366.186900215762,1387.0,11.0,50,298.6,0,309.6,0
54.5,2834.0,7482.17414342213,1311.0,11.0,52,298.7,2,309.7,0
36.2,2063.4,5720.40039921551,1509.0,11.0,57,298.8,0,309.8,0
46.7,2755.3,7223.139357158141,1477.0,11.0,59,298.8,1,309.8,0
41.6,2579.2000000000003,6277.488552501076,1441.0,11.099999999999966,62,298.8,0,309.9,0
47.1,3014.4,6924.94985445491,1404.0,11.199999999999989,64,298.7,0,309.9,0
44.6,2943.6,6846.954580841786,1466.0,11.099999999999966,66,298.8,2,309.9,0
48.8,3464.7999999999997,7333.315011519534,1435.0,11.100000000000023,71,298.7,1,309.8,0
29.8,2205.2000000000003,5295.740848254266,1697.0,11.0,74,298.7,2,309.7,0
27.3,2156.7000000000003,4968.680109064545,1738.0,10.900000000000034,79,298.7,1,309.6,0
50.4,4132.8,7494.58343440381,1420.0,10.899999999999977,82,298.6,2,309.5,0
39.8,3462.6,6397.643999525373,1535.0,11.0,87,298.5,1,309.5,0
28.4,2556.0,5100.480392858149,1715.0,11.0,90,298.6,0,309.6,0
43.2,3974.4,6708.933943594076,1483.0,10.899999999999977,92,298.6,0,309.5,0
37.5,3525.0,5972.953032637594,1521.0,10.899999999999977,94,298.5,1,309.4,0
36.0,3492.0,5930.070292916093,1573.0,10.899999999999977,97,298.5,2,309.4,0
46.7,4763.400000000001,6915.04336562059,1414.0,10.899999999999977,102,298.5,2,309.4,0
33.9,3627.2999999999997,5644.499520704781,1590.0,10.800000000000011,107,298.5,0,309.3,0
33.1,3607.9,5625.681380709779,1623.0,10.800000000000011,109,298.5,0,309.3,0
30.9,3429.8999999999996,5481.513693836542,1694.0,10.900000000000034,111,298.4,2,309.3,0
33.5,3886.0,5602.454539024237,1597.0,10.800000000000011,116,298.4,1,309.2,0
44.7,5319.3,6885.711362211572,1471.0,10.800000000000011,119,298.5,0,309.3,0
34.7,4198.700000000001,5635.985804613553,1551.0,10.800000000000011,121,298.5,1,309.3,0
50.3,6237.2,7484.980632859338,1421.0,10.800000000000011,124,298.5,2,309.3,0
45.6,5882.400000000001,7143.730366850903,1496.0,10.900000000000034,129,298.4,1,309.3,0
19.2,2534.4,3811.1288799228496,1895.5,10.900000000000034,132,298.4,2,309.3,0
29.8,4082.6,5280.137604741437,1692.0,10.800000000000011,137,298.4,0,309.2,0
42.5,5907.5,6529.014932322987,1467.0,10.700000000000045,139,298.4,0,309.1,0
28.5,4018.5,4927.430997522911,1651.0,10.800000000000011,141,298.4,0,309.2,0
60.5,8651.5,8977.467526775752,1417.0,10.800000000000011,143,298.3,0,309.1,0
55.0,7975.0,8138.295769124359,1413.0,10.800000000000011,145,298.2,0,309.0,0
44.2,6497.400000000001,6669.831587032394,1441.0,10.800000000000011,147,298.2,1,309.0,0
50.3,7545.0,7126.797182448053,1353.0,10.800000000000011,150,298.2,1,309.0,0
40.9,6257.7,6433.123052559914,1502.0,10.899999999999977,153,298.1,0,309.0,0
31.7,4913.5,5344.582142042075,1610.0,10.800000000000011,155,298.2,0,309.0,0
45.8,7190.599999999999,6767.388510901868,1411.0,10.900000000000034,157,298.2,1,309.1,0
52.3,8368.0,7596.38150835563,1387.0,10.800000000000011,160,298.3,0,309.1,0
40.9,6625.8,6124.74431768354,1430.0,10.800000000000011,162,298.3,2,309.1,0
38.8,6479.599999999999,6403.487361861051,1576.0,10.700000000000045,167,298.4,1,309.1,0
29.4,4998.0,5298.547337691472,1721.0,10.699999999999989,170,298.5,1,309.2,0
42.4,7335.2,6504.772309012786,1465.0,10.800000000000011,173,298.5,1,309.3,0
45.1,7937.6,6645.065364946595,1407.0,10.799999999999955,176,298.6,1,309.4,0
36.9,6605.099999999999,5657.128723172212,1464.0,10.799999999999955,179,298.6,1,309.4,0
36.7,6679.400000000001,6026.161140213893,1568.0,10.899999999999977,182,298.6,1,309.5,0
35.6,6586.0,6214.6148115272335,1667.0,10.799999999999955,185,298.6,0,309.4,0
60.9,11388.3,8673.308998030701,1360.0,10.899999999999977,187,298.5,0,309.4,1
43.7,8259.300000000001,6809.464908508949,1488.0,10.800000000000011,189,298.5,1,309.3,0
39.3,7545.599999999999,6189.691509808754,1504.0,10.900000000000034,192,298.4,0,309.3,0
32.4,6285.599999999999,5462.601306061932,1610.0,10.800000000000011,194,298.4,0,309.2,0
52.7,10329.2,7422.693322514164,1345.0,10.800000000000011,196,298.4,0,309.2,0
57.0,11286.0,8213.379833545156,1376.0,11.0,198,298.3,1,309.3,0
50.0,10050.0,7251.843042036438,1385.0,11.0,201,298.4,0,309.4,0
41.8,8485.4,6255.1413567585405,1429.0,11.0,203,298.4,1,309.4,0
56.1,11556.6,7854.578536578664,1337.0,11.0,206,298.3,0,309.3,1
35.4,7363.2,5716.3163287658435,1542.0,10.900000000000034,208,298.4,0,309.3,0
17.7,3717.0,3513.384436178877,1895.5,10.800000000000011,210,298.4,0,309.2,0
45.3,9603.599999999999,6574.913600991934,1386.0,10.800000000000011,212,298.3,0,309.1,0
32.7,0.0,5588.516339617811,1632.0,10.800000000000011,0,298.3,1,309.1,0
36.9,110.69999999999999,5970.125599249363,1545.0,10.900000000000034,3,298.4,0,309.3,0
53.6,268.0,7802.040635435131,1390.0,10.900000000000034,5,298.4,1,309.3,0
50.6,404.8,7179.900570269233,1355.0,10.900000000000034,8,298.4,1,309.3,0
45.5,500.5,6789.76712257094,1425.0,10.800000000000011,11,298.4,0,309.2,0
51.2,665.6,7994.2223300307305,1491.0,10.800000000000011,13,298.4,1,309.2,0
42.4,678.4,6598.014778971331,1486.0,10.899999999999977,16,298.3,2,309.2,0
51.4,1079.3999999999999,7314.947166471545,1359.0,10.899999999999977,21,298.3,1,309.2,0
47.6,1142.4,6953.601179455648,1395.0,10.900000000000034,24,298.4,0,309.3,0
52.1,1354.6000000000001,7545.508651318501,1383.0,10.899999999999977,26,298.3,0,309.2,0
37.0,1036.0,5749.952314110278,1484.0,10.800000000000011,28,298.3,2,309.1,0
47.4,1564.2,7053.440993986731,1421.0,10.800000000000011,33,298.3,0,309.1,0
58.8,2058.0,8244.921423787197,1339.0,10.699999999999989,35,298.3,0,309.0,0
46.1,1705.7,6575.164928404221,1362.0,10.700000000000045,37,298.4,0,309.1,0
40.6,1583.4,6666.543386721637,1568.0,10.699999999999989,39,298.5,2,309.2,0
15.5,682.0,3076.692585354384,1895.5,10.799999999999955,44,298.6,0,309.4,0
34.6,1591.6000000000001,5427.708683656062,1498.0,10.800000000000011,46,298.5,1,309.3,0
27.2,1332.8,5015.992494427607,1761.0,10.800000000000011,49,298.5,1,309.3,0
51.4,2672.7999999999997,7083.495563706073,1316.0,10.799999999999955,52,298.6,0,309.4,0
37.8,2041.1999999999998,6036.570283872787,1525.0,10.799999999999955,54,298.6,0,309.4,0
45.3,2536.7999999999997,6461.06228322584,1362.0,10.799999999999955,56,298.6,2,309.4,0
38.5,2348.5,6112.073227314062,1516.0,10.900000000000034,61,298.7,0,309.6,0
44.2,2784.6000000000004,6711.489105618995,1450.0,10.899999999999977,63,298.6,0,309.5,0
55.0,3575.0,7867.595202140038,1366.0,10.899999999999977,65,298.6,1,309.5,0
33.1,2250.8,5362.248364730763,1547.0,11.0,68,298.5,0,309.5,0
33.9,2373.0,5608.999523719216,1580.0,10.899999999999977,70,298.6,1,309.5,0
26.9,1963.6999999999998,4943.767279321578,1755.0,10.900000000000034,73,298.7,2,309.6,0
24.8,1934.4,4674.689868541612,1800.0,10.900000000000034,78,298.7,1,309.6,0
45.8,3709.7999999999997,6901.68112486732,1439.0,10.899999999999977,81,298.8,1,309.7,0
56.3,4729.2,8318.864042877189,1411.0,10.900000000000034,84,298.9,0,309.8,0
31.4,2700.4,5409.089511195786,1645.0,11.0,86,298.9,1,309.9,0
13.9,1237.1000000000001,2759.09851202748,1895.5,10.900000000000034,89,298.9,1,309.8,0
34.0,3128.0,5803.568828731544,1630.0,10.899999999999977,92,299.0,0,309.9,0
44.7,4201.8,6604.852978980645,1411.0,10.899999999999977,94,299.0,0,309.9,0
35.4,3398.3999999999996,5657.003059466068,1526.0,11.0,96,298.9,0,309.9,0
31.3,3067.4,5211.588053040107,1590.0,11.0,98,298.9,0,309.9,0
25.6,2560.0,5050.675677323238,1884.0,10.899999999999977,100,299.0,2,309.9,0
21.7,2278.5,4307.369619496138,1895.5,10.900000000000034,105,298.9,1,309.8,0
52.1,5626.8,7490.949658901158,1373.0,11.0,108,298.9,0,309.9,0
36.5,4015.0,6176.7900359780115,1616.0,10.900000000000034,110,298.9,0,309.8,0
44.1,4939.2,6691.686599925867,1449.0,11.0,112,298.9,1,309.9,0
50.6,5819.0,7222.2911271416715,1363.0,10.900000000000034,115,298.9,1,309.8,0
55.1,6501.8,8430.055478863243,1461.0,10.899999999999977,118,298.8,2,309.7,0
58.6,7207.8,8431.657691116574,1374.0,10.899999999999977,123,298.8,0,309.7,0
59.1,7387.5,8002.296223150457,1293.0,11.0,125,298.7,0,309.7,0
38.6,4902.2,6022.851995952112,1490.0,11.0,127,298.8,1,309.8,0
27.5,3575.0,5048.277594930998,1753.0,11.0,130,298.8,0,309.8,0
38.5,5082.0,6019.3438841556035,1493.0,11.0,132,298.8,0,309.8,0
22.0,2948.0,4365.766590938616,1895.0,11.0,134,298.8,0,309.8,0
34.3,4664.799999999999,5940.982091399562,1654.0,10.900000000000034,136,298.7,2,309.6,0
30.8,4342.8,5396.041429707877,1673.0,10.800000000000011,141,298.7,0,309.5,0
27.7,3961.1,4678.88913072191,1613.0,10.800000000000011,143,298.8,0,309.6,0
22.3,3233.5,4426.467396993727,1895.5,10.800000000000011,145,298.8,0,309.6,0
44.7,6570.900000000001,6403.571137665147,1368.0,10.699999999999989,147,298.8,0,309.5,0
34.4,5125.599999999999,5673.716332383166,1575.0,10.800000000000011,149,298.8,1,309.6,0
40.2,6110.400000000001,6381.95698020845,1516.0,10.800000000000011,152,298.8,2,309.6,0
32.8,5149.599999999999,5650.259107236361,1645.0,10.699999999999989,157,298.8,0,309.5,0
48.1,7647.900000000001,6920.865784005243,1374.0,10.699999999999989,159,298.8,0,309.5,0
48.6,7824.6,7160.757799033358,1407.0,10.800000000000011,161,298.9,2,309.7,0
55.3,9179.8,7435.647156222465,1284.0,10.700000000000045,166,298.9,1,309.6,0
31.1,5255.900000000001,5357.410312044234,1645.0,10.600000000000023,169,298.9,0,309.5,0
54.1,9251.1,7857.824848987374,1387.0,10.599999999999966,171,298.8,0,309.4,0
35.1,6072.3,5947.223388804694,1618.0,10.5,173,298.8,1,309.3,0
47.1,8289.6,6693.131732546519,1357.0,10.5,176,298.8,0,309.3,0
44.8,7974.4,6549.257260987617,1396.0,10.5,178,298.7,0,309.2,0
31.4,5652.0,5215.085692861104,1586.0,10.5,180,298.7,0,309.2,0
42.3,7698.599999999999,6418.5565346227695,1449.0,10.5,182,298.7,2,309.2,0
48.9,9144.3,7286.8927440749885,1423.0,10.5,187,298.7,1,309.2,0
45.3,8607.0,6650.814479502664,1402.0,10.600000000000023,190,298.7,2,309.3,0
45.7,8911.5,6877.040566487665,1437.0,10.5,195,298.7,1,309.2,0
35.7,7068.6,5746.067211195339,1537.0,10.5,198,298.6,0,309.1,0
49.5,9900.0,7376.302470996155,1423.0,10.400000000000034,200,298.7,1,309.1,0
37.3,7571.9,6198.896376283772,1587.0,10.5,203,298.6,1,309.1,0
43.2,8899.2,6727.029517278752,1487.0,10.5,206,298.6,1,309.1,0
47.7,0.0,7272.912656766514,1456.0,10.399999999999977,0,298.6,0,309.0,0
32.7,65.4,5502.907939807489,1607.0,10.400000000000034,2,298.7,0,309.1,0
46.0,184.0,7076.332732455889,1469.0,10.399999999999977,4,298.6,0,309.0,0
40.8,244.79999999999998,6327.670259154417,1481.0,10.399999999999977,6,298.6,1,309.0,0
58.8,529.1999999999999,8171.031164574763,1327.0,10.299999999999955,9,298.6,0,308.9,0
30.6,336.6,5091.8305410852645,1589.0,10.300000000000011,11,298.5,0,308.8,0
29.6,384.8,5176.506935075022,1670.0,10.300000000000011,13,298.5,0,308.8,0
28.3,424.5,4925.451794151149,1662.0,10.199999999999989,15,298.5,1,308.7,0
34.9,628.1999999999999,5675.779311559023,1553.0,10.300000000000011,18,298.5,1,308.8,0
36.0,756.0,5869.751713967169,1557.0,10.300000000000011,21,298.5,1,308.8,0
56.7,1360.8000000000002,8027.6488758649275,1352.0,10.400000000000034,24,298.4,0,308.8,0
58.7,1526.2,8021.899761308857,1305.0,10.300000000000011,26,298.5,0,308.8,0
43.9,1229.2,6665.936012141942,1450.0,10.199999999999989,28,298.5,2,308.7,0
48.5,1600.5,6841.289242089812,1347.0,10.199999999999989,33,298.5,1,308.7,0
39.1,1407.6000000000001,6412.05343782984,1566.0,10.199999999999989,36,298.6,2,308.8,0
33.3,1365.3,5631.776070457741,1615.0,10.199999999999989,41,298.5,1,308.7,0
54.4,2393.6,7884.308475057135,1384.0,10.100000000000023,44,298.5,1,308.6,0
47.3,2223.1,6771.0851182575925,1367.0,10.199999999999989,47,298.5,1,308.7,0
20.2,1010.0,4009.6251757521645,1895.5,10.100000000000023,50,298.5,1,308.6,0
36.9,1955.6999999999998,5881.249943079308,1522.0,10.100000000000023,53,298.5,0,308.6,0
27.4,1507.0,4522.050353479195,1576.0,10.100000000000023,55,298.4,1,308.5,0
39.2,2273.6000000000004,6071.31629862149,1479.0,10.0,58,298.4,2,308.4,0
45.5,2866.5,6918.415341735442,1452.0,10.0,63,298.3,0,308.3,0
46.9,3048.5,7033.062529640446,1432.0,10.0,65,298.3,0,308.3,0
28.4,1902.8,4945.830258497434,1663.0,9.899999999999977,67,298.3,0,308.2,0
32.4,2235.6,5418.493345205531,1597.0,10.0,69,298.3,0,308.3,0
44.3,3145.2999999999997,6828.733343450966,1472.0,9.899999999999977,71,298.3,0,308.2,0
48.5,3540.5,7374.57459503668,1452.0,9.900000000000034,73,298.4,0,308.3,0
33.2,2490.0,5333.251464538129,1534.0,9.899999999999977,75,298.3,2,308.2,0
46.1,3688.0,7265.508970079554,1505.0,9.800000000000011,80,298.3,0,308.1,0
33.9,2779.7999999999997,5424.39953939428,1528.0,9.800000000000011,82,298.3,0,308.1,0
12.800000000000011,1075.200000000001,2540.7525866152355,1895.5,9.800000000000011,84,298.3,2,308.1,0
28.6,2545.4,5157.364163839148,1722.0,9.800000000000011,89,298.3,1,308.1,0
44.0,4048.0,6427.698569244716,1395.0,9.700000000000045,92,298.4,0,308.1,0
50.8,4775.2,7314.6748951082345,1375.0,9.700000000000045,94,298.4,0,308.1,0
26.0,2496.0,4808.312276074298,1766.0,9.699999999999989,96,298.3,1,308.0,0
47.8,4732.2,7002.840408312912,1399.0,9.599999999999966,99,298.3,0,307.9,0
37.8,3817.7999999999997,6246.365841279513,1578.0,9.699999999999989,101,298.3,0,308.0,0
42.0,4326.0,6606.1410319686165,1502.0,9.599999999999966,103,298.3,0,307.9,0
36.6,3843.0,5860.264104153328,1529.0,9.699999999999989,105,298.2,1,307.9,0
25.1,2710.8,4741.7523997202425,1804.0,9.600000000000023,108,298.2,0,307.8,0
53.4,5874.0,7890.3612769030515,1411.0,9.600000000000023,110,298.2,1,307.8,0
54.1,6113.3,8005.123656538688,1413.0,9.699999999999989,113,298.1,0,307.8,0
59.4,6831.0,8428.578930316056,1355.0,9.600000000000023,115,298.2,0,307.8,0
46.9,5487.3,7018.328460095108,1429.0,9.600000000000023,117,298.2,0,307.8,0
35.3,4200.7,5785.190511708043,1565.0,9.699999999999989,119,298.1,0,307.8,0
42.8,5178.799999999999,6480.9799806495985,1446.0,9.799999999999955,121,298.1,1,307.9,0
38.8,4811.2,5940.290941015772,1462.0,9.699999999999989,124,298.2,1,307.9,0
34.5,4381.5,5701.048188469397,1578.0,9.600000000000023,127,298.2,1,307.8,0
33.0,4290.0,5549.9375818317285,1606.0,9.699999999999989,130,298.1,0,307.8,0
35.9,4738.8,5733.144793413573,1525.0,9.699999999999989,132,298.1,1,307.8,0
49.1,6628.5,7090.459427421532,1379.0,9.699999999999989,135,298.1,0,307.8,0
35.0,4795.0,5772.676500971244,1575.0,9.600000000000023,137,298.2,0,307.8,0
54.9,7631.099999999999,8043.011263940979,1399.0,9.699999999999989,139,298.2,0,307.9,0
49.4,6965.4,7392.439785260093,1429.0,9.699999999999989,141,298.2,0,307.9,0
39.9,5705.7,5995.886659008799,1435.0,9.599999999999966,143,298.3,0,307.9,0
26.5,3842.5,4900.779819844957,1766.0,9.599999999999966,145,298.3,0,307.9,0
28.9,4248.3,5153.960771797759,1703.0,9.599999999999966,147,298.3,0,307.9,0
41.2,6138.8,6501.882043771484,1507.0,9.599999999999966,149,298.3,0,307.9,0
32.4,4892.4,5459.208385996055,1609.0,9.599999999999966,151,298.3,1,307.9,0
32.4,4989.599999999999,5445.636705732547,1605.0,9.600000000000023,154,298.4,0,308.0,0
50.0,7800.0,7806.857744170636,1491.0,9.700000000000045,156,298.4,0,308.1,0
24.7,3902.6,4891.218906202532,1891.0,9.700000000000045,158,298.4,2,308.1,0
44.6,7269.8,7299.993185440459,1563.0,9.699999999999989,163,298.5,2,308.2,0
51.4,8635.199999999999,7481.807624279211,1390.0,9.599999999999966,168,298.6,0,308.2,0
40.5,6885.0,6124.220718907943,1444.0,9.699999999999989,170,298.5,0,308.2,0
67.19999999999999,11558.399999999998,9577.585027439985,1361.0,9.599999999999966,172,298.6,0,308.2,1
34.1,5933.400000000001,5674.229459183252,1589.0,9.699999999999989,174,298.6,1,308.3,0
26.3,4655.1,4695.790899198223,1705.0,9.599999999999966,177,298.6,0,308.2,0
40.4,7231.599999999999,6016.024267918309,1422.0,9.699999999999989,179,298.6,0,308.3,0
52.1,9430.1,7512.773255868095,1377.0,9.699999999999989,181,298.6,2,308.3,0
49.8,9262.8,6956.8684358153805,1334.0,9.800000000000011,186,298.5,0,308.3,0
36.6,6880.8,5975.246395274715,1559.0,9.799999999999955,188,298.6,0,308.4,0
47.0,8930.0,6659.233947814284,1353.0,9.800000000000011,190,298.7,0,308.5,0
45.7,8774.400000000001,7212.039063115457,1507.0,9.699999999999989,192,298.7,1,308.4,0
28.7,5596.5,5091.244110456594,1694.0,9.699999999999989,195,298.7,0,308.4,0
42.8,8431.599999999999,6418.231903381899,1432.0,9.699999999999989,197,298.7,2,308.4,0
35.6,7191.200000000001,5860.452599712544,1572.0,9.800000000000011,202,298.7,2,308.5,0
42.3,8756.099999999999,6675.475981833343,1507.0,9.800000000000011,207,298.8,1,308.6,0
37.1,7791.0,5827.654372409066,1500.0,9.800000000000011,210,298.8,1,308.6,0
24.1,5133.3,4469.554340237711,1771.0,9.700000000000045,213,298.9,0,308.6,0
33.2,0.0,5482.7493869469545,1577.0,9.699999999999989,0,298.8,1,308.5,0
36.2,108.60000000000001,5788.635791651481,1527.0,9.699999999999989,3,298.8,0,308.5,0
26.1,130.5,4993.53010695444,1827.0,9.5,5,298.9,1,308.4,0
39.2,313.6,6091.841370624944,1484.0,9.599999999999966,8,298.8,0,308.4,0
47.3,473.0,6939.49542844103,1401.0,9.599999999999966,10,298.8,0,308.4,0
27.9,334.79999999999995,4774.0270282481215,1634.0,9.5,12,298.8,0,308.3,0
29.5,413.0,4955.129372752061,1604.0,9.599999999999966,14,298.8,1,308.4,0
31.8,540.6,5434.703963298054,1632.0,9.5,17,298.9,2,308.4,0
33.4,734.8,5753.617505539467,1645.0,9.600000000000023,22,299.0,1,308.6,0
48.5,1212.5,7151.102637611326,1408.0,9.699999999999989,25,299.0,2,308.7,0
40.2,1206.0,6314.601233715484,1500.0,9.699999999999989,30,299.0,1,308.7,0
