type,air_temperature_[k],process_temperature_[k],rotational_speed_[rpm],torque_[nm],tool_wear_[min],twf,hdf,pwf,osf,rnf,machine_failure
1,302.0,310.9,1456.0,47.2,54,0,0,0,0,0,0
1,297.0,308.3,1399.0,46.4,132,0,0,0,0,0,0
1,301.0,311.6,1357.0,45.6,137,0,0,0,0,0,0
0,298.9,309.8,1411.0,56.3,84,0,0,0,0,0,0
0,297.1,308.5,1733.0,28.7,50,0,0,0,0,0,0
2,298.3,308.9,1706.0,31.8,8,0,0,0,0,0,0
1,300.7,311.0,1263.0,52.3,104,0,0,0,0,0,0
2,297.6,309.0,1413.0,40.2,51,0,0,0,0,0,0
1,303.9,313.2,1608.0,40.6,79,0,0,0,0,0,0
2,297.3,308.6,1431.0,42.0,109,0,0,0,0,0,0
0,298.9,310.1,1466.0,42.5,187,0,0,0,0,0,0
0,297.9,308.6,1691.0,29.6,116,0,0,0,0,0,0
0,299.2,310.7,1540.0,36.3,175,0,0,0,0,0,0
0,298.4,308.4,1515.0,40.1,179,0,0,0,0,0,0
1,300.4,309.8,1421.0,47.2,0,0,0,0,0,0,0
0,298.7,309.9,1617.0,33.0,203,0,0,0,0,0,0
0,297.7,308.7,1249.0,60.4,143,0,0,0,0,0,0
0,298.9,310.0,1564.0,33.8,183,0,0,0,0,0,0
0,298.1,308.7,1568.0,32.9,10,0,0,0,0,0,0
0,304.1,313.2,1434.0,50.1,43,0,0,0,0,0,0
0,302.5,311.1,1571.0,34.2,201,0,0,0,0,0,0
2,299.2,308.8,1899.5,21.3,104,0,0,0,0,0,0
0,299.6,310.2,1468.0,48.0,9,0,0,0,0,0,0
2,301.0,312.2,1489.0,40.3,117,0,0,0,0,0,0
0,299.1,310.5,1389.0,61.4,64,0,0,0,0,0,0
0,302.4,310.2,1351.0,45.1,168,0,0,0,0,0,1
0,299.1,310.5,1532.0,36.6,62,0,0,0,0,0,0
0,300.6,309.6,1726.0,30.0,147,0,0,0,0,0,0
0,301.7,311.2,1589.0,37.9,75,0,0,0,0,0,0
0,296.8,307.5,1347.0,54.8,43,0,0,0,0,0,0
0,300.7,311.8,1486.0,47.3,19,0,0,0,0,0,0
0,299.6,311.0,1430.0,38.3,124,0,0,0,0,0,0
0,297.1,308.3,1403.0,54.1,179,0,0,0,0,0,0
0,300.7,310.6,1520.0,45.9,146,0,0,0,0,0,0
1,298.9,308.2,1372.0,63.6,30,0,0,0,0,0,1
0,298.7,309.8,1354.0,53.3,212,0,0,0,0,0,1
0,299.7,309.1,1347.0,55.3,139,0,0,0,0,0,0
0,300.7,309.5,1508.0,39.9,59,0,0,0,0,0,0
1,303.0,312.8,1648.0,32.1,104,0,0,0,0,0,0
1,300.4,311.7,1832.0,24.2,179,0,0,0,0,0,0
1,302.0,311.1,1406.0,48.8,159,0,0,0,0,0,0
0,298.3,308.1,1326.0,58.4,90,0,0,0,0,0,0
0,298.9,310.3,1456.0,44.1,118,0,0,0,0,0,0
0,298.0,308.5,1702.0,26.7,203,0,0,0,0,0,0
0,302.6,311.4,1738.0,25.8,128,0,0,0,0,0,0
0,297.1,308.2,1347.0,50.8,49,0,0,0,0,0,0
0,303.8,312.7,1664.0,29.3,178,0,0,0,0,0,0
0,298.6,309.8,1637.0,34.6,207,0,0,0,0,0,0
0,301.6,311.1,1899.5,21.5,102,0,0,0,0,0,0
1,302.3,311.2,1505.0,36.7,78,0,0,0,0,0,0
1,298.2,309.0,1410.0,47.6,76,0,0,0,0,0,0
0,296.8,307.9,1709.0,28.4,118,0,0,0,0,0,0
1,297.2,308.3,1776.0,28.0,43,0,0,0,0,0,0
0,300.2,310.2,1600.0,31.5,23,0,0,0,0,0,0
0,301.0,310.7,1391.0,45.0,123,0,0,0,0,0,0
2,298.7,309.3,1402.0,45.3,190,0,0,0,0,0,0
1,298.1,307.9,1496.0,40.0,0,0,0,0,0,0,0
0,301.5,310.3,1415.0,41.6,28,0,0,0,0,0,0
0,301.1,311.1,1711.0,29.1,170,0,0,0,0,0,0
1,296.8,307.8,1664.0,32.8,142,0,0,0,0,0,0
0,298.2,308.4,1477.0,49.9,72,0,0,0,0,0,0
1,297.4,309.0,1520.0,37.0,147,0,0,0,0,0,0
1,298.9,308.9,1487.0,39.5,30,0,0,0,0,0,0
0,299.3,309.1,1551.0,39.1,147,0,0,0,0,0,0
0,298.3,308.2,1663.0,28.4,67,0,0,0,0,0,0
1,301.0,311.0,1423.0,38.6,199,0,0,0,0,0,0
0,301.5,311.1,1434.0,49.6,129,0,0,0,0,0,0
1,300.5,311.6,1476.0,39.1,199,0,0,0,0,0,0
0,300.6,310.0,1425.0,49.5,174,0,0,0,0,0,0
1,301.3,310.8,1455.0,41.2,56,0,0,0,0,0,0
1,297.2,308.4,1863.0,26.0,110,0,0,0,0,0,0
0,298.8,308.8,1523.0,44.4,55,0,0,0,0,0,0
0,300.4,310.0,1769.0,26.1,38,0,0,0,0,0,0
0,301.6,311.1,1408.0,44.4,106,0,0,0,0,0,0
1,298.7,309.6,1424.0,50.4,32,0,0,0,0,0,0
0,301.5,310.7,1435.0,38.5,224,0,0,0,0,0,0
1,298.0,308.1,1552.0,36.6,190,0,0,0,0,0,0
1,302.2,311.6,1592.0,37.7,79,0,0,0,0,0,0
0,300.6,310.4,1494.0,47.3,118,0,0,0,0,0,0
1,297.5,309.4,1433.0,48.3,139,0,0,0,0,0,0
0,297.3,308.7,1491.0,40.2,112,0,0,0,0,0,0
0,300.1,311.5,1899.5,17.0,123,0,0,0,0,0,0
2,302.0,310.9,1679.0,29.0,222,0,0,0,0,0,0
0,299.2,308.4,1393.0,48.4,35,0,0,0,0,0,0
1,302.1,310.7,1364.0,47.8,213,0,0,0,0,0,1
1,300.0,309.2,1635.0,32.4,4,0,0,0,0,0,0
0,301.4,310.8,1431.0,44.3,21,0,0,0,0,0,0
0,300.8,310.3,1537.0,33.3,52,0,0,0,0,0,0
2,299.7,309.2,1572.0,32.8,142,0,0,0,0,0,0
1,296.8,307.9,1843.0,25.2,116,0,0,0,0,0,0
2,298.0,307.7,1547.0,36.8,186,0,0,0,0,0,0
0,301.0,310.9,1679.0,29.8,64,0,0,0,0,0,0
0,295.7,306.1,1343.0,54.4,119,0,0,0,0,0,0
1,299.3,310.7,1374.0,48.9,222,0,0,0,0,0,0
0,300.8,309.7,1373.0,45.4,179,0,0,0,0,0,0
0,298.6,309.7,1627.0,33.4,99,0,0,0,0,0,0
0,300.4,311.5,1492.0,44.6,149,0,0,0,0,0,0
0,300.4,310.5,1899.5,14.5,12,0,0,0,0,0,0
0,301.3,310.5,1365.0,47.7,70,0,0,0,0,0,0
0,300.0,309.6,1694.0,28.7,94,0,0,0,0,0,0
0,301.4,310.3,1899.5,16.6,169,0,0,0,0,0,0
0,302.4,310.9,1469.0,39.6,86,0,0,0,0,0,0
1,297.3,308.6,1584.0,29.4,141,0,0,0,0,0,0
1,304.2,313.6,1424.0,43.7,151,0,0,0,0,0,0
0,298.9,310.0,1719.0,27.3,58,0,0,0,0,0,0
0,297.4,309.2,1620.0,33.2,28,0,0,0,0,0,0
0,302.1,311.2,1454.0,46.8,0,0,0,0,0,0,0
0,301.9,310.9,1486.0,40.3,6,0,0,0,0,0,0
0,297.2,308.5,1550.0,41.5,125,0,0,0,0,0,0
1,298.0,308.9,1339.0,51.4,68,0,0,0,0,0,0
0,300.2,311.6,1899.5,21.0,19,0,0,0,0,0,0
0,296.9,308.0,1546.0,31.1,11,0,0,0,0,0,0
2,303.5,312.8,1404.0,55.8,84,0,0,0,0,0,0
0,297.2,308.5,1494.0,39.6,181,0,0,0,0,0,0
0,302.1,311.5,1899.5,20.1,21,0,0,0,0,0,0
0,300.6,310.8,1378.0,51.2,119,0,0,0,0,0,0
0,302.6,312.4,1398.0,41.6,40,0,0,0,0,0,0
2,298.7,309.7,1697.0,29.8,74,0,0,0,0,0,0
0,296.7,308.0,1451.0,50.7,197,0,0,0,0,0,0
1,300.5,311.9,1370.0,44.8,20,0,0,0,0,0,0
0,301.3,311.1,1560.0,35.3,55,0,0,0,0,0,0
1,300.9,311.0,1567.0,34.3,130,0,0,0,0,0,0
0,303.7,312.7,1395.0,53.9,123,0,0,0,0,0,0
2,301.0,310.9,1495.0,37.3,21,0,0,0,0,0,0
1,303.6,312.7,1899.5,17.6,37,0,0,0,0,0,0
1,297.5,309.1,1540.0,38.5,176,0,0,0,0,0,0
1,297.6,308.4,1569.0,38.3,93,0,0,0,0,0,0
0,302.3,311.7,1899.5,18.2,91,0,0,0,0,0,0
0,298.0,308.5,1713.0,25.3,124,0,0,0,0,0,0
0,302.7,312.4,1477.0,46.3,251,0,0,0,0,0,1
2,297.1,308.0,1559.0,38.8,229,0,0,0,0,0,0
0,300.3,309.2,1649.0,32.4,50,0,0,0,0,0,0
0,300.2,309.7,1448.0,36.8,14,0,0,0,0,0,0
0,298.3,309.4,1356.0,45.4,96,0,0,0,0,0,0
0,301.8,310.7,1597.0,30.8,74,0,0,0,0,0,0
0,299.0,310.2,1516.0,35.3,102,0,0,0,0,0,0
1,302.2,311.3,1510.0,37.1,10,0,0,0,0,0,0
1,299.2,308.4,1330.0,51.2,56,0,0,0,0,0,0
1,300.2,309.5,1500.0,45.7,89,0,0,0,0,0,0
0,301.6,310.7,1683.0,29.7,131,0,0,0,0,0,0
0,299.9,310.4,1419.0,45.7,178,0,0,0,0,0,0
0,298.6,309.0,1469.0,46.0,4,0,0,0,0,0,0
0,300.9,311.0,1899.5,15.8,156,0,0,0,0,0,0
0,301.9,310.8,1400.0,58.2,79,0,0,0,0,0,0
1,298.2,308.3,1448.0,43.3,199,0,0,0,0,0,0
0,298.2,308.9,1367.0,45.0,85,0,0,0,0,0,0
1,298.6,309.1,1587.0,37.3,203,0,0,0,0,0,0
0,300.5,309.9,1480.0,40.0,148,0,0,0,0,0,0
0,300.8,310.2,1850.0,22.8,33,0,0,0,0,0,0
0,298.1,308.6,1558.0,42.4,14,0,0,0,0,0,0
0,297.1,308.1,1446.0,36.6,227,0,0,0,0,0,0
2,302.3,311.8,1475.0,42.8,38,0,0,0,0,0,0
0,301.1,310.6,1611.0,35.2,70,0,0,0,0,0,0
0,300.4,310.5,1578.0,32.8,26,0,0,0,0,0,0
1,297.3,308.5,1710.0,27.7,138,0,0,0,0,0,0
0,302.5,310.5,1520.0,41.2,154,0,0,0,0,0,0
1,302.2,310.7,1601.0,33.0,166,0,0,0,0,0,0
0,297.2,308.6,1636.0,31.3,192,0,0,0,0,0,0
0,297.1,307.8,1636.0,30.3,90,0,0,0,0,0,0
1,296.2,307.2,1552.0,34.8,8,0,0,0,0,0,0
0,300.3,311.4,1318.0,52.7,13,0,0,0,0,0,0
0,299.8,309.2,1400.0,42.6,210,0,0,0,0,0,0
2,298.6,309.5,1420.0,50.4,82,0,0,0,0,0,0
0,301.9,310.8,1899.5,21.7,62,0,0,0,0,0,0
0,302.1,310.8,1565.0,35.3,6,0,0,0,0,0,0
0,302.4,311.1,1899.5,20.9,77,0,0,0,0,0,0
1,298.6,309.8,1419.0,44.9,115,0,0,0,0,0,0
0,296.9,307.8,1285.0,52.1,100,0,0,0,0,0,0
0,298.3,308.5,1664.0,31.6,144,0,0,0,0,0,0
0,296.8,307.9,1337.0,56.5,5,0,0,0,0,0,0
2,302.2,311.2,1692.0,28.2,122,0,0,0,0,0,0
0,298.7,309.9,1404.0,47.1,64,0,0,0,0,0,0
0,298.2,307.6,1511.0,31.0,209,0,0,0,0,0,1
0,300.5,309.7,1580.0,42.8,196,0,0,0,0,0,0
0,302.8,310.6,1404.0,43.2,203,0,0,0,0,0,0
1,302.0,310.8,1609.0,35.2,4,0,0,0,0,0,0
0,299.2,308.5,1457.0,44.7,195,0,0,0,0,0,0
1,299.2,308.5,1742.0,28.9,150,0,0,0,0,0,0
2,302.9,311.0,1469.0,48.7,130,0,0,0,0,0,0
0,297.8,308.5,1448.0,40.0,192,0,0,0,0,0,0
0,297.2,308.6,1335.0,53.0,39,0,0,0,0,0,0
2,297.5,308.6,1536.0,38.7,7,0,0,0,0,0,0
1,303.6,312.5,1607.0,33.7,14,0,0,0,0,0,0
0,296.8,307.9,1698.0,30.8,48,0,0,0,0,0,0
2,301.2,309.8,1709.0,27.0,151,0,0,0,0,0,0
0,300.8,312.4,1365.0,44.5,129,0,0,0,0,0,0
0,299.7,309.6,1553.0,36.8,174,0,0,0,0,0,0
1,298.1,307.4,1335.0,56.2,190,0,0,0,0,0,0
0,297.2,307.9,1540.0,37.1,164,0,0,0,0,0,0
1,300.3,310.4,1293.0,49.7,37,0,0,0,0,0,0
2,298.3,309.0,1470.0,38.4,10,0,0,0,0,0,0
0,300.1,309.4,1453.0,47.6,28,0,0,0,0,0,0
1,299.9,309.1,1345.0,56.8,10,0,0,0,0,0,0
0,301.3,311.0,1539.0,36.9,206,0,0,0,0,0,0
0,299.4,308.6,1492.0,40.5,181,0,0,0,0,0,0
0,298.4,309.3,1395.0,47.6,24,0,0,0,0,0,0
0,302.3,311.5,1387.0,47.3,2,0,0,0,0,0,0
0,300.9,310.9,1497.0,43.2,62,0,0,0,0,0,0
0,298.8,308.5,1736.0,29.0,31,0,0,0,0,0,0
0,297.8,307.6,1607.0,30.3,62,0,0,0,0,0,0
1,300.0,309.5,1879.0,22.4,79,0,0,0,0,0,0
0,297.5,308.9,1738.0,24.0,195,0,0,0,0,0,0
2,297.6,308.8,1385.0,44.4,181,0,0,0,0,0,0
1,302.2,311.1,1516.0,33.7,158,0,0,0,0,0,0
0,303.8,313.0,1633.0,32.9,207,0,0,0,0,0,0
0,300.6,310.7,1397.0,53.7,80,0,0,0,0,0,0
0,297.3,308.3,1268.0,60.6,119,0,0,0,0,0,0
0,297.6,308.6,1529.0,45.3,15,0,0,0,0,0,0
1,300.2,311.0,1899.5,14.7,144,0,0,0,0,0,0
0,302.4,310.1,1645.0,31.6,93,0,0,0,0,0,0
0,303.7,312.4,1702.0,31.2,144,0,0,0,0,0,0
1,299.8,309.3,1640.0,31.1,211,0,0,0,0,0,0
0,299.7,311.1,1574.0,36.4,135,0,0,0,0,0,0
0,297.5,309.4,1650.0,34.6,142,0,0,0,0,0,0
1,301.5,310.0,1417.0,44.6,49,0,0,0,0,0,0
1,298.1,308.1,1456.0,43.7,80,0,0,0,0,0,0
0,299.5,310.1,1585.0,35.2,50,0,0,0,0,0,0
0,301.0,310.6,1493.0,37.8,206,0,0,0,0,0,1
1,301.7,310.7,1659.0,29.9,73,0,0,0,0,0,0
0,297.3,308.4,1469.0,46.7,65,0,0,0,0,0,0
1,302.2,310.1,1421.0,45.4,9,0,0,0,0,0,0
1,303.6,312.8,1689.0,33.1,16,0,0,0,0,0,0
2,298.5,309.6,1579.0,33.5,91,0,0,0,0,0,0
0,300.6,310.2,1318.0,51.0,8,0,0,0,0,0,0
1,302.1,310.6,1517.0,38.9,2,0,0,0,0,0,0
0,297.1,308.2,1899.5,15.7,181,0,0,0,0,0,0
0,299.4,308.6,1415.0,56.4,175,0,0,0,0,0,0
0,301.0,310.7,1300.0,57.2,174,0,0,0,0,0,0
2,297.9,308.5,1383.0,44.6,184,0,0,0,0,0,0
0,301.9,310.8,1427.0,47.7,92,0,0,0,0,0,0
0,299.4,309.3,1391.0,46.6,185,0,0,0,0,0,0
2,299.3,310.4,1510.0,45.5,27,0,0,0,0,0,0
0,300.0,311.5,1445.0,41.6,81,0,0,0,0,0,0
0,298.2,309.1,1568.0,36.3,166,0,0,0,0,0,0
2,300.9,311.9,1899.5,16.5,43,0,0,0,0,0,0
0,299.6,310.9,1472.0,40.9,137,0,0,0,0,0,0
1,298.5,309.6,1502.0,39.4,84,0,0,0,0,0,0
0,300.6,310.0,1455.0,40.4,172,0,0,0,0,0,0
0,299.1,310.6,1577.0,37.1,44,0,0,0,0,0,0
0,302.5,310.3,1688.0,31.6,66,0,0,0,0,0,0
0,298.9,310.0,1378.0,49.3,18,0,0,0,0,0,0
1,298.5,309.3,1761.0,27.2,49,0,0,0,0,0,0
0,297.5,308.2,1489.0,40.7,141,0,0,0,0,0,0
1,297.7,309.0,1531.0,42.4,38,0,0,0,0,0,0
2,297.4,308.2,1359.0,46.9,199,0,0,0,0,0,0
0,301.7,310.6,1660.0,28.7,66,0,0,0,0,0,0
0,301.0,311.9,1889.0,23.5,198,0,0,0,0,0,0
0,302.3,310.1,1353.0,50.9,36,0,0,0,0,0,1
0,298.3,309.1,1616.0,31.1,195,0,0,0,0,0,0
1,299.2,309.1,1503.0,34.7,6,0,0,0,0,0,0
1,297.5,308.0,1560.0,39.0,141,0,0,0,0,0,0
0,299.6,309.2,1422.0,39.8,219,0,0,0,0,0,0
1,300.5,311.4,1743.0,27.6,46,0,0,0,0,0,0
1,297.2,307.9,1632.0,37.5,156,0,0,0,0,0,0
0,300.1,309.3,1340.0,56.0,130,0,0,0,0,0,0
1,298.0,308.5,1682.0,33.0,58,0,0,0,0,0,0
2,297.6,309.6,1419.0,48.2,215,0,0,0,0,0,0
0,300.7,310.9,1650.0,29.4,102,0,0,0,0,0,0
0,300.8,311.9,1498.0,39.3,23,0,0,0,0,0,0
0,303.0,311.2,1382.0,50.5,203,0,0,0,0,0,0
1,301.9,310.7,1511.0,37.6,70,0,0,0,0,0,0
2,297.9,307.7,1464.0,43.2,97,0,0,0,0,0,0
1,301.4,310.6,1459.0,46.9,27,0,0,0,0,0,0
0,298.4,308.3,1422.0,42.7,186,0,0,0,0,0,0
1,300.0,309.3,1413.0,40.7,117,0,0,0,0,0,0
1,300.5,309.5,1320.0,49.9,59,0,0,0,0,0,0
1,300.3,311.3,1377.0,53.8,125,0,0,0,0,0,0
0,300.6,310.0,1438.0,53.8,103,0,0,0,0,0,0
0,297.9,307.8,1499.0,37.5,78,0,0,0,0,0,0
0,298.8,309.6,1442.0,50.0,104,0,0,0,0,0,0
0,295.6,306.0,1569.0,40.4,174,0,0,0,0,0,0
1,297.7,309.2,1732.0,28.8,152,0,0,0,0,0,0
0,300.3,311.5,1695.0,25.6,43,0,0,0,0,0,0
1,300.2,311.6,1510.0,47.5,146,0,0,0,0,0,0
0,298.8,310.0,1412.0,46.3,107,0,0,0,0,0,0
0,298.6,309.4,1315.0,55.5,28,0,0,0,0,0,0
1,297.7,307.3,1365.0,49.2,36,0,0,0,0,0,0
0,297.4,308.2,1639.0,33.8,39,0,0,0,0,0,0
1,302.5,311.5,1481.0,41.1,215,0,0,0,0,0,0
0,300.0,309.6,1452.0,46.0,51,0,0,0,0,0,0
1,296.6,307.5,1734.0,27.0,50,0,0,0,0,0,0
1,302.6,312.3,1454.0,54.8,253,0,0,0,0,0,1
0,298.2,308.8,1302.0,60.4,34,0,0,0,0,0,0
0,295.8,306.5,1568.0,35.1,111,0,0,0,0,0,0
0,297.4,308.4,1369.0,50.6,220,0,0,0,0,0,1
2,301.2,310.6,1352.0,52.0,69,0,0,0,0,0,0
0,300.8,311.8,1899.5,21.8,209,0,0,0,0,0,0
1,300.8,310.7,1899.5,22.4,36,0,0,0,0,0,0
2,301.7,310.2,1620.0,30.8,42,0,0,0,0,0,0
0,302.0,311.0,1420.0,45.9,144,0,0,0,0,0,0
0,300.4,311.7,1513.0,40.0,51,0,0,0,0,0,0
2,300.6,311.7,1535.0,33.3,92,0,0,0,0,0,0
1,297.2,308.3,1326.0,57.2,100,0,0,0,0,0,0
0,299.0,308.5,1559.0,38.1,194,0,0,0,0,0,0
1,302.4,311.8,1557.0,31.5,49,0,0,0,0,0,0
1,297.1,308.0,1690.0,25.6,159,0,0,0,0,0,0
0,299.3,308.5,1589.0,32.7,74,0,0,0,0,0,0
0,298.8,308.9,1527.0,32.4,189,0,0,0,0,0,0
1,297.5,308.5,1484.0,44.7,40,0,0,0,0,0,0
0,298.3,308.1,1840.0,21.5,88,0,0,0,0,0,0
1,301.1,310.0,1433.0,48.1,14,0,0,0,0,0,0
0,302.1,311.2,1460.0,46.9,198,0,0,0,0,0,0
2,300.8,309.9,1899.5,19.2,194,0,0,0,0,0,0
2,300.8,311.9,1431.0,48.5,25,0,0,0,0,0,0
0,300.7,310.4,1366.0,52.6,205,0,0,0,0,0,0
0,302.0,311.2,1434.0,44.9,15,0,0,0,0,0,0
1,299.8,310.0,1632.0,33.7,172,0,0,0,0,0,0
0,299.8,311.3,1727.0,30.0,24,0,0,0,0,0,0
1,301.1,311.3,1836.0,22.8,31,0,0,0,0,0,0
0,297.5,308.9,1390.0,47.4,187,0,0,0,0,0,0
1,300.4,309.4,1362.0,42.1,182,0,0,0,0,0,0
1,301.7,311.0,1311.0,46.8,136,0,0,0,0,0,0
0,298.2,308.3,1402.0,51.0,141,0,0,0,0,0,0
0,299.4,308.5,1845.0,22.9,76,0,0,0,0,0,0
1,300.8,310.4,1518.0,36.0,59,0,0,0,0,0,0
1,296.9,307.9,1385.0,44.8,144,0,0,0,0,0,0
0,300.3,309.9,1393.0,56.1,12,0,0,0,0,0,0
0,298.1,309.0,1437.0,36.2,95,0,0,0,0,0,0
0,300.2,311.4,1495.0,43.6,95,0,0,0,0,0,0
0,298.9,309.9,1590.0,31.3,98,0,0,0,0,0,0
0,301.8,310.7,1644.0,33.4,68,0,0,0,0,0,0
1,300.3,309.6,1419.0,42.5,137,0,0,0,0,0,0
0,298.2,308.3,1899.5,19.2,90,0,0,0,0,0,0
0,297.5,309.6,1312.0,50.7,0,0,0,0,0,0,0
0,300.0,309.2,1566.0,34.4,18,0,0,0,0,0,0
0,303.6,312.6,1502.0,39.5,103,0,0,0,0,0,0
1,300.5,309.4,1655.0,32.1,37,0,0,0,0,0,0
2,302.5,312.0,1357.0,42.0,179,0,0,0,0,0,0
1,302.4,311.4,1675.0,29.6,128,0,0,0,0,0,0
0,297.4,308.5,1692.0,34.3,83,0,0,0,0,0,0
1,299.8,309.3,1663.0,35.2,208,0,0,0,0,0,0
0,299.0,308.6,1329.0,60.5,120,0,0,0,0,0,0
1,301.9,310.7,1472.0,47.0,73,0,0,0,0,0,0
0,300.1,309.1,1551.0,33.7,214,0,0,0,0,0,0
0,298.2,308.9,1336.0,45.0,66,0,0,0,0,0,0
1,298.6,309.2,1311.0,46.6,44,0,0,0,0,0,0
1,299.6,309.3,1553.0,32.4,112,0,0,0,0,0,0
1,298.1,308.9,1417.0,39.2,65,0,0,0,0,0,0
0,298.6,309.0,1456.0,47.7,0,0,0,0,0,0,0
1,299.5,310.1,1359.0,61.1,67,0,0,0,0,0,0
0,301.0,311.6,1461.0,40.6,154,0,0,0,0,0,0
0,300.4,309.9,1376.0,43.5,74,0,0,0,0,0,0
1,302.2,311.4,1432.0,45.3,33,0,0,0,0,0,0
1,301.4,310.6,1459.0,35.0,87,0,0,0,0,0,0
0,299.4,309.3,1366.0,48.4,116,0,0,0,0,0,0
0,298.7,309.8,1546.0,40.9,109,0,0,0,0,0,0
1,298.8,309.7,1480.0,38.1,157,0,0,0,0,0,0
0,298.3,308.1,1505.0,46.1,80,0,0,0,0,0,0
1,302.5,311.4,1629.0,31.7,225,0,0,0,0,0,0
0,298.0,308.9,1406.0,40.9,77,0,0,0,0,0,0
0,297.8,309.2,1400.0,56.9,34,0,0,0,0,0,0
0,297.4,308.5,1389.0,39.2,54,0,0,0,0,0,0
1,302.0,311.3,1725.0,27.7,23,0,0,0,0,0,0
0,299.2,308.4,1436.0,41.8,28,0,0,0,0,0,0
0,298.2,307.6,1369.0,54.5,82,0,0,0,0,0,0
1,298.3,309.6,1681.0,27.1,194,0,0,0,0,0,0
0,300.7,311.1,1427.0,50.3,137,0,0,0,0,0,0
0,301.4,310.8,1698.0,29.6,99,0,0,0,0,0,0
0,296.9,307.7,1653.0,35.9,177,0,0,0,0,0,0
1,295.6,306.1,1651.0,28.1,110,0,0,0,0,0,0
1,298.5,308.6,1897.0,20.2,50,0,0,0,0,0,0
2,297.9,307.9,1406.0,58.5,93,0,0,0,0,0,0
0,301.2,310.6,1811.0,24.0,84,0,0,0,0,0,0
0,301.0,312.2,1510.0,39.9,61,0,0,0,0,0,0
1,298.2,308.8,1645.0,28.2,58,0,0,0,0,0,0
1,297.9,308.7,1751.0,26.6,111,0,0,0,0,0,0
1,300.0,311.4,1533.0,42.6,180,0,0,0,0,0,0
0,301.6,309.8,1588.0,33.9,89,0,0,0,0,0,0
1,302.3,310.9,1627.0,32.3,0,0,0,0,0,0,0
1,300.3,311.7,1551.0,36.4,84,0,0,0,0,0,0
1,295.6,306.1,1418.0,46.2,24,0,0,0,0,0,0
0,300.6,311.8,1652.0,27.2,52,0,0,0,0,0,0
0,300.0,309.6,1431.0,47.7,39,0,0,0,0,0,0
1,297.4,308.9,1500.0,46.3,137,0,0,0,0,0,0
1,297.8,307.9,1726.0,27.3,35,0,0,0,0,0,0
0,299.8,311.2,1899.5,16.6,144,0,0,0,0,0,0
1,300.9,310.0,1416.0,46.6,201,0,0,0,0,0,0
2,297.3,308.4,1864.0,23.1,90,0,0,0,0,0,0
0,298.5,308.2,1444.0,40.5,170,0,0,0,0,0,0
2,297.5,308.6,1355.0,58.9,138,0,0,0,0,0,0
0,297.4,308.4,1341.0,52.2,49,0,0,0,0,0,0
1,301.1,312.4,1809.0,25.1,126,0,0,0,0,0,0
1,299.3,308.5,1404.0,49.4,93,0,0,0,0,0,0
0,299.9,310.0,1447.0,45.9,162,0,0,0,0,0,0
2,297.5,308.9,1471.0,37.7,197,0,0,0,0,0,0
0,297.6,308.6,1664.0,30.1,81,0,0,0,0,0,0
0,300.0,311.5,1749.0,28.3,83,0,0,0,0,0,0
0,298.3,308.1,1528.0,33.9,82,0,0,0,0,0,0
0,297.9,309.0,1562.0,35.8,40,0,0,0,0,0,0
0,298.5,308.8,1332.0,59.1,115,0,0,0,0,0,0
2,297.4,308.7,1522.0,46.3,146,0,0,0,0,0,0
0,300.1,309.3,1616.0,32.0,199,0,0,0,0,0,0
0,299.8,309.4,1460.0,37.4,25,0,0,0,0,0,0
0,296.4,307.5,1331.0,47.8,99,0,0,0,0,0,0
0,299.3,308.8,1647.0,32.9,172,0,0,0,0,0,0
0,300.2,311.6,1511.0,35.7,160,0,0,0,0,0,0
0,299.0,309.1,1523.0,38.6,177,0,0,0,0,0,0
1,298.7,309.8,1435.0,48.8,71,0,0,0,0,0,0
1,296.0,306.6,1628.0,36.8,121,0,0,0,0,0,0
0,297.8,307.2,1351.0,56.3,174,0,0,0,0,0,0
1,301.3,310.8,1494.0,35.3,54,0,0,0,0,0,0
0,301.5,310.5,1611.0,33.8,144,0,0,0,0,0,0
2,299.3,309.0,1732.0,29.7,141,0,0,0,0,0,0
0,304.2,313.4,1644.0,31.7,23,0,0,0,0,0,0
0,299.7,309.1,1483.0,41.1,208,0,0,0,0,0,0
1,303.6,312.3,1630.0,32.4,223,0,0,0,0,0,0
0,300.5,310.0,1451.0,48.6,208,0,0,0,0,0,0
0,298.6,310.2,1569.0,36.3,10,0,0,0,0,0,0
1,298.7,309.6,1254.0,57.1,124,0,0,0,0,0,0
1,298.8,309.6,1575.0,34.4,149,0,0,0,0,0,0
1,298.5,309.3,1552.0,36.8,133,0,0,0,0,0,0
0,301.9,310.4,1603.0,37.6,69,0,0,0,0,0,0
0,300.0,309.1,1401.0,44.5,0,0,0,0,0,0,0
1,301.9,310.8,1563.0,39.2,39,0,0,0,0,0,0
0,297.2,307.9,1309.0,49.6,167,0,0,0,0,0,0
0,295.7,306.3,1490.0,34.3,97,0,0,0,0,0,0
1,298.4,309.5,1514.0,38.8,128,0,0,0,0,0,0
0,299.9,310.5,1539.0,32.8,213,0,0,0,0,0,0
2,302.9,312.3,1509.0,46.8,175,0,0,0,0,0,0
0,302.3,311.3,1439.0,41.8,96,0,0,0,0,0,0
0,297.5,308.6,1536.0,39.0,202,0,0,0,0,0,0
0,297.8,308.3,1477.0,44.8,170,0,0,0,0,0,0
1,296.9,307.8,1426.0,50.7,130,0,0,0,0,0,0
0,298.3,308.4,1490.0,41.7,170,0,0,0,0,0,0
1,302.9,312.5,1899.5,21.2,23,0,0,0,0,0,0
0,300.7,309.9,1383.0,44.5,176,0,0,0,0,0,0
1,301.4,311.2,1727.0,26.5,43,0,0,0,0,0,0
1,300.4,309.6,1563.0,34.0,6,0,0,0,0,0,0
2,301.9,310.9,1590.0,34.3,106,0,0,0,0,0,0
0,297.4,308.4,1474.0,43.6,4,0,0,0,0,0,0
1,298.2,309.0,1353.0,50.3,150,0,0,0,0,0,0
0,302.2,311.1,1351.0,48.6,110,0,0,0,0,0,0
2,301.9,310.5,1472.0,39.7,187,0,0,0,0,0,0
0,299.8,309.2,1439.0,36.1,203,0,0,0,0,0,0
1,298.0,307.6,1472.0,46.7,116,0,0,0,0,0,0
1,298.8,308.7,1543.0,38.2,44,0,0,0,0,0,0
0,299.0,310.4,1339.0,49.6,94,0,0,0,0,0,0
0,302.7,312.2,1376.0,52.8,164,0,0,0,0,0,0
1,301.9,310.5,1590.0,40.3,130,0,0,0,0,0,0
0,302.3,310.8,1465.0,43.8,7,0,0,0,0,0,0
0,297.9,307.6,1747.0,25.3,136,0,0,0,0,0,0
0,295.5,306.1,1573.0,35.1,129,0,0,0,0,0,0
0,297.4,308.4,1421.0,46.0,124,0,0,0,0,0,0
0,301.2,310.9,1413.0,50.1,141,0,0,0,0,0,0
1,299.0,310.6,1587.0,34.2,141,0,0,0,0,0,0
1,303.5,312.9,1572.0,44.7,84,0,0,0,0,0,0
1,300.2,309.7,1408.0,44.0,144,0,0,0,0,0,0
1,302.2,311.5,1479.0,39.5,36,0,0,0,0,0,0
0,301.4,310.8,1610.0,34.6,187,0,0,0,0,0,0
2,297.5,308.3,1674.0,30.0,54,0,0,0,0,0,0
1,301.7,311.1,1618.0,36.7,115,0,0,0,0,0,0
0,300.4,311.8,1433.0,42.2,14,0,0,0,0,0,0
0,299.8,309.6,1526.0,41.7,85,0,0,0,0,0,0
0,300.3,310.3,1629.0,34.1,52,0,0,0,0,0,0
0,299.4,309.2,1621.0,34.5,48,0,0,0,0,0,0
0,302.1,310.1,1447.0,46.6,169,0,0,0,0,0,0
1,299.7,311.0,1506.0,42.7,85,0,0,0,0,0,0
0,298.0,307.7,1492.0,38.7,202,0,0,0,0,0,0
0,298.2,308.3,1458.0,41.8,132,0,0,0,0,0,0
0,303.8,313.1,1523.0,39.8,150,0,0,0,0,0,0
0,298.9,310.2,1445.0,40.0,129,0,0,0,0,0,0
1,298.9,308.4,1827.0,26.1,5,0,0,0,0,0,0
1,301.8,310.2,1437.0,42.3,0,0,0,0,0,0,0
0,299.1,308.4,1693.0,31.6,65,0,0,0,0,0,0
0,298.8,308.9,1455.0,41.3,208,0,0,0,0,0,1
0,302.6,310.4,1365.0,66.8,80,0,0,0,0,0,1
0,300.1,309.5,1353.0,50.9,34,0,0,0,0,0,0
0,301.8,311.1,1495.0,36.9,197,0,0,0,0,0,0
1,297.6,308.3,1648.0,29.1,134,0,0,0,0,0,0
0,301.9,309.7,1719.0,31.9,0,0,0,0,0,0,0
0,303.3,312.7,1643.0,30.7,142,0,0,0,0,0,0
0,303.3,311.6,1484.0,44.6,223,0,0,0,0,0,0
1,299.0,310.3,1662.0,33.6,67,0,0,0,0,0,0
0,297.4,308.3,1854.0,21.8,24,0,0,0,0,0,0
2,298.9,310.5,1429.0,39.9,19,0,0,0,0,0,0
1,301.9,310.9,1456.0,43.6,45,0,0,0,0,0,0
0,301.0,310.7,1464.0,45.8,184,0,0,0,0,0,0
0,299.2,308.7,1514.0,41.9,196,0,0,0,0,0,0
1,297.2,308.6,1444.0,41.1,56,0,0,0,0,0,0
0,299.2,309.1,1468.0,45.6,2,0,0,0,0,0,0
0,300.4,309.6,1543.0,38.1,209,0,0,0,0,0,0
2,302.4,311.1,1578.0,32.3,196,0,0,0,0,0,0
0,301.3,310.5,1390.0,45.8,63,0,0,0,0,0,0
0,302.4,311.8,1448.0,43.4,141,0,0,0,0,0,0
0,297.3,308.0,1518.0,36.0,59,0,0,0,0,0,0
1,298.2,309.0,1508.0,40.5,192,0,0,0,0,0,0
1,297.7,308.3,1547.0,36.8,74,0,0,0,0,0,0
1,300.3,311.8,1483.0,45.1,181,0,0,0,0,0,0
0,299.5,309.1,1336.0,42.1,217,0,0,0,0,0,0
2,300.8,309.4,1474.0,40.7,104,0,0,0,0,0,0
0,300.4,309.8,1342.0,52.5,68,0,0,0,0,0,0
1,298.7,310.1,1644.0,34.1,46,0,0,0,0,0,0
0,301.3,311.1,1504.0,39.1,2,0,0,0,0,0,0
1,295.7,306.3,1712.0,28.5,43,0,0,0,0,0,0
2,300.4,310.7,1656.0,36.3,127,0,0,0,0,0,0
2,303.7,312.5,1520.0,35.6,154,0,0,0,0,0,0
0,300.1,309.1,1353.0,58.7,86,0,0,0,0,0,0
0,298.2,308.9,1709.0,28.1,81,0,0,0,0,0,0
1,298.1,307.8,1503.0,44.7,54,0,0,0,0,0,0
0,303.6,312.5,1431.0,49.0,162,0,0,0,0,0,0
1,300.7,311.9,1366.0,55.1,36,0,0,0,0,0,0
0,303.7,312.3,1384.0,45.9,121,0,0,0,0,0,0
0,300.7,310.8,1496.0,46.4,90,0,0,0,0,0,0
0,298.7,310.1,1433.0,54.6,66,0,0,0,0,0,0
0,300.9,312.0,1441.0,43.8,210,0,0,0,0,0,0
0,298.9,310.1,1577.0,41.4,80,0,0,0,0,0,0
0,296.1,307.1,1898.0,22.7,20,0,0,0,0,0,0
1,297.7,309.4,1461.0,43.7,142,0,0,0,0,0,0
1,298.8,310.2,1581.0,37.5,75,0,0,0,0,0,0
0,303.3,311.7,1508.0,35.5,217,0,0,0,0,0,0
1,297.3,307.8,1538.0,48.0,171,0,0,0,0,0,0
0,297.5,308.8,1312.0,50.3,159,0,0,0,0,0,0
0,300.4,309.5,1543.0,38.9,37,0,0,0,0,0,0
0,297.9,309.1,1507.0,36.9,13,0,0,0,0,0,0
0,301.6,311.2,1408.0,42.9,89,0,0,0,0,0,0
0,301.3,310.0,1438.0,40.9,7,0,0,0,0,0,0
0,302.6,311.0,1610.0,39.2,152,0,0,0,0,0,0
2,300.5,311.4,1679.0,27.5,59,0,0,0,0,0,0
1,298.1,308.5,1382.0,54.5,17,0,0,0,0,0,0
0,301.5,310.6,1587.0,33.7,122,0,0,0,0,0,0
0,302.2,311.3,1382.0,46.4,94,0,0,0,0,0,0
0,302.5,311.9,1452.0,47.4,77,0,0,0,0,0,0
1,298.1,308.3,1453.0,41.5,204,0,0,0,0,0,0
0,300.5,309.7,1395.0,61.0,157,0,0,0,0,0,0
0,303.7,312.8,1437.0,51.3,42,0,0,0,0,0,0
0,297.2,307.9,1493.0,38.4,146,0,0,0,0,0,0
1,301.9,310.9,1421.0,46.2,26,0,0,0,0,0,0
0,301.7,311.0,1585.0,35.9,185,0,0,0,0,0,0
0,298.9,309.8,1534.0,42.1,23,0,0,0,0,0,0
2,300.5,310.8,1631.0,30.5,132,0,0,0,0,0,0
0,297.3,308.6,1505.0,33.5,14,0,0,0,0,0,0
1,298.9,310.1,1484.0,40.4,61,0,0,0,0,0,0
0,299.8,311.1,1820.0,24.9,174,0,0,0,0,0,0
2,299.6,309.2,1597.0,36.3,35,0,0,0,0,0,0
1,297.8,307.8,1622.0,32.1,18,0,0,0,0,0,0
0,298.8,308.4,1484.0,39.2,8,0,0,0,0,0,0
1,301.0,312.1,1664.0,28.4,168,0,0,0,0,0,0
0,298.3,310.0,1442.0,43.9,110,0,0,0,0,0,0
0,302.7,312.2,1405.0,51.4,157,0,0,0,0,0,0
2,300.7,310.2,1364.0,65.3,208,0,0,0,0,0,1
0,301.1,310.2,1657.0,34.1,52,0,0,0,0,0,0
0,300.9,311.4,1899.5,21.4,105,0,0,0,0,0,0
0,303.6,312.6,1606.0,33.6,184,0,0,0,0,0,0
0,300.7,310.3,1662.0,34.4,57,0,0,0,0,0,0
0,298.6,308.4,1310.0,59.7,40,0,0,0,0,0,0
0,303.6,312.7,1429.0,47.7,198,0,0,0,0,0,0
0,300.4,309.7,1384.0,45.1,159,0,0,0,0,0,0
0,302.2,311.4,1899.5,19.2,31,0,0,0,0,0,0
1,297.9,308.8,1538.0,37.6,54,0,0,0,0,0,0
1,298.4,308.2,1463.0,37.6,188,0,0,0,0,0,0
0,297.7,308.9,1575.0,39.9,12,0,0,0,0,0,0
0,303.5,312.8,1877.0,22.3,96,0,0,0,0,0,0
0,299.6,309.2,1572.0,33.4,20,0,0,0,0,0,0
2,302.0,309.9,1606.0,34.5,156,0,0,0,0,0,0
1,297.6,308.1,1379.0,57.4,122,0,0,0,0,0,0
2,300.7,311.3,1374.0,53.1,66,0,0,0,0,0,0
2,298.0,308.7,1536.0,39.6,99,0,0,0,0,0,0
2,304.0,313.2,1517.0,43.1,96,0,0,0,0,0,0
0,303.4,311.7,1476.0,42.3,180,0,0,0,0,0,0
1,301.2,312.4,1428.0,36.6,99,0,0,0,0,0,0
0,301.9,310.6,1467.0,39.3,32,0,0,0,0,0,0
0,301.4,310.6,1347.0,53.3,104,0,0,0,0,0,0
0,298.0,309.2,1527.0,39.5,85,0,0,0,0,0,0
0,298.6,309.6,1533.0,40.7,106,0,0,0,0,0,0
0,298.4,308.8,1458.0,40.1,111,0,0,0,0,0,0
0,302.2,311.4,1499.0,37.7,55,0,0,0,0,0,0
2,297.7,308.3,1488.0,41.0,101,0,0,0,0,0,0
0,300.8,310.8,1407.0,45.1,51,0,0,0,0,0,0
1,298.1,307.6,1899.5,19.2,150,0,0,0,0,0,0
0,300.0,309.6,1738.0,28.7,51,0,0,0,0,0,0
2,303.3,311.4,1692.0,27.9,55,0,0,0,0,0,0
2,296.7,307.5,1607.0,33.6,38,0,0,0,0,0,0
1,302.7,311.7,1784.0,25.1,177,0,0,0,0,0,0
0,300.4,309.7,1584.0,32.6,71,0,0,0,0,0,0
0,302.3,311.3,1614.0,34.1,129,0,0,0,0,0,0
1,297.3,308.4,1686.0,34.5,97,0,0,0,0,0,0
0,297.9,309.0,1379.0,47.3,28,0,0,0,0,0,0
0,297.0,307.9,1350.0,47.7,168,0,0,0,0,0,0
0,298.8,309.1,1350.0,52.5,111,0,0,0,0,0,0
0,298.2,307.6,1492.0,37.2,178,0,0,0,0,0,0
0,298.6,309.6,1390.0,50.3,196,0,0,0,0,0,0
1,302.1,310.9,1899.5,23.1,51,0,0,0,0,0,0
0,300.6,311.0,1563.0,40.7,87,0,0,0,0,0,0
2,302.4,310.9,1444.0,40.7,174,0,0,0,0,0,0
1,297.9,309.0,1899.5,13.9,82,0,0,0,0,0,0
1,298.6,309.0,1481.0,40.8,6,0,0,0,0,0,0
0,302.0,309.8,1456.0,58.1,145,0,0,0,0,0,0
0,300.2,310.0,1493.0,47.3,172,0,0,0,0,0,0
1,297.3,308.8,1586.0,32.7,131,0,0,0,0,0,0
0,297.4,308.6,1439.0,46.4,114,0,0,0,0,0,0
0,297.9,309.9,1472.0,45.0,183,0,0,0,0,0,0
0,297.4,308.6,1609.0,36.2,116,0,0,0,0,0,0
0,300.6,309.5,1471.0,49.6,29,0,0,0,0,0,0
1,299.1,308.4,1332.0,51.7,71,0,0,0,0,0,0
0,300.4,310.8,1348.0,56.0,146,0,0,0,0,0,0
0,299.6,310.2,1473.0,42.7,81,0,0,0,0,0,0
0,300.8,311.3,1505.0,45.5,141,0,0,0,0,0,0
0,303.8,312.7,1414.0,41.7,190,0,0,0,0,0,0
0,300.6,310.0,1313.0,52.9,93,0,0,0,0,0,0
0,301.0,312.1,1675.0,30.7,200,0,0,0,0,0,0
1,300.2,311.4,1450.0,38.5,68,0,0,0,0,0,0
0,303.1,312.5,1453.0,49.1,140,0,0,0,0,0,0
0,299.0,310.1,1505.0,41.3,85,0,0,0,0,0,0
1,300.8,310.4,1450.0,39.4,62,0,0,0,0,0,0
1,297.7,309.6,1596.0,35.2,173,0,0,0,0,0,0
1,300.4,309.8,1356.0,44.4,136,0,0,0,0,0,0
0,298.4,310.1,1455.0,42.2,94,0,0,0,0,0,0
0,299.7,310.9,1491.0,40.1,195,0,0,0,0,0,0
0,298.9,309.9,1404.0,39.8,62,0,0,0,0,0,0
0,300.7,311.1,1899.5,14.3,135,0,0,0,0,0,0
1,302.1,311.3,1511.0,45.0,204,0,0,0,0,0,0
1,297.9,309.6,1515.0,38.8,124,0,0,0,0,0,0
1,300.4,310.5,1644.0,31.4,41,0,0,0,0,0,0
0,300.0,309.8,1474.0,40.6,78,0,0,0,0,0,0
1,300.1,309.1,1533.0,38.0,26,0,0,0,0,0,0
0,303.5,312.0,1366.0,54.5,30,0,0,0,0,0,1
0,301.8,310.8,1557.0,33.3,190,0,0,0,0,0,0
0,299.7,310.3,1505.0,37.7,4,0,0,0,0,0,0
0,303.7,313.0,1694.0,28.0,44,0,0,0,0,0,0
0,300.3,311.8,1551.0,37.2,9,0,0,0,0,0,0
0,302.1,310.8,1772.0,27.1,233,0,0,0,0,0,0
0,301.9,310.6,1331.0,67.19999999999999,85,0,0,0,0,0,1
0,301.0,311.0,1437.0,56.0,33,0,0,0,0,0,0
1,297.5,308.9,1535.0,37.7,12,0,0,0,0,0,0
0,297.5,308.5,1373.0,39.9,110,0,0,0,0,0,0
0,301.5,311.1,1731.0,27.9,101,0,0,0,0,0,0
1,302.8,312.3,1262.0,67.19999999999999,234,0,0,0,0,0,1
0,297.5,308.4,1528.0,39.9,160,0,0,0,0,0,0
0,301.4,310.8,1362.0,53.2,4,0,0,0,0,0,0
0,302.5,310.9,1330.0,56.9,97,0,0,0,0,0,1
0,298.0,309.6,1633.0,34.8,41,0,0,0,0,0,0
1,300.7,310.1,1483.0,40.2,162,0,0,0,0,0,0
2,303.8,312.9,1378.0,45.6,184,0,0,0,0,0,0
2,299.1,310.4,1369.0,54.5,104,0,0,0,0,0,0
0,300.3,309.9,1540.0,39.9,203,0,0,0,0,0,0
0,303.9,312.7,1528.0,38.4,177,0,0,0,0,0,0
1,300.5,309.7,1341.0,50.9,137,0,0,0,0,0,0
1,299.3,310.9,1826.0,25.1,2,0,0,0,0,0,0
0,298.3,308.0,1486.0,42.3,86,0,0,0,0,0,0
0,299.1,310.2,1695.0,29.6,8,0,0,0,0,0,0
1,300.3,309.4,1612.0,33.1,150,0,0,0,0,0,0
0,302.4,311.8,1384.0,50.9,99,0,0,0,0,0,0
0,298.1,309.5,1467.0,41.8,48,0,0,0,0,0,0
0,300.6,312.0,1566.0,30.1,128,0,0,0,0,0,0
2,300.5,311.7,1454.0,50.3,175,0,0,0,0,0,0
0,296.8,307.6,1304.0,48.7,142,0,0,0,0,0,0
1,297.3,308.3,1595.0,32.2,29,0,0,0,0,0,0
0,299.2,310.3,1429.0,40.1,23,0,0,0,0,0,0
0,303.6,312.9,1588.0,31.9,53,0,0,0,0,0,0
0,303.9,313.2,1481.0,40.0,100,0,0,0,0,0,0
2,298.9,310.2,1532.0,37.7,166,0,0,0,0,0,0
0,297.4,308.5,1295.0,52.1,130,0,0,0,0,0,0
0,302.2,310.8,1383.0,46.9,45,0,0,0,0,0,0
1,301.9,310.9,1763.0,28.4,103,0,0,0,0,0,0
1,297.7,309.0,1504.0,40.4,35,0,0,0,0,0,0
0,298.6,309.3,1702.0,27.6,143,0,0,0,0,0,0
0,297.8,308.4,1518.0,32.5,190,0,0,0,0,0,0
0,300.5,310.6,1499.0,45.2,8,0,0,0,0,0,0
1,301.4,310.6,1565.0,36.1,110,0,0,0,0,0,0
0,297.5,308.6,1452.0,39.0,72,0,0,0,0,0,0
0,301.9,310.4,1610.0,34.8,71,0,0,0,0,0,0
1,299.9,311.2,1579.0,35.5,162,0,0,0,0,0,0
0,297.6,309.1,1449.0,49.1,174,0,0,0,0,0,0
1,303.6,312.8,1899.5,12.800000000000011,26,0,0,0,0,0,1
2,298.9,310.6,1519.0,38.8,213,0,0,0,0,0,0
0,300.6,311.7,1734.0,29.9,72,0,0,0,0,0,0
0,297.2,308.0,1869.0,25.4,163,0,0,0,0,0,0
1,300.5,310.2,1571.0,34.6,228,0,0,0,0,0,0
0,298.4,309.1,1467.0,42.5,139,0,0,0,0,0,0
1,300.7,310.6,1899.5,19.1,102,0,0,0,0,0,0
0,299.8,310.2,1899.5,23.5,166,0,0,0,0,0,0
0,298.4,308.2,1850.0,27.0,194,0,0,0,0,0,0
1,299.6,310.2,1620.0,30.0,70,0,0,0,0,0,0
0,302.4,310.4,1521.0,38.5,142,0,0,0,0,0,0
0,295.5,306.0,1456.0,39.2,167,0,0,0,0,0,0
0,297.6,308.6,1415.0,47.3,169,0,0,0,0,0,0
0,299.2,308.4,1509.0,39.4,0,0,0,0,0,0,0
1,301.8,310.7,1429.0,47.9,53,0,0,0,0,0,0
1,303.6,312.7,1765.0,27.5,115,0,0,0,0,0,0
0,302.6,311.5,1442.0,59.8,169,0,0,0,0,0,1
0,301.4,310.5,1571.0,33.9,208,0,0,0,0,0,0
0,297.3,308.0,1447.0,49.0,61,0,0,0,0,0,0
0,302.3,311.5,1507.0,37.5,55,0,0,0,0,0,0
0,300.5,310.5,1695.0,26.7,28,0,0,0,0,0,0
0,301.0,310.9,1492.0,36.7,199,0,0,0,0,0,0
1,301.3,311.1,1678.0,30.7,34,0,0,0,0,0,0
0,301.5,310.6,1565.0,43.9,142,0,0,0,0,0,0
0,299.9,309.6,1294.0,49.7,126,0,0,0,0,0,0
0,301.7,309.9,1607.0,37.7,93,0,0,0,0,0,0
0,297.2,308.3,1419.0,39.7,115,0,0,0,0,0,0
0,300.7,311.2,1878.0,24.3,24,0,0,0,0,0,0
0,297.9,308.0,1490.0,46.2,6,0,0,0,0,0,0
1,297.4,308.5,1638.0,32.2,84,0,0,0,0,0,0
0,300.2,309.7,1275.0,60.7,15,0,0,0,0,0,0
0,298.0,307.8,1622.0,33.3,121,0,0,0,0,0,0
0,301.7,310.2,1435.0,48.1,12,0,0,0,0,0,0
0,301.3,311.3,1509.0,42.5,213,0,0,0,0,0,0
1,302.3,311.9,1508.0,42.3,159,0,0,0,0,0,0
0,300.8,310.8,1564.0,36.2,31,0,0,0,0,0,0
1,298.2,308.9,1614.0,35.5,15,0,0,0,0,0,0
0,298.8,310.3,1553.0,36.8,97,0,0,0,0,0,0
0,298.7,309.7,1393.0,45.7,99,0,0,0,0,0,0
1,300.4,311.7,1555.0,38.7,5,0,0,0,0,0,0
0,298.6,309.3,1537.0,37.6,175,0,0,0,0,0,0
0,300.7,311.9,1399.0,50.2,222,0,0,0,0,0,1
1,299.9,309.5,1412.0,57.9,59,0,0,0,0,0,0
1,298.0,309.0,1439.0,38.5,34,0,0,0,0,0,0
0,302.2,310.9,1506.0,34.0,49,0,0,0,0,0,0
1,297.6,309.6,1592.0,35.8,57,0,0,0,0,0,0
1,297.8,309.3,1899.5,15.7,36,0,0,0,0,0,0
1,298.1,307.9,1569.0,37.0,29,0,0,0,0,0,0
1,296.8,307.5,1516.0,36.7,135,0,0,0,0,0,0
0,298.0,308.7,1268.0,67.19999999999999,189,0,0,0,0,0,1
0,298.2,309.0,1780.0,29.3,91,0,0,0,0,0,0
0,302.8,312.1,1899.5,20.3,56,0,0,0,0,0,0
0,298.8,309.8,1557.0,37.2,139,0,0,0,0,0,0
0,303.5,312.4,1481.0,43.7,20,0,0,0,0,0,0
0,298.5,309.3,1471.0,44.7,119,0,0,0,0,0,0
0,298.6,308.2,1390.0,51.4,168,0,0,0,0,0,0
1,301.2,310.7,1899.5,22.5,28,0,0,0,0,0,0
0,300.6,311.8,1501.0,44.8,226,0,0,0,0,0,0
1,302.3,311.7,1685.0,30.8,130,0,0,0,0,0,0
0,301.0,311.2,1511.0,42.9,26,0,0,0,0,0,0
1,296.9,308.4,1450.0,46.9,186,0,0,0,0,0,0
0,298.5,309.7,1437.0,42.6,120,0,0,0,0,0,0
0,303.1,311.2,1435.0,40.1,219,0,0,0,0,0,0
0,298.9,310.1,1602.0,38.2,58,0,0,0,0,0,0
1,300.8,309.7,1751.0,27.9,183,0,0,0,0,0,0
0,298.5,309.5,1548.0,44.5,132,0,0,0,0,0,0
1,300.4,309.6,1675.0,35.5,164,0,0,0,0,0,0
0,301.7,311.1,1644.0,32.8,206,0,0,0,0,0,0
1,303.3,312.6,1397.0,47.1,137,0,0,0,0,0,0
0,303.4,311.9,1298.0,63.9,59,0,0,0,0,0,1
2,297.2,308.6,1486.0,46.6,98,0,0,0,0,0,0
1,302.6,310.4,1544.0,35.1,25,0,0,0,0,0,0
1,302.0,310.4,1595.0,32.9,135,0,0,0,0,0,0
1,295.8,306.4,1335.0,51.7,69,0,0,0,0,0,0
2,297.6,308.6,1463.0,46.7,85,0,0,0,0,0,0
0,299.7,311.0,1899.5,21.0,201,0,0,0,0,0,0
1,300.6,311.4,1468.0,40.4,55,0,0,0,0,0,0
1,303.4,311.8,1391.0,42.7,197,0,0,0,0,0,0
1,302.6,310.5,1524.0,33.7,204,0,0,0,0,0,0
0,304.0,312.8,1542.0,42.7,198,0,0,0,0,0,0
0,295.6,306.2,1287.0,54.8,49,0,0,0,0,0,0
0,298.4,310.1,1533.0,35.2,92,0,0,0,0,0,0
2,302.8,312.5,1422.0,46.1,4,0,0,0,0,0,0
0,298.2,309.4,1398.0,52.9,79,0,0,0,0,0,0
0,300.3,311.1,1676.0,28.6,158,0,0,0,0,0,0
0,298.1,310.0,1553.0,40.9,49,0,0,0,0,0,0
1,299.3,308.4,1542.0,37.5,203,0,0,0,0,0,1
0,298.0,308.8,1496.0,44.9,179,0,0,0,0,0,0
0,301.5,310.5,1396.0,44.5,117,0,0,0,0,0,0
0,299.8,310.5,1496.0,38.8,215,0,0,0,0,0,0
0,298.3,310.1,1523.0,45.9,99,0,0,0,0,0,0
0,298.2,308.8,1442.0,47.0,18,0,0,0,0,0,0
1,301.4,311.2,1476.0,36.5,25,0,0,0,0,0,0
1,297.2,308.3,1431.0,43.7,46,0,0,0,0,0,0
2,296.8,308.1,1492.0,43.7,222,0,0,0,0,0,0
1,303.5,312.5,1353.0,51.0,172,0,0,0,0,0,0
2,298.2,309.0,1524.0,39.1,100,0,0,0,0,0,0
1,299.5,311.0,1451.0,43.3,136,0,0,0,0,0,0
0,300.8,310.8,1486.0,45.7,146,0,0,0,0,0,0
0,297.9,309.0,1502.0,40.2,30,0,0,0,0,0,0
2,298.1,309.9,1686.0,29.1,60,0,0,0,0,0,0
0,299.2,309.1,1605.0,34.3,107,0,0,0,0,0,0
1,301.8,310.3,1465.0,46.5,60,0,0,0,0,0,0
1,297.4,308.8,1573.0,33.9,123,0,0,0,0,0,0
0,299.6,309.3,1558.0,34.8,115,0,0,0,0,0,0
1,300.7,309.5,1439.0,43.8,41,0,0,0,0,0,0
0,300.7,312.3,1420.0,53.8,67,0,0,0,0,0,0
2,300.5,311.6,1476.0,41.7,97,0,0,0,0,0,0
0,303.9,313.1,1310.0,62.9,130,0,0,0,0,0,0
0,303.5,312.9,1504.0,44.8,111,0,0,0,0,0,0
0,303.5,312.9,1501.0,44.0,128,0,0,0,0,0,0
2,299.8,310.2,1573.0,33.3,168,0,0,0,0,0,0
0,301.2,311.0,1573.0,32.8,57,0,0,0,0,0,0
1,296.4,307.5,1684.0,31.4,72,0,0,0,0,0,0
1,298.2,308.9,1326.0,54.4,75,0,0,0,0,0,0
0,297.7,308.7,1474.0,46.8,188,0,0,0,0,0,0
0,299.8,309.1,1612.0,35.4,205,0,0,0,0,0,0
2,301.1,310.0,1470.0,40.1,23,0,0,0,0,0,0
1,298.5,309.5,1483.0,44.8,92,0,0,0,0,0,0
1,300.1,310.4,1480.0,37.1,77,0,0,0,0,0,0
0,297.3,308.5,1497.0,47.5,27,0,0,0,0,0,0
0,303.6,311.8,1736.0,32.9,99,0,0,0,0,0,0
1,298.9,309.8,1899.5,21.7,105,0,0,0,0,0,0
1,297.5,308.5,1612.0,30.0,163,0,0,0,0,0,0
0,302.3,311.5,1565.0,35.6,41,0,0,0,0,0,0
0,298.1,308.1,1616.0,32.8,65,0,0,0,0,0,0
0,299.7,309.2,1620.0,30.0,168,0,0,0,0,0,0
1,298.3,309.0,1505.0,41.3,93,0,0,0,0,0,0
0,301.3,310.1,1531.0,41.6,9,0,0,0,0,0,0
0,300.1,311.6,1530.0,36.6,74,0,0,0,0,0,0
0,298.3,308.4,1593.0,37.0,174,0,0,0,0,0,0
2,303.9,313.0,1517.0,36.0,142,0,0,0,0,0,0
0,300.2,310.3,1514.0,38.7,48,0,0,0,0,0,0
0,299.3,308.5,1772.0,26.1,52,0,0,0,0,0,0
1,299.5,310.7,1488.0,39.5,95,0,0,0,0,0,0
0,300.7,311.3,1522.0,35.2,48,0,0,0,0,0,0
0,301.5,311.1,1459.0,45.1,97,0,0,0,0,0,0
2,300.8,310.5,1582.0,31.1,193,0,0,0,0,0,0
0,298.9,309.6,1589.0,34.2,197,0,0,0,0,0,0
0,300.4,310.2,1529.0,36.2,10,0,0,0,0,0,0
0,298.5,309.5,1370.0,52.4,113,0,0,0,0,0,0
1,298.0,309.1,1574.0,34.8,40,0,0,0,0,0,0
0,298.0,309.2,1731.0,28.7,38,0,0,0,0,0,0
1,298.5,309.6,1441.0,48.2,107,0,0,0,0,0,0
1,299.8,309.7,1320.0,61.7,134,0,0,0,0,0,0
0,298.0,308.7,1771.0,26.2,206,0,0,0,0,0,0
1,297.4,308.6,1469.0,42.6,80,0,0,0,0,0,0
0,298.6,308.3,1422.0,40.4,179,0,0,0,0,0,0
0,301.0,310.5,1429.0,39.4,98,0,0,0,0,0,0
1,300.8,310.3,1868.0,24.5,95,0,0,0,0,0,0
0,301.2,310.3,1548.0,38.6,59,0,0,0,0,0,0
1,302.2,311.4,1626.0,31.6,62,0,0,0,0,0,0
0,296.9,307.6,1435.0,45.0,119,0,0,0,0,0,0
2,298.3,309.2,1486.0,42.4,16,0,0,0,0,0,0
0,298.8,309.7,1740.0,28.5,152,0,0,0,0,0,0
2,298.9,309.7,1407.0,48.6,161,0,0,0,0,0,0
2,297.7,307.1,1855.0,22.5,7,0,0,0,0,0,0
1,297.8,309.8,1798.0,25.5,203,0,0,0,0,0,0
1,298.2,308.0,1899.5,21.7,32,0,0,0,0,0,0
1,299.3,308.4,1468.0,42.2,83,0,0,0,0,0,0
2,301.3,311.0,1580.0,36.6,184,0,0,0,0,0,0
1,298.9,308.6,1524.0,40.4,131,0,0,0,0,0,0
0,300.3,310.2,1369.0,48.8,36,0,0,0,0,0,0
0,299.8,309.3,1299.0,65.1,212,0,0,0,0,0,1
1,300.5,311.2,1551.0,36.6,205,0,0,0,0,0,0
0,303.0,312.3,1486.0,42.4,112,0,0,0,0,0,0
1,300.9,311.8,1843.0,24.5,25,0,0,0,0,0,0
1,304.0,313.3,1844.0,27.1,88,0,0,0,0,0,0
0,300.7,312.0,1401.0,51.1,50,0,0,0,0,0,0
0,303.0,311.2,1735.0,26.1,194,0,0,0,0,0,0
0,300.6,311.5,1459.0,47.0,63,0,0,0,0,0,0
1,299.5,309.3,1506.0,41.5,77,0,0,0,0,0,0
0,301.8,310.6,1899.5,12.800000000000011,124,0,0,0,0,0,1
0,300.5,312.0,1478.0,39.0,153,0,0,0,0,0,0
1,301.3,311.0,1402.0,47.5,197,0,0,0,0,0,0
1,297.5,308.5,1401.0,50.5,6,0,0,0,0,0,0
0,301.5,311.2,1700.0,28.8,39,0,0,0,0,0,0
1,300.7,311.1,1373.0,49.9,96,0,0,0,0,0,0
1,301.5,310.7,1460.0,38.6,14,0,0,0,0,0,0
0,298.8,309.7,1751.0,29.6,160,0,0,0,0,0,0
0,297.8,308.7,1404.0,44.2,62,0,0,0,0,0,0
1,300.0,309.7,1652.0,28.6,112,0,0,0,0,0,0
1,300.4,310.0,1560.0,42.3,186,0,0,0,0,0,0
2,297.5,308.5,1557.0,39.1,47,0,0,0,0,0,0
0,300.5,310.2,1764.0,25.9,27,0,0,0,0,0,0
0,303.4,311.5,1424.0,50.8,128,0,0,0,0,0,0
0,298.9,310.1,1580.0,37.3,100,0,0,0,0,0,0
0,302.4,310.1,1429.0,43.7,104,0,0,0,0,0,0
0,298.3,308.4,1484.0,43.4,172,0,0,0,0,0,0
1,302.4,311.8,1358.0,50.6,133,0,0,0,0,0,0
0,302.4,311.5,1590.0,39.9,58,0,0,0,0,0,0
1,303.1,311.1,1594.0,35.5,13,0,0,0,0,0,0
2,297.4,307.9,1390.0,52.0,131,0,0,0,0,0,0
2,297.4,309.0,1468.0,41.4,156,0,0,0,0,0,0
1,300.0,309.6,1618.0,36.2,53,0,0,0,0,0,0
0,302.4,311.9,1671.0,29.9,204,0,0,0,0,0,0
0,303.9,313.0,1626.0,31.4,209,0,0,0,0,0,0
0,302.6,310.4,1514.0,42.7,75,0,0,0,0,0,0
2,300.4,311.2,1489.0,45.3,180,0,0,0,0,0,0
1,302.6,312.2,1353.0,56.5,168,0,0,0,0,0,0
2,298.7,308.4,1432.0,42.8,197,0,0,0,0,0,0
1,296.7,307.8,1258.0,67.19999999999999,105,0,0,0,0,0,1
2,299.0,308.8,1382.0,58.5,199,0,0,0,0,0,0
0,299.7,309.6,1359.0,50.7,161,0,0,0,0,0,0
1,299.6,310.1,1455.0,46.1,76,0,0,0,0,0,0
1,302.4,311.1,1887.0,22.4,197,0,0,0,0,0,0
1,299.2,310.4,1325.0,52.0,34,0,0,0,0,0,0
1,299.1,310.6,1449.0,43.2,80,0,0,0,0,0,0
0,302.9,312.2,1729.0,23.6,96,0,0,0,0,0,0
0,303.5,312.1,1674.0,30.8,0,0,0,0,0,0,0
0,298.9,310.2,1362.0,53.0,185,0,0,0,0,0,0
0,300.3,309.2,1650.0,35.2,196,0,0,0,0,0,0
0,302.8,312.2,1509.0,36.5,52,0,0,0,0,0,0
0,299.2,308.5,1438.0,46.6,63,0,0,0,0,0,0
0,296.2,307.3,1881.0,24.3,40,0,0,0,0,0,0
0,298.5,309.3,1623.0,33.1,109,0,0,0,0,0,0
1,303.8,312.4,1597.0,33.4,203,0,0,0,0,0,0
0,300.1,309.1,1400.0,46.7,77,0,0,0,0,0,0
0,297.5,308.2,1647.0,31.3,3,0,0,0,0,0,0
0,295.5,306.0,1597.0,37.2,16,0,0,0,0,0,0
0,299.5,308.8,1899.5,20.4,164,0,0,0,0,0,0
1,298.8,309.7,1589.0,35.3,149,0,0,0,0,0,0
0,297.9,308.4,1646.0,40.6,175,0,0,0,0,0,0
0,299.2,308.5,1821.0,26.1,69,0,0,0,0,0,0
0,302.8,310.9,1636.0,35.0,38,0,0,0,0,0,0
1,300.7,310.8,1469.0,46.4,75,0,0,0,0,0,0
2,302.7,312.0,1484.0,41.5,65,0,0,0,0,0,0
0,298.9,310.1,1361.0,51.7,192,0,0,0,0,0,0
0,304.0,313.2,1632.0,30.6,121,0,0,0,0,0,0
0,303.5,312.5,1457.0,46.4,168,0,0,0,0,0,0
2,300.3,309.7,1582.0,30.8,144,0,0,0,0,0,0
0,298.9,308.6,1771.0,24.1,213,0,0,0,0,0,0
0,297.2,308.4,1460.0,42.1,41,0,0,0,0,0,0
2,299.7,309.2,1302.0,55.5,87,0,0,0,0,0,0
0,301.3,310.9,1596.0,33.9,157,0,0,0,0,0,0
0,298.4,308.9,1706.0,29.5,107,0,0,0,0,0,0
1,301.5,311.1,1402.0,40.0,94,0,0,0,0,0,0
0,297.9,309.0,1382.0,43.9,116,0,0,0,0,0,0
1,297.2,308.5,1353.0,46.5,185,0,0,0,0,0,0
0,302.5,312.0,1411.0,44.2,177,0,0,0,0,0,0
2,298.2,308.8,1436.0,51.9,153,0,0,0,0,0,0
0,298.9,309.5,1645.0,31.1,169,0,0,0,0,0,0
1,303.2,311.2,1688.0,31.9,33,0,0,0,0,0,0
0,300.5,311.9,1431.0,49.4,37,0,0,0,0,0,0
0,297.9,307.8,1397.0,45.0,104,0,0,0,0,0,0
0,301.7,309.9,1317.0,49.0,187,0,0,0,0,0,1
0,299.1,310.5,1419.0,48.8,76,0,0,0,0,0,0
1,298.1,308.0,1899.5,20.8,29,0,0,0,0,0,0
0,302.7,310.7,1398.0,57.7,19,0,0,0,0,0,0
0,303.7,313.1,1721.0,34.8,50,0,0,0,0,0,0
0,298.2,307.7,1503.0,38.3,87,0,0,0,0,0,0
0,301.0,311.2,1363.0,46.3,62,0,0,0,0,0,0
0,299.4,309.3,1544.0,36.0,197,0,0,0,0,0,0
0,302.5,311.5,1802.0,26.4,192,0,0,0,0,0,0
2,300.3,309.9,1677.0,30.1,130,0,0,0,0,0,0
0,301.3,310.5,1337.0,52.7,106,0,0,0,0,0,0
0,300.7,310.0,1672.0,29.7,176,0,0,0,0,0,0
0,297.8,307.5,1448.0,51.2,107,0,0,0,0,0,0
1,299.0,310.0,1667.0,30.0,53,0,0,0,0,0,0
1,298.7,309.9,1434.0,53.0,144,0,0,0,0,0,0
0,299.9,309.5,1349.0,51.3,176,0,0,0,0,0,0
0,301.7,310.6,1406.0,46.0,112,0,0,0,0,0,0
0,301.5,310.4,1488.0,41.1,151,0,0,0,0,0,0
0,302.6,312.0,1447.0,45.5,173,0,0,0,0,0,0
0,299.0,309.9,1411.0,44.7,94,0,0,0,0,0,0
0,303.4,312.2,1337.0,67.19999999999999,52,0,0,0,0,0,1
0,298.3,308.6,1499.0,38.3,142,0,0,0,0,0,0
1,297.9,307.8,1450.0,43.5,106,0,0,0,0,0,0
1,297.4,308.5,1566.0,31.4,76,0,0,0,0,0,0
2,299.2,308.9,1712.0,26.4,95,0,0,0,0,0,0
0,297.4,308.5,1475.0,47.2,69,0,0,0,0,0,0
0,298.8,308.2,1443.0,53.4,21,0,0,0,0,0,0
0,301.6,310.8,1564.0,34.1,150,0,0,0,0,0,0
0,301.2,310.3,1497.0,45.7,76,0,0,0,0,0,0
0,300.9,311.1,1417.0,40.7,24,0,0,0,0,0,0
0,300.7,310.8,1597.0,30.5,38,0,0,0,0,0,0
1,302.2,310.1,1572.0,34.6,17,0,0,0,0,0,0
0,300.5,310.3,1683.0,31.5,8,0,0,0,0,0,0
0,298.2,308.7,1447.0,48.4,51,0,0,0,0,0,0
1,302.3,311.4,1500.0,40.2,30,0,0,0,0,0,0
1,297.9,309.8,1693.0,29.9,35,0,0,0,0,0,0
0,303.3,311.4,1732.0,25.6,232,0,0,0,0,0,0
0,301.8,310.3,1482.0,41.4,63,0,0,0,0,0,0
0,298.8,310.0,1528.0,36.7,147,0,0,0,0,0,0
0,297.3,308.3,1484.0,43.9,13,0,0,0,0,0,0
1,302.9,312.6,1394.0,46.4,82,0,0,0,0,0,0
0,298.3,309.1,1386.0,45.3,212,0,0,0,0,0,0
0,298.9,310.0,1794.0,27.2,114,0,0,0,0,0,0
1,297.9,307.5,1647.0,30.8,212,0,0,0,0,0,0
0,299.5,308.7,1446.0,45.7,173,0,0,0,0,0,0
1,301.7,310.8,1899.5,21.6,198,0,0,0,0,0,0
0,296.9,308.3,1513.0,38.8,189,0,0,0,0,0,0
0,300.6,310.9,1471.0,37.9,86,0,0,0,0,0,0
0,301.0,310.1,1558.0,32.6,0,0,0,0,0,0,0
0,298.2,307.9,1429.0,49.4,141,0,0,0,0,0,0
0,303.7,312.8,1523.0,40.7,59,0,0,0,0,0,0
0,303.9,313.3,1394.0,51.6,121,0,0,0,0,0,0
0,299.3,309.0,1516.0,38.7,64,0,0,0,0,0,0
0,302.9,312.4,1446.0,41.7,196,0,0,0,0,0,0
0,297.1,307.9,1496.0,44.7,88,0,0,0,0,0,0
0,297.5,309.3,1564.0,37.5,20,0,0,0,0,0,0
0,299.3,308.6,1474.0,49.6,191,0,0,0,0,0,0
0,299.0,308.6,1466.0,46.4,112,0,0,0,0,0,0
1,301.2,311.1,1574.0,34.3,4,0,0,0,0,0,0
1,298.1,307.9,1759.0,28.6,176,0,0,0,0,0,0
0,301.8,309.7,1442.0,45.3,233,0,0,0,0,0,1
1,301.4,310.8,1738.0,30.3,104,0,0,0,0,0,0
1,299.1,308.6,1499.0,45.1,185,0,0,0,0,0,0
0,298.9,308.6,1560.0,32.2,118,0,0,0,0,0,0
0,303.5,311.6,1361.0,46.5,62,0,0,0,0,0,1
0,299.8,311.1,1412.0,42.5,181,0,0,0,0,0,0
0,301.5,310.5,1380.0,48.7,160,0,0,0,0,0,0
1,301.1,311.2,1384.0,49.4,48,0,0,0,0,0,0
1,303.7,312.8,1558.0,37.7,206,0,0,0,0,0,0
1,298.5,309.3,1512.0,38.1,170,0,0,0,0,0,0
0,299.1,308.5,1455.0,39.8,145,0,0,0,0,0,0
1,298.3,308.9,1390.0,49.7,23,0,0,0,0,0,0
0,299.6,310.2,1469.0,47.0,15,0,0,0,0,0,0
0,300.3,311.5,1634.0,31.9,36,0,0,0,0,0,0
1,298.1,308.8,1628.0,37.6,12,0,0,0,0,0,0
0,302.4,311.5,1785.0,24.8,45,0,0,0,0,0,0
1,298.0,309.2,1558.0,41.7,35,0,0,0,0,0,0
1,303.9,313.0,1899.5,22.5,110,0,0,0,0,0,0
0,301.3,310.1,1558.0,36.3,184,0,0,0,0,0,0
1,300.5,310.0,1415.0,43.5,98,0,0,0,0,0,0
1,299.8,309.5,1453.0,43.2,153,0,0,0,0,0,0
0,297.5,308.1,1631.0,30.6,146,0,0,0,0,0,0
1,297.4,308.1,1734.0,27.7,70,0,0,0,0,0,0
0,298.1,308.1,1791.0,27.3,63,0,0,0,0,0,0
1,297.4,308.5,1600.0,42.1,190,0,0,0,0,0,0
0,300.4,311.2,1351.0,62.0,18,0,0,0,0,0,0
0,298.4,309.5,1545.0,36.6,117,0,0,0,0,0,0
0,298.7,309.9,1541.0,38.5,208,0,0,0,0,0,0
1,299.9,309.4,1889.0,26.0,6,0,0,0,0,0,0
0,303.7,312.8,1364.0,46.3,44,0,0,0,0,0,0
0,298.4,310.0,1559.0,44.2,23,0,0,0,0,0,0
0,302.4,310.3,1374.0,51.2,163,0,0,0,0,0,1
0,300.0,309.3,1887.0,22.6,120,0,0,0,0,0,0
0,297.5,308.6,1596.0,37.1,30,0,0,0,0,0,0
0,301.5,310.5,1702.0,28.7,135,0,0,0,0,0,0
0,300.6,311.7,1553.0,39.8,0,0,0,0,0,0,0
0,298.4,309.6,1479.0,37.8,144,0,0,0,0,0,0
0,301.4,310.4,1737.0,31.9,96,0,0,0,0,0,0
0,299.9,310.4,1497.0,47.0,150,0,0,0,0,0,0
0,299.0,309.4,1798.0,25.5,89,0,0,0,0,0,0
1,299.8,310.0,1397.0,48.1,164,0,0,0,0,0,0
1,299.4,308.7,1487.0,52.6,205,0,0,0,0,0,0
0,300.2,311.4,1463.0,37.5,145,0,0,0,0,0,0
0,298.1,307.8,1565.0,35.3,119,0,0,0,0,0,0
1,303.8,313.0,1514.0,45.0,113,0,0,0,0,0,0
0,301.4,311.0,1334.0,53.3,157,0,0,0,0,0,0
0,299.1,310.4,1519.0,45.3,92,0,0,0,0,0,0
0,301.4,310.7,1509.0,38.3,95,0,0,0,0,0,0
0,303.0,311.2,1601.0,32.9,69,0,0,0,0,0,0
1,301.5,310.4,1378.0,55.3,109,0,0,0,0,0,0
0,302.6,310.3,1647.0,34.2,14,0,0,0,0,0,0
1,299.3,309.2,1334.0,46.3,31,0,0,0,0,0,0
2,301.1,310.8,1792.0,25.8,121,0,0,0,0,0,0
1,303.7,312.0,1899.5,12.800000000000011,71,0,0,0,0,0,1
2,300.9,311.3,1668.0,28.9,183,0,0,0,0,0,0
2,303.7,312.6,1514.0,35.5,138,0,0,0,0,0,0
0,301.6,310.6,1321.0,60.8,73,0,0,0,0,0,0
0,297.4,309.0,1583.0,32.0,166,0,0,0,0,0,0
1,300.2,311.6,1513.0,40.8,157,0,0,0,0,0,0
1,298.6,308.3,1717.0,28.7,29,0,0,0,0,0,0
1,302.0,310.8,1783.0,23.1,190,0,0,0,0,0,0
0,302.3,311.0,1412.0,47.0,164,0,0,0,0,0,0
0,300.1,311.3,1535.0,42.3,92,0,0,0,0,0,0
1,298.3,307.8,1330.0,55.4,114,0,0,0,0,0,0
1,296.8,307.9,1418.0,47.9,127,0,0,0,0,0,0
0,298.0,307.8,1839.0,22.7,79,0,0,0,0,0,0
0,302.3,311.8,1435.0,44.8,98,0,0,0,0,0,0
1,301.3,310.0,1696.0,32.4,202,0,0,0,0,0,0
2,298.0,308.0,1479.0,50.7,70,0,0,0,0,0,0
0,300.1,309.5,1660.0,32.7,57,0,0,0,0,0,0
0,296.8,308.0,1561.0,38.3,9,0,0,0,0,0,0
0,299.2,308.5,1381.0,60.6,59,0,0,0,0,0,0
0,300.3,309.1,1368.0,46.0,171,0,0,0,0,0,0
2,302.2,311.7,1413.0,46.5,147,0,0,0,0,0,0
0,298.7,309.8,1695.0,29.0,145,0,0,0,0,0,0
0,300.2,311.3,1487.0,36.9,71,0,0,0,0,0,0
1,301.3,309.9,1565.0,36.0,213,0,0,0,0,0,0
1,297.9,308.5,1449.0,40.8,157,0,0,0,0,0,0
0,302.2,310.7,1769.0,24.9,91,0,0,0,0,0,0
1,300.9,312.1,1851.0,23.0,156,0,0,0,0,0,0
0,297.8,309.0,1456.0,41.2,0,0,0,0,0,0,0
0,300.1,309.7,1899.5,17.5,173,0,0,0,0,0,0
2,298.8,310.2,1707.0,27.6,56,0,0,0,0,0,0
2,297.4,308.3,1771.0,27.4,100,0,0,0,0,0,0
1,301.8,310.3,1666.0,32.7,19,0,0,0,0,0,0
0,297.9,307.3,1502.0,36.7,12,0,0,0,0,0,0
1,298.1,308.0,1543.0,41.9,73,0,0,0,0,0,0
1,300.4,309.8,1725.0,30.4,195,0,0,0,0,0,0
0,300.7,311.9,1419.0,47.7,179,0,0,0,0,0,0
0,303.7,312.4,1718.0,26.5,130,0,0,0,0,0,0
0,302.1,311.3,1477.0,43.6,196,0,0,0,0,0,0
2,297.5,308.1,1548.0,38.2,117,0,0,0,0,0,0
2,302.0,310.5,1812.0,24.4,138,0,0,0,0,0,0
1,301.1,310.5,1603.0,32.6,121,0,0,0,0,0,0
2,300.6,311.5,1282.0,60.2,24,0,0,0,0,0,0
1,300.4,311.8,1362.0,47.6,188,0,0,0,0,0,0
0,297.9,307.6,1481.0,38.0,40,0,0,0,0,0,0
1,302.3,311.8,1879.0,23.0,124,0,0,0,0,0,0
0,297.7,308.9,1662.0,28.1,19,0,0,0,0,0,0
1,298.0,307.5,1524.0,36.3,98,0,0,0,0,0,0
0,297.2,308.6,1489.0,40.2,214,0,0,0,0,0,0
0,302.3,310.8,1723.0,26.3,213,0,0,0,0,0,0
1,299.4,308.9,1457.0,41.5,201,0,0,0,0,0,0
1,300.3,309.2,1490.0,47.9,163,0,0,0,0,0,0
0,296.8,307.9,1489.0,33.4,123,0,0,0,0,0,0
0,300.6,311.7,1744.0,26.9,111,0,0,0,0,0,0
2,298.2,307.6,1318.0,55.7,0,0,0,0,0,0,0
0,298.6,310.0,1517.0,41.2,64,0,0,0,0,0,0
0,297.4,308.5,1486.0,48.6,75,0,0,0,0,0,0
0,303.8,313.1,1256.0,58.7,213,0,0,0,0,0,1
0,299.4,310.8,1424.0,47.7,109,0,0,0,0,0,0
0,300.0,311.3,1493.0,41.4,28,0,0,0,0,0,0
0,301.7,310.2,1471.0,51.1,8,0,0,0,0,0,0
2,299.7,309.2,1355.0,44.8,127,0,0,0,0,0,0
1,299.3,308.7,1289.0,51.5,185,0,0,0,0,0,0
0,301.6,310.8,1392.0,42.4,3,0,0,0,0,0,0
0,301.5,310.7,1323.0,49.7,79,0,0,0,0,0,0
1,298.0,308.6,1254.0,55.8,65,0,0,0,0,0,0
0,297.1,308.2,1402.0,51.2,186,0,0,0,0,0,0
0,302.3,310.9,1720.0,28.1,178,0,0,0,0,0,0
0,299.5,309.3,1899.5,22.5,18,0,0,0,0,0,0
0,297.1,307.8,1406.0,60.4,133,0,0,0,0,0,0
0,296.8,307.9,1420.0,45.4,70,0,0,0,0,0,0
1,302.7,311.7,1759.0,29.9,5,0,0,0,0,0,0
0,297.5,309.3,1470.0,38.8,197,0,0,0,0,0,0
0,298.2,308.9,1737.0,25.5,26,0,0,0,0,0,0
0,297.2,308.5,1446.0,43.7,171,0,0,0,0,0,0
0,295.8,306.6,1508.0,46.5,99,0,0,0,0,0,0
0,303.3,311.5,1412.0,55.6,67,0,0,0,0,0,0
0,298.3,309.1,1537.0,43.0,123,0,0,0,0,0,0
1,300.8,312.0,1274.0,67.19999999999999,159,0,0,0,0,0,0
1,298.1,308.5,1463.0,45.9,3,0,0,0,0,0,0
0,303.6,312.5,1286.0,62.4,101,0,0,0,0,0,0
0,301.7,311.0,1527.0,42.2,144,0,0,0,0,0,0
2,299.8,310.2,1411.0,49.7,161,0,0,0,0,0,0
0,302.5,312.0,1673.0,29.9,42,0,0,0,0,0,0
0,303.7,312.3,1349.0,51.0,105,0,0,0,0,0,0
1,299.0,310.0,1899.5,19.5,111,0,0,0,0,0,0
0,298.3,309.5,1542.0,36.7,134,0,0,0,0,0,0
1,299.7,309.2,1685.0,28.9,179,0,0,0,0,0,1
0,296.8,307.8,1565.0,39.5,124,0,0,0,0,0,0
2,298.1,308.0,1570.0,35.3,159,0,0,0,0,0,0
0,300.4,310.4,1286.0,56.8,46,0,0,0,0,0,0
0,298.2,307.9,1399.0,54.9,139,0,0,0,0,0,0
0,299.7,310.2,1458.0,43.4,28,0,0,0,0,0,0
0,300.7,309.8,1330.0,54.4,171,0,0,0,0,0,0
1,302.0,310.6,1479.0,40.5,24,0,0,0,0,0,0
2,302.2,311.3,1749.0,29.2,5,0,0,0,0,0,0
2,299.7,309.3,1494.0,37.8,214,0,0,0,0,0,0
0,303.6,313.0,1575.0,38.3,54,0,0,0,0,0,0
2,298.6,309.6,1449.0,42.5,16,0,0,0,0,0,0
0,303.3,311.8,1842.0,24.5,67,0,0,0,0,0,0
1,297.7,308.9,1573.0,35.1,9,0,0,0,0,0,0
0,302.4,310.3,1479.0,36.2,115,0,0,0,0,0,0
1,298.6,309.5,1580.0,33.9,70,0,0,0,0,0,0
0,299.6,309.1,1641.0,35.8,81,0,0,0,0,0,0
0,298.5,309.3,1630.0,33.3,116,0,0,0,0,0,0
0,298.2,308.3,1899.5,18.0,168,0,0,0,0,0,0
1,302.5,311.8,1899.5,19.1,74,0,0,0,0,0,0
1,301.1,310.6,1429.0,52.7,35,0,0,0,0,0,0
0,303.4,311.9,1491.0,38.2,26,0,0,0,0,0,0
0,301.8,310.1,1738.0,28.0,58,0,0,0,0,0,0
2,301.1,311.3,1899.5,16.6,43,0,0,0,0,0,0
0,295.5,305.9,1542.0,36.2,12,0,0,0,0,0,0
2,298.2,307.6,1460.0,48.6,204,0,0,0,0,0,0
0,302.4,311.1,1634.0,34.2,184,0,0,0,0,0,0
1,303.7,312.9,1444.0,52.7,46,0,0,0,0,0,0
0,298.2,309.0,1610.0,31.7,155,0,0,0,0,0,0
1,298.1,309.0,1533.0,36.1,189,0,0,0,0,0,0
1,300.4,311.2,1831.0,23.4,133,0,0,0,0,0,0
1,298.2,308.8,1456.0,41.2,150,0,0,0,0,0,0
0,301.9,310.8,1519.0,39.0,90,0,0,0,0,0,0
0,299.9,309.5,1899.5,20.4,165,0,0,0,0,0,0
0,302.1,311.2,1454.0,59.2,153,0,0,0,0,0,1
0,297.4,308.2,1297.0,52.1,211,0,0,0,0,0,0
1,300.2,309.6,1556.0,35.8,36,0,0,0,0,0,0
2,300.7,311.7,1864.0,23.6,47,0,0,0,0,0,0
0,296.3,307.1,1560.0,33.2,186,0,0,0,0,0,0
0,300.6,310.3,1414.0,50.6,25,0,0,0,0,0,0
2,297.7,308.8,1469.0,43.7,96,0,0,0,0,0,0
0,295.6,306.1,1474.0,41.2,156,0,0,0,0,0,0
2,298.3,309.1,1646.0,30.2,125,0,0,0,0,0,0
1,298.1,308.8,1394.0,47.9,70,0,0,0,0,0,0
1,298.1,308.1,1452.0,40.8,56,0,0,0,0,0,0
0,303.9,312.8,1419.0,47.9,196,0,0,0,0,0,0
1,301.4,310.6,1464.0,48.6,96,0,0,0,0,0,0
0,301.7,310.5,1523.0,34.7,181,0,0,0,0,0,0
1,302.4,310.2,1392.0,55.8,143,0,0,0,0,0,0
1,301.2,310.8,1396.0,47.4,5,0,0,0,0,0,0
1,295.6,306.2,1584.0,33.6,81,0,0,0,0,0,0
2,297.7,307.6,1538.0,38.3,63,0,0,0,0,0,0
0,301.2,310.7,1551.0,41.2,82,0,0,0,0,0,0
0,301.7,310.6,1545.0,42.1,68,0,0,0,0,0,0
0,298.9,308.5,1387.0,57.3,154,0,0,0,0,0,0
2,297.1,307.9,1365.0,54.0,174,0,0,0,0,0,0
0,303.3,311.8,1692.0,30.6,18,0,0,0,0,0,0
0,301.1,309.8,1493.0,38.9,149,0,0,0,0,0,0
0,301.7,310.2,1331.0,61.2,47,0,0,0,0,0,1
2,300.9,310.9,1474.0,35.7,175,0,0,0,0,0,0
0,300.1,311.1,1619.0,33.4,186,0,0,0,0,0,0
0,298.9,310.5,1717.0,26.9,17,0,0,0,0,0,0
1,298.3,307.7,1520.0,41.4,10,0,0,0,0,0,0
0,296.8,307.9,1718.0,25.2,148,0,0,0,0,0,0
0,302.4,310.2,1331.0,45.5,53,0,0,0,0,0,1
1,298.9,309.2,1581.0,36.7,101,0,0,0,0,0,0
1,301.4,310.9,1489.0,38.9,179,0,0,0,0,0,0
2,300.1,309.1,1560.0,35.4,14,0,0,0,0,0,0
0,300.2,309.8,1481.0,41.9,106,0,0,0,0,0,0
0,299.1,308.5,1371.0,55.5,159,0,0,0,0,0,0
0,298.5,309.4,1560.0,37.9,37,0,0,0,0,0,0
0,298.2,309.4,1447.0,47.1,185,0,0,0,0,0,0
1,295.7,306.4,1387.0,40.1,81,0,0,0,0,0,0
0,300.2,309.8,1401.0,49.3,163,0,0,0,0,0,0
0,298.6,309.9,1564.0,37.1,30,0,0,0,0,0,0
0,297.1,308.1,1584.0,36.8,215,0,0,0,0,0,0
0,303.6,313.1,1405.0,38.3,58,0,0,0,0,0,0
1,302.8,312.2,1469.0,36.9,143,0,0,0,0,0,0
0,298.6,309.8,1332.0,46.4,76,0,0,0,0,0,0
2,297.9,307.6,1418.0,43.0,207,0,0,0,0,0,0
1,297.3,308.1,1731.0,27.7,42,0,0,0,0,0,0
0,301.5,310.5,1589.0,36.7,118,0,0,0,0,0,0
0,299.2,308.7,1492.0,37.8,91,0,0,0,0,0,0
1,301.9,310.6,1260.0,65.9,29,0,0,0,0,0,0
0,301.6,310.7,1679.0,29.5,10,0,0,0,0,0,0
2,298.7,309.2,1449.0,42.3,182,0,0,0,0,0,0
0,300.4,311.6,1517.0,39.0,45,0,0,0,0,0,0
0,300.5,311.6,1525.0,37.6,191,0,0,0,0,0,0
1,303.0,311.1,1428.0,39.8,181,0,0,0,0,0,0
0,298.6,309.5,1450.0,44.2,63,0,0,0,0,0,0
0,301.2,310.3,1451.0,39.7,123,0,0,0,0,0,0
0,297.4,309.2,1274.0,54.3,121,0,0,0,0,0,0
0,298.1,307.6,1460.0,46.5,143,0,0,0,0,0,0
0,301.9,309.9,1374.0,48.5,180,0,0,0,0,0,1
2,302.2,311.5,1482.0,42.6,16,0,0,0,0,0,0
0,300.5,311.4,1445.0,41.5,66,0,0,0,0,0,0
0,300.6,310.8,1375.0,53.2,179,0,0,0,0,0,0
0,300.6,311.7,1507.0,45.5,74,0,0,0,0,0,0
0,298.0,308.7,1619.0,40.1,45,0,0,0,0,0,0
1,298.9,310.2,1331.0,49.0,121,0,0,0,0,0,0
0,298.4,309.7,1518.0,39.8,165,0,0,0,0,0,0
1,301.2,310.7,1426.0,46.1,67,0,0,0,0,0,0
0,301.1,311.7,1816.0,24.5,7,0,0,0,0,0,0
0,300.4,310.0,1423.0,44.2,189,0,0,0,0,0,0
0,297.6,308.4,1407.0,55.2,86,0,0,0,0,0,0
0,301.3,310.6,1426.0,40.7,54,0,0,0,0,0,0
0,298.9,310.5,1640.0,29.2,195,0,0,0,0,0,0
0,299.4,309.4,1701.0,31.2,199,0,0,0,0,0,0
0,301.3,310.1,1269.0,56.8,195,0,0,0,0,0,1
0,299.8,311.1,1899.5,17.7,190,0,0,0,0,0,0
0,304.5,313.7,1670.0,32.9,7,0,0,0,0,0,0
2,299.0,310.0,1387.0,45.2,110,0,0,0,0,0,0
1,297.4,308.6,1899.5,22.1,81,0,0,0,0,0,0
0,300.0,309.7,1542.0,47.1,25,0,0,0,0,0,0
1,300.7,310.3,1471.0,40.2,59,0,0,0,0,0,0
0,302.0,310.6,1583.0,38.9,94,0,0,0,0,0,0
0,303.1,311.2,1626.0,32.3,21,0,0,0,0,0,0
1,300.9,310.3,1416.0,50.9,152,0,0,0,0,0,0
1,295.7,306.2,1739.0,25.9,94,0,0,0,0,0,0
1,297.5,308.4,1505.0,37.2,215,0,0,0,0,0,0
0,300.8,311.6,1516.0,35.6,14,0,0,0,0,0,0
2,298.3,309.1,1484.0,37.0,28,0,0,0,0,0,0
1,301.2,311.5,1498.0,49.5,3,0,0,0,0,0,0
0,300.7,312.1,1512.0,36.9,153,0,0,0,0,0,0
1,302.2,310.8,1562.0,38.1,78,0,0,0,0,0,0
2,301.6,310.7,1414.0,51.7,197,0,0,0,0,0,0
0,301.1,311.1,1508.0,41.5,184,0,0,0,0,0,0
0,297.3,308.5,1398.0,60.4,12,0,0,0,0,0,0
1,297.3,308.7,1577.0,35.6,133,0,0,0,0,0,0
0,298.9,308.7,1356.0,50.7,185,0,0,0,0,0,0
0,300.7,310.1,1598.0,32.8,79,0,0,0,0,0,0
0,297.2,308.7,1669.0,30.7,72,0,0,0,0,0,0
1,301.0,311.5,1550.0,34.9,162,0,0,0,0,0,0
0,299.8,309.5,1545.0,32.2,18,0,0,0,0,0,0
0,300.2,311.4,1433.0,37.9,36,0,0,0,0,0,0
0,298.6,309.5,1687.0,29.3,47,0,0,0,0,0,0
0,302.3,311.6,1544.0,34.3,0,0,0,0,0,0,0
1,301.0,310.9,1575.0,34.6,150,0,0,0,0,0,0
0,297.6,308.3,1424.0,53.9,132,0,0,0,0,0,0
2,302.2,311.9,1597.0,35.8,160,0,0,0,0,0,0
0,302.7,310.5,1263.0,67.19999999999999,197,0,0,0,0,0,1
0,299.7,309.6,1512.0,36.2,172,0,0,0,0,0,0
1,300.6,311.0,1401.0,54.6,94,0,0,0,0,0,0
0,300.1,311.3,1676.0,30.3,151,0,0,0,0,0,0
1,296.7,307.8,1537.0,36.3,233,0,0,0,0,0,0
0,302.5,310.5,1463.0,43.0,189,0,0,0,0,0,0
1,301.9,310.4,1373.0,48.0,73,0,0,0,0,0,1
0,297.5,308.5,1530.0,38.5,93,0,0,0,0,0,0
1,297.9,307.9,1540.0,39.8,38,0,0,0,0,0,0
0,296.8,307.6,1368.0,52.0,140,0,0,0,0,0,0
0,297.2,308.3,1569.0,31.2,63,0,0,0,0,0,0
1,297.6,308.2,1899.5,20.5,10,0,0,0,0,0,0
1,297.5,308.6,1349.0,51.5,21,0,0,0,0,0,0
1,298.0,307.6,1301.0,58.5,155,0,0,0,0,0,0
0,300.2,309.8,1506.0,41.8,161,0,0,0,0,0,0
2,297.8,309.4,1445.0,48.2,10,0,0,0,0,0,0
0,301.7,310.1,1402.0,50.1,3,0,0,0,0,0,0
1,298.9,310.2,1899.5,20.0,98,0,0,0,0,0,0
1,298.3,309.4,1509.0,34.2,141,0,0,0,0,0,0
1,300.3,311.4,1554.0,34.3,99,0,0,0,0,0,0
1,297.6,308.3,1567.0,34.6,71,0,0,0,0,0,0
1,299.7,309.0,1645.0,31.9,155,0,0,0,0,0,0
0,301.7,310.1,1384.0,50.5,38,0,0,0,0,0,0
2,299.4,308.9,1762.0,29.3,91,0,0,0,0,0,0
0,303.5,311.6,1577.0,38.1,112,0,0,0,0,0,0
0,298.0,308.0,1615.0,29.5,15,0,0,0,0,0,0
0,300.2,311.6,1606.0,31.0,199,0,0,0,0,0,0
0,302.8,312.3,1386.0,57.8,172,0,0,0,0,0,0
0,298.2,308.7,1428.0,54.9,45,0,0,0,0,0,0
0,302.6,312.1,1473.0,37.3,184,0,0,0,0,0,0
1,300.0,311.4,1466.0,39.0,125,0,0,0,0,0,0
0,299.9,311.3,1371.0,52.3,167,0,0,0,0,0,0
0,300.5,311.5,1661.0,35.9,110,0,0,0,0,0,0
1,300.9,310.7,1485.0,41.0,181,0,0,0,0,0,0
1,303.0,311.2,1460.0,43.9,103,0,0,0,0,0,0
1,298.7,309.5,1487.0,33.6,183,0,0,0,0,0,0
1,304.3,313.6,1585.0,32.1,202,0,0,0,0,0,0
1,300.7,309.6,1568.0,35.2,82,0,0,0,0,0,0
1,300.5,309.9,1466.0,53.2,172,0,0,0,0,0,0
0,296.7,307.9,1420.0,50.1,138,0,0,0,0,0,0
1,298.1,308.9,1459.0,50.3,115,0,0,0,0,0,0
2,298.3,309.5,1521.0,37.1,84,0,0,0,0,0,0
1,297.9,309.0,1530.0,40.9,42,0,0,0,0,0,0
1,298.7,310.0,1519.0,38.1,198,0,0,0,0,0,0
2,297.5,308.9,1419.0,50.7,7,0,0,0,0,0,0
0,297.6,309.0,1822.0,25.4,202,0,0,0,0,0,0
1,300.3,309.8,1617.0,40.8,158,0,0,0,0,0,0
1,297.9,307.6,1202.0,67.0,129,0,0,0,0,0,0
1,298.4,309.2,1491.0,51.2,13,0,0,0,0,0,0
1,298.9,308.6,1425.0,49.6,35,0,0,0,0,0,0
1,295.5,306.1,1822.0,24.3,164,0,0,0,0,0,0
0,298.6,309.7,1703.0,26.1,5,0,0,0,0,0,0
0,302.4,311.9,1578.0,29.9,44,0,0,0,0,0,0
0,298.3,309.0,1519.0,36.9,41,0,0,0,0,0,0
0,302.1,311.2,1369.0,50.8,164,0,0,0,0,0,0
0,302.5,311.9,1553.0,40.1,187,0,0,0,0,0,0
0,298.0,308.7,1626.0,36.7,210,0,0,0,0,0,0
0,300.7,309.5,1578.0,35.4,34,0,0,0,0,0,0
0,298.6,309.8,1469.0,42.8,205,0,0,0,0,0,0
0,301.0,311.0,1399.0,58.0,190,0,0,0,0,0,1
0,300.2,311.0,1255.0,67.19999999999999,149,0,0,0,0,0,1
0,300.6,311.1,1471.0,40.7,26,0,0,0,0,0,0
0,296.2,307.1,1441.0,41.7,3,0,0,0,0,0,0
0,299.1,308.8,1502.0,46.7,197,0,0,0,0,0,0
0,300.4,311.2,1471.0,46.5,164,0,0,0,0,0,0
2,298.5,308.4,1612.0,36.1,174,0,0,0,0,0,0
0,300.4,311.9,1868.0,21.3,92,0,0,0,0,0,0
0,298.3,307.8,1899.5,22.1,104,0,0,0,0,0,0
0,299.4,310.8,1391.0,48.9,139,0,0,0,0,0,0
1,298.1,308.2,1654.0,35.3,155,0,0,0,0,0,0
0,297.3,308.5,1504.0,42.0,142,0,0,0,0,0,0
0,302.0,310.1,1361.0,45.4,174,0,0,0,0,0,1
1,297.6,308.8,1453.0,39.7,69,0,0,0,0,0,0
1,297.9,309.0,1525.0,38.5,113,0,0,0,0,0,0
0,296.7,307.8,1453.0,46.0,33,0,0,0,0,0,0
1,297.5,308.6,1327.0,52.1,24,0,0,0,0,0,0
0,297.7,307.4,1764.0,29.0,139,0,0,0,0,0,0
2,300.5,310.7,1654.0,28.6,161,0,0,0,0,0,0
1,303.4,311.9,1419.0,50.9,39,0,0,0,0,0,0
0,303.9,313.2,1590.0,31.9,5,0,0,0,0,0,0
0,301.7,311.2,1482.0,43.6,154,0,0,0,0,0,0
0,301.1,310.9,1282.0,67.19999999999999,10,0,0,0,0,0,1
0,298.9,310.4,1546.0,37.7,159,0,0,0,0,0,0
0,297.9,307.4,1606.0,35.5,14,0,0,0,0,0,0
2,297.0,308.1,1410.0,47.6,79,0,0,0,0,0,0
1,302.4,310.7,1521.0,40.4,152,0,0,0,0,0,0
0,298.2,308.4,1478.0,42.9,183,0,0,0,0,0,0
0,298.2,308.3,1304.0,49.8,45,0,0,0,0,0,0
1,300.5,309.9,1483.0,49.3,124,0,0,0,0,0,0
1,298.8,308.6,1707.0,28.1,103,0,0,0,0,0,0
1,300.5,312.0,1779.0,27.7,46,0,0,0,0,0,0
1,303.4,312.2,1561.0,38.2,45,0,0,0,0,0,0
1,303.7,312.7,1669.0,31.7,120,0,0,0,0,0,0
0,300.6,311.9,1413.0,41.3,43,0,0,0,0,0,0
0,296.9,307.8,1605.0,37.0,84,0,0,0,0,0,0
1,301.9,309.7,1568.0,37.5,135,0,0,0,0,0,0
0,301.8,310.6,1451.0,50.7,108,0,0,0,0,0,0
0,302.4,310.1,1899.5,21.2,110,0,0,0,0,0,0
0,301.4,310.4,1334.0,43.2,133,0,0,0,0,0,0
2,300.2,311.6,1547.0,37.7,217,0,0,0,0,0,0
0,302.0,309.9,1388.0,51.4,183,0,0,0,0,0,0
0,299.2,308.4,1350.0,51.3,96,0,0,0,0,0,0
0,297.4,309.0,1570.0,37.9,154,0,0,0,0,0,0
0,299.0,310.1,1375.0,48.9,59,0,0,0,0,0,0
0,298.3,308.6,1570.0,34.8,175,0,0,0,0,0,0
2,298.4,308.2,1899.5,19.8,198,0,0,0,0,0,0
2,295.6,306.1,1256.0,62.3,142,0,0,0,0,0,0
1,296.7,307.4,1533.0,32.5,182,0,0,0,0,0,0
0,302.3,310.9,1377.0,46.8,166,0,0,0,0,0,1
1,301.3,311.0,1463.0,50.2,214,0,0,0,0,0,0
1,298.3,308.5,1434.0,46.2,148,0,0,0,0,0,0
0,300.3,310.4,1336.0,54.4,52,0,0,0,0,0,0
1,298.1,308.1,1390.0,49.8,85,0,0,0,0,0,0
0,302.4,311.1,1880.0,24.5,156,0,0,0,0,0,0
0,300.3,309.8,1466.0,41.2,156,0,0,0,0,0,0
1,300.4,311.7,1478.0,39.9,185,0,0,0,0,0,0
2,297.2,308.1,1770.0,27.2,140,0,0,0,0,0,0
0,300.3,309.1,1699.0,30.3,178,0,0,0,0,0,0
0,298.0,308.6,1610.0,33.1,56,0,0,0,0,0,0
0,300.2,311.5,1549.0,37.2,67,0,0,0,0,0,0
0,301.0,310.9,1392.0,52.9,173,0,0,0,0,0,0
0,303.9,313.0,1433.0,48.4,178,0,0,0,0,0,0
1,302.2,311.6,1379.0,42.9,13,0,0,0,0,0,0
0,302.4,311.0,1555.0,40.6,205,0,0,0,0,0,0
1,302.3,311.7,1442.0,41.7,127,0,0,0,0,0,0
0,302.1,311.4,1603.0,35.9,104,0,0,0,0,0,0
1,297.0,307.8,1579.0,34.1,94,0,0,0,0,0,0
0,302.3,311.3,1652.0,32.8,108,0,0,0,0,0,0
2,300.4,309.8,1409.0,47.5,138,0,0,0,0,0,0
1,298.8,309.8,1490.0,38.6,127,0,0,0,0,0,0
1,301.8,311.1,1597.0,29.8,177,0,0,0,0,0,0
0,300.9,312.1,1423.0,40.2,63,0,0,0,0,0,0
0,302.6,312.3,1534.0,34.3,31,0,0,0,0,0,0
1,300.2,310.1,1474.0,44.0,198,0,0,0,0,0,0
1,304.2,313.5,1739.0,28.1,80,0,0,0,0,0,0
0,298.2,307.8,1899.5,19.9,96,0,0,0,0,0,0
0,295.7,306.2,1899.5,14.6,149,0,0,0,0,0,1
1,302.1,311.5,1383.0,53.6,108,0,0,0,0,0,0
1,298.9,310.1,1469.0,53.2,189,0,0,0,0,0,0
1,301.5,310.4,1350.0,54.9,153,0,0,0,0,0,0
0,298.6,310.0,1522.0,40.3,32,0,0,0,0,0,0
1,301.0,310.9,1765.0,24.2,179,0,0,0,0,0,0
0,299.8,309.2,1504.0,38.7,212,0,0,0,0,0,0
1,300.7,310.8,1724.0,30.0,76,0,0,0,0,0,0
0,300.0,311.4,1484.0,37.0,183,0,0,0,0,0,0
0,300.9,310.1,1899.5,17.8,133,0,0,0,0,0,0
0,302.4,310.3,1899.5,24.4,113,0,0,0,0,0,0
1,301.2,312.4,1505.0,39.6,102,0,0,0,0,0,0
0,302.2,311.3,1378.0,55.5,35,0,0,0,0,0,0
0,303.5,313.0,1547.0,40.3,73,0,0,0,0,0,0
1,299.7,311.1,1649.0,32.7,185,0,0,0,0,0,0
0,301.9,311.3,1501.0,40.8,59,0,0,0,0,0,0
0,297.6,308.6,1326.0,62.4,173,0,0,0,0,0,0
0,302.9,310.8,1610.0,32.2,17,0,0,0,0,0,0
0,300.7,310.9,1637.0,37.2,115,0,0,0,0,0,0
0,300.1,309.4,1694.0,27.4,44,0,0,0,0,0,0
1,301.6,310.4,1452.0,45.7,164,0,0,0,0,0,0
0,297.4,308.3,1284.0,60.3,50,0,0,0,0,0,0
2,298.2,308.3,1824.0,24.2,49,0,0,0,0,0,0
0,301.0,310.9,1570.0,34.0,192,0,0,0,0,0,0
0,295.6,306.3,1899.5,20.9,74,0,0,0,0,0,0
0,303.8,313.1,1394.0,45.4,36,0,0,0,0,0,0
0,299.5,309.4,1602.0,31.5,193,0,0,0,0,0,0
0,300.1,311.3,1305.0,64.7,66,0,0,0,0,0,0
2,300.9,310.7,1609.0,28.7,39,0,0,0,0,0,0
1,302.9,312.3,1426.0,44.7,157,0,0,0,0,0,0
1,298.0,307.7,1621.0,34.9,194,0,0,0,0,0,0
0,301.4,310.6,1578.0,33.0,181,0,0,0,0,0,0
0,299.1,310.3,1411.0,42.1,74,0,0,0,0,0,0
0,299.0,308.7,1899.5,16.8,204,0,0,0,0,0,0
0,301.9,311.0,1541.0,38.9,193,0,0,0,0,0,0
0,298.5,309.9,1482.0,42.1,15,0,0,0,0,0,0
0,301.8,310.3,1341.0,50.5,64,0,0,0,0,0,1
1,298.9,310.0,1323.0,52.9,106,0,0,0,0,0,0
0,300.7,310.1,1542.0,35.5,191,0,0,0,0,0,0
2,297.2,308.5,1482.0,39.3,187,0,0,0,0,0,0
2,304.0,313.2,1612.0,31.7,206,0,0,0,0,0,0
0,300.1,311.5,1454.0,52.4,90,0,0,0,0,0,0
0,298.4,308.1,1279.0,53.1,9,0,0,0,0,0,0
0,297.3,308.5,1503.0,43.3,90,0,0,0,0,0,0
0,303.7,312.8,1832.0,23.6,35,0,0,0,0,0,0
0,300.1,310.1,1306.0,64.7,57,0,0,0,0,0,0
0,299.4,310.4,1582.0,31.7,181,0,0,0,0,0,0
1,298.6,309.6,1397.0,54.1,47,0,0,0,0,0,0
0,299.2,308.5,1370.0,52.4,61,0,0,0,0,0,0
1,301.5,310.6,1382.0,58.1,67,0,0,0,0,0,0
0,299.0,308.7,1706.0,28.6,206,0,0,0,0,0,0
1,300.7,311.0,1418.0,49.3,106,0,0,0,0,0,0
1,299.1,308.3,1506.0,38.0,125,0,0,0,0,0,0
0,297.5,309.0,1470.0,43.5,191,0,0,0,0,0,0
2,300.9,312.0,1720.0,27.9,202,0,0,0,0,0,0
0,297.4,308.7,1468.0,46.6,94,0,0,0,0,0,0
0,302.7,310.6,1686.0,26.3,9,0,0,0,0,0,0
0,304.0,313.0,1350.0,61.1,88,0,0,0,0,0,0
1,301.9,309.6,1385.0,45.8,217,0,0,0,0,0,0
2,299.1,308.3,1521.0,36.5,40,0,0,0,0,0,0
0,297.3,308.3,1504.0,36.3,45,0,0,0,0,0,0
1,298.8,309.9,1495.0,35.2,214,0,0,0,0,0,0
0,300.7,310.6,1540.0,52.7,85,0,0,0,0,0,0
1,300.8,310.1,1686.0,26.9,128,0,0,0,0,0,0
0,297.5,308.8,1477.0,39.0,127,0,0,0,0,0,0
1,297.2,308.6,1498.0,44.4,9,0,0,0,0,0,0
0,300.2,309.5,1356.0,51.1,133,0,0,0,0,0,0
0,300.6,312.0,1430.0,42.7,130,0,0,0,0,0,0
0,296.3,307.1,1654.0,29.6,188,0,0,0,0,0,0
0,297.3,308.0,1527.0,35.1,165,0,0,0,0,0,0
1,301.6,310.4,1455.0,39.0,118,0,0,0,0,0,0
0,302.5,310.3,1405.0,57.4,152,0,0,0,0,0,0
2,299.3,308.6,1520.0,41.4,67,0,0,0,0,0,0
0,298.9,310.3,1496.0,36.3,161,0,0,0,0,0,0
0,297.5,308.6,1437.0,43.3,34,0,0,0,0,0,0
0,300.4,311.7,1460.0,39.6,162,0,0,0,0,0,0
0,302.1,311.5,1477.0,45.4,111,0,0,0,0,0,0
1,299.2,308.3,1582.0,45.5,107,0,0,0,0,0,0
0,302.1,310.7,1314.0,52.8,8,0,0,0,0,0,1
0,300.9,310.5,1894.0,21.9,188,0,0,0,0,0,0
0,299.7,310.6,1479.0,38.0,137,0,0,0,0,0,0
0,298.0,308.6,1626.0,33.3,50,0,0,0,0,0,0
0,301.1,309.6,1502.0,48.9,160,0,0,0,0,0,0
0,302.2,310.9,1531.0,37.5,60,0,0,0,0,0,0
0,297.9,309.5,1390.0,47.9,127,0,0,0,0,0,0
2,299.6,311.0,1714.0,30.2,128,0,0,0,0,0,0
0,297.8,307.5,1372.0,54.1,157,0,0,0,0,0,0
0,299.1,308.5,1689.0,32.1,192,0,0,0,0,0,0
1,298.5,309.5,1315.0,48.9,127,0,0,0,0,0,0
0,298.3,310.1,1545.0,36.3,90,0,0,0,0,0,0
0,303.4,312.2,1580.0,35.8,90,0,0,0,0,0,0
2,301.5,310.5,1453.0,48.0,124,0,0,0,0,0,0
0,300.4,311.2,1530.0,32.0,169,0,0,0,0,0,0
1,298.1,308.6,1551.0,42.8,0,0,0,0,0,0,0
0,297.8,308.9,1506.0,33.5,26,0,0,0,0,0,0
1,297.4,309.1,1582.0,35.9,180,0,0,0,0,0,0
0,300.2,309.6,1430.0,52.7,47,0,0,0,0,0,0
2,300.3,311.6,1463.0,41.6,102,0,0,0,0,0,0
0,302.0,310.8,1445.0,49.1,2,0,0,0,0,0,0
1,302.6,312.2,1458.0,38.8,34,0,0,0,0,0,0
2,297.2,308.4,1899.5,17.3,119,0,0,0,0,0,0
1,300.4,311.7,1508.0,45.4,164,0,0,0,0,0,0
1,300.1,310.2,1429.0,42.0,206,0,0,0,0,0,0
0,301.4,310.4,1388.0,45.3,188,0,0,0,0,0,0
1,302.6,312.4,1410.0,50.3,33,0,0,0,0,0,0
0,300.7,309.5,1685.0,31.1,27,0,0,0,0,0,0
0,301.6,310.8,1418.0,44.7,46,0,0,0,0,0,0
0,299.9,311.3,1802.0,24.4,151,0,0,0,0,0,0
2,298.5,309.4,1414.0,46.7,102,0,0,0,0,0,0
2,300.8,310.8,1466.0,45.2,188,0,0,0,0,0,0
0,301.2,310.8,1479.0,41.2,155,0,0,0,0,0,0
0,303.6,313.0,1534.0,39.7,115,0,0,0,0,0,0
0,302.3,311.7,1465.0,43.5,117,0,0,0,0,0,0
1,300.2,311.6,1751.0,28.0,162,0,0,0,0,0,0
0,303.4,311.8,1899.5,15.8,20,0,0,0,0,0,0
0,302.2,311.7,1471.0,45.6,140,0,0,0,0,0,0
1,300.5,309.3,1589.0,34.9,91,0,0,0,0,0,0
0,297.4,308.8,1651.0,34.1,163,0,0,0,0,0,0
0,296.8,308.0,1497.0,41.7,231,0,0,0,0,0,0
0,297.3,308.3,1899.5,17.0,32,0,0,0,0,0,0
1,300.7,310.6,1505.0,35.6,105,0,0,0,0,0,0
0,298.0,307.6,1694.0,29.1,169,0,0,0,0,0,0
0,299.3,308.8,1550.0,45.8,170,0,0,0,0,0,0
0,300.3,311.7,1707.0,33.6,158,0,0,0,0,0,0
0,301.2,310.3,1499.0,38.1,61,0,0,0,0,0,0
0,302.2,310.4,1743.0,28.1,170,0,0,0,0,0,0
0,301.2,310.6,1389.0,45.3,64,0,0,0,0,0,0
0,298.8,308.7,1591.0,31.1,68,0,0,0,0,0,0
0,298.8,308.8,1555.0,40.6,61,0,0,0,0,0,0
0,297.3,308.6,1511.0,35.7,120,0,0,0,0,0,0
1,304.2,313.4,1713.0,23.5,50,0,0,0,0,0,0
0,302.4,310.9,1560.0,31.8,172,0,0,0,0,0,0
2,297.0,307.7,1834.0,23.8,195,0,0,0,0,0,0
0,300.7,311.8,1564.0,36.8,11,0,0,0,0,0,0
0,298.1,308.7,1341.0,55.7,30,0,0,0,0,0,0
0,301.3,311.1,1647.0,28.2,140,0,0,0,0,0,0
0,297.4,308.5,1369.0,53.2,43,0,0,0,0,0,0
0,300.8,309.6,1680.0,28.7,22,0,0,0,0,0,0
0,300.6,310.0,1658.0,34.7,88,0,0,0,0,0,0
2,300.5,309.8,1324.0,67.19999999999999,159,0,0,0,0,0,1
1,296.2,307.2,1389.0,48.6,7,0,0,0,0,0,0
0,303.4,312.0,1521.0,35.9,215,0,0,0,0,0,1
0,297.0,307.9,1493.0,46.1,173,0,0,0,0,0,0
0,298.6,309.9,1393.0,45.5,38,0,0,0,0,0,0
0,302.3,311.7,1400.0,41.6,136,0,0,0,0,0,0
0,298.2,307.9,1847.0,23.6,69,0,0,0,0,0,0
1,301.6,310.7,1813.0,24.6,210,0,0,0,0,0,0
0,300.5,309.3,1475.0,46.8,94,0,0,0,0,0,0
1,300.7,309.7,1523.0,38.2,73,0,0,0,0,0,0
0,303.4,311.8,1366.0,50.9,200,0,0,0,0,0,1
2,298.2,308.4,1678.0,34.6,81,0,0,0,0,0,0
0,301.0,311.9,1454.0,41.9,33,0,0,0,0,0,0
0,300.0,311.1,1425.0,47.8,179,0,0,0,0,0,0
0,297.0,307.8,1583.0,37.2,189,0,0,0,0,0,0
0,299.2,310.5,1384.0,48.7,93,0,0,0,0,0,0
1,302.9,312.3,1339.0,52.1,145,0,0,0,0,0,0
1,299.1,308.6,1899.5,14.6,95,0,0,0,0,0,0
0,301.4,310.7,1280.0,61.0,106,0,0,0,0,0,0
0,297.9,307.8,1451.0,38.2,80,0,0,0,0,0,0
0,300.7,309.8,1363.0,53.1,183,0,0,0,0,0,0
2,298.9,310.1,1491.0,45.3,133,0,0,0,0,0,0
2,302.2,311.6,1534.0,37.2,41,0,0,0,0,0,0
0,303.6,311.8,1567.0,31.7,97,0,0,0,0,0,0
0,301.5,310.5,1479.0,34.2,147,0,0,0,0,0,0
0,303.7,312.3,1899.5,23.1,193,0,0,0,0,0,0
1,298.8,310.0,1486.0,38.5,55,0,0,0,0,0,0
1,301.2,310.8,1734.0,31.3,64,0,0,0,0,0,0
0,300.7,311.1,1478.0,46.8,165,0,0,0,0,0,0
1,297.8,307.4,1330.0,51.7,183,0,0,0,0,0,0
0,301.4,310.7,1786.0,26.1,123,0,0,0,0,0,0
0,303.7,312.7,1426.0,45.5,192,0,0,0,0,0,0
0,300.5,309.3,1417.0,51.5,231,0,0,0,0,0,1
1,298.2,308.0,1577.0,35.9,151,0,0,0,0,0,0
0,298.2,309.2,1899.5,22.6,132,0,0,0,0,0,0
0,299.3,309.2,1541.0,37.2,118,0,0,0,0,0,0
0,300.5,311.6,1425.0,42.4,102,0,0,0,0,0,0
0,299.0,310.2,1477.0,37.9,60,0,0,0,0,0,0
1,300.5,309.4,1877.0,23.8,31,0,0,0,0,0,0
0,301.7,310.6,1471.0,43.8,80,0,0,0,0,0,0
0,299.4,309.1,1207.0,66.5,66,0,0,0,0,0,0
0,302.4,310.1,1426.0,46.8,95,0,0,0,0,0,0
0,300.6,310.6,1497.0,38.2,83,0,0,0,0,0,0
1,297.5,308.4,1350.0,52.2,157,0,0,0,0,0,0
0,299.6,310.9,1448.0,46.3,196,0,0,0,0,0,0
0,298.9,309.0,1601.0,32.3,202,0,0,0,0,0,0
0,296.3,307.2,1637.0,31.6,27,0,0,0,0,0,0
0,302.6,312.1,1519.0,38.1,178,0,0,0,0,0,0
0,300.7,310.8,1653.0,31.6,111,0,0,0,0,0,0
0,300.6,311.7,1556.0,34.9,76,0,0,0,0,0,0
1,298.8,309.1,1472.0,47.5,125,0,0,0,0,0,0
0,297.4,308.3,1465.0,42.0,13,0,0,0,0,0,0
2,296.1,306.8,1645.0,31.0,41,0,0,0,0,0,0
1,301.1,310.7,1583.0,40.7,2,0,0,0,0,0,0
2,300.7,310.5,1567.0,38.7,129,0,0,0,0,0,0
0,301.5,310.8,1413.0,44.6,166,0,0,0,0,0,0
0,299.1,308.9,1617.0,32.3,223,0,0,0,0,0,0
0,297.9,307.6,1612.0,30.7,134,0,0,0,0,0,0
0,303.5,312.9,1544.0,36.9,87,0,0,0,0,0,0
2,301.4,310.7,1329.0,52.0,160,0,0,0,0,0,0
1,298.2,307.9,1462.0,38.8,124,0,0,0,0,0,0
0,300.7,310.7,1425.0,45.3,48,0,0,0,0,0,0
1,300.1,309.0,1612.0,33.0,34,0,0,0,0,0,0
0,301.7,310.3,1397.0,44.6,57,0,0,0,0,0,0
1,299.5,309.1,1420.0,49.5,5,0,0,0,0,0,0
0,298.8,308.6,1584.0,34.4,42,0,0,0,0,0,0
0,300.8,312.0,1374.0,50.2,154,0,0,0,0,0,0
2,301.9,310.3,1653.0,32.4,100,0,0,0,0,0,0
1,302.4,311.4,1508.0,41.2,60,0,0,0,0,0,0
0,298.3,310.1,1408.0,45.3,78,0,0,0,0,0,0
0,303.4,311.8,1438.0,58.9,22,0,0,0,0,0,0
1,301.5,310.4,1276.0,55.6,158,0,0,0,0,0,0
0,296.5,307.6,1607.0,33.5,104,0,0,0,0,0,0
0,300.9,310.0,1899.5,13.7,207,0,0,0,0,0,0
0,300.8,310.9,1398.0,38.2,50,0,0,0,0,0,0
0,301.8,310.8,1383.0,46.4,37,0,0,0,0,0,0
1,300.5,311.6,1246.0,52.9,165,0,0,0,0,0,0
1,297.3,308.8,1548.0,41.3,140,0,0,0,0,0,0
0,298.8,308.4,1369.0,53.0,138,0,0,0,0,0,0
0,297.3,308.2,1553.0,33.5,2,0,0,0,0,0,0
2,300.7,310.2,1877.0,24.8,64,0,0,0,0,0,0
0,300.2,311.6,1500.0,39.0,174,0,0,0,0,0,0
0,302.4,311.0,1486.0,40.4,192,0,0,0,0,0,0
0,298.3,309.3,1401.0,51.9,14,0,0,0,0,0,0
0,298.1,308.0,1638.0,35.1,38,0,0,0,0,0,0
0,299.8,311.1,1300.0,64.2,165,0,0,0,0,0,0
0,296.8,308.2,1361.0,53.8,193,0,0,0,0,0,0
0,297.6,308.3,1410.0,47.0,191,0,0,0,0,0,0
0,299.0,310.4,1899.5,21.2,125,0,0,0,0,0,0
0,297.7,308.1,1697.0,29.1,179,0,0,0,0,0,0
0,302.1,310.9,1666.0,30.7,203,0,0,0,0,0,0
0,300.2,310.5,1416.0,46.7,90,0,0,0,0,0,0
0,300.6,310.7,1438.0,48.5,78,0,0,0,0,0,1
0,300.6,311.7,1432.0,39.2,2,0,0,0,0,0,0
1,298.4,309.4,1429.0,41.8,203,0,0,0,0,0,0
1,297.8,309.1,1424.0,45.5,2,0,0,0,0,0,0
0,297.4,309.4,1466.0,45.5,53,0,0,0,0,0,0
0,300.3,309.6,1597.0,31.8,73,0,0,0,0,0,0
0,299.8,309.4,1510.0,42.5,146,0,0,0,0,0,0
1,302.2,311.3,1521.0,40.6,52,0,0,0,0,0,0
1,301.2,310.1,1899.5,15.7,11,0,0,0,0,0,0
1,299.4,309.0,1899.5,19.8,204,0,0,0,0,0,0
0,297.2,308.8,1451.0,43.1,68,0,0,0,0,0,0
1,302.3,311.7,1368.0,53.6,165,0,0,0,0,0,0
0,302.0,310.5,1567.0,36.1,124,0,0,0,0,0,0
1,297.5,308.8,1455.0,46.1,147,0,0,0,0,0,0
0,301.3,311.0,1554.0,47.7,84,0,0,0,0,0,0
0,300.5,311.1,1547.0,37.2,7,0,0,0,0,0,0
0,296.8,308.1,1289.0,62.0,199,0,0,0,0,0,1
1,300.2,311.7,1397.0,50.2,71,0,0,0,0,0,0
1,299.2,308.4,1476.0,32.7,101,0,0,0,0,0,0
0,299.1,310.4,1594.0,33.3,147,0,0,0,0,0,0
0,301.5,310.6,1522.0,36.6,202,0,0,0,0,0,0
0,303.8,312.6,1735.0,25.9,154,0,0,0,0,0,0
1,301.1,310.2,1850.0,27.7,44,0,0,0,0,0,0
0,296.9,307.9,1423.0,43.9,149,0,0,0,0,0,0
1,304.1,313.5,1470.0,45.8,85,0,0,0,0,0,0
1,297.5,308.4,1403.0,44.3,25,0,0,0,0,0,0
1,299.3,310.5,1462.0,40.5,24,0,0,0,0,0,0
2,298.9,309.6,1600.0,33.5,175,0,0,0,0,0,0
0,300.6,309.3,1601.0,40.2,69,0,0,0,0,0,0
1,297.6,308.5,1443.0,38.2,85,0,0,0,0,0,0
0,300.3,309.4,1705.0,29.4,190,0,0,0,0,0,0
0,299.6,309.0,1378.0,51.9,162,0,0,0,0,0,0
0,297.3,308.4,1430.0,45.7,15,0,0,0,0,0,0
0,298.7,309.9,1446.0,43.3,46,0,0,0,0,0,0
0,299.2,310.7,1477.0,44.0,19,0,0,0,0,0,0
0,300.6,309.4,1369.0,51.6,71,0,0,0,0,0,0
0,301.1,311.1,1429.0,42.5,123,0,0,0,0,0,0
0,297.5,308.6,1388.0,48.2,203,0,0,0,0,0,0
1,303.5,312.3,1532.0,41.7,32,0,0,0,0,0,0
0,300.0,311.5,1349.0,48.6,113,0,0,0,0,0,0
0,300.2,311.5,1639.0,31.1,31,0,0,0,0,0,0
0,299.8,309.4,1633.0,27.5,29,0,0,0,0,0,0
1,299.0,310.0,1338.0,56.4,29,0,0,0,0,0,0
0,298.3,308.0,1442.0,47.3,65,0,0,0,0,0,0
1,300.6,311.7,1424.0,50.8,182,0,0,0,0,0,0
0,300.5,312.0,1415.0,44.6,23,0,0,0,0,0,0
0,297.3,308.4,1339.0,52.1,36,0,0,0,0,0,0
1,298.8,309.6,1384.0,48.2,39,0,0,0,0,0,0
0,298.4,309.5,1692.0,28.3,136,0,0,0,0,0,0
0,297.5,308.6,1793.0,26.7,70,0,0,0,0,0,0
1,303.1,312.5,1667.0,30.0,160,0,0,0,0,0,0
0,300.5,311.5,1302.0,49.6,80,0,0,0,0,0,0
1,301.6,310.6,1309.0,65.8,75,0,0,0,0,0,1
0,298.2,308.1,1462.0,50.8,27,0,0,0,0,0,0
0,301.3,311.0,1856.0,21.9,189,0,0,0,0,0,0
2,296.9,308.3,1474.0,39.2,177,0,0,0,0,0,0
0,300.3,309.9,1377.0,55.3,4,0,0,0,0,0,0
1,301.9,311.3,1522.0,35.6,63,0,0,0,0,0,0
0,300.7,312.3,1715.0,26.8,146,0,0,0,0,0,0
1,298.3,309.4,1595.0,29.0,103,0,0,0,0,0,0
0,303.3,311.6,1301.0,45.1,219,0,0,0,0,0,1
1,301.7,310.1,1644.0,34.6,5,0,0,0,0,0,0
1,300.4,310.6,1448.0,44.9,21,0,0,0,0,0,0
1,300.4,309.6,1521.0,35.0,119,0,0,0,0,0,0
0,302.2,310.6,1348.0,48.4,161,0,0,0,0,0,1
0,300.0,311.2,1504.0,37.9,58,0,0,0,0,0,0
0,300.4,311.7,1314.0,59.5,160,0,0,0,0,0,0
0,300.5,310.3,1435.0,43.3,31,0,0,0,0,0,0
0,297.9,309.0,1456.0,46.5,52,0,0,0,0,0,0
1,300.1,311.7,1400.0,48.5,205,0,0,0,0,0,0
0,300.0,309.4,1460.0,43.5,102,0,0,0,0,0,0
0,298.0,309.6,1403.0,51.3,122,0,0,0,0,0,0
0,300.5,311.4,1432.0,47.5,51,0,0,0,0,0,0
1,302.2,311.7,1393.0,42.5,53,0,0,0,0,0,0
0,297.3,308.7,1556.0,36.7,114,0,0,0,0,0,0
0,299.4,308.9,1451.0,40.5,168,0,0,0,0,0,0
0,298.9,308.9,1753.0,25.8,33,0,0,0,0,0,0
0,300.3,311.9,1692.0,31.5,187,0,0,0,0,0,0
0,299.9,309.3,1620.0,31.1,196,0,0,0,0,0,0
0,300.2,310.0,1486.0,40.1,182,0,0,0,0,0,0
0,302.9,312.2,1469.0,42.0,214,0,0,0,0,0,0
0,298.9,310.0,1776.0,25.7,51,0,0,0,0,0,0
2,300.2,311.5,1454.0,42.8,88,0,0,0,0,0,0
0,300.5,311.1,1491.0,42.6,11,0,0,0,0,0,0
0,300.8,310.8,1460.0,53.8,41,0,0,0,0,0,0
0,302.3,311.8,1433.0,50.3,183,0,0,0,0,0,0
0,301.9,310.8,1735.0,31.5,66,0,0,0,0,0,0
0,303.4,311.5,1414.0,44.8,71,0,0,0,0,0,0
0,303.5,311.9,1344.0,49.3,93,0,0,0,0,0,1
1,299.1,310.4,1422.0,49.3,69,0,0,0,0,0,0
1,298.0,309.4,1276.0,65.9,50,0,0,0,0,0,0
0,300.1,309.6,1546.0,36.7,77,0,0,0,0,0,0
0,299.6,309.1,1899.5,15.3,79,0,0,0,0,0,0
0,298.2,308.4,1497.0,37.7,207,0,0,0,0,0,0
0,297.0,307.8,1774.0,28.0,188,0,0,0,0,0,0
0,297.4,308.8,1620.0,33.4,186,0,0,0,0,0,0
1,295.3,305.7,1473.0,38.5,189,0,0,0,0,0,0
0,298.8,308.5,1450.0,50.8,57,0,0,0,0,0,0
0,301.3,310.6,1899.5,22.6,161,0,0,0,0,0,0
0,300.1,309.3,1570.0,36.8,189,0,0,0,0,0,0
1,300.9,309.5,1758.0,26.8,116,0,0,0,0,0,0
2,303.2,311.2,1475.0,43.1,20,0,0,0,0,0,0
1,301.5,311.1,1396.0,43.5,112,0,0,0,0,0,0
1,297.4,309.1,1463.0,35.0,183,0,0,0,0,0,0
0,298.0,308.3,1473.0,42.6,107,0,0,0,0,0,0
0,300.4,309.5,1525.0,51.3,4,0,0,0,0,0,0
0,298.1,308.9,1351.0,52.4,102,0,0,0,0,0,0
0,298.0,308.7,1506.0,47.0,208,0,0,0,0,0,0
0,302.3,311.8,1281.0,51.7,61,0,0,0,0,0,0
0,298.4,309.7,1457.0,44.2,175,0,0,0,0,0,0
0,299.2,308.5,1488.0,40.3,148,0,0,0,0,0,0
1,303.8,312.7,1374.0,53.6,136,0,0,0,0,0,0
0,302.9,312.2,1605.0,33.9,86,0,0,0,0,0,0
0,298.8,309.6,1890.0,24.0,173,0,0,0,0,0,0
0,303.6,312.0,1391.0,50.3,101,0,0,0,0,0,0
0,298.6,309.8,1597.0,35.9,213,0,0,0,0,0,0
0,297.9,307.8,1365.0,46.9,73,0,0,0,0,0,0
0,301.2,310.7,1517.0,39.4,107,0,0,0,0,0,0
2,298.1,308.3,1530.0,42.0,184,0,0,0,0,0,0
0,301.0,311.3,1342.0,50.9,60,0,0,0,0,0,0
0,297.7,308.2,1899.5,19.3,181,0,0,0,0,0,0
0,303.2,311.4,1324.0,54.2,228,0,0,0,0,0,1
1,297.4,308.7,1582.0,31.9,161,0,0,0,0,0,0
0,297.4,308.4,1664.0,28.1,67,0,0,0,0,0,0
0,298.6,309.4,1471.0,48.0,141,0,0,0,0,0,0
0,302.9,312.3,1435.0,47.7,173,0,0,0,0,0,0
2,298.0,308.6,1526.0,41.8,160,0,0,0,0,0,0
0,300.7,310.5,1561.0,33.2,48,0,0,0,0,0,0
1,300.6,309.9,1449.0,42.4,169,0,0,0,0,0,0
0,301.7,311.0,1548.0,40.3,21,0,0,0,0,0,0
0,302.0,310.9,1539.0,34.2,13,0,0,0,0,0,0
0,302.6,311.0,1424.0,38.0,144,0,0,0,0,0,0
0,299.0,310.4,1483.0,41.5,96,0,0,0,0,0,0
2,297.5,308.5,1393.0,46.6,56,0,0,0,0,0,0
0,298.1,309.0,1559.0,34.0,54,0,0,0,0,0,0
0,298.9,308.6,1539.0,45.4,4,0,0,0,0,0,0
1,303.7,312.7,1316.0,51.8,197,0,0,0,0,0,0
2,298.4,308.4,1479.0,39.2,58,0,0,0,0,0,0
1,301.0,309.8,1594.0,31.1,143,0,0,0,0,0,0
0,302.3,311.2,1401.0,49.7,118,0,0,0,0,0,0
0,298.1,308.5,1676.0,30.5,22,0,0,0,0,0,0
1,299.6,309.1,1435.0,48.4,143,0,0,0,0,0,0
0,298.4,307.9,1743.0,27.3,134,0,0,0,0,0,0
1,299.0,310.1,1705.0,30.1,84,0,0,0,0,0,0
0,296.7,307.8,1605.0,31.3,128,0,0,0,0,0,0
0,298.8,309.8,1485.0,42.4,74,0,0,0,0,0,0
0,301.6,310.1,1362.0,55.8,70,0,0,0,0,0,1
0,299.1,310.4,1450.0,40.9,85,0,0,0,0,0,0
0,302.5,311.1,1493.0,39.0,137,0,0,0,0,0,0
1,297.5,308.6,1486.0,45.9,78,0,0,0,0,0,0
0,297.3,308.1,1468.0,49.8,0,0,0,0,0,0,0
1,296.5,307.4,1565.0,43.5,194,0,0,0,0,0,0
1,298.1,309.0,1899.5,19.3,158,0,0,0,0,0,0
0,300.7,311.9,1335.0,57.1,194,0,0,0,0,0,1
1,300.2,309.7,1183.0,61.4,170,0,0,0,0,0,0
0,300.8,312.5,1517.0,39.2,107,0,0,0,0,0,0
0,298.7,309.9,1371.0,51.3,201,0,0,0,0,0,0
0,301.3,310.7,1536.0,39.3,31,0,0,0,0,0,0
0,300.8,312.6,1376.0,53.6,119,0,0,0,0,0,0
1,298.4,309.7,1679.0,33.3,167,0,0,0,0,0,0
0,301.8,310.7,1461.0,44.2,49,0,0,0,0,0,0
0,300.7,312.3,1418.0,49.0,69,0,0,0,0,0,0
1,297.5,308.3,1476.0,45.6,31,0,0,0,0,0,0
0,299.2,308.5,1487.0,41.2,140,0,0,0,0,0,0
0,299.3,309.0,1491.0,38.4,115,0,0,0,0,0,0
1,297.6,308.6,1482.0,38.3,39,0,0,0,0,0,0
0,300.9,309.7,1460.0,42.1,181,0,0,0,0,0,0
2,297.7,309.4,1608.0,30.2,135,0,0,0,0,0,0
0,298.4,309.2,1610.0,32.4,194,0,0,0,0,0,0
0,301.4,310.4,1430.0,50.9,178,0,0,0,0,0,0
1,299.3,310.5,1563.0,42.1,19,0,0,0,0,0,0
1,301.6,310.7,1421.0,44.4,94,0,0,0,0,0,0
1,298.3,308.0,1766.0,26.0,96,0,0,0,0,0,0
2,297.3,308.1,1477.0,52.3,2,0,0,0,0,0,0
1,297.9,309.1,1614.0,38.1,62,0,0,0,0,0,0
0,297.4,308.8,1447.0,58.1,129,0,0,0,0,0,0
0,297.7,308.4,1740.0,27.1,136,0,0,0,0,0,0
0,298.5,309.4,1578.0,36.3,71,0,0,0,0,0,0
0,297.7,308.9,1458.0,41.1,14,0,0,0,0,0,0
1,298.3,308.8,1349.0,52.1,104,0,0,0,0,0,0
0,296.8,307.9,1706.0,30.8,111,0,0,0,0,0,0
0,301.3,311.2,1675.0,32.1,12,0,0,0,0,0,0
0,300.6,310.6,1899.5,18.7,53,0,0,0,0,0,0
0,298.5,308.3,1504.0,38.0,20,0,0,0,0,0,0
1,298.0,308.1,1587.0,32.3,30,0,0,0,0,0,0
1,300.7,310.6,1778.0,27.1,215,0,0,0,0,0,0
0,300.9,312.1,1359.0,51.7,146,0,0,0,0,0,0
0,303.6,312.3,1451.0,43.4,119,0,0,0,0,0,0
0,297.4,308.2,1386.0,41.0,35,0,0,0,0,0,0
1,304.1,313.2,1586.0,41.1,129,0,0,0,0,0,0
1,298.6,309.5,1404.0,43.3,33,0,0,0,0,0,0
1,302.5,311.1,1638.0,32.0,198,0,0,0,0,0,0
0,299.0,309.9,1373.0,55.7,201,0,0,0,0,0,1
1,302.4,310.3,1375.0,52.5,161,0,0,0,0,0,1
0,304.1,313.0,1566.0,37.2,7,0,0,0,0,0,0
0,302.3,311.4,1476.0,37.3,20,0,0,0,0,0,0
0,300.6,309.4,1410.0,40.6,99,0,0,0,0,0,0
0,297.5,309.3,1623.0,33.4,74,0,0,0,0,0,0
0,298.3,308.1,1412.0,52.3,218,0,0,0,0,0,1
1,296.2,307.2,1168.0,63.4,172,0,0,0,0,0,0
0,300.3,309.2,1532.0,40.2,194,0,0,0,0,0,0
1,299.4,308.6,1541.0,39.1,109,0,0,0,0,0,0
0,299.8,309.6,1598.0,31.0,139,0,0,0,0,0,0
1,300.5,311.3,1468.0,41.1,34,0,0,0,0,0,0
0,303.1,312.9,1511.0,40.1,107,0,0,0,0,0,0
2,297.2,308.3,1453.0,45.8,105,0,0,0,0,0,0
0,299.5,309.0,1498.0,44.6,101,0,0,0,0,0,0
1,298.7,309.4,1375.0,48.3,157,0,0,0,0,0,0
1,302.5,311.9,1298.0,57.5,57,0,0,0,0,0,0
0,298.2,308.3,1688.0,32.0,202,0,0,0,0,0,0
1,298.5,308.7,1367.0,47.3,47,0,0,0,0,0,0
1,296.3,307.3,1498.0,41.6,15,0,0,0,0,0,0
2,302.8,312.3,1336.0,57.5,187,0,0,0,0,0,0
0,299.0,309.4,1419.0,48.3,91,0,0,0,0,0,0
1,300.1,310.3,1345.0,57.1,71,0,0,0,0,0,0
0,299.0,310.3,1483.0,39.2,153,0,0,0,0,0,0
1,296.9,307.8,1544.0,37.6,109,0,0,0,0,0,0
0,298.9,308.8,1530.0,38.3,23,0,0,0,0,0,0
1,299.9,310.4,1576.0,34.3,188,0,0,0,0,0,0
0,302.0,310.6,1467.0,44.9,86,0,0,0,0,0,0
0,298.7,308.4,1694.0,28.7,195,0,0,0,0,0,0
0,300.1,310.5,1356.0,45.8,126,0,0,0,0,0,0
1,300.9,311.5,1704.0,31.3,159,0,0,0,0,0,0
0,299.4,309.0,1800.0,24.3,128,0,0,0,0,0,0
1,302.5,312.0,1521.0,40.2,174,0,0,0,0,0,0
0,301.1,311.0,1565.0,52.3,183,0,0,0,0,0,0
0,297.6,308.0,1258.0,57.4,139,0,0,0,0,0,0
0,296.9,308.1,1741.0,28.8,60,0,0,0,0,0,0
1,302.6,312.0,1496.0,45.0,79,0,0,0,0,0,0
0,297.4,308.3,1412.0,42.0,111,0,0,0,0,0,0
1,297.4,308.4,1517.0,41.0,18,0,0,0,0,0,0
1,298.4,309.0,1507.0,36.1,191,0,0,0,0,0,0
1,298.5,309.7,1557.0,37.7,86,0,0,0,0,0,0
1,302.3,311.7,1504.0,37.3,107,0,0,0,0,0,0
0,297.5,308.5,1597.0,36.4,112,0,0,0,0,0,0
2,300.7,309.6,1403.0,51.3,174,0,0,0,0,0,0
1,299.0,310.2,1598.0,33.4,44,0,0,0,0,0,0
1,299.3,308.7,1390.0,49.3,215,0,0,0,0,0,0
2,300.2,309.7,1483.0,43.8,108,0,0,0,0,0,0
2,297.8,308.4,1512.0,35.1,138,0,0,0,0,0,0
0,298.4,309.2,1335.0,53.5,168,0,0,0,0,0,0
1,297.6,308.5,1490.0,43.4,154,0,0,0,0,0,0
1,298.9,309.0,1812.0,25.9,174,0,0,0,0,0,0
0,301.4,310.4,1433.0,43.4,86,0,0,0,0,0,0
1,300.6,310.5,1462.0,41.3,68,0,0,0,0,0,0
0,297.7,308.2,1446.0,43.9,172,0,0,0,0,0,0
0,301.0,311.3,1472.0,35.3,73,0,0,0,0,0,0
0,298.9,309.9,1309.0,56.2,119,0,0,0,0,0,0
1,301.0,310.9,1515.0,41.8,170,0,0,0,0,0,0
0,300.4,311.8,1589.0,42.0,201,0,0,0,0,0,0
2,297.2,308.5,1899.5,14.0,166,0,0,0,0,0,0
2,296.5,307.4,1432.0,49.2,64,0,0,0,0,0,0
0,300.3,311.7,1406.0,47.5,14,0,0,0,0,0,0
0,302.6,311.9,1448.0,49.5,72,0,0,0,0,0,0
0,298.0,308.2,1620.0,35.8,5,0,0,0,0,0,0
0,301.5,310.4,1474.0,39.9,53,0,0,0,0,0,0
2,299.8,309.0,1467.0,37.3,193,0,0,0,0,0,0
0,300.5,311.4,1466.0,41.8,112,0,0,0,0,0,0
0,298.6,308.2,1361.0,67.19999999999999,172,0,0,0,0,0,1
0,301.9,310.9,1542.0,36.7,101,0,0,0,0,0,0
0,302.5,312.0,1456.0,46.3,208,0,0,0,0,0,0
0,300.2,311.7,1640.0,30.8,191,0,0,0,0,0,0
1,295.5,305.9,1453.0,47.3,9,0,0,0,0,0,0
0,297.5,308.9,1729.0,28.1,189,0,0,0,0,0,0
1,298.0,309.9,1445.0,45.2,55,0,0,0,0,0,0
0,304.2,313.4,1475.0,40.2,98,0,0,0,0,0,0
1,298.9,308.9,1679.0,28.7,181,0,0,0,0,0,0
0,300.2,310.0,1389.0,53.6,184,0,0,0,0,0,0
0,300.9,310.3,1440.0,47.6,140,0,0,0,0,0,0
1,302.3,311.1,1435.0,43.1,149,0,0,0,0,0,0
0,302.9,312.5,1629.0,30.4,74,0,0,0,0,0,0
0,297.0,308.1,1489.0,44.1,96,0,0,0,0,0,0
1,297.4,308.1,1620.0,31.2,143,0,0,0,0,0,0
1,302.4,311.1,1432.0,44.5,195,0,0,0,0,0,0
2,298.4,308.3,1458.0,42.9,15,0,0,0,0,0,0
0,298.2,308.7,1899.5,17.8,31,0,0,0,0,0,0
1,298.2,308.3,1560.0,33.0,181,0,0,0,0,0,0
0,298.6,309.8,1544.0,30.2,113,0,0,0,0,0,0
0,300.3,309.9,1570.0,34.0,31,0,0,0,0,0,0
0,299.5,309.3,1442.0,46.2,5,0,0,0,0,0,0
1,302.3,310.9,1558.0,31.9,207,0,0,0,0,0,0
1,299.7,309.1,1576.0,36.4,149,0,0,0,0,0,0
1,302.1,311.3,1497.0,38.4,28,0,0,0,0,0,0
0,297.1,307.8,1584.0,42.3,135,0,0,0,0,0,0
1,300.9,310.7,1268.0,56.3,161,0,0,0,0,0,0
2,299.1,308.8,1553.0,32.6,90,0,0,0,0,0,0
1,298.2,308.5,1899.5,12.800000000000011,86,0,0,0,0,0,1
0,297.9,309.8,1336.0,67.19999999999999,31,0,0,0,0,0,1
0,301.6,310.6,1613.0,42.5,97,0,0,0,0,0,0
0,297.9,307.8,1286.0,59.5,55,0,0,0,0,0,0
0,297.4,307.9,1557.0,35.5,174,0,0,0,0,0,0
0,300.7,311.0,1318.0,48.2,128,0,0,0,0,0,0
0,302.4,311.1,1446.0,42.9,5,0,0,0,0,0,0
1,298.5,308.6,1344.0,53.0,114,0,0,0,0,0,0
1,301.8,310.8,1618.0,37.8,59,0,0,0,0,0,0
0,300.1,311.4,1356.0,45.7,149,0,0,0,0,0,0
0,302.8,312.3,1494.0,37.5,198,0,0,0,0,0,0
0,302.6,310.5,1511.0,37.2,197,0,0,0,0,0,0
0,300.9,312.4,1372.0,51.0,142,0,0,0,0,0,0
1,296.7,307.5,1515.0,42.1,55,0,0,0,0,0,0
0,299.1,310.5,1496.0,35.2,60,0,0,0,0,0,0
0,298.8,309.8,1490.0,40.6,124,0,0,0,0,0,0
1,304.0,313.0,1377.0,56.0,61,0,0,0,0,0,0
0,301.5,310.8,1367.0,49.0,193,0,0,0,0,0,0
0,303.9,313.2,1481.0,44.1,197,0,0,0,0,0,0
0,301.8,310.7,1751.0,29.3,133,0,0,0,0,0,0
1,300.1,309.2,1418.0,39.8,221,0,0,0,0,0,0
0,302.0,311.0,1566.0,37.8,218,0,0,0,0,0,0
0,302.8,310.6,1617.0,37.9,207,0,0,0,0,0,0
1,297.6,309.0,1815.0,25.3,66,0,0,0,0,0,0
0,298.4,308.6,1609.0,35.0,103,0,0,0,0,0,0
1,300.0,309.6,1423.0,48.7,67,0,0,0,0,0,0
0,297.9,308.5,1305.0,47.2,155,0,0,0,0,0,0
0,298.1,307.9,1614.0,35.8,196,0,0,0,0,0,0
0,299.5,309.3,1462.0,46.7,7,0,0,0,0,0,0
0,303.5,312.3,1404.0,48.6,193,0,0,0,0,0,0
0,300.9,310.6,1504.0,46.4,129,0,0,0,0,0,0
0,299.9,310.1,1681.0,29.1,197,0,0,0,0,0,0
0,301.2,310.7,1568.0,38.3,49,0,0,0,0,0,0
1,299.2,308.8,1523.0,38.9,112,0,0,0,0,0,0
0,302.3,310.1,1321.0,52.7,134,0,0,0,0,0,1
0,297.3,308.7,1551.0,40.0,125,0,0,0,0,0,0
1,300.6,309.4,1367.0,63.2,45,0,0,0,0,0,1
0,299.1,310.1,1486.0,40.7,39,0,0,0,0,0,0
1,298.2,307.7,1681.0,31.0,84,0,0,0,0,0,0
1,299.2,310.4,1504.0,43.3,37,0,0,0,0,0,0
0,304.0,313.1,1404.0,47.1,90,0,0,0,0,0,0
1,297.3,308.2,1677.0,34.9,21,0,0,0,0,0,0
2,302.1,311.6,1701.0,26.2,46,0,0,0,0,0,0
1,303.5,312.7,1402.0,47.0,23,0,0,0,0,0,0
0,301.9,310.7,1717.0,26.8,27,0,0,0,0,0,0
1,299.2,310.0,1349.0,50.4,226,0,0,0,0,0,0
1,298.0,307.5,1784.0,27.8,163,0,0,0,0,0,0
1,303.4,311.4,1307.0,54.0,44,0,0,0,0,0,1
0,300.3,311.7,1821.0,26.3,202,0,0,0,0,0,0
0,298.9,308.5,1742.0,34.5,117,0,0,0,0,0,0
0,297.5,308.4,1633.0,33.3,213,0,0,0,0,0,0
0,301.3,310.7,1516.0,46.0,119,0,0,0,0,0,0
0,298.5,308.2,1654.0,27.1,13,0,0,0,0,0,0
0,298.3,307.9,1703.0,28.9,147,0,0,0,0,0,0
1,298.6,309.5,1684.0,27.8,44,0,0,0,0,0,0
1,298.2,307.8,1411.0,53.4,110,0,0,0,0,0,0
1,298.2,308.9,1585.0,34.3,33,0,0,0,0,0,0
0,300.7,309.9,1412.0,45.3,155,0,0,0,0,0,0
0,298.3,308.4,1585.0,30.6,127,0,0,0,0,0,0
0,297.4,308.3,1493.0,41.2,43,0,0,0,0,0,0
2,300.4,309.9,1899.5,12.800000000000011,81,0,0,0,0,0,1
1,302.1,310.1,1379.0,48.2,166,0,0,0,0,0,1
0,298.5,309.5,1428.0,43.5,87,0,0,0,0,0,0
2,303.8,312.9,1570.0,35.8,147,0,0,0,0,0,0
0,300.7,309.6,1541.0,34.6,131,0,0,0,0,0,0
2,297.6,309.6,1278.0,50.4,2,0,0,0,0,0,0
0,300.1,309.3,1712.0,28.5,141,0,0,0,0,0,0
1,301.3,310.5,1481.0,39.7,85,0,0,0,0,0,0
0,298.0,309.6,1536.0,37.3,120,0,0,0,0,0,0
0,300.4,309.9,1496.0,31.8,154,0,0,0,0,0,0
0,296.9,307.7,1464.0,41.4,6,0,0,0,0,0,0
0,299.3,309.1,1634.0,36.8,62,0,0,0,0,0,0
1,298.8,310.2,1583.0,35.7,116,0,0,0,0,0,0
0,303.8,312.9,1442.0,48.3,52,0,0,0,0,0,0
1,298.7,309.8,1528.0,36.7,197,0,0,0,0,0,0
0,300.7,312.1,1395.0,41.9,157,0,0,0,0,0,0
0,299.2,308.5,1867.0,27.0,138,0,0,0,0,0,0
0,298.5,309.7,1899.5,12.800000000000011,102,0,0,0,0,0,1
1,300.5,309.8,1508.0,37.8,150,0,0,0,0,0,0
1,300.3,309.1,1458.0,44.3,175,0,0,0,0,0,0
2,302.4,312.0,1457.0,43.4,23,0,0,0,0,0,0
0,299.3,309.1,1293.0,53.7,189,0,0,0,0,0,0
1,300.3,311.1,1350.0,58.7,130,0,0,0,0,0,0
0,303.1,312.7,1353.0,51.8,97,0,0,0,0,0,0
0,300.5,312.0,1646.0,29.5,106,0,0,0,0,0,0
0,297.1,307.8,1477.0,36.6,177,0,0,0,0,0,0
0,298.9,310.2,1899.5,23.2,155,0,0,0,0,0,0
0,299.1,308.3,1325.0,46.9,28,0,0,0,0,0,0
0,297.7,308.7,1479.0,45.7,93,0,0,0,0,0,0
0,304.0,313.1,1720.0,28.7,106,0,0,0,0,0,0
0,302.8,312.2,1515.0,36.8,162,0,0,0,0,0,0
0,299.0,310.1,1580.0,41.9,55,0,0,0,0,0,0
1,303.9,313.1,1668.0,34.4,137,0,0,0,0,0,0
2,297.7,309.7,1616.0,31.1,20,0,0,0,0,0,0
0,299.0,310.4,1382.0,53.0,89,0,0,0,0,0,0
0,301.9,310.7,1899.5,25.0,137,0,0,0,0,0,0
1,297.1,307.8,1538.0,34.3,181,0,0,0,0,0,0
0,299.0,310.1,1444.0,47.7,161,0,0,0,0,0,0
0,300.2,311.7,1286.0,55.1,42,0,0,0,0,0,0
1,298.4,308.2,1499.0,40.0,211,0,0,0,0,0,0
0,299.3,309.0,1447.0,50.4,140,0,0,0,0,0,0
2,301.6,310.8,1435.0,47.2,152,0,0,0,0,0,0
0,299.0,310.3,1472.0,36.1,97,0,0,0,0,0,0
1,302.2,311.4,1398.0,47.2,202,0,0,0,0,0,0
1,298.9,310.1,1555.0,40.6,176,0,0,0,0,0,0
1,302.2,311.2,1873.0,24.0,99,0,0,0,0,0,0
0,300.7,310.7,1431.0,39.3,22,0,0,0,0,0,0
1,300.7,311.7,1499.0,38.9,3,0,0,0,0,0,0
0,297.8,308.5,1699.0,27.8,199,0,0,0,0,0,0
0,302.7,310.6,1501.0,48.7,4,0,0,0,0,0,0
0,301.0,310.9,1578.0,38.4,49,0,0,0,0,0,0
0,298.7,309.9,1753.0,26.8,40,0,0,0,0,0,0
0,300.1,310.1,1380.0,52.6,59,0,0,0,0,0,0
0,297.3,308.7,1619.0,31.6,129,0,0,0,0,0,0
1,299.0,310.3,1558.0,35.4,223,0,0,0,0,0,0
0,302.7,312.2,1336.0,46.8,179,0,0,0,0,0,0
0,298.8,309.1,1513.0,40.3,160,0,0,0,0,0,0
1,298.8,308.5,1425.0,47.4,90,0,0,0,0,0,0
1,301.3,310.7,1819.0,25.5,46,0,0,0,0,0,0
0,302.4,311.0,1462.0,48.5,81,0,0,0,0,0,0
2,302.5,311.5,1655.0,32.3,142,0,0,0,0,0,0
2,301.1,310.6,1407.0,43.9,111,0,0,0,0,0,0
2,301.8,311.2,1451.0,39.4,70,0,0,0,0,0,0
0,299.7,309.3,1574.0,35.8,6,0,0,0,0,0,0
0,300.1,310.2,1475.0,54.2,53,0,0,0,0,0,0
0,299.0,310.1,1699.0,32.9,87,0,0,0,0,0,0
0,298.8,308.6,1501.0,35.0,55,0,0,0,0,0,0
0,300.1,309.2,1599.0,30.1,216,0,0,0,0,0,0
0,301.1,311.6,1432.0,48.1,202,0,0,0,0,0,0
2,303.1,312.6,1404.0,40.6,152,0,0,0,0,0,0
1,301.2,312.3,1548.0,38.3,87,0,0,0,0,0,0
1,300.8,310.3,1526.0,36.3,205,0,0,0,0,0,0
0,298.3,309.1,1417.0,60.5,143,0,0,0,0,0,0
1,301.9,310.7,1405.0,47.9,80,0,0,0,0,0,0
0,303.9,313.0,1483.0,45.0,78,0,0,0,0,0,0
0,298.8,309.5,1374.0,48.1,159,0,0,0,0,0,0
1,298.1,307.6,1565.0,36.3,140,0,0,0,0,0,0
0,298.3,309.2,1456.0,45.5,75,0,0,0,0,0,0
0,299.8,309.5,1542.0,40.3,141,0,0,0,0,0,0
1,297.3,308.6,1456.0,42.9,122,0,0,0,0,0,0
0,302.4,311.8,1673.0,30.1,210,0,0,0,0,0,0
0,300.5,309.8,1550.0,37.4,148,0,0,0,0,0,0
1,297.6,308.6,1389.0,49.0,34,0,0,0,0,0,0
0,302.4,310.8,1686.0,28.8,150,0,0,0,0,0,0
0,295.8,306.5,1534.0,37.9,88,0,0,0,0,0,0
0,300.3,311.6,1709.0,29.5,27,0,0,0,0,0,0
0,297.7,307.2,1444.0,40.0,17,0,0,0,0,0,0
2,297.6,308.3,1640.0,30.9,79,0,0,0,0,0,0
0,298.1,309.9,1629.0,32.5,45,0,0,0,0,0,0
0,303.6,313.0,1522.0,35.8,133,0,0,0,0,0,0
0,301.6,310.9,1632.0,31.6,189,0,0,0,0,0,0
1,298.8,310.1,1243.0,67.19999999999999,194,0,0,0,0,0,1
0,295.9,306.6,1557.0,41.1,113,0,0,0,0,0,0
0,298.4,309.5,1397.0,50.3,110,0,0,0,0,0,0
0,297.5,308.9,1459.0,48.5,193,0,0,0,0,0,0
0,297.3,308.7,1352.0,53.8,91,0,0,0,0,0,0
0,302.5,311.2,1545.0,40.1,165,0,0,0,0,0,0
0,301.1,312.3,1486.0,34.9,122,0,0,0,0,0,0
2,302.5,311.9,1595.0,34.6,112,0,0,0,0,0,0
0,299.6,309.4,1643.0,32.9,145,0,0,0,0,0,0
0,300.7,310.9,1535.0,37.1,113,0,0,0,0,0,0
0,298.4,308.2,1364.0,45.9,63,0,0,0,0,0,0
1,296.7,307.7,1597.0,32.1,114,0,0,0,0,0,0
1,302.0,310.5,1381.0,58.4,201,0,0,0,0,0,0
1,302.3,311.8,1355.0,50.1,104,0,0,0,0,0,0
0,303.7,313.0,1811.0,24.3,209,0,0,0,0,0,0
0,300.5,311.9,1330.0,59.5,33,0,0,0,0,0,0
0,297.6,308.8,1539.0,40.2,72,0,0,0,0,0,0
0,300.4,311.7,1459.0,45.6,3,0,0,0,0,0,0
0,298.8,310.0,1487.0,41.4,152,0,0,0,0,0,0
1,302.8,312.2,1615.0,32.9,159,0,0,0,0,0,0
0,303.5,313.0,1393.0,51.6,80,0,0,0,0,0,0
2,300.6,310.4,1510.0,42.8,124,0,0,0,0,0,0
0,300.5,309.5,1777.0,23.6,0,0,0,0,0,0,0
1,300.9,310.7,1452.0,47.3,25,0,0,0,0,0,0
2,297.5,309.3,1563.0,36.1,100,0,0,0,0,0,0
1,298.1,307.8,1525.0,35.9,132,0,0,0,0,0,0
2,300.0,310.4,1881.0,21.9,102,0,0,0,0,0,0
0,300.4,311.0,1802.0,26.0,197,0,0,0,0,0,0
0,300.1,309.4,1560.0,47.7,26,0,0,0,0,0,0
0,299.2,308.4,1434.0,46.8,2,0,0,0,0,0,0
1,300.5,309.8,1555.0,38.9,166,0,0,0,0,0,0
0,297.7,308.9,1838.0,27.3,99,0,0,0,0,0,0
2,298.4,308.1,1891.0,24.7,158,0,0,0,0,0,0
1,302.2,311.5,1562.0,38.0,162,0,0,0,0,0,0
0,299.6,309.4,1677.0,31.1,191,0,0,0,0,0,0
1,298.9,309.9,1404.0,41.4,20,0,0,0,0,0,0
0,300.7,310.1,1261.0,56.6,98,0,0,0,0,0,0
0,301.7,310.5,1377.0,43.1,183,0,0,0,0,0,0
0,302.5,310.9,1477.0,39.2,144,0,0,0,0,0,0
1,303.8,313.2,1710.0,26.5,190,0,0,0,0,0,0
1,301.3,310.0,1899.5,17.8,176,0,0,0,0,0,0
0,298.8,310.0,1403.0,45.6,185,0,0,0,0,0,0
1,302.4,312.1,1492.0,47.7,7,0,0,0,0,0,0
1,300.5,311.8,1331.0,55.3,167,0,0,0,0,0,0
0,299.4,308.7,1446.0,62.9,134,0,0,0,0,0,1
1,303.3,311.4,1395.0,59.1,4,0,0,0,0,0,0
0,301.0,310.9,1473.0,44.2,116,0,0,0,0,0,0
1,303.4,311.7,1690.0,34.9,189,0,0,0,0,0,0
0,297.6,308.5,1678.0,34.2,114,0,0,0,0,0,0
1,300.4,310.2,1613.0,36.9,231,0,0,0,0,0,0
2,297.5,308.8,1430.0,49.4,2,0,0,0,0,0,0
0,297.3,308.6,1486.0,42.6,105,0,0,0,0,0,0
0,301.3,310.8,1381.0,47.9,33,0,0,0,0,0,0
0,301.5,310.6,1394.0,46.5,206,0,0,0,0,0,0
0,301.7,311.0,1441.0,44.3,208,0,0,0,0,0,1
0,300.3,309.6,1624.0,32.6,175,0,0,0,0,0,0
0,297.2,308.1,1689.0,31.2,145,0,0,0,0,0,0
0,297.6,308.3,1816.0,28.8,106,0,0,0,0,0,0
1,299.3,308.5,1496.0,39.4,80,0,0,0,0,0,0
0,299.5,310.0,1388.0,52.4,94,0,0,0,0,0,0
0,300.8,312.4,1767.0,25.6,105,0,0,0,0,0,0
0,301.3,310.4,1504.0,47.2,193,0,0,0,0,0,0
1,297.6,308.9,1479.0,38.1,182,0,0,0,0,0,0
0,300.5,309.6,1465.0,41.6,217,0,0,0,0,0,0
0,300.7,310.1,1721.0,32.3,170,0,0,0,0,0,0
1,302.6,312.1,1611.0,39.9,210,0,0,0,0,0,0
0,302.5,310.2,1307.0,54.0,86,0,0,0,0,0,1
0,297.4,308.3,1366.0,45.5,11,0,0,0,0,0,0
0,301.7,310.7,1493.0,51.1,87,0,0,0,0,0,0
0,299.8,310.8,1376.0,48.6,159,0,0,0,0,0,0
0,300.7,310.8,1899.5,18.5,95,0,0,0,0,0,0
0,300.2,311.5,1685.0,31.0,193,0,0,0,0,0,0
0,299.0,308.7,1583.0,32.5,25,0,0,0,0,0,0
0,302.2,310.8,1827.0,23.8,9,0,0,0,0,0,0
0,299.8,310.3,1524.0,34.2,196,0,0,0,0,0,0
0,298.2,308.4,1310.0,61.0,189,0,0,0,0,0,1
0,303.7,312.4,1512.0,39.2,184,0,0,0,0,0,0
1,297.4,308.3,1483.0,41.9,47,0,0,0,0,0,0
1,301.6,310.9,1510.0,40.9,152,0,0,0,0,0,0
0,300.5,311.8,1368.0,57.9,191,0,0,0,0,0,1
1,300.1,311.5,1343.0,46.2,28,0,0,0,0,0,0
0,303.1,311.3,1403.0,55.6,150,0,0,0,0,0,0
1,301.1,310.5,1547.0,35.8,81,0,0,0,0,0,0
1,301.1,310.7,1899.5,16.7,79,0,0,0,0,0,0
0,303.4,311.6,1497.0,42.8,58,0,0,0,0,0,0
0,297.6,308.6,1393.0,40.4,127,0,0,0,0,0,0
0,296.8,308.0,1536.0,40.4,217,0,0,0,0,0,0
0,299.4,309.2,1427.0,41.5,29,0,0,0,0,0,0
0,303.8,312.5,1619.0,30.9,142,0,0,0,0,0,0
1,298.4,309.0,1544.0,38.8,97,0,0,0,0,0,0
0,298.0,307.7,1430.0,47.3,49,0,0,0,0,0,0
1,300.3,311.5,1540.0,41.5,151,0,0,0,0,0,0
1,303.2,311.5,1336.0,58.2,2,0,0,0,0,0,1
0,303.7,312.7,1359.0,56.8,194,0,0,0,0,0,1
0,303.6,312.5,1345.0,54.1,126,0,0,0,0,0,0
2,298.5,309.4,1573.0,36.0,97,0,0,0,0,0,0
0,298.0,308.8,1489.0,36.5,109,0,0,0,0,0,0
0,298.9,310.2,1654.0,31.1,158,0,0,0,0,0,0
1,303.4,312.9,1422.0,39.9,63,0,0,0,0,0,0
1,300.3,309.6,1398.0,53.7,82,0,0,0,0,0,0
0,298.8,308.6,1331.0,62.8,81,0,0,0,0,0,0
0,300.9,311.0,1499.0,38.0,111,0,0,0,0,0,0
0,301.0,312.2,1264.0,59.0,57,0,0,0,0,0,0
0,296.4,307.4,1899.5,12.800000000000011,213,0,0,0,0,0,1
1,296.3,307.2,1454.0,42.5,35,0,0,0,0,0,0
1,301.5,310.8,1452.0,44.1,157,0,0,0,0,0,0
1,300.3,309.8,1444.0,42.0,3,0,0,0,0,0,0
0,296.6,307.4,1521.0,38.6,173,0,0,0,0,0,0
0,298.6,308.4,1485.0,42.9,38,0,0,0,0,0,0
1,299.0,310.4,1625.0,37.1,131,0,0,0,0,0,0
0,303.7,313.1,1423.0,41.2,124,0,0,0,0,0,0
0,303.9,312.7,1800.0,24.3,158,0,0,0,0,0,0
0,299.4,309.1,1432.0,45.4,137,0,0,0,0,0,0
0,297.0,307.9,1455.0,49.0,204,0,0,0,0,0,0
1,302.6,311.0,1591.0,33.9,119,0,0,0,0,0,0
1,301.3,310.4,1635.0,32.5,110,0,0,0,0,0,0
0,298.0,309.2,1527.0,32.4,99,0,0,0,0,0,0
1,298.8,308.7,1446.0,45.5,49,0,0,0,0,0,0
0,302.3,310.7,1499.0,37.8,137,0,0,0,0,0,0
0,300.1,311.3,1899.5,12.800000000000011,64,0,0,0,0,0,1
2,299.0,308.5,1623.0,33.5,154,0,0,0,0,0,0
0,303.5,312.8,1607.0,38.4,92,0,0,0,0,0,0
2,300.2,311.6,1662.0,28.8,162,0,0,0,0,0,0
0,303.9,312.9,1526.0,42.5,194,0,0,0,0,0,0
0,302.0,310.9,1495.0,38.6,52,0,0,0,0,0,0
0,302.7,312.0,1828.0,24.0,63,0,0,0,0,0,0
0,300.6,309.5,1437.0,40.0,55,0,0,0,0,0,0
2,301.6,310.6,1555.0,40.4,139,0,0,0,0,0,0
0,303.4,312.7,1363.0,45.5,26,0,0,0,0,0,0
0,300.1,310.5,1492.0,50.9,111,0,0,0,0,0,0
0,299.0,309.0,1469.0,40.1,13,0,0,0,0,0,0
0,296.5,307.6,1415.0,44.2,106,0,0,0,0,0,0
2,297.4,309.3,1516.0,43.0,83,0,0,0,0,0,0
0,300.2,311.8,1798.0,23.2,210,0,0,0,0,0,0
1,299.8,311.1,1498.0,38.1,176,0,0,0,0,0,0
0,296.6,307.4,1465.0,47.8,187,0,0,0,0,0,0
0,298.2,309.0,1596.0,37.2,87,0,0,0,0,0,0
0,303.6,312.9,1873.0,23.5,7,0,0,0,0,0,0
1,299.8,310.6,1694.0,31.3,121,0,0,0,0,0,0
0,297.5,308.3,1596.0,36.8,77,0,0,0,0,0,0
1,298.1,309.1,1572.0,37.5,126,0,0,0,0,0,0
0,301.9,311.0,1899.5,12.800000000000011,31,0,0,0,0,0,1
1,296.2,307.3,1477.0,35.2,53,0,0,0,0,0,0
0,300.9,310.3,1321.0,48.8,150,0,0,0,0,0,0
0,302.4,311.0,1573.0,36.5,193,0,0,0,0,0,0
0,298.0,308.9,1578.0,35.6,153,0,0,0,0,0,0
1,298.8,310.1,1501.0,48.7,192,0,0,0,0,0,0
1,297.6,308.8,1416.0,45.9,101,0,0,0,0,0,0
1,298.2,309.2,1524.0,34.6,161,0,0,0,0,0,0
0,297.4,308.7,1510.0,36.2,92,0,0,0,0,0,0
0,301.0,310.9,1568.0,38.2,172,0,0,0,0,0,0
1,297.3,308.7,1451.0,43.8,24,0,0,0,0,0,0
0,302.8,312.1,1520.0,39.9,48,0,0,0,0,0,0
0,301.4,310.3,1492.0,41.4,195,0,0,0,0,0,0
0,301.8,309.7,1598.0,30.4,124,0,0,0,0,0,0
0,304.2,313.4,1568.0,37.6,25,0,0,0,0,0,0
0,299.0,308.6,1434.0,45.9,108,0,0,0,0,0,0
1,301.8,310.6,1459.0,40.2,128,0,0,0,0,0,0
0,302.2,311.3,1570.0,36.1,0,0,0,0,0,0,0
0,300.5,309.9,1503.0,37.4,175,0,0,0,0,0,0
0,300.7,310.7,1450.0,43.4,80,0,0,0,0,0,0
1,298.3,308.5,1629.0,37.1,170,0,0,0,0,0,0
2,298.9,308.4,1632.0,31.8,17,0,0,0,0,0,0
0,300.8,310.7,1358.0,48.1,198,0,0,0,0,0,0
1,301.8,309.8,1546.0,39.8,121,0,0,0,0,0,0
0,300.2,309.2,1667.0,29.9,75,0,0,0,0,0,0
0,303.4,312.3,1287.0,54.8,54,0,0,0,0,0,0
1,301.7,310.1,1743.0,27.3,210,0,0,0,0,0,0
2,300.6,310.0,1483.0,44.0,97,0,0,0,0,0,0
2,300.2,310.3,1408.0,42.5,0,0,0,0,0,0,0
0,298.4,308.3,1473.0,39.9,184,0,0,0,0,0,0
1,299.1,310.3,1838.0,24.0,235,0,0,0,0,0,0
0,299.0,309.9,1630.0,34.0,92,0,0,0,0,0,0
0,299.7,309.3,1779.0,25.5,129,0,0,0,0,0,0
0,297.3,308.3,1410.0,48.1,23,0,0,0,0,0,0
1,303.5,312.9,1618.0,30.4,130,0,0,0,0,0,0
2,303.8,312.5,1447.0,46.6,198,0,0,0,0,0,0
1,300.7,311.2,1769.0,26.5,63,0,0,0,0,0,0
0,298.1,308.0,1704.0,30.9,61,0,0,0,0,0,0
1,298.1,308.6,1415.0,46.3,27,0,0,0,0,0,0
1,300.9,310.8,1599.0,33.0,7,0,0,0,0,0,0
0,300.1,309.8,1430.0,56.7,44,0,0,0,0,0,0
1,302.6,311.7,1430.0,51.7,32,0,0,0,0,0,0
0,300.7,310.0,1395.0,48.0,85,0,0,0,0,0,0
1,300.3,311.7,1646.0,28.9,198,0,0,0,0,0,0
1,301.5,310.7,1416.0,53.2,69,0,0,0,0,0,0
0,302.9,312.4,1550.0,36.9,194,0,0,0,0,0,0
1,302.7,311.6,1899.5,12.800000000000011,2,0,0,0,0,0,1
0,302.6,310.3,1479.0,40.4,105,0,0,0,0,0,0
0,300.2,309.9,1566.0,36.4,170,0,0,0,0,0,0
0,302.4,311.8,1543.0,31.1,96,0,0,0,0,0,0
0,298.3,307.7,1576.0,33.8,171,0,0,0,0,0,0
0,297.1,308.3,1496.0,45.8,190,0,0,0,0,0,0
0,298.2,309.0,1899.5,13.8,45,0,0,0,0,0,0
0,300.5,310.5,1373.0,47.4,56,0,0,0,0,0,0
1,300.3,309.5,1405.0,49.4,77,0,0,0,0,0,0
0,302.4,311.0,1423.0,46.2,186,0,0,0,0,0,0
0,298.1,307.6,1899.5,20.3,202,0,0,0,0,0,0
0,301.0,310.9,1428.0,45.3,47,0,0,0,0,0,0
0,299.1,310.5,1485.0,37.8,46,0,0,0,0,0,0
1,303.6,311.8,1421.0,44.8,101,0,0,0,0,0,1
0,296.2,307.2,1515.0,36.5,38,0,0,0,0,0,0
0,301.3,311.0,1542.0,33.6,80,0,0,0,0,0,0
0,297.7,307.6,1899.5,22.9,68,0,0,0,0,0,0
0,299.7,311.1,1439.0,44.9,174,0,0,0,0,0,0
0,299.0,310.3,1428.0,46.3,175,0,0,0,0,0,0
1,301.4,311.0,1234.0,55.8,152,0,0,0,0,0,0
1,304.2,313.8,1481.0,44.9,136,0,0,0,0,0,0
0,301.0,312.3,1550.0,34.9,111,0,0,0,0,0,0
0,296.8,307.9,1271.0,61.4,125,0,0,0,0,0,0
0,302.3,310.9,1899.5,19.7,190,0,0,0,0,0,0
2,298.8,309.0,1497.0,43.8,147,0,0,0,0,0,0
0,297.9,309.8,1899.5,21.3,29,0,0,0,0,0,0
0,298.9,308.5,1429.0,55.1,140,0,0,0,0,0,0
0,302.5,310.3,1523.0,36.0,72,0,0,0,0,0,0
1,299.2,308.4,1396.0,48.5,5,0,0,0,0,0,0
0,304.2,313.4,1735.0,28.9,192,0,0,0,0,0,0
0,302.9,312.1,1334.0,54.7,88,0,0,0,0,0,0
1,297.3,308.0,1403.0,45.0,77,0,0,0,0,0,0
1,297.8,309.1,1432.0,42.6,17,0,0,0,0,0,0
0,302.2,311.6,1872.0,20.4,202,0,0,0,0,0,0
0,303.8,313.2,1531.0,39.4,159,0,0,0,0,0,0
0,301.4,310.4,1559.0,36.0,196,0,0,0,0,0,0
1,298.0,308.7,1430.0,51.9,47,0,0,0,0,0,0
1,300.4,309.3,1411.0,41.6,160,0,0,0,0,0,0
1,302.1,310.8,1504.0,37.5,42,0,0,0,0,0,0
0,298.7,309.8,1402.0,54.3,128,0,0,0,0,0,0
1,298.4,309.7,1870.0,22.5,170,0,0,0,0,0,0
0,300.5,309.5,1255.0,62.1,138,0,0,0,0,0,0
0,297.9,309.0,1583.0,36.7,104,0,0,0,0,0,0
1,299.1,310.8,1517.0,38.4,185,0,0,0,0,0,0
0,298.9,308.7,1389.0,44.9,69,0,0,0,0,0,0
1,298.1,307.7,1633.0,30.7,145,0,0,0,0,0,0
0,296.6,307.6,1459.0,40.2,96,0,0,0,0,0,0
0,300.5,311.5,1316.0,49.7,55,0,0,0,0,0,0
1,303.4,312.2,1615.0,35.7,56,0,0,0,0,0,0
0,298.2,307.8,1804.0,25.1,108,0,0,0,0,0,0
0,298.0,307.6,1654.0,28.9,123,0,0,0,0,0,0
2,303.8,313.2,1506.0,46.9,154,0,0,0,0,0,0
1,304.0,313.3,1415.0,52.8,82,0,0,0,0,0,0
0,299.0,310.3,1437.0,47.8,99,0,0,0,0,0,0
2,300.4,311.9,1438.0,46.7,41,0,0,0,0,0,0
1,301.7,311.0,1537.0,33.5,146,0,0,0,0,0,0
0,299.3,310.5,1505.0,38.8,30,0,0,0,0,0,0
1,301.2,310.1,1295.0,56.6,39,0,0,0,0,0,0
0,302.5,312.2,1738.0,25.3,14,0,0,0,0,0,0
0,299.4,308.7,1381.0,56.7,102,0,0,0,0,0,0
0,297.9,309.1,1619.0,34.7,33,0,0,0,0,0,0
0,299.0,310.0,1582.0,31.9,51,0,0,0,0,0,0
1,302.0,310.9,1558.0,45.3,193,0,0,0,0,0,0
1,301.9,310.6,1412.0,46.5,89,0,0,0,0,0,0
1,297.1,308.5,1515.0,42.1,81,0,0,0,0,0,0
0,295.8,306.3,1337.0,54.6,87,0,0,0,0,0,0
1,299.8,309.4,1401.0,48.1,143,0,0,0,0,0,0
0,301.5,310.5,1528.0,35.7,198,0,0,0,0,0,0
2,300.7,311.9,1329.0,59.2,121,0,0,0,0,0,0
0,302.2,310.6,1346.0,47.5,109,0,0,0,0,0,1
1,297.0,307.9,1569.0,33.3,141,0,0,0,0,0,0
1,301.2,310.0,1445.0,45.6,18,0,0,0,0,0,0
2,300.7,312.3,1446.0,45.4,86,0,0,0,0,0,0
0,300.2,311.6,1356.0,53.5,132,0,0,0,0,0,0
0,300.6,311.0,1543.0,34.7,89,0,0,0,0,0,0
0,300.7,310.1,1376.0,50.8,75,0,0,0,0,0,0
0,301.4,310.4,1689.0,30.6,110,0,0,0,0,0,0
0,298.4,309.2,1583.0,35.4,112,0,0,0,0,0,0
0,300.0,310.4,1333.0,49.1,131,0,0,0,0,0,0
1,302.3,310.9,1762.0,24.5,73,0,0,0,0,0,0
1,300.3,310.2,1429.0,44.7,203,0,0,0,0,0,0
0,297.5,309.3,1404.0,43.5,195,0,0,0,0,0,0
2,300.0,310.5,1558.0,36.7,137,0,0,0,0,0,0
2,298.4,307.7,1626.0,31.1,166,0,0,0,0,0,0
1,298.3,309.1,1296.0,58.7,201,0,0,0,0,0,0
1,300.9,310.5,1702.0,29.3,32,0,0,0,0,0,0
0,297.3,308.3,1550.0,37.0,54,0,0,0,0,0,0
2,303.4,311.9,1402.0,50.0,54,0,0,0,0,0,0
0,303.6,313.1,1395.0,44.1,120,0,0,0,0,0,0
0,302.1,311.0,1351.0,49.5,196,0,0,0,0,0,0
2,300.0,309.5,1735.0,28.9,82,0,0,0,0,0,0
0,297.2,308.6,1562.0,33.0,84,0,0,0,0,0,0
1,300.7,311.7,1899.5,18.9,232,0,0,0,0,0,1
1,298.5,309.3,1488.0,43.7,189,0,0,0,0,0,0
0,302.1,310.6,1439.0,40.0,7,0,0,0,0,0,0
0,299.8,310.1,1553.0,42.0,177,0,0,0,0,0,0
0,300.7,309.3,1425.0,45.3,100,0,0,0,0,0,0
0,297.9,307.6,1298.0,52.7,132,0,0,0,0,0,0
1,298.8,308.4,1604.0,29.5,14,0,0,0,0,0,0
0,300.2,309.5,1495.0,32.6,49,0,0,0,0,0,0
0,299.5,309.1,1863.0,22.5,79,0,0,0,0,0,0
1,300.5,309.4,1899.5,16.3,59,0,0,0,0,0,0
2,298.0,307.4,1606.0,35.2,195,0,0,0,0,0,0
0,298.0,308.2,1514.0,37.9,9,0,0,0,0,0,0
0,302.9,312.4,1899.5,23.9,244,0,0,0,0,0,0
0,298.7,308.4,1750.0,25.8,72,0,0,0,0,0,0
0,296.9,307.9,1435.0,41.6,139,0,0,0,0,0,0
0,299.4,309.2,1564.0,39.0,26,0,0,0,0,0,0
0,300.3,311.7,1317.0,56.5,7,0,0,0,0,0,0
2,298.9,308.4,1449.0,42.4,149,0,0,0,0,0,0
0,298.0,308.6,1532.0,42.6,54,0,0,0,0,0,0
2,296.2,307.0,1542.0,40.6,28,0,0,0,0,0,0
1,299.4,309.1,1352.0,44.7,172,0,0,0,0,0,0
0,298.8,309.8,1563.0,33.7,143,0,0,0,0,0,0
0,298.3,308.9,1379.0,54.7,91,0,0,0,0,0,0
0,301.7,310.1,1424.0,50.2,54,0,0,0,0,0,0
0,298.7,310.1,1676.0,33.5,70,0,0,0,0,0,0
1,302.5,310.5,1527.0,38.8,136,0,0,0,0,0,0
0,299.6,310.1,1384.0,49.8,11,0,0,0,0,0,0
0,300.3,311.8,1451.0,41.0,55,0,0,0,0,0,0
0,300.3,309.3,1612.0,36.0,158,0,0,0,0,0,0
0,301.0,309.5,1430.0,48.5,122,0,0,0,0,0,0
0,300.9,310.5,1616.0,33.5,25,0,0,0,0,0,0
0,300.6,310.9,1433.0,42.6,101,0,0,0,0,0,0
2,301.3,310.1,1469.0,39.7,179,0,0,0,0,0,0
0,297.7,307.4,1643.0,36.5,55,0,0,0,0,0,0
0,297.1,308.4,1468.0,44.4,197,0,0,0,0,0,0
0,300.0,311.4,1604.0,38.7,185,0,0,0,0,0,0
1,298.9,308.6,1574.0,33.5,128,0,0,0,0,0,0
1,299.7,308.9,1478.0,41.0,87,0,0,0,0,0,0
0,300.7,310.5,1445.0,41.1,201,0,0,0,0,0,0
0,298.9,310.2,1623.0,37.2,177,0,0,0,0,0,0
0,298.1,308.1,1410.0,45.8,71,0,0,0,0,0,0
0,300.1,309.3,1654.0,31.0,201,0,0,0,0,0,0
0,301.8,310.0,1393.0,44.9,208,0,0,0,0,0,0
1,301.5,310.7,1510.0,36.0,64,0,0,0,0,0,0
1,297.6,308.7,1408.0,54.8,147,0,0,0,0,0,0
0,299.8,309.4,1436.0,51.6,158,0,0,0,0,0,0
2,300.3,309.9,1405.0,52.1,205,0,0,0,0,0,0
1,297.3,308.9,1799.0,24.5,137,0,0,0,0,0,0
0,301.3,310.6,1481.0,40.9,57,0,0,0,0,0,0
2,298.7,309.6,1755.0,26.9,73,0,0,0,0,0,0
2,299.9,311.4,1497.0,37.0,162,0,0,0,0,0,0
0,300.5,310.3,1336.0,57.1,29,0,0,0,0,0,0
0,302.0,310.8,1767.0,27.4,11,0,0,0,0,0,0
0,299.4,310.7,1551.0,41.2,3,0,0,0,0,0,0
0,301.8,310.2,1457.0,40.4,213,0,0,0,0,0,0
0,297.3,308.5,1764.0,30.8,148,0,0,0,0,0,0
1,298.9,309.6,1434.0,43.8,180,0,0,0,0,0,0
0,301.2,309.9,1643.0,32.9,171,0,0,0,0,0,0
1,295.8,306.3,1444.0,45.5,76,0,0,0,0,0,0
0,296.9,307.7,1424.0,43.3,120,0,0,0,0,0,0
0,298.2,309.0,1413.0,55.0,145,0,0,0,0,0,0
1,302.0,310.4,1828.0,26.3,82,0,0,0,0,0,0
1,300.5,310.0,1406.0,50.2,119,0,0,0,0,0,0
0,300.4,309.6,1432.0,44.7,192,0,0,0,0,0,0
0,299.9,309.5,1779.0,26.1,169,0,0,0,0,0,0
1,297.2,307.9,1541.0,35.7,169,0,0,0,0,0,0
0,297.1,308.2,1427.0,45.2,136,0,0,0,0,0,0
1,298.2,307.9,1403.0,45.1,193,0,0,0,0,0,0
0,302.9,312.2,1510.0,41.4,94,0,0,0,0,0,0
1,302.9,312.4,1659.0,33.1,152,0,0,0,0,0,0
1,297.9,307.3,1420.0,47.8,171,0,0,0,0,0,0
2,302.3,310.1,1688.0,30.4,115,0,0,0,0,0,0
0,300.0,311.4,1508.0,38.2,18,0,0,0,0,0,0
2,301.6,310.5,1602.0,32.3,2,0,0,0,0,0,0
0,298.0,308.2,1611.0,30.6,195,0,0,0,0,0,0
0,298.9,309.7,1449.0,48.8,147,0,0,0,0,0,0
0,297.4,308.8,1462.0,49.7,132,0,0,0,0,0,0
0,300.5,311.4,1442.0,47.0,53,0,0,0,0,0,0
0,302.7,311.2,1545.0,35.1,128,0,0,0,0,0,0
0,300.0,309.7,1586.0,37.8,103,0,0,0,0,0,0
0,297.2,307.9,1441.0,40.0,195,0,0,0,0,0,0
0,302.8,312.2,1458.0,51.0,42,0,0,0,0,0,0
0,302.5,310.3,1592.0,32.6,174,0,0,0,0,0,0
0,298.9,310.0,1482.0,41.1,82,0,0,0,0,0,0
0,302.4,310.2,1899.5,16.0,154,0,0,0,0,0,0
0,304.1,313.3,1438.0,45.5,188,0,0,0,0,0,0
0,300.7,312.3,1577.0,33.2,100,0,0,0,0,0,0
0,301.9,310.5,1477.0,42.4,128,0,0,0,0,0,0
0,302.5,311.5,1521.0,44.1,37,0,0,0,0,0,0
0,302.4,311.1,1652.0,33.9,139,0,0,0,0,0,0
0,298.6,309.7,1294.0,59.4,104,0,0,0,0,0,0
2,301.5,310.8,1591.0,29.6,33,0,0,0,0,0,0
1,299.1,309.5,1339.0,48.2,86,0,0,0,0,0,0
0,295.8,306.6,1621.0,31.6,95,0,0,0,0,0,0
1,304.0,312.7,1456.0,51.2,160,0,0,0,0,0,0
2,302.7,310.5,1568.0,36.9,28,0,0,0,0,0,0
1,304.1,313.6,1441.0,43.7,131,0,0,0,0,0,0
0,298.1,309.9,1642.0,30.4,58,0,0,0,0,0,0
1,298.0,308.7,1479.0,58.5,176,0,0,0,0,0,1
0,302.4,311.8,1493.0,38.4,132,0,0,0,0,0,0
2,303.6,311.9,1544.0,37.1,88,0,0,0,0,0,0
1,301.9,311.0,1638.0,35.4,116,0,0,0,0,0,0
0,298.4,309.6,1477.0,35.6,101,0,0,0,0,0,0
0,298.3,309.1,1437.0,38.0,93,0,0,0,0,0,0
0,297.5,309.1,1611.0,30.2,211,0,0,0,0,0,0
2,298.0,307.8,1588.0,35.4,114,0,0,0,0,0,0
1,298.8,309.8,1377.0,49.6,27,0,0,0,0,0,0
0,298.7,308.5,1480.0,42.2,58,0,0,0,0,0,0
2,298.7,309.7,1565.0,39.3,94,0,0,0,0,0,0
0,298.8,308.3,1634.0,27.9,12,0,0,0,0,0,0
1,302.7,310.8,1555.0,36.1,35,0,0,0,0,0,0
1,297.3,308.5,1520.0,42.4,171,0,0,0,0,0,0
0,298.8,308.9,1398.0,51.5,0,0,0,0,0,0,0
1,300.8,311.2,1365.0,51.7,111,0,0,0,0,0,0
0,302.0,310.9,1446.0,44.0,64,0,0,0,0,0,0
1,301.1,310.6,1479.0,41.1,72,0,0,0,0,0,0
1,300.7,310.8,1465.0,45.2,92,0,0,0,0,0,0
0,304.1,313.3,1732.0,28.5,132,0,0,0,0,0,0
2,297.7,308.4,1288.0,49.5,91,0,0,0,0,0,0
2,299.2,310.6,1704.0,30.6,160,0,0,0,0,0,0
2,302.1,311.0,1729.0,26.1,210,0,0,0,0,0,0
0,299.6,309.2,1602.0,37.3,31,0,0,0,0,0,0
0,299.3,308.5,1510.0,45.4,72,0,0,0,0,0,0
0,300.9,311.3,1613.0,32.7,170,0,0,0,0,0,0
1,299.5,309.1,1422.0,45.3,103,0,0,0,0,0,0
0,297.4,309.2,1420.0,45.6,193,0,0,0,0,0,0
1,297.7,308.9,1531.0,48.3,84,0,0,0,0,0,0
1,297.8,309.4,1495.0,36.5,132,0,0,0,0,0,0
0,300.8,311.7,1681.0,31.3,221,0,0,0,0,0,0
1,300.0,310.4,1385.0,52.1,128,0,0,0,0,0,0
1,297.1,308.6,1717.0,31.3,61,0,0,0,0,0,0
0,296.2,306.9,1526.0,34.9,140,0,0,0,0,0,0
0,302.2,311.4,1390.0,48.1,40,0,0,0,0,0,0
0,297.4,308.0,1383.0,46.2,188,0,0,0,0,0,0
2,302.4,311.9,1366.0,47.3,162,0,0,0,0,0,0
0,297.3,308.3,1309.0,61.5,56,0,0,0,0,0,0
1,301.7,310.6,1380.0,45.8,70,0,0,0,0,0,0
0,303.2,311.4,1514.0,41.2,230,0,0,0,0,0,0
0,299.5,309.1,1357.0,47.3,106,0,0,0,0,0,0
0,300.7,310.7,1507.0,46.1,209,0,0,0,0,0,0
1,299.2,310.4,1395.0,55.4,76,0,0,0,0,0,0
0,300.2,309.2,1431.0,51.3,57,0,0,0,0,0,0
1,298.7,308.6,1722.0,24.7,64,0,0,0,0,0,0
0,299.3,308.6,1482.0,37.6,132,0,0,0,0,0,0
0,298.7,309.9,1465.0,39.7,72,0,0,0,0,0,0
2,297.4,308.2,1585.0,46.2,37,0,0,0,0,0,0
0,302.8,312.2,1481.0,40.2,230,0,0,0,0,0,0
0,301.0,309.6,1724.0,28.1,133,0,0,0,0,0,0
1,303.4,311.8,1899.5,18.3,207,0,0,0,0,0,0
0,299.4,308.8,1390.0,57.0,92,0,0,0,0,0,0
0,299.0,310.3,1475.0,42.4,93,0,0,0,0,0,0
0,301.6,310.5,1593.0,34.5,102,0,0,0,0,0,0
0,301.6,310.7,1380.0,51.8,216,0,0,0,0,0,1
0,300.2,311.4,1568.0,41.0,32,0,0,0,0,0,0
0,297.4,308.3,1483.0,38.8,23,0,0,0,0,0,0
0,298.5,309.5,1569.0,41.0,153,0,0,0,0,0,0
1,302.0,310.4,1212.0,55.6,79,0,0,0,0,0,1
0,301.6,311.0,1485.0,40.1,142,0,0,0,0,0,0
0,297.5,308.9,1390.0,44.6,140,0,0,0,0,0,0
0,299.3,308.8,1341.0,47.7,199,0,0,0,0,0,0
1,303.1,312.3,1623.0,31.6,101,0,0,0,0,0,0
0,299.1,310.2,1352.0,52.8,41,0,0,0,0,0,0
2,296.7,307.9,1579.0,33.4,50,0,0,0,0,0,0
0,299.2,310.6,1498.0,41.1,88,0,0,0,0,0,0
1,296.3,307.4,1899.5,19.1,67,0,0,0,0,0,0
0,303.7,313.0,1456.0,45.5,51,0,0,0,0,0,0
1,297.4,308.3,1535.0,34.6,51,0,0,0,0,0,0
0,300.0,309.1,1431.0,45.4,90,0,0,0,0,0,0
0,301.9,310.7,1405.0,48.8,78,0,0,0,0,0,0
1,300.6,310.0,1542.0,33.9,100,0,0,0,0,0,0
1,302.3,311.4,1899.5,23.2,25,0,0,0,0,0,0
1,298.0,308.7,1436.0,48.2,201,0,0,0,0,0,0
1,298.8,309.3,1618.0,35.1,173,0,0,0,0,0,0
0,297.8,307.7,1505.0,39.7,25,0,0,0,0,0,0
0,300.7,310.4,1416.0,61.8,209,0,0,0,0,0,1
1,296.6,307.7,1474.0,52.6,101,0,0,0,0,0,0
1,300.4,309.7,1367.0,51.2,143,0,0,0,0,0,0
0,299.5,308.6,1672.0,30.5,177,0,0,0,0,0,0
0,301.6,310.8,1899.5,21.8,148,0,0,0,0,0,0
0,299.2,308.5,1544.0,41.6,146,0,0,0,0,0,0
0,300.7,311.2,1452.0,44.4,33,0,0,0,0,0,0
0,299.3,308.6,1371.0,50.5,136,0,0,0,0,0,0
0,297.2,308.6,1500.0,37.1,161,0,0,0,0,0,0
1,302.3,311.2,1454.0,43.8,112,0,0,0,0,0,0
1,299.5,309.0,1602.0,31.3,210,0,0,0,0,0,0
0,299.1,309.5,1512.0,39.0,75,0,0,0,0,0,0
0,298.9,309.9,1592.0,32.0,60,0,0,0,0,0,0
0,299.6,310.9,1533.0,31.8,91,0,0,0,0,0,0
0,298.8,310.1,1653.0,30.3,119,0,0,0,0,0,0
0,297.8,307.5,1581.0,33.1,116,0,0,0,0,0,0
0,297.7,307.2,1668.0,37.8,5,0,0,0,0,0,0
1,298.9,309.2,1412.0,44.1,140,0,0,0,0,0,0
0,299.7,309.1,1473.0,39.4,125,0,0,0,0,0,0
0,299.1,310.6,1326.0,49.7,78,0,0,0,0,0,0
1,302.3,311.8,1443.0,43.4,175,0,0,0,0,0,0
1,300.1,309.6,1625.0,38.0,46,0,0,0,0,0,0
0,298.2,307.6,1368.0,51.8,5,0,0,0,0,0,0
2,301.4,310.5,1421.0,43.8,182,0,0,0,0,0,0
1,297.2,308.5,1487.0,46.9,173,0,0,0,0,0,0
0,299.2,310.6,1534.0,39.7,83,0,0,0,0,0,0
0,301.4,310.7,1590.0,36.3,43,0,0,0,0,0,0
1,302.3,311.3,1339.0,50.8,123,0,0,0,0,0,0
1,298.8,308.6,1571.0,33.7,61,0,0,0,0,0,0
0,299.1,310.6,1380.0,44.7,170,0,0,0,0,0,0
1,300.9,310.4,1576.0,40.4,92,0,0,0,0,0,0
1,297.0,307.9,1422.0,53.0,115,0,0,0,0,0,0
0,302.4,310.7,1362.0,54.8,155,0,0,0,0,0,1
1,300.2,309.8,1394.0,47.4,21,0,0,0,0,0,0
0,304.1,313.2,1366.0,46.6,35,0,0,0,0,0,0
1,300.7,310.5,1594.0,31.0,196,0,0,0,0,0,0
0,303.8,312.6,1565.0,36.0,179,0,0,0,0,0,0
0,298.1,308.8,1432.0,43.4,68,0,0,0,0,0,0
0,302.0,310.9,1564.0,39.0,15,0,0,0,0,0,0
0,300.9,310.7,1740.0,25.3,164,0,0,0,0,0,0
1,301.5,310.5,1612.0,29.8,148,0,0,0,0,0,0
1,301.9,310.9,1419.0,47.7,20,0,0,0,0,0,1
0,298.4,308.9,1501.0,50.0,203,0,0,0,0,0,0
0,301.8,311.0,1322.0,53.0,166,0,0,0,0,0,0
0,296.8,308.0,1371.0,54.5,86,0,0,0,0,0,0
0,297.4,308.3,1472.0,45.5,2,0,0,0,0,0,0
0,302.4,311.2,1448.0,50.5,53,0,0,0,0,0,0
0,298.6,309.9,1356.0,59.5,34,0,0,0,0,0,0
1,300.2,310.3,1593.0,36.1,36,0,0,0,0,0,0
1,300.8,310.8,1461.0,41.3,53,0,0,0,0,0,0
0,299.2,308.4,1711.0,28.9,197,0,0,0,0,0,0
0,302.2,310.7,1567.0,36.4,100,0,0,0,0,0,0
0,301.4,310.6,1899.5,18.0,99,0,0,0,0,0,0
2,300.7,310.2,1479.0,52.3,9,0,0,0,0,0,0
0,300.5,310.8,1509.0,33.0,153,0,0,0,0,0,0
0,299.4,308.7,1512.0,37.2,126,0,0,0,0,0,0
0,301.6,310.9,1538.0,40.4,13,0,0,0,0,0,0
0,302.4,311.8,1476.0,46.6,110,0,0,0,0,0,0
2,302.2,310.8,1397.0,47.6,11,0,0,0,0,0,0
1,300.4,309.7,1547.0,38.0,181,0,0,0,0,0,0
2,298.4,308.9,1577.0,37.1,0,0,0,0,0,0,0
2,299.2,309.1,1410.0,47.1,9,0,0,0,0,0,0
0,300.8,310.3,1383.0,46.6,19,0,0,0,0,0,0
2,300.4,309.6,1571.0,33.6,126,0,0,0,0,0,0
0,297.6,308.3,1523.0,39.5,137,0,0,0,0,0,0
0,298.8,309.7,1374.0,58.6,123,0,0,0,0,0,0
0,300.9,309.6,1384.0,42.4,131,0,0,0,0,0,0
2,302.3,310.2,1506.0,33.8,43,0,0,0,0,0,0
0,301.9,310.6,1573.0,36.6,15,0,0,0,0,0,0
2,300.2,311.5,1426.0,44.3,73,0,0,0,0,0,0
0,298.4,308.0,1571.0,37.4,50,0,0,0,0,0,0
1,297.5,308.8,1471.0,52.3,152,0,0,0,0,0,0
0,299.7,309.2,1401.0,54.1,118,0,0,0,0,0,0
0,298.2,308.7,1605.0,29.4,47,0,0,0,0,0,0
0,301.8,310.7,1680.0,32.4,76,0,0,0,0,0,0
0,299.6,309.1,1407.0,50.6,85,0,0,0,0,0,0
0,299.1,310.6,1818.0,24.1,173,0,0,0,0,0,0
1,303.4,312.7,1594.0,32.8,79,0,0,0,0,0,0
0,303.4,312.3,1663.0,33.9,78,0,0,0,0,0,0
0,303.5,311.8,1899.5,21.9,195,0,0,0,0,0,0
0,303.0,312.3,1480.0,41.4,125,0,0,0,0,0,0
0,300.7,309.6,1733.0,24.8,85,0,0,0,0,0,0
0,297.7,309.1,1435.0,38.8,165,0,0,0,0,0,0
1,301.2,310.1,1666.0,34.9,37,0,0,0,0,0,0
1,299.3,308.5,1422.0,45.4,37,0,0,0,0,0,0
0,298.1,309.3,1443.0,45.3,70,0,0,0,0,0,0
0,300.9,310.7,1392.0,44.2,97,0,0,0,0,0,0
0,298.8,308.5,1527.0,36.2,3,0,0,0,0,0,0
1,302.3,311.0,1521.0,34.8,72,0,0,0,0,0,0
0,300.7,309.9,1775.0,26.6,149,0,0,0,0,0,0
1,301.8,310.9,1299.0,60.4,48,0,0,0,0,0,0
0,301.0,311.4,1481.0,37.5,193,0,0,0,0,0,0
1,297.5,308.6,1347.0,57.0,132,0,0,0,0,0,0
1,298.8,310.2,1527.0,31.2,102,0,0,0,0,0,0
1,298.4,309.1,1525.0,39.3,86,0,0,0,0,0,0
2,302.7,312.1,1478.0,36.0,191,0,0,0,0,0,0
1,300.8,310.7,1483.0,40.8,28,0,0,0,0,0,0
0,300.5,309.7,1384.0,48.6,141,0,0,0,0,0,0
1,301.9,310.9,1441.0,43.7,0,0,0,0,0,0,0
0,301.5,310.9,1469.0,44.7,164,0,0,0,0,0,0
0,298.9,308.6,1899.5,18.7,27,0,0,0,0,0,0
0,301.0,312.2,1372.0,47.0,59,0,0,0,0,0,0
0,297.6,308.4,1626.0,32.4,130,0,0,0,0,0,0
0,300.3,309.6,1326.0,52.4,57,0,0,0,0,0,0
1,300.3,311.4,1371.0,50.2,109,0,0,0,0,0,0
1,298.1,307.8,1636.0,36.7,51,0,0,0,0,0,0
1,300.7,309.5,1445.0,46.4,24,0,0,0,0,0,0
0,297.5,308.6,1546.0,33.8,139,0,0,0,0,0,0
0,301.4,311.1,1469.0,36.9,133,0,0,0,0,0,0
0,300.5,311.4,1611.0,32.7,44,0,0,0,0,0,0
0,301.0,310.0,1480.0,43.5,21,0,0,0,0,0,0
1,300.3,310.0,1537.0,37.5,6,0,0,0,0,0,0
0,301.5,310.4,1629.0,34.1,151,0,0,0,0,0,0
1,303.6,311.8,1432.0,42.5,150,0,0,0,0,0,0
1,303.6,312.4,1504.0,49.5,109,0,0,0,0,0,0
0,299.5,309.2,1690.0,29.2,108,0,0,0,0,0,0
0,302.8,311.1,1721.0,30.0,87,0,0,0,0,0,0
0,301.2,311.0,1670.0,33.0,200,0,0,0,0,0,0
0,299.1,310.1,1894.0,20.1,106,0,0,0,0,0,0
0,298.5,308.3,1334.0,49.8,186,0,0,0,0,0,0
1,301.8,311.1,1395.0,44.6,171,0,0,0,0,0,0
0,302.7,310.9,1395.0,48.3,80,0,0,0,0,0,0
0,301.9,310.8,1567.0,39.3,9,0,0,0,0,0,0
0,301.6,310.6,1478.0,36.6,218,0,0,0,0,0,0
1,303.9,313.2,1624.0,39.8,107,0,0,0,0,0,0
0,298.5,309.2,1899.5,20.2,114,0,0,0,0,0,0
0,301.5,310.5,1372.0,44.0,203,0,0,0,0,0,0
0,300.1,309.7,1351.0,58.2,155,0,0,0,0,0,0
1,302.5,310.5,1507.0,40.2,201,0,0,0,0,0,0
1,300.8,309.7,1258.0,54.9,168,0,0,0,0,0,0
0,299.6,309.0,1525.0,42.8,160,0,0,0,0,0,0
0,297.1,307.8,1428.0,43.7,179,0,0,0,0,0,0
0,296.8,307.4,1549.0,48.3,105,0,0,0,0,0,0
0,298.9,310.6,1363.0,52.6,190,0,0,0,0,0,0
0,296.9,308.4,1390.0,41.8,184,0,0,0,0,0,0
1,300.5,309.9,1343.0,63.7,124,0,0,0,0,0,0
2,300.8,311.1,1698.0,24.8,156,0,0,0,0,0,0
0,303.8,312.9,1367.0,49.9,192,0,0,0,0,0,0
0,298.4,308.2,1528.0,36.2,196,0,0,0,0,0,0
1,298.9,310.1,1549.0,40.2,65,0,0,0,0,0,0
2,301.6,310.9,1419.0,50.2,51,0,0,0,0,0,0
0,298.8,309.7,1424.0,49.6,129,0,0,0,0,0,0
0,298.9,310.2,1491.0,45.1,101,0,0,0,0,0,0
0,301.4,310.5,1647.0,33.3,85,0,0,0,0,0,0
0,300.1,310.6,1374.0,45.4,119,0,0,0,0,0,0
1,303.6,312.8,1825.0,25.2,29,0,0,0,0,0,0
0,301.5,310.9,1400.0,50.8,2,0,0,0,0,0,0
0,295.8,306.5,1358.0,49.2,63,0,0,0,0,0,0
1,302.9,312.2,1292.0,54.4,136,0,0,0,0,0,0
1,301.9,309.6,1551.0,34.6,211,0,0,0,0,0,0
2,300.9,310.8,1477.0,38.4,31,0,0,0,0,0,0
2,300.6,310.7,1501.0,45.3,175,0,0,0,0,0,0
2,302.2,311.6,1594.0,36.8,82,0,0,0,0,0,0
1,298.9,310.1,1655.0,31.5,172,0,0,0,0,0,0
1,297.4,308.3,1405.0,51.7,108,0,0,0,0,0,0
0,300.8,310.9,1311.0,55.8,118,0,0,0,0,0,0
0,299.2,308.4,1841.0,22.8,40,0,0,0,0,0,0
2,297.5,308.6,1481.0,38.8,14,0,0,0,0,0,0
0,301.2,311.6,1461.0,52.9,208,0,0,0,0,0,1
2,301.0,310.1,1756.0,30.7,2,0,0,0,0,0,0
1,301.2,310.7,1543.0,32.9,40,0,0,0,0,0,0
0,298.2,308.9,1683.0,31.7,74,0,0,0,0,0,0
1,300.7,311.5,1569.0,36.4,20,0,0,0,0,0,0
1,300.4,309.7,1539.0,37.7,156,0,0,0,0,0,0
0,301.9,311.0,1455.0,46.0,29,0,0,0,0,0,0
0,299.4,309.1,1304.0,50.5,153,0,0,0,0,0,0
0,303.6,312.8,1701.0,30.8,12,0,0,0,0,0,0
0,303.2,311.4,1351.0,53.8,8,0,0,0,0,0,1
0,299.0,308.7,1507.0,37.5,134,0,0,0,0,0,0
0,297.5,308.6,1514.0,36.9,134,0,0,0,0,0,0
0,299.4,308.6,1746.0,26.8,107,0,0,0,0,0,0
1,297.8,307.4,1899.5,24.3,129,0,0,0,0,0,0
0,298.9,308.3,1432.0,48.9,38,0,0,0,0,0,0
2,298.8,310.1,1483.0,45.4,192,0,0,0,0,0,0
1,299.7,311.0,1448.0,49.8,80,0,0,0,0,0,0
0,299.5,310.8,1447.0,41.0,93,0,0,0,0,0,0
0,298.7,310.2,1363.0,45.5,28,0,0,0,0,0,0
0,296.7,307.6,1516.0,37.4,146,0,0,0,0,0,0
1,300.5,309.7,1347.0,54.3,136,0,0,0,0,0,0
0,301.1,311.0,1677.0,29.1,188,0,0,0,0,0,0
0,301.7,310.9,1405.0,46.4,207,0,0,0,0,0,1
0,302.0,311.0,1550.0,35.2,184,0,0,0,0,0,0
2,296.3,307.1,1774.0,25.9,154,0,0,0,0,0,0
0,299.0,310.4,1606.0,31.1,134,0,0,0,0,0,0
0,298.0,309.2,1378.0,49.7,94,0,0,0,0,0,0
0,303.5,313.0,1322.0,59.5,71,0,0,0,0,0,0
2,298.6,309.4,1439.0,47.1,149,0,0,0,0,0,0
0,296.9,307.5,1899.5,12.800000000000011,18,0,0,0,0,0,1
1,299.0,309.0,1419.0,45.2,27,0,0,0,0,0,0
0,303.8,312.8,1428.0,53.3,152,0,0,0,0,0,0
0,302.2,311.4,1510.0,44.9,33,0,0,0,0,0,0
0,304.0,313.2,1481.0,42.6,213,0,0,0,0,0,0
0,300.8,312.5,1423.0,47.3,123,0,0,0,0,0,0
0,297.8,307.4,1355.0,45.8,60,0,0,0,0,0,0
1,300.5,311.9,1676.0,35.2,97,0,0,0,0,0,0
0,298.6,309.5,1547.0,44.8,36,0,0,0,0,0,0
0,303.7,312.4,1525.0,43.9,188,0,0,0,0,0,0
0,301.8,309.5,1525.0,39.6,227,0,0,0,0,0,0
0,299.1,310.3,1727.0,28.7,43,0,0,0,0,0,0
0,298.9,310.6,1406.0,43.8,12,0,0,0,0,0,0
0,296.8,308.2,1643.0,34.7,191,0,0,0,0,0,0
0,299.2,308.5,1442.0,46.5,11,0,0,0,0,0,0
0,300.0,311.4,1374.0,41.9,96,0,0,0,0,0,0
1,297.6,308.5,1431.0,52.6,26,0,0,0,0,0,0
1,296.7,307.8,1375.0,51.4,108,0,0,0,0,0,0
0,298.7,309.8,1469.0,38.4,62,0,0,0,0,0,0
0,304.4,313.7,1509.0,35.0,205,0,0,0,0,0,1
1,298.5,309.5,1366.0,61.9,130,0,0,0,0,0,0
1,299.0,310.3,1494.0,46.6,144,0,0,0,0,0,0
1,300.2,309.0,1642.0,31.2,37,0,0,0,0,0,0
2,303.8,313.2,1379.0,50.2,178,0,0,0,0,0,0
1,302.5,310.3,1447.0,39.2,172,0,0,0,0,0,0
0,301.0,311.6,1470.0,43.4,133,0,0,0,0,0,0
0,295.6,306.0,1363.0,50.0,14,0,0,0,0,0,0
1,299.0,310.1,1487.0,47.5,123,0,0,0,0,0,0
0,302.5,311.9,1354.0,49.4,117,0,0,0,0,0,0
0,298.4,309.4,1392.0,50.1,117,0,0,0,0,0,0
1,298.0,308.7,1899.5,17.4,198,0,0,0,0,0,0
0,300.0,309.1,1631.0,28.3,110,0,0,0,0,0,0
0,300.1,311.4,1467.0,35.7,45,0,0,0,0,0,0
0,298.2,308.7,1436.0,49.1,26,0,0,0,0,0,0
0,299.8,309.7,1483.0,39.6,87,0,0,0,0,0,0
0,301.1,312.3,1534.0,39.0,129,0,0,0,0,0,0
0,301.8,310.6,1295.0,62.3,91,0,0,0,0,0,0
0,302.7,311.7,1480.0,45.2,8,0,0,0,0,0,0
1,299.8,309.1,1496.0,44.4,155,0,0,0,0,0,0
0,298.4,308.2,1282.0,60.7,216,0,0,0,0,0,1
1,296.0,306.7,1899.5,22.3,48,0,0,0,0,0,0
0,303.0,312.5,1626.0,30.5,87,0,0,0,0,0,0
0,298.8,308.9,1852.0,25.0,57,0,0,0,0,0,0
0,299.2,308.4,1877.0,23.9,4,0,0,0,0,0,0
0,299.9,310.4,1470.0,50.0,148,0,0,0,0,0,0
0,298.3,308.2,1472.0,44.3,71,0,0,0,0,0,0
1,296.3,307.1,1534.0,33.8,151,0,0,0,0,0,0
1,302.0,310.5,1573.0,32.1,143,0,0,0,0,0,0
0,300.4,311.1,1589.0,35.5,191,0,0,0,0,0,0
1,298.9,308.5,1534.0,42.9,121,0,0,0,0,0,0
1,302.2,311.3,1577.0,29.8,112,0,0,0,0,0,0
0,302.5,311.6,1419.0,43.7,39,0,0,0,0,0,0
1,297.2,308.1,1340.0,61.3,207,0,0,0,0,0,1
2,303.8,312.5,1525.0,38.0,209,0,0,0,0,0,0
0,302.0,310.8,1899.5,17.3,227,0,0,0,0,0,0
1,300.7,311.7,1504.0,36.9,229,0,0,0,0,0,0
0,303.2,311.2,1404.0,50.9,31,0,0,0,0,0,0
0,298.0,307.8,1266.0,60.5,81,0,0,0,0,0,0
0,301.8,310.6,1372.0,54.7,95,0,0,0,0,0,0
0,297.4,308.4,1392.0,49.7,174,0,0,0,0,0,0
0,298.4,309.3,1504.0,39.3,192,0,0,0,0,0,0
0,298.8,310.2,1461.0,46.7,105,0,0,0,0,0,0
0,299.8,311.1,1452.0,47.3,188,0,0,0,0,0,0
2,298.6,309.5,1584.0,31.8,27,0,0,0,0,0,0
0,300.7,310.6,1720.0,30.3,96,0,0,0,0,0,0
1,300.4,311.6,1359.0,55.4,160,0,0,0,0,0,0
0,299.2,310.4,1570.0,37.3,37,0,0,0,0,0,0
0,303.9,313.0,1403.0,48.3,10,0,0,0,0,0,0
2,300.9,310.5,1512.0,41.2,49,0,0,0,0,0,0
0,303.7,312.2,1487.0,34.0,94,0,0,0,0,0,0
0,302.4,312.0,1562.0,37.9,10,0,0,0,0,0,0
0,301.5,310.8,1350.0,58.5,13,0,0,0,0,0,0
0,299.9,309.2,1436.0,52.0,107,0,0,0,0,0,0
0,302.5,310.3,1539.0,39.0,119,0,0,0,0,0,0
0,303.7,313.1,1496.0,47.4,48,0,0,0,0,0,0
0,300.2,310.3,1331.0,52.1,30,0,0,0,0,0,0
1,297.4,308.3,1335.0,57.9,113,0,0,0,0,0,0
0,299.8,309.2,1591.0,37.5,109,0,0,0,0,0,0
0,297.5,308.9,1554.0,34.8,204,0,0,0,0,0,0
0,304.1,313.2,1452.0,48.0,126,0,0,0,0,0,0
1,298.8,309.7,1439.0,45.8,81,0,0,0,0,0,0
0,302.4,312.0,1508.0,36.9,5,0,0,0,0,0,0
0,298.9,310.1,1341.0,54.5,51,0,0,0,0,0,0
1,300.6,311.7,1389.0,52.1,210,0,0,0,0,0,0
0,301.6,310.0,1869.0,22.9,18,0,0,0,0,0,0
0,300.7,311.1,1324.0,52.2,85,0,0,0,0,0,0
1,300.9,312.1,1617.0,31.0,148,0,0,0,0,0,0
2,297.9,308.5,1899.5,18.7,126,0,0,0,0,0,0
0,297.4,309.4,1401.0,45.9,49,0,0,0,0,0,0
0,295.6,306.1,1383.0,48.7,147,0,0,0,0,0,0
0,297.6,308.6,1522.0,37.0,106,0,0,0,0,0,0
1,298.0,307.6,1844.0,23.8,44,0,0,0,0,0,0
0,300.1,309.2,1533.0,37.0,101,0,0,0,0,0,0
0,300.7,310.8,1772.0,27.3,69,0,0,0,0,0,0
0,296.8,307.8,1394.0,47.7,155,0,0,0,0,0,0
0,301.0,310.5,1379.0,57.3,204,0,0,0,0,0,1
2,300.7,311.9,1389.0,46.5,186,0,0,0,0,0,0
0,300.6,309.4,1425.0,40.3,103,0,0,0,0,0,0
2,304.1,313.3,1397.0,49.6,34,0,0,0,0,0,0
0,301.4,310.3,1639.0,32.7,171,0,0,0,0,0,0
0,302.0,310.6,1583.0,35.2,171,0,0,0,0,0,0
0,303.5,312.5,1418.0,42.2,170,0,0,0,0,0,0
0,296.7,307.9,1743.0,27.9,55,0,0,0,0,0,0
1,295.5,305.9,1380.0,52.4,202,0,0,0,0,0,0
2,300.4,309.9,1513.0,38.7,76,0,0,0,0,0,0
0,303.6,313.0,1617.0,30.9,122,0,0,0,0,0,0
2,301.4,310.1,1623.0,32.3,39,0,0,0,0,0,0
1,297.6,309.6,1330.0,53.1,7,0,0,0,0,0,0
0,303.5,313.1,1897.0,23.6,75,0,0,0,0,0,0
1,302.4,311.4,1475.0,45.2,46,0,0,0,0,0,0
1,302.8,310.8,1451.0,44.7,32,0,0,0,0,0,0
1,300.7,309.7,1397.0,51.3,155,0,0,0,0,0,0
1,300.7,309.5,1633.0,31.3,90,0,0,0,0,0,0
1,297.8,309.0,1675.0,30.0,110,0,0,0,0,0,0
0,299.3,310.3,1396.0,47.4,14,0,0,0,0,0,0
2,299.4,309.1,1547.0,40.9,50,0,0,0,0,0,0
1,298.1,307.7,1445.0,48.0,73,0,0,0,0,0,0
0,296.7,307.6,1540.0,38.6,53,0,0,0,0,0,0
0,301.9,309.7,1424.0,42.8,140,0,0,0,0,0,0
0,299.0,310.3,1501.0,43.0,91,0,0,0,0,0,0
0,303.7,312.5,1632.0,36.6,186,0,0,0,0,0,0
0,303.5,311.6,1899.5,17.0,110,0,0,0,0,0,0
0,297.8,308.9,1518.0,40.4,2,0,0,0,0,0,0
0,300.3,309.8,1450.0,55.0,135,0,0,0,0,0,0
1,301.1,311.1,1899.5,19.8,162,0,0,0,0,0,0
2,300.2,309.6,1442.0,49.2,61,0,0,0,0,0,0
0,302.3,311.6,1488.0,41.8,75,0,0,0,0,0,0
1,300.1,311.2,1452.0,42.4,190,0,0,0,0,0,0
0,302.6,312.3,1660.0,30.3,36,0,0,0,0,0,0
0,299.3,310.8,1426.0,42.4,0,0,0,0,0,0,0
0,302.7,310.5,1511.0,37.7,60,0,0,0,0,0,0
0,302.8,311.1,1563.0,32.2,78,0,0,0,0,0,0
0,301.4,310.5,1432.0,54.3,81,0,0,0,0,0,0
0,301.4,310.7,1657.0,28.7,108,0,0,0,0,0,0
1,302.2,310.5,1507.0,40.4,111,0,0,0,0,0,0
0,298.0,309.2,1665.0,36.6,22,0,0,0,0,0,0
0,298.8,309.7,1899.5,20.6,25,0,0,0,0,0,0
1,298.6,309.7,1422.0,49.7,139,0,0,0,0,0,0
2,298.2,307.9,1462.0,45.5,171,0,0,0,0,0,0
1,304.1,313.2,1510.0,46.9,152,0,0,0,0,0,0
0,300.2,309.8,1398.0,54.8,39,0,0,0,0,0,0
0,302.4,310.2,1633.0,28.0,164,0,0,0,0,0,0
0,301.3,310.4,1538.0,38.4,195,0,0,0,0,0,0
1,302.2,311.2,1360.0,52.8,176,0,0,0,0,0,0
0,300.9,310.6,1552.0,34.9,95,0,0,0,0,0,0
0,301.3,310.6,1576.0,30.4,92,0,0,0,0,0,0
0,299.7,309.5,1352.0,49.7,184,0,0,0,0,0,0
0,298.4,308.9,1391.0,48.4,100,0,0,0,0,0,0
0,302.6,311.9,1354.0,48.0,67,0,0,0,0,0,0
2,300.3,311.7,1432.0,47.7,61,0,0,0,0,0,0
0,298.3,309.0,1339.0,58.8,35,0,0,0,0,0,0
1,298.3,309.0,1526.0,36.9,20,0,0,0,0,0,0
2,299.0,309.0,1436.0,43.9,20,0,0,0,0,0,0
0,303.7,312.8,1627.0,31.7,40,0,0,0,0,0,0
1,301.7,310.9,1644.0,32.5,201,0,0,0,0,0,0
2,297.7,309.7,1570.0,35.8,160,0,0,0,0,0,0
0,298.5,308.0,1624.0,29.8,160,0,0,0,0,0,0
1,300.9,312.6,1555.0,40.6,109,0,0,0,0,0,0
0,298.1,307.7,1289.0,48.3,42,0,0,0,0,0,0
0,299.3,308.6,1520.0,33.7,76,0,0,0,0,0,0
0,298.9,310.1,1356.0,47.8,116,0,0,0,0,0,0
1,299.9,310.4,1367.0,53.3,201,0,0,0,0,0,0
1,299.0,308.2,1358.0,42.7,50,0,0,0,0,0,0
0,299.9,309.4,1363.0,60.9,57,0,0,0,0,0,0
0,301.7,310.6,1447.0,56.9,47,0,0,0,0,0,0
0,301.8,310.7,1551.0,37.7,64,0,0,0,0,0,0
0,304.2,313.4,1482.0,41.4,32,0,0,0,0,0,0
2,299.9,310.5,1549.0,42.8,208,0,0,0,0,0,0
0,302.3,311.7,1701.0,27.5,145,0,0,0,0,0,0
0,300.3,309.6,1537.0,37.1,187,0,0,0,0,0,0
2,299.2,308.6,1462.0,55.0,163,0,0,0,0,0,0
2,296.6,307.7,1386.0,62.3,100,0,0,0,0,0,1
0,302.2,311.6,1383.0,44.3,72,0,0,0,0,0,0
0,300.1,311.2,1489.0,39.1,188,0,0,0,0,0,0
2,302.4,312.0,1477.0,39.7,18,0,0,0,0,0,0
1,299.8,309.4,1423.0,42.9,124,0,0,0,0,0,0
0,300.7,311.0,1899.5,20.7,109,0,0,0,0,0,0
0,297.4,308.7,1584.0,38.2,154,0,0,0,0,0,0
2,298.4,309.3,1694.0,30.9,111,0,0,0,0,0,0
0,298.6,309.4,1316.0,51.4,52,0,0,0,0,0,0
0,300.5,311.6,1497.0,40.5,180,0,0,0,0,0,0
2,302.5,311.3,1393.0,47.5,130,0,0,0,0,0,0
0,301.0,310.6,1588.0,33.7,114,0,0,0,0,0,0
0,300.3,309.6,1404.0,44.6,87,0,0,0,0,0,0
2,298.0,308.8,1411.0,53.8,73,0,0,0,0,0,0
0,297.1,307.9,1342.0,49.1,179,0,0,0,0,0,0
2,302.3,310.6,1525.0,48.7,114,0,0,0,0,0,0
0,298.8,309.9,1428.0,42.4,132,0,0,0,0,0,0
1,297.2,308.6,1284.0,51.3,32,0,0,0,0,0,0
2,302.2,310.7,1413.0,48.9,114,0,0,0,0,0,0
0,300.3,311.6,1607.0,33.5,109,0,0,0,0,0,0
2,300.3,311.6,1801.0,23.6,97,0,0,0,0,0,0
2,300.1,311.4,1485.0,40.4,75,0,0,0,0,0,0
1,300.7,310.9,1369.0,51.2,63,0,0,0,0,0,0
0,302.7,310.6,1690.0,26.7,4,0,0,0,0,0,0
1,302.3,311.7,1483.0,40.5,8,0,0,0,0,0,0
0,302.3,311.3,1457.0,44.5,83,0,0,0,0,0,0
0,299.3,309.0,1415.0,47.6,156,0,0,0,0,0,0
0,299.8,309.7,1707.0,29.1,94,0,0,0,0,0,0
1,302.2,311.2,1544.0,43.6,63,0,0,0,0,0,0
1,302.5,310.3,1411.0,49.5,110,0,0,0,0,0,0
0,296.5,307.6,1541.0,38.5,98,0,0,0,0,0,0
0,297.7,308.7,1449.0,40.2,95,0,0,0,0,0,0
2,299.0,309.9,1884.0,25.6,100,0,0,0,0,0,0
1,299.7,309.1,1508.0,41.2,152,0,0,0,0,0,0
1,295.6,306.1,1490.0,42.7,171,0,0,0,0,0,0
0,301.5,310.9,1365.0,46.5,172,0,0,0,0,0,0
0,298.0,307.6,1683.0,32.8,122,0,0,0,0,0,0
1,300.1,309.7,1420.0,48.4,36,0,0,0,0,0,0
2,300.1,309.4,1329.0,55.2,143,0,0,0,0,0,0
2,300.8,311.2,1899.5,17.0,95,0,0,0,0,0,0
0,298.4,309.2,1345.0,52.7,196,0,0,0,0,0,0
0,297.9,307.8,1459.0,46.9,85,0,0,0,0,0,0
0,300.5,309.8,1663.0,29.1,145,0,0,0,0,0,1
2,300.7,310.8,1346.0,52.0,193,0,0,0,0,0,0
0,299.3,308.4,1406.0,47.4,3,0,0,0,0,0,0
2,298.7,309.6,1654.0,34.3,136,0,0,0,0,0,0
0,304.1,313.6,1556.0,37.4,129,0,0,0,0,0,0
0,296.2,307.3,1475.0,37.0,44,0,0,0,0,0,0
0,297.4,308.8,1529.0,41.3,165,0,0,0,0,0,0
0,300.2,309.6,1359.0,51.5,66,0,0,0,0,0,0
0,297.6,308.4,1517.0,34.2,66,0,0,0,0,0,0
0,297.5,308.5,1722.0,30.4,178,0,0,0,0,0,0
0,303.5,311.5,1535.0,33.3,120,0,0,0,0,0,0
0,295.5,306.0,1546.0,35.9,169,0,0,0,0,0,0
0,298.7,308.5,1469.0,39.9,67,0,0,0,0,0,0
0,301.6,310.9,1385.0,50.7,195,0,0,0,0,0,0
0,300.6,309.9,1428.0,48.8,109,0,0,0,0,0,0
0,300.5,309.8,1379.0,54.2,207,0,0,0,0,0,1
2,297.4,308.8,1324.0,53.5,169,0,0,0,0,0,0
0,300.6,310.7,1750.0,30.6,171,0,0,0,0,0,0
1,295.5,306.0,1326.0,50.8,18,0,0,0,0,0,0
0,299.6,309.2,1540.0,36.7,221,0,0,0,0,0,0
0,300.9,310.7,1479.0,43.3,201,0,0,0,0,0,0
2,300.3,309.7,1452.0,41.5,139,0,0,0,0,0,0
0,300.9,310.9,1370.0,52.5,107,0,0,0,0,0,0
2,302.9,312.5,1357.0,55.0,12,0,0,0,0,0,0
2,298.8,308.9,1466.0,44.1,184,0,0,0,0,0,0
1,301.8,311.1,1663.0,31.6,199,0,0,0,0,0,0
1,301.3,310.6,1499.0,36.1,163,0,0,0,0,0,0
0,301.4,310.1,1899.5,21.8,205,0,0,0,0,0,0
0,299.1,310.2,1598.0,33.4,20,0,0,0,0,0,0
0,301.9,311.2,1369.0,49.8,66,0,0,0,0,0,0
0,301.2,312.3,1528.0,38.4,85,0,0,0,0,0,0
0,298.3,308.8,1767.0,27.3,168,0,0,0,0,0,0
0,298.0,308.2,1489.0,40.4,11,0,0,0,0,0,0
0,302.3,311.4,1333.0,66.7,205,0,0,0,0,0,1
1,300.5,312.0,1867.0,23.0,103,0,0,0,0,0,0
1,298.5,308.3,1381.0,50.5,22,0,0,0,0,0,0
0,297.4,308.3,1347.0,45.8,43,0,0,0,0,0,0
1,299.3,310.5,1404.0,47.5,12,0,0,0,0,0,0
0,299.2,309.0,1408.0,47.2,0,0,0,0,0,0,0
1,301.5,311.0,1504.0,42.6,109,0,0,0,0,0,0
0,300.2,309.5,1436.0,48.8,135,0,0,0,0,0,0
1,298.4,309.4,1666.0,24.3,68,0,0,0,0,0,0
2,301.6,310.4,1330.0,49.5,30,0,0,0,0,0,0
1,301.2,310.7,1615.0,34.9,95,0,0,0,0,0,0
0,298.2,309.0,1418.0,44.2,87,0,0,0,0,0,0
0,300.9,310.7,1658.0,28.5,18,0,0,0,0,0,0
0,300.8,310.6,1360.0,48.8,91,0,0,0,0,0,0
1,302.3,311.4,1484.0,39.5,22,0,0,0,0,0,0
0,301.7,310.6,1303.0,59.7,42,0,0,0,0,0,0
0,302.2,310.8,1899.5,16.6,47,0,0,0,0,0,0
0,298.2,309.0,1651.0,31.5,197,0,0,0,0,0,0
0,303.0,311.3,1793.0,29.3,157,0,0,0,0,0,0
2,297.1,308.4,1359.0,46.6,176,0,0,0,0,0,0
0,298.3,308.6,1584.0,29.3,162,0,0,0,0,0,0
0,298.0,308.5,1429.0,37.7,220,0,0,0,0,0,1
0,300.1,309.2,1326.0,55.9,55,0,0,0,0,0,0
1,300.1,309.6,1584.0,36.7,165,0,0,0,0,0,0
2,298.8,310.2,1663.0,30.4,209,0,0,0,0,0,0
1,298.8,308.6,1598.0,35.1,52,0,0,0,0,0,0
1,298.5,309.5,1501.0,40.2,114,0,0,0,0,0,0
1,297.3,308.4,1449.0,44.4,34,0,0,0,0,0,0
0,298.6,309.4,1698.0,33.2,147,0,0,0,0,0,0
0,298.0,307.8,1386.0,57.3,147,0,0,0,0,0,0
0,297.2,308.4,1833.0,25.2,117,0,0,0,0,0,0
0,300.8,311.7,1479.0,39.4,18,0,0,0,0,0,0
0,299.1,308.2,1348.0,56.1,110,0,0,0,0,0,0
0,300.2,309.5,1539.0,35.3,80,0,0,0,0,0,0
0,298.3,308.4,1408.0,43.1,177,0,0,0,0,0,0
1,299.0,309.7,1489.0,40.7,212,0,0,0,0,0,0
0,301.5,310.6,1381.0,50.7,206,0,0,0,0,0,0
1,301.7,310.7,1442.0,41.1,89,0,0,0,0,0,0
0,300.0,309.5,1869.0,22.7,49,0,0,0,0,0,0
0,301.5,310.8,1417.0,49.7,5,0,0,0,0,0,0
0,301.4,311.0,1634.0,32.6,155,0,0,0,0,0,0
0,299.4,309.1,1899.5,22.1,55,0,0,0,0,0,0
1,302.2,310.8,1422.0,47.0,3,0,0,0,0,0,0
0,300.3,311.8,1360.0,48.0,119,0,0,0,0,0,0
0,300.2,311.6,1540.0,37.7,71,0,0,0,0,0,0
1,300.7,310.6,1407.0,42.4,218,0,0,0,0,0,0
1,300.8,310.9,1514.0,38.7,66,0,0,0,0,0,0
0,301.5,310.7,1424.0,51.1,22,0,0,0,0,0,0
1,299.6,309.4,1642.0,30.3,80,0,0,0,0,0,0
0,297.6,308.7,1460.0,46.7,150,0,0,0,0,0,0
0,301.4,310.9,1414.0,38.8,162,0,0,0,0,0,0
0,301.3,310.8,1428.0,55.2,88,0,0,0,0,0,0
0,301.3,310.4,1414.0,51.4,199,0,0,0,0,0,0
2,301.8,310.5,1478.0,38.6,141,0,0,0,0,0,0
0,303.0,312.7,1361.0,48.8,120,0,0,0,0,0,0
1,297.6,308.6,1509.0,39.7,166,0,0,0,0,0,0
1,300.3,311.2,1783.0,25.6,139,0,0,0,0,0,0
0,298.1,307.7,1650.0,34.1,138,0,0,0,0,0,0
0,297.2,308.0,1474.0,43.7,162,0,0,0,0,0,0
1,302.6,312.0,1363.0,45.7,91,0,0,0,0,0,0
0,300.2,310.1,1392.0,47.9,201,0,0,0,0,0,0
0,299.5,309.4,1563.0,41.5,183,0,0,0,0,0,0
1,300.1,311.4,1524.0,40.6,98,0,0,0,0,0,0
0,301.1,310.7,1436.0,45.3,8,0,0,0,0,0,0
0,301.1,312.3,1464.0,35.3,65,0,0,0,0,0,0
1,297.6,308.6,1444.0,48.2,46,0,0,0,0,0,0
0,300.3,309.2,1587.0,31.4,43,0,0,0,0,0,0
0,298.8,308.6,1431.0,45.7,97,0,0,0,0,0,0
0,301.4,311.3,1674.0,33.3,46,0,0,0,0,0,0
0,297.7,309.6,1480.0,47.9,18,0,0,0,0,0,0
0,301.5,310.5,1535.0,39.0,204,0,0,0,0,0,0
0,300.7,311.8,1603.0,34.1,17,0,0,0,0,0,0
0,301.1,310.5,1324.0,52.4,171,0,0,0,0,0,0
2,298.1,307.6,1542.0,37.1,84,0,0,0,0,0,0
0,299.5,310.7,1438.0,45.7,106,0,0,0,0,0,0
2,299.2,308.8,1440.0,39.1,188,0,0,0,0,0,0
2,301.1,311.6,1417.0,53.4,0,0,0,0,0,0,0
0,297.6,308.5,1452.0,42.6,116,0,0,0,0,0,0
0,298.8,309.1,1378.0,54.4,165,0,0,0,0,0,0
0,297.1,307.9,1492.0,39.4,171,0,0,0,0,0,0
1,299.4,309.1,1417.0,47.3,59,0,0,0,0,0,0
0,299.0,309.0,1544.0,31.8,25,0,0,0,0,0,0
0,299.2,308.4,1667.0,29.0,199,0,0,0,0,0,0
0,298.3,309.0,1408.0,45.4,98,0,0,0,0,0,0
0,299.9,309.2,1333.0,50.8,61,0,0,0,0,0,0
0,300.1,309.4,1568.0,39.7,42,0,0,0,0,0,0
0,298.4,309.0,1474.0,52.7,95,0,0,0,0,0,0
1,298.0,309.2,1438.0,42.9,101,0,0,0,0,0,0
0,304.1,313.4,1399.0,43.7,111,0,0,0,0,0,0
0,298.0,309.1,1822.0,23.5,122,0,0,0,0,0,0
0,301.8,310.6,1650.0,31.9,126,0,0,0,0,0,0
2,297.1,308.2,1790.0,30.3,128,0,0,0,0,0,0
0,299.8,309.1,1578.0,42.1,191,0,0,0,0,0,0
0,300.0,311.4,1590.0,33.6,5,0,0,0,0,0,0
0,300.5,310.6,1368.0,49.6,10,0,0,0,0,0,0
1,298.3,308.9,1646.0,25.4,46,0,0,0,0,0,0
1,302.3,311.4,1418.0,41.3,62,0,0,0,0,0,0
0,297.9,307.8,1538.0,38.5,123,0,0,0,0,0,0
0,298.2,308.7,1899.5,20.5,36,0,0,0,0,0,0
1,297.2,308.1,1554.0,41.3,147,0,0,0,0,0,0
0,297.4,308.4,1603.0,34.6,65,0,0,0,0,0,0
0,296.8,308.3,1506.0,45.9,182,0,0,0,0,0,0
0,298.2,308.3,1475.0,49.9,47,0,0,0,0,0,0
0,298.0,308.7,1629.0,34.3,191,0,0,0,0,0,0
2,299.6,309.1,1630.0,32.3,194,0,0,0,0,0,0
1,295.7,306.3,1462.0,44.3,37,0,0,0,0,0,0
2,299.8,310.2,1537.0,36.6,191,0,0,0,0,0,0
0,301.0,310.9,1809.0,25.7,192,0,0,0,0,0,0
0,300.5,310.0,1413.0,44.5,152,0,0,0,0,0,0
1,302.1,311.0,1351.0,60.3,207,0,0,0,0,0,1
1,298.7,310.1,1368.0,56.8,72,0,0,0,0,0,0
1,300.7,309.8,1490.0,38.8,173,0,0,0,0,0,0
0,300.7,311.7,1460.0,46.1,15,0,0,0,0,0,0
2,297.7,307.3,1514.0,38.6,19,0,0,0,0,0,0
0,303.3,311.2,1763.0,27.3,27,0,0,0,0,0,0
0,300.6,310.2,1555.0,41.9,19,0,0,0,0,0,0
0,297.8,308.9,1282.0,58.1,108,0,0,0,0,0,0
0,296.7,307.8,1505.0,39.4,236,0,0,0,0,0,0
0,301.6,310.9,1532.0,43.6,15,0,0,0,0,0,0
0,302.6,311.0,1284.0,67.19999999999999,114,0,0,0,0,0,1
1,296.3,307.2,1319.0,67.19999999999999,24,0,0,0,0,0,1
0,298.5,308.0,1384.0,59.5,27,0,0,0,0,0,0
1,303.0,312.3,1674.0,29.5,109,0,0,0,0,0,0
1,302.6,310.5,1899.5,20.2,40,0,0,0,0,0,0
0,302.5,312.0,1383.0,51.3,190,0,0,0,0,0,0
1,301.7,310.8,1671.0,31.6,137,0,0,0,0,0,0
0,297.8,307.8,1412.0,48.3,27,0,0,0,0,0,0
0,302.4,311.1,1448.0,44.8,195,0,0,0,0,0,0
1,297.2,308.5,1425.0,45.8,109,0,0,0,0,0,0
0,296.9,308.3,1555.0,38.2,175,0,0,0,0,0,0
0,297.3,308.5,1545.0,34.3,74,0,0,0,0,0,0
1,297.9,308.9,1547.0,44.0,72,0,0,0,0,0,0
1,297.9,308.8,1469.0,49.0,51,0,0,0,0,0,0
0,300.4,309.2,1752.0,29.0,52,0,0,0,0,0,0
0,300.3,311.6,1515.0,44.9,69,0,0,0,0,0,0
1,301.2,310.7,1394.0,42.8,168,0,0,0,0,0,0
1,303.0,312.3,1483.0,38.8,114,0,0,0,0,0,0
1,302.4,310.9,1469.0,41.6,124,0,0,0,0,0,0
0,298.8,309.1,1439.0,39.2,104,0,0,0,0,0,0
1,301.5,310.6,1573.0,37.4,37,0,0,0,0,0,0
1,297.2,307.9,1687.0,30.4,82,0,0,0,0,0,0
0,299.1,308.2,1493.0,34.9,119,0,0,0,0,0,0
1,297.7,309.7,1680.0,30.2,168,0,0,0,0,0,0
0,298.9,310.2,1696.0,30.2,214,0,0,0,0,0,0
0,299.3,309.1,1795.0,24.7,187,0,0,0,0,0,0
0,301.4,310.4,1543.0,40.9,190,0,0,0,0,0,0
1,295.7,306.2,1423.0,42.5,121,0,0,0,0,0,0
0,300.3,311.4,1526.0,38.5,101,0,0,0,0,0,0
2,297.7,308.5,1720.0,29.9,210,0,0,0,0,0,0
0,303.0,311.2,1641.0,32.6,63,0,0,0,0,0,0
1,298.0,307.6,1581.0,43.4,113,0,0,0,0,0,0
0,298.7,309.0,1691.0,30.1,154,0,0,0,0,0,0
0,300.2,309.8,1418.0,49.3,16,0,0,0,0,0,0
0,299.5,309.2,1393.0,47.3,20,0,0,0,0,0,0
1,300.7,310.1,1367.0,52.6,167,0,0,0,0,0,0
0,301.1,311.1,1387.0,53.1,188,0,0,0,0,0,0
1,298.4,310.2,1725.0,32.0,80,0,0,0,0,0,0
1,301.5,310.4,1593.0,36.8,50,0,0,0,0,0,0
0,300.5,311.9,1887.0,21.7,56,0,0,0,0,0,0
0,295.7,306.5,1737.0,26.2,97,0,0,0,0,0,0
1,300.1,311.3,1650.0,33.8,38,0,0,0,0,0,0
1,302.6,311.1,1520.0,43.0,88,0,0,0,0,0,0
0,300.4,309.4,1412.0,51.6,153,0,0,0,0,0,0
1,297.7,308.2,1720.0,25.6,174,0,0,0,0,0,0
0,300.2,311.6,1671.0,28.8,149,0,0,0,0,0,0
2,302.9,311.0,1452.0,58.3,123,0,0,0,0,0,0
1,300.3,311.8,1592.0,32.1,11,0,0,0,0,0,0
0,302.3,311.8,1565.0,37.8,59,0,0,0,0,0,0
2,298.9,308.6,1623.0,31.0,180,0,0,0,0,0,0
2,301.8,310.8,1470.0,37.6,204,0,0,0,0,0,0
1,297.4,308.4,1789.0,25.0,210,0,0,0,0,0,0
1,298.1,308.3,1680.0,33.7,185,0,0,0,0,0,0
0,301.5,310.5,1899.5,15.8,191,0,0,0,0,0,0
1,298.0,307.6,1459.0,44.4,163,0,0,0,0,0,0
0,302.5,311.0,1548.0,38.4,188,0,0,0,0,0,0
1,300.7,310.8,1506.0,44.0,97,0,0,0,0,0,0
1,297.4,308.6,1528.0,29.1,163,0,0,0,0,0,0
1,303.9,313.1,1483.0,47.2,71,0,0,0,0,0,0
2,302.3,310.9,1366.0,48.4,130,0,0,0,0,0,1
2,303.8,312.5,1655.0,28.0,170,0,0,0,0,0,0
0,297.6,309.4,1491.0,40.2,231,0,0,0,0,0,0
0,297.3,308.3,1411.0,43.2,63,0,0,0,0,0,0
1,299.6,310.1,1646.0,29.6,73,0,0,0,0,0,0
1,299.8,311.3,1517.0,41.2,105,0,0,0,0,0,0
2,301.3,310.4,1538.0,38.4,65,0,0,0,0,0,0
1,299.7,310.3,1429.0,47.7,35,0,0,0,0,0,0
2,303.0,312.5,1698.0,30.0,89,0,0,0,0,0,0
0,302.3,311.6,1398.0,49.1,119,0,0,0,0,0,0
2,300.9,310.7,1403.0,40.6,207,0,0,0,0,0,0
0,303.7,312.6,1621.0,38.8,182,0,0,0,0,0,0
0,301.9,310.9,1379.0,54.8,99,0,0,0,0,0,0
0,300.6,309.4,1556.0,36.0,98,0,0,0,0,0,0
1,300.7,310.6,1349.0,54.5,19,0,0,0,0,0,0
1,303.0,311.1,1490.0,43.0,108,0,0,0,0,0,0
0,303.9,313.2,1393.0,46.5,9,0,0,0,0,0,0
0,300.0,310.1,1465.0,40.9,60,0,0,0,0,0,0
0,298.1,308.7,1683.0,29.1,161,0,0,0,0,0,0
0,298.3,308.3,1444.0,43.8,176,0,0,0,0,0,0
0,301.0,312.2,1601.0,33.0,109,0,0,0,0,0,0
0,300.9,311.0,1382.0,51.2,136,0,0,0,0,0,0
2,297.3,308.2,1653.0,31.4,9,0,0,0,0,0,0
0,299.4,310.9,1751.0,27.8,10,0,0,0,0,0,0
0,298.0,308.5,1664.0,28.3,196,0,0,0,0,0,0
2,303.4,311.9,1534.0,33.2,210,0,0,0,0,0,0
0,299.2,310.1,1534.0,37.7,10,0,0,0,0,0,0
0,297.2,307.9,1899.5,20.3,186,0,0,0,0,0,0
0,302.2,311.5,1548.0,32.4,81,0,0,0,0,0,0
1,300.1,308.9,1548.0,38.4,31,0,0,0,0,0,0
0,298.5,309.6,1421.0,53.6,122,0,0,0,0,0,0
0,299.3,308.9,1376.0,60.3,163,0,0,0,0,0,0
0,298.3,308.0,1578.0,37.8,101,0,0,0,0,0,0
2,298.8,308.6,1449.0,49.4,150,0,0,0,0,0,0
1,302.0,311.2,1625.0,30.7,189,0,0,0,0,0,0
0,301.4,310.5,1489.0,43.5,98,0,0,0,0,0,0
0,300.5,310.7,1606.0,33.5,121,0,0,0,0,0,0
1,300.0,311.4,1384.0,46.1,7,0,0,0,0,0,0
1,297.6,308.6,1390.0,53.4,175,0,0,0,0,0,0
0,300.6,309.5,1867.0,23.0,242,0,0,0,0,0,0
0,299.2,308.9,1430.0,39.1,117,0,0,0,0,0,0
0,296.8,307.9,1372.0,49.0,140,0,0,0,0,0,0
0,302.5,312.2,1574.0,38.7,30,0,0,0,0,0,0
0,299.6,310.2,1333.0,51.2,40,0,0,0,0,0,0
0,298.2,309.0,1643.0,34.1,91,0,0,0,0,0,0
0,302.6,311.6,1576.0,34.7,182,0,0,0,0,0,0
0,299.6,309.2,1425.0,45.9,133,0,0,0,0,0,0
1,300.8,311.9,1356.0,44.3,214,0,0,0,0,0,0
1,297.3,308.8,1469.0,44.1,150,0,0,0,0,0,0
1,297.4,308.3,1444.0,44.0,18,0,0,0,0,0,0
1,297.6,308.7,1408.0,51.5,4,0,0,0,0,0,0
0,302.7,310.4,1489.0,42.7,33,0,0,0,0,0,0
0,297.5,309.2,1715.0,28.0,30,0,0,0,0,0,0
1,303.0,312.6,1392.0,42.9,94,0,0,0,0,0,0
2,302.2,310.9,1522.0,35.9,61,0,0,0,0,0,0
0,298.0,308.3,1662.0,32.7,0,0,0,0,0,0,0
1,300.4,309.8,1430.0,43.4,198,0,0,0,0,0,0
2,299.2,308.5,1342.0,47.5,147,0,0,0,0,0,0
1,300.2,311.6,1415.0,55.8,82,0,0,0,0,0,0
1,300.1,311.3,1748.0,26.6,42,0,0,0,0,0,0
0,302.3,312.0,1354.0,52.2,165,0,0,0,0,0,0
0,302.2,311.5,1588.0,30.6,39,0,0,0,0,0,0
0,295.9,306.6,1412.0,41.0,109,0,0,0,0,0,0
0,301.9,310.6,1462.0,38.8,22,0,0,0,0,0,0
1,302.0,310.8,1445.0,46.3,17,0,0,0,0,0,0
1,302.5,310.2,1751.0,30.5,90,0,0,0,0,0,0
2,298.9,308.5,1415.0,54.0,6,0,0,0,0,0,0
0,298.5,308.4,1733.0,26.0,8,0,0,0,0,0,0
0,297.3,308.2,1490.0,41.0,16,0,0,0,0,0,0
0,301.4,310.7,1706.0,27.9,170,0,0,0,0,0,0
0,297.7,309.1,1562.0,36.8,172,0,0,0,0,0,0
0,304.1,313.1,1550.0,30.9,9,0,0,0,0,0,0
0,300.1,309.0,1314.0,58.2,114,0,0,0,0,0,0
0,300.1,309.4,1559.0,39.7,24,0,0,0,0,0,0
1,303.4,311.5,1560.0,36.4,114,0,0,0,0,0,0
0,302.6,311.0,1369.0,60.0,93,0,0,0,0,0,1
1,300.0,309.9,1651.0,28.1,114,0,0,0,0,0,0
0,300.5,309.8,1441.0,48.8,200,0,0,0,0,0,0
0,297.6,308.4,1460.0,40.3,195,0,0,0,0,0,0
0,300.4,311.8,1636.0,32.3,7,0,0,0,0,0,0
0,301.6,310.5,1397.0,49.4,104,0,0,0,0,0,0
0,300.0,309.4,1899.5,20.0,55,0,0,0,0,0,0
0,302.2,311.7,1488.0,44.6,178,0,0,0,0,0,0
1,300.4,311.2,1366.0,56.1,177,0,0,0,0,0,0
0,300.4,312.0,1631.0,34.9,115,0,0,0,0,0,0
2,297.5,309.4,1368.0,45.3,129,0,0,0,0,0,0
0,300.2,311.7,1603.0,30.5,176,0,0,0,0,0,0
0,296.8,307.8,1480.0,39.4,122,0,0,0,0,0,0
0,299.5,310.8,1571.0,38.2,74,0,0,0,0,0,0
1,302.2,311.5,1449.0,44.5,113,0,0,0,0,0,0
1,299.0,310.2,1657.0,32.3,64,0,0,0,0,0,0
1,301.4,311.0,1486.0,36.5,91,0,0,0,0,0,0
1,299.5,310.7,1364.0,49.5,0,0,0,0,0,0,0
0,302.9,312.4,1424.0,49.5,155,0,0,0,0,0,0
0,301.1,311.0,1378.0,51.1,190,0,0,0,0,0,0
1,300.5,309.8,1416.0,48.5,110,0,0,0,0,0,0
0,302.2,311.4,1754.0,26.9,33,0,0,0,0,0,0
0,297.8,308.3,1498.0,47.3,160,0,0,0,0,0,0
0,298.9,310.0,1633.0,31.2,76,0,0,0,0,0,0
0,297.4,308.6,1820.0,24.6,79,0,0,0,0,0,0
1,299.7,310.9,1620.0,37.2,203,0,0,0,0,0,0
1,297.5,309.2,1530.0,40.0,206,0,0,0,0,0,0
0,302.2,311.1,1394.0,53.7,140,0,0,0,0,0,0
0,301.1,310.5,1529.0,38.7,91,0,0,0,0,0,0
0,300.5,310.6,1899.5,20.3,208,0,0,0,0,0,0
0,302.3,311.8,1605.0,35.2,152,0,0,0,0,0,0
1,298.3,309.2,1783.0,28.3,130,0,0,0,0,0,0
1,299.2,310.5,1548.0,33.5,35,0,0,0,0,0,0
1,298.4,308.7,1421.0,60.7,119,0,0,0,0,0,1
0,302.4,311.0,1317.0,59.4,179,0,0,0,0,0,0
1,300.7,309.4,1589.0,35.0,52,0,0,0,0,0,0
0,301.0,310.5,1601.0,33.2,77,0,0,0,0,0,0
1,299.0,310.3,1827.0,28.0,178,0,0,0,0,0,0
0,302.4,310.2,1346.0,62.4,106,0,0,0,0,0,1
1,301.0,311.6,1301.0,55.0,9,0,0,0,0,0,0
1,297.4,308.9,1348.0,59.1,201,0,0,0,0,0,0
0,298.0,307.8,1414.0,51.7,140,0,0,0,0,0,0
0,301.3,310.4,1346.0,46.7,90,0,0,0,0,0,0
1,304.1,313.4,1518.0,42.4,105,0,0,0,0,0,0
0,300.7,310.2,1348.0,54.8,50,0,0,0,0,0,0
1,297.3,308.3,1697.0,27.4,121,0,0,0,0,0,0
0,296.8,307.6,1547.0,36.5,179,0,0,0,0,0,0
0,299.1,309.4,1439.0,44.2,82,0,0,0,0,0,0
1,301.1,310.9,1396.0,45.1,12,0,0,0,0,0,0
1,303.3,311.8,1441.0,44.9,61,0,0,0,0,0,0
2,300.2,311.0,1777.0,27.5,151,0,0,0,0,0,0
0,300.0,311.4,1383.0,49.6,101,0,0,0,0,0,0
0,299.0,310.4,1504.0,34.3,48,0,0,0,0,0,0
2,298.8,309.8,1563.0,38.8,65,0,0,0,0,0,0
0,298.3,308.9,1695.0,30.7,174,0,0,0,0,0,0
1,301.4,310.7,1617.0,34.3,101,0,0,0,0,0,0
1,302.5,312.0,1826.0,25.3,203,0,0,0,0,0,0
0,296.1,307.2,1615.0,30.8,18,0,0,0,0,0,0
1,300.6,312.0,1490.0,39.8,94,0,0,0,0,0,0
1,303.5,313.0,1492.0,46.1,89,0,0,0,0,0,0
0,301.3,311.3,1434.0,49.8,16,0,0,0,0,0,0
2,304.0,313.2,1271.0,67.19999999999999,161,0,0,0,0,0,1
2,298.0,307.5,1683.0,27.8,26,0,0,0,0,0,0
0,298.0,308.9,1607.0,37.7,49,0,0,0,0,0,0
0,299.9,310.3,1638.0,29.1,152,0,0,0,0,0,0
0,297.5,308.9,1466.0,43.0,15,0,0,0,0,0,0
0,298.6,309.8,1842.0,20.1,142,0,0,0,0,0,0
0,300.9,310.5,1570.0,40.1,79,0,0,0,0,0,0
1,300.5,311.8,1636.0,34.4,2,0,0,0,0,0,0
0,302.5,310.4,1415.0,48.2,117,0,0,0,0,0,0
0,299.0,310.2,1682.0,28.8,49,0,0,0,0,0,0
0,297.2,307.9,1337.0,58.1,184,0,0,0,0,0,0
0,302.7,310.6,1564.0,34.3,0,0,0,0,0,0,0
0,298.4,308.2,1471.0,47.0,214,0,0,0,0,0,0
2,297.2,307.9,1450.0,37.2,151,0,0,0,0,0,0
0,301.3,310.4,1440.0,41.5,197,0,0,0,0,0,0
1,299.0,308.3,1377.0,47.2,35,0,0,0,0,0,0
0,303.0,311.2,1409.0,41.9,98,0,0,0,0,0,0
0,298.8,309.1,1362.0,45.4,113,0,0,0,0,0,0
0,299.3,309.1,1399.0,52.1,27,0,0,0,0,0,0
0,301.2,310.7,1676.0,32.4,98,0,0,0,0,0,0
1,298.8,309.7,1448.0,44.8,31,0,0,0,0,0,0
0,299.5,309.9,1402.0,51.7,58,0,0,0,0,0,0
0,302.3,311.7,1611.0,38.6,143,0,0,0,0,0,0
0,297.9,309.0,1629.0,29.0,26,0,0,0,0,0,0
1,302.2,311.3,1899.5,21.9,101,0,0,0,0,0,0
1,301.5,310.7,1359.0,47.1,115,0,0,0,0,0,0
1,297.4,308.3,1774.0,28.9,166,0,0,0,0,0,0
1,299.4,310.9,1473.0,40.1,7,0,0,0,0,0,0
0,298.7,309.8,1589.0,31.8,217,0,0,0,0,0,0
2,299.7,310.3,1462.0,40.4,19,0,0,0,0,0,0
0,300.0,309.7,1326.0,61.9,80,0,0,0,0,0,0
2,298.1,309.3,1332.0,51.0,72,0,0,0,0,0,0
1,303.6,312.3,1899.5,22.3,116,0,0,0,0,0,0
1,301.3,310.7,1532.0,40.7,178,0,0,0,0,0,0
2,297.6,308.6,1480.0,39.8,19,0,0,0,0,0,0
0,298.4,309.0,1899.5,15.1,89,0,0,0,0,0,0
0,297.9,307.7,1308.0,55.2,87,0,0,0,0,0,0
0,300.3,311.3,1332.0,60.5,112,0,0,0,0,0,0
0,297.5,308.2,1610.0,33.6,115,0,0,0,0,0,0
1,298.1,308.7,1362.0,49.6,158,0,0,0,0,0,0
1,301.5,310.7,1871.0,21.3,152,0,0,0,0,0,0
1,297.4,308.6,1452.0,41.2,197,0,0,0,0,0,0
0,300.5,310.7,1488.0,39.4,159,0,0,0,0,0,0
0,297.1,308.2,1399.0,42.6,194,0,0,0,0,0,0
0,301.7,311.0,1503.0,44.8,134,0,0,0,0,0,0
2,302.7,312.1,1603.0,32.5,148,0,0,0,0,0,0
0,303.6,312.9,1381.0,57.8,27,0,0,0,0,0,0
0,300.7,311.1,1440.0,43.0,148,0,0,0,0,0,0
1,301.8,310.7,1420.0,52.0,88,0,0,0,0,0,0
0,299.4,309.1,1670.0,35.9,68,0,0,0,0,0,0
1,300.0,311.4,1864.0,23.3,2,0,0,0,0,0,0
0,303.8,312.8,1416.0,58.7,156,0,0,0,0,0,0
2,298.6,309.8,1279.0,55.9,152,0,0,0,0,0,0
0,299.3,308.7,1484.0,40.5,213,0,0,0,0,0,0
0,297.8,307.5,1388.0,40.0,159,0,0,0,0,0,0
1,299.7,311.2,1560.0,43.9,126,0,0,0,0,0,0
0,299.7,309.3,1546.0,37.2,4,0,0,0,0,0,0
0,297.9,307.7,1567.0,34.7,74,0,0,0,0,0,0
1,297.2,308.3,1794.0,27.5,38,0,0,0,0,0,0
0,297.0,307.9,1479.0,39.2,151,0,0,0,0,0,0
0,301.6,310.1,1326.0,48.2,77,0,0,0,0,0,1
1,301.1,311.1,1384.0,42.5,185,0,0,0,0,0,0
0,300.0,311.4,1487.0,41.2,22,0,0,0,0,0,0
0,301.6,310.9,1623.0,34.1,56,0,0,0,0,0,0
2,296.8,307.8,1627.0,30.5,117,0,0,0,0,0,0
0,300.1,309.0,1404.0,54.8,29,0,0,0,0,0,0
0,302.3,310.1,1653.0,29.7,34,0,0,0,0,0,0
0,297.4,308.3,1431.0,43.0,113,0,0,0,0,0,0
0,301.3,310.6,1529.0,41.8,176,0,0,0,0,0,0
0,299.2,308.5,1490.0,43.2,158,0,0,0,0,0,0
1,300.4,309.7,1488.0,42.2,133,0,0,0,0,0,0
1,297.9,308.8,1602.0,32.1,59,0,0,0,0,0,0
1,300.1,311.4,1390.0,52.1,94,0,0,0,0,0,0
2,297.6,309.0,1885.0,25.2,24,0,0,0,0,0,0
0,297.7,308.9,1742.0,26.3,24,0,0,0,0,0,0
0,297.8,307.3,1859.0,24.0,178,0,0,0,0,0,0
0,300.0,311.5,1812.0,28.3,94,0,0,0,0,0,0
1,298.4,308.2,1584.0,41.0,191,0,0,0,0,0,0
0,303.8,312.8,1646.0,35.8,143,0,0,0,0,0,0
0,300.7,311.0,1496.0,38.3,99,0,0,0,0,0,0
0,295.6,306.2,1424.0,42.5,58,0,0,0,0,0,0
0,298.8,308.7,1635.0,35.2,47,0,0,0,0,0,0
0,301.6,309.9,1397.0,43.7,102,0,0,0,0,0,0
1,298.8,308.5,1711.0,28.5,140,0,0,0,0,0,0
0,300.4,310.4,1486.0,46.3,48,0,0,0,0,0,0
0,303.2,311.5,1513.0,37.9,0,0,0,0,0,0,0
1,301.4,310.4,1553.0,44.7,173,0,0,0,0,0,0
0,301.0,310.9,1822.0,21.6,168,0,0,0,0,0,0
1,297.3,308.5,1524.0,49.3,176,0,0,0,0,0,0
0,297.4,308.5,1462.0,42.8,68,0,0,0,0,0,0
2,302.3,311.8,1804.0,25.0,43,0,0,0,0,0,0
0,299.4,309.0,1613.0,32.2,178,0,0,0,0,0,0
0,303.4,312.8,1360.0,50.8,94,0,0,0,0,0,0
0,297.2,308.5,1574.0,35.8,95,0,0,0,0,0,0
1,298.3,309.5,1560.0,36.9,131,0,0,0,0,0,0
1,302.4,311.8,1453.0,42.1,105,0,0,0,0,0,0
0,300.5,310.8,1728.0,26.3,125,0,0,0,0,0,0
0,303.3,311.3,1393.0,47.4,18,0,0,0,0,0,0
0,303.5,313.0,1465.0,41.0,56,0,0,0,0,0,0
0,300.6,310.2,1622.0,34.1,3,0,0,0,0,0,0
0,298.3,307.9,1435.0,39.9,143,0,0,0,0,0,0
0,301.9,310.5,1892.0,21.8,177,0,0,0,0,0,0
0,304.3,313.3,1775.0,24.9,39,0,0,0,0,0,0
1,301.1,310.5,1646.0,30.7,76,0,0,0,0,0,0
2,296.7,308.1,1528.0,46.3,203,0,0,0,0,0,0
1,302.3,311.7,1453.0,42.5,56,0,0,0,0,0,0
0,298.7,308.5,1375.0,46.4,48,0,0,0,0,0,0
0,302.1,311.2,1417.0,48.0,13,0,0,0,0,0,0
2,297.4,308.4,1487.0,46.2,150,0,0,0,0,0,0
0,303.6,311.9,1473.0,50.1,84,0,0,0,0,0,0
0,299.4,310.6,1418.0,53.1,10,0,0,0,0,0,0
0,303.6,312.0,1827.0,23.3,103,0,0,0,0,0,0
2,298.3,309.0,1823.0,25.9,181,0,0,0,0,0,0
0,298.1,307.8,1606.0,33.0,130,0,0,0,0,0,0
0,302.3,311.2,1386.0,53.5,59,0,0,0,0,0,0
0,302.4,310.1,1418.0,52.3,141,0,0,0,0,0,0
0,302.0,309.9,1308.0,57.6,197,0,0,0,0,0,1
0,302.2,310.8,1350.0,56.6,76,0,0,0,0,0,0
1,297.4,308.6,1643.0,31.0,89,0,0,0,0,0,0
2,298.9,310.1,1458.0,44.3,156,0,0,0,0,0,0
0,301.8,310.8,1576.0,38.6,38,0,0,0,0,0,0
0,298.8,308.6,1593.0,35.5,175,0,0,0,0,0,0
0,300.6,311.9,1463.0,38.2,41,0,0,0,0,0,0
0,299.0,310.3,1899.5,24.4,180,0,0,0,0,0,0
1,300.6,310.7,1339.0,52.9,0,0,0,0,0,0,0
0,302.2,311.0,1832.0,23.2,70,0,0,0,0,0,0
0,303.4,312.8,1376.0,53.4,98,0,0,0,0,0,0
0,300.4,311.5,1704.0,29.7,103,0,0,0,0,0,0
1,302.6,311.6,1518.0,39.0,184,0,0,0,0,0,0
1,303.4,312.7,1357.0,55.3,31,0,0,0,0,0,0
0,300.6,310.1,1297.0,50.0,130,0,0,0,0,0,0
1,297.2,308.3,1578.0,37.8,3,0,0,0,0,0,0
1,300.8,310.7,1371.0,44.7,205,0,0,0,0,0,0
1,302.2,311.1,1434.0,58.6,102,0,0,0,0,0,0
0,301.9,311.0,1289.0,54.9,128,0,0,0,0,0,0
1,301.1,310.9,1552.0,37.9,126,0,0,0,0,0,0
0,303.7,312.4,1316.0,59.3,137,0,0,0,0,0,0
1,303.5,312.7,1420.0,49.1,42,0,0,0,0,0,0
1,300.6,310.2,1233.0,52.3,23,0,0,0,0,0,0
0,300.2,310.3,1202.0,59.5,40,0,0,0,0,0,0
0,296.9,308.0,1521.0,34.5,84,0,0,0,0,0,0
0,298.0,308.0,1524.0,37.0,49,0,0,0,0,0,0
0,297.4,308.3,1723.0,28.8,33,0,0,0,0,0,0
1,302.4,311.8,1539.0,39.9,101,0,0,0,0,0,0
1,303.5,312.9,1883.0,23.3,100,0,0,0,0,0,0
0,298.9,308.9,1450.0,47.5,9,0,0,0,0,0,0
1,300.2,309.5,1434.0,51.5,189,0,0,0,0,0,0
0,299.2,308.8,1605.0,31.1,181,0,0,0,0,0,0
0,302.5,310.8,1577.0,36.9,158,0,0,0,0,0,0
0,301.9,310.4,1518.0,34.1,155,0,0,0,0,0,0
2,300.4,311.5,1662.0,29.0,137,0,0,0,0,0,0
0,304.1,313.1,1556.0,36.3,86,0,0,0,0,0,0
0,300.3,311.8,1899.5,19.6,12,0,0,0,0,0,0
0,303.7,312.4,1535.0,38.6,107,0,0,0,0,0,0
1,298.1,309.2,1460.0,45.8,80,0,0,0,0,0,0
0,301.9,311.2,1657.0,29.1,23,0,0,0,0,0,0
2,302.2,311.4,1625.0,35.4,70,0,0,0,0,0,0
0,303.9,313.2,1499.0,37.4,7,0,0,0,0,0,0
0,297.8,307.3,1438.0,44.5,3,0,0,0,0,0,0
2,301.1,312.2,1491.0,42.6,52,0,0,0,0,0,0
0,298.9,308.9,1422.0,47.6,15,0,0,0,0,0,0
0,298.8,308.7,1490.0,33.6,71,0,0,0,0,0,0
0,299.2,310.3,1463.0,38.9,160,0,0,0,0,0,0
1,298.1,307.8,1316.0,57.2,191,0,0,0,0,0,0
2,299.2,310.6,1434.0,48.4,153,0,0,0,0,0,0
1,301.6,310.7,1899.5,20.7,178,0,0,0,0,0,0
0,297.5,308.6,1260.0,53.6,137,0,0,0,0,0,0
0,299.9,309.2,1658.0,34.8,16,0,0,0,0,0,0
0,298.5,308.3,1811.0,24.7,27,0,0,0,0,0,0
1,297.5,308.1,1469.0,44.8,5,0,0,0,0,0,0
0,300.4,309.6,1523.0,38.5,124,0,0,0,0,0,0
1,301.0,311.0,1508.0,46.9,113,0,0,0,0,0,0
1,302.2,311.1,1640.0,32.8,77,0,0,0,0,0,0
1,298.4,309.3,1390.0,53.6,5,0,0,0,0,0,0
1,301.4,310.6,1464.0,37.4,74,0,0,0,0,0,0
2,303.5,312.0,1397.0,52.9,80,0,0,0,0,0,0
0,300.2,310.1,1440.0,51.1,41,0,0,0,0,0,0
0,298.1,307.7,1664.0,27.6,145,0,0,0,0,0,0
0,299.0,310.1,1899.5,19.3,15,0,0,0,0,0,0
0,302.3,311.0,1657.0,31.1,3,0,0,0,0,0,0
0,303.5,312.6,1496.0,39.0,21,0,0,0,0,0,0
0,299.7,309.2,1346.0,57.4,138,0,0,0,0,0,0
0,298.3,308.3,1452.0,45.5,63,0,0,0,0,0,0
1,298.2,308.4,1510.0,39.9,134,0,0,0,0,0,0
2,298.8,309.9,1466.0,44.6,66,0,0,0,0,0,0
1,300.6,310.6,1427.0,52.8,75,0,0,0,0,0,0
0,299.1,308.9,1680.0,27.2,110,0,0,0,0,0,0
0,301.3,310.3,1419.0,55.7,125,0,0,0,0,0,0
0,297.5,309.4,1809.0,24.3,110,0,0,0,0,0,0
1,301.7,310.5,1625.0,35.9,121,0,0,0,0,0,0
1,298.7,309.7,1362.0,50.5,34,0,0,0,0,0,0
2,303.5,311.6,1466.0,47.0,80,0,0,0,0,0,0
1,300.8,310.8,1549.0,35.5,79,0,0,0,0,0,0
0,297.8,308.8,1421.0,49.6,101,0,0,0,0,0,0
0,298.5,309.0,1458.0,44.8,217,0,0,0,0,0,0
1,299.1,310.2,1456.0,48.4,101,0,0,0,0,0,0
0,300.4,311.8,1689.0,30.8,196,0,0,0,0,0,0
0,302.1,311.3,1758.0,24.4,200,0,0,0,0,0,0
2,304.0,313.0,1701.0,30.4,171,0,0,0,0,0,0
1,300.8,310.9,1678.0,28.1,63,0,0,0,0,0,0
2,301.0,310.6,1366.0,50.6,106,0,0,0,0,0,0
0,299.4,309.3,1596.0,31.8,40,0,0,0,0,0,0
0,300.7,312.1,1498.0,44.0,155,0,0,0,0,0,0
1,300.8,312.0,1450.0,45.0,183,0,0,0,0,0,0
0,296.7,307.8,1646.0,34.6,238,0,0,0,0,0,0
0,299.6,310.9,1229.0,65.2,209,0,0,0,0,0,1
2,298.9,310.6,1615.0,33.0,221,0,0,0,0,0,0
0,302.0,310.4,1611.0,35.6,117,0,0,0,0,0,0
0,300.9,310.8,1482.0,37.0,5,0,0,0,0,0,0
1,300.5,309.8,1473.0,42.3,121,0,0,0,0,0,0
2,298.0,308.7,1503.0,36.3,5,0,0,0,0,0,0
0,298.0,308.7,1443.0,49.3,52,0,0,0,0,0,0
0,300.2,309.8,1650.0,29.6,13,0,0,0,0,0,0
0,302.6,311.7,1773.0,27.1,30,0,0,0,0,0,0
1,297.6,307.1,1526.0,39.1,39,0,0,0,0,0,0
0,300.3,310.6,1806.0,24.4,88,0,0,0,0,0,0
1,301.9,311.5,1492.0,40.8,150,0,0,0,0,0,0
0,300.6,310.4,1401.0,42.6,114,0,0,0,0,0,0
2,299.1,310.6,1791.0,28.0,168,0,0,0,0,0,0
1,300.8,311.2,1634.0,31.9,178,0,0,0,0,0,0
1,299.2,308.8,1314.0,52.5,193,0,0,0,0,0,0
0,298.7,309.8,1530.0,35.5,0,0,0,0,0,0,0
0,297.5,308.8,1417.0,49.8,177,0,0,0,0,0,0
0,299.2,308.5,1445.0,45.2,222,0,0,0,0,0,0
0,300.4,311.1,1405.0,54.1,193,0,0,0,0,0,0
1,297.5,308.3,1521.0,38.2,74,0,0,0,0,0,0
0,302.2,311.5,1489.0,38.3,35,0,0,0,0,0,0
0,300.3,310.3,1483.0,51.6,50,0,0,0,0,0,0
1,300.2,309.4,1752.0,27.8,208,0,0,0,0,0,0
1,303.4,312.7,1576.0,49.9,28,0,0,0,0,0,0
0,300.3,311.7,1365.0,53.3,113,0,0,0,0,0,0
0,304.2,313.4,1490.0,44.0,41,0,0,0,0,0,0
0,298.9,310.3,1364.0,54.0,95,0,0,0,0,0,0
0,300.9,310.6,1598.0,35.4,186,0,0,0,0,0,0
0,298.8,308.4,1401.0,47.3,10,0,0,0,0,0,0
0,300.1,309.7,1601.0,35.8,160,0,0,0,0,0,0
1,299.3,308.4,1438.0,42.3,0,0,0,0,0,0,0
0,298.8,309.9,1486.0,40.3,126,0,0,0,0,0,0
0,301.5,310.7,1466.0,47.3,77,0,0,0,0,0,0
0,302.5,311.9,1265.0,59.8,119,0,0,0,0,0,0
1,301.8,310.7,1465.0,35.8,82,0,0,0,0,0,0
0,300.9,310.7,1412.0,57.5,16,0,0,0,0,0,0
0,300.3,310.4,1493.0,37.5,219,0,0,0,0,0,0
0,300.7,311.1,1899.5,13.4,170,0,0,0,0,0,1
1,297.0,308.2,1702.0,30.7,124,0,0,0,0,0,0
1,301.8,311.5,1416.0,49.0,136,0,0,0,0,0,0
0,303.0,311.1,1525.0,40.7,179,0,0,0,0,0,0
0,303.1,311.3,1336.0,52.6,172,0,0,0,0,0,1
0,297.9,307.6,1504.0,42.4,180,0,0,0,0,0,0
1,303.0,312.7,1426.0,46.8,99,0,0,0,0,0,0
0,297.1,308.0,1467.0,42.8,169,0,0,0,0,0,0
0,302.1,311.2,1447.0,50.3,11,0,0,0,0,0,0
0,300.8,311.7,1397.0,43.5,227,0,0,0,0,0,0
1,300.6,309.6,1365.0,50.0,70,0,0,0,0,0,0
2,298.1,307.7,1376.0,56.2,113,0,0,0,0,0,0
1,298.2,309.1,1411.0,45.8,157,0,0,0,0,0,0
1,301.1,311.2,1591.0,35.0,208,0,0,0,0,0,0
1,301.4,310.7,1470.0,46.5,101,0,0,0,0,0,0
0,299.5,310.8,1356.0,54.9,72,0,0,0,0,0,0
0,302.6,310.2,1899.5,21.5,18,0,0,0,0,0,0
1,300.1,309.7,1348.0,57.3,48,0,0,0,0,0,0
0,298.6,310.0,1517.0,39.0,4,0,0,0,0,0,0
0,299.8,309.4,1480.0,40.9,2,0,0,0,0,0,0
0,301.0,310.6,1641.0,33.4,12,0,0,0,0,0,0
1,299.1,308.5,1587.0,35.6,2,0,0,0,0,0,0
1,303.3,311.5,1569.0,36.6,47,0,0,0,0,0,0
0,302.2,310.6,1386.0,50.0,132,0,0,0,0,0,0
1,300.3,309.9,1611.0,29.0,177,0,0,0,0,0,0
1,302.6,311.0,1589.0,39.0,122,0,0,0,0,0,0
1,298.7,309.6,1455.0,46.8,162,0,0,0,0,0,0
0,300.7,310.3,1592.0,36.0,14,0,0,0,0,0,0
2,300.6,309.8,1899.5,22.5,157,0,0,0,0,0,0
1,298.5,307.9,1640.0,33.1,146,0,0,0,0,0,0
1,297.5,308.4,1369.0,54.8,145,0,0,0,0,0,0
0,300.5,309.7,1841.0,24.6,143,0,0,0,0,0,0
0,299.8,311.1,1603.0,35.1,179,0,0,0,0,0,0
0,299.7,309.3,1420.0,44.1,60,0,0,0,0,0,0
1,299.2,308.4,1381.0,42.5,54,0,0,0,0,0,0
0,301.7,310.1,1899.5,12.800000000000011,10,0,0,0,0,0,0
0,301.6,310.1,1694.0,26.3,14,0,0,0,0,0,0
0,297.0,308.3,1399.0,59.0,135,0,0,0,0,0,0
1,297.1,308.2,1529.0,37.9,183,0,0,0,0,0,0
0,298.2,309.0,1491.0,38.3,121,0,0,0,0,0,0
2,297.6,309.0,1735.0,26.4,41,0,0,0,0,0,0
1,301.7,310.6,1492.0,42.2,85,0,0,0,0,0,0
0,302.3,311.8,1574.0,42.8,215,0,0,0,0,0,0
0,301.0,310.8,1549.0,41.4,121,0,0,0,0,0,0
2,302.0,310.5,1459.0,43.2,148,0,0,0,0,0,0
2,300.6,309.4,1463.0,49.2,235,0,0,0,0,0,0
0,299.0,310.1,1362.0,59.5,46,0,0,0,0,0,0
0,297.8,309.2,1683.0,30.9,163,0,0,0,0,0,0
2,300.6,310.0,1419.0,42.4,90,0,0,0,0,0,0
0,297.4,309.0,1568.0,33.7,175,0,0,0,0,0,0
1,298.4,308.5,1636.0,35.7,107,0,0,0,0,0,0
0,300.7,311.8,1336.0,58.4,189,0,0,0,0,0,1
0,300.3,310.2,1471.0,45.2,48,0,0,0,0,0,0
2,296.1,306.9,1541.0,32.6,33,0,0,0,0,0,0
1,300.5,311.4,1312.0,51.4,60,0,0,0,0,0,0
0,303.4,311.7,1793.0,25.8,161,0,0,0,0,0,0
0,298.3,309.9,1507.0,41.6,112,0,0,0,0,0,0
0,301.5,310.5,1636.0,28.7,106,0,0,0,0,0,0
1,301.1,311.2,1407.0,53.0,165,0,0,0,0,0,0
1,298.3,307.8,1485.0,42.0,13,0,0,0,0,0,0
1,300.3,309.5,1448.0,42.4,145,0,0,0,0,0,0
1,298.8,308.8,1441.0,40.5,63,0,0,0,0,0,0
1,299.3,309.0,1496.0,43.4,67,0,0,0,0,0,0
0,298.1,307.7,1414.0,48.7,159,0,0,0,0,0,0
0,297.7,307.7,1581.0,34.9,31,0,0,0,0,0,0
0,297.3,308.5,1456.0,54.2,179,0,0,0,0,0,0
0,297.3,308.6,1385.0,55.2,156,0,0,0,0,0,0
0,302.5,310.2,1547.0,36.9,103,0,0,0,0,0,0
0,297.3,308.1,1762.0,26.1,154,0,0,0,0,0,0
0,299.6,309.1,1574.0,39.2,83,0,0,0,0,0,0
0,301.1,312.4,1430.0,37.9,124,0,0,0,0,0,0
2,299.7,311.1,1353.0,47.1,143,0,0,0,0,0,0
0,299.1,308.4,1426.0,47.9,67,0,0,0,0,0,0
2,300.1,311.6,1589.0,37.9,37,0,0,0,0,0,0
0,302.7,310.7,1369.0,47.5,11,0,0,0,0,0,1
0,300.6,309.7,1593.0,32.4,76,0,0,0,0,0,0
0,297.4,308.5,1495.0,37.8,211,0,0,0,0,0,0
2,296.4,307.5,1556.0,38.0,62,0,0,0,0,0,0
0,298.8,309.7,1450.0,43.1,63,0,0,0,0,0,0
0,303.7,312.9,1502.0,40.5,0,0,0,0,0,0,0
0,299.9,309.0,1553.0,40.0,88,0,0,0,0,0,0
1,302.6,312.1,1445.0,42.0,181,0,0,0,0,0,0
1,302.3,311.8,1463.0,35.7,197,0,0,0,0,0,0
0,302.3,311.0,1446.0,37.6,75,0,0,0,0,0,0
0,299.3,309.0,1734.0,30.6,154,0,0,0,0,0,0
0,303.7,313.0,1457.0,44.1,40,0,0,0,0,0,0
2,300.4,311.4,1445.0,52.4,105,0,0,0,0,0,0
0,297.4,307.9,1606.0,33.4,176,0,0,0,0,0,0
0,298.1,308.7,1642.0,30.3,3,0,0,0,0,0,0
1,297.8,307.9,1802.0,25.8,43,0,0,0,0,0,0
0,301.0,309.9,1507.0,41.8,19,0,0,0,0,0,0
0,299.0,310.4,1452.0,46.2,168,0,0,0,0,0,0
0,301.2,311.2,1635.0,29.6,211,0,0,0,0,0,0
1,299.5,309.2,1495.0,41.6,17,0,0,0,0,0,0
0,298.3,308.5,1538.0,32.2,173,0,0,0,0,0,0
0,297.9,309.0,1528.0,37.5,54,0,0,0,0,0,0
1,298.7,309.6,1738.0,27.3,79,0,0,0,0,0,0
1,299.0,308.4,1535.0,47.5,163,0,0,0,0,0,0
1,300.7,310.2,1373.0,44.1,28,0,0,0,0,0,0
0,298.7,310.2,1525.0,43.7,34,0,0,0,0,0,0
0,297.9,308.5,1472.0,45.1,70,0,0,0,0,0,0
1,303.0,311.2,1387.0,41.4,100,0,0,0,0,0,0
0,297.4,308.5,1899.5,16.9,176,0,0,0,0,0,0
0,300.9,312.1,1462.0,46.0,166,0,0,0,0,0,0
0,301.9,310.4,1370.0,51.7,153,0,0,0,0,0,1
1,300.0,309.1,1463.0,45.7,11,0,0,0,0,0,0
1,299.9,310.1,1362.0,56.3,179,0,0,0,0,0,0
0,300.5,309.8,1507.0,42.5,117,0,0,0,0,0,0
0,299.6,310.2,1512.0,44.0,79,0,0,0,0,0,0
0,302.3,310.1,1487.0,46.0,184,0,0,0,0,0,0
0,300.3,309.6,1568.0,39.6,85,0,0,0,0,0,0
2,299.0,310.2,1744.0,31.5,0,0,0,0,0,0,0
0,300.8,310.6,1384.0,52.9,165,0,0,0,0,0,0
0,299.3,310.9,1669.0,32.4,5,0,0,0,0,0,0
0,299.2,310.3,1352.0,48.9,238,0,0,0,0,0,1
0,302.9,312.4,1698.0,33.8,202,0,0,0,0,0,0
0,301.7,310.5,1899.5,13.7,149,0,0,0,0,0,0
0,299.0,308.7,1892.0,22.8,96,0,0,0,0,0,0
0,297.2,308.6,1437.0,52.4,37,0,0,0,0,0,0
0,298.1,307.9,1578.0,35.6,55,0,0,0,0,0,0
0,297.2,308.6,1864.0,23.6,103,0,0,0,0,0,0
0,299.0,310.1,1463.0,37.4,56,0,0,0,0,0,0
0,300.9,310.9,1749.0,26.4,40,0,0,0,0,0,0
0,299.7,311.1,1603.0,31.4,141,0,0,0,0,0,0
0,299.2,308.5,1378.0,53.4,100,0,0,0,0,0,0
2,302.6,311.0,1438.0,51.0,106,0,0,0,0,0,0
1,300.5,309.8,1370.0,55.9,143,0,0,0,0,0,0
1,301.5,310.5,1308.0,60.5,139,0,0,0,0,0,0
0,300.8,309.7,1899.5,20.7,5,0,0,0,0,0,0
0,295.7,306.2,1397.0,52.0,101,0,0,0,0,0,0
1,298.0,307.5,1427.0,43.6,101,0,0,0,0,0,0
0,299.0,308.4,1356.0,52.6,188,0,0,0,0,0,0
0,301.2,311.1,1550.0,39.7,20,0,0,0,0,0,0
2,299.3,308.8,1397.0,45.4,191,0,0,0,0,0,0
0,299.5,310.9,1496.0,38.5,162,0,0,0,0,0,0
1,297.1,308.4,1880.0,23.5,155,0,0,0,0,0,0
2,300.1,309.3,1448.0,45.8,163,0,0,0,0,0,0
0,302.2,311.0,1555.0,34.2,185,0,0,0,0,0,0
2,301.9,311.0,1336.0,63.6,111,0,0,0,0,0,0
0,296.8,307.6,1588.0,37.6,126,0,0,0,0,0,0
2,299.0,310.0,1458.0,44.9,221,0,0,0,0,0,0
0,301.3,310.0,1344.0,54.8,186,0,0,0,0,0,0
0,303.6,312.5,1710.0,31.4,180,0,0,0,0,0,0
1,298.5,309.7,1354.0,60.8,96,0,0,0,0,0,0
0,299.9,311.0,1747.0,27.6,177,0,0,0,0,0,0
0,300.8,311.9,1414.0,41.1,171,0,0,0,0,0,0
2,299.2,310.7,1636.0,29.4,23,0,0,0,0,0,0
0,298.7,309.7,1293.0,59.1,125,0,0,0,0,0,0
1,297.4,308.2,1401.0,51.9,117,0,0,0,0,0,0
1,297.8,309.2,1295.0,61.2,12,0,0,0,0,0,0
1,299.8,309.4,1439.0,47.4,57,0,0,0,0,0,0
0,300.2,311.6,1827.0,27.0,22,0,0,0,0,0,0
0,297.8,307.8,1563.0,34.3,53,0,0,0,0,0,0
1,300.7,311.0,1334.0,53.9,150,0,0,0,0,0,0
2,298.2,308.4,1398.0,51.8,76,0,0,0,0,0,0
1,299.7,310.4,1410.0,44.5,105,0,0,0,0,0,0
2,298.3,308.1,1899.5,12.800000000000011,84,0,0,0,0,0,0
0,297.8,309.0,1403.0,64.2,0,0,0,0,0,0,1
0,299.6,310.9,1853.0,26.3,166,0,0,0,0,0,0
2,302.2,311.1,1426.0,50.6,101,0,0,0,0,0,0
0,301.7,311.3,1421.0,45.9,85,0,0,0,0,0,0
0,301.5,310.9,1580.0,32.3,11,0,0,0,0,0,0
2,299.3,308.8,1636.0,35.5,180,0,0,0,0,0,0
2,300.7,310.5,1476.0,43.1,134,0,0,0,0,0,0
0,300.6,309.6,1290.0,57.4,119,0,0,0,0,0,0
2,303.1,312.8,1435.0,41.9,115,0,0,0,0,0,0
0,298.7,309.8,1539.0,33.4,2,0,0,0,0,0,0
1,302.2,311.2,1627.0,33.2,74,0,0,0,0,0,0
0,297.1,308.4,1583.0,31.9,2,0,0,0,0,0,0
0,299.8,311.2,1369.0,46.2,146,0,0,0,0,0,0
0,301.4,310.8,1490.0,38.0,168,0,0,0,0,0,0
0,300.0,311.0,1637.0,33.6,181,0,0,0,0,0,0
0,298.9,309.9,1365.0,46.5,75,0,0,0,0,0,0
1,300.6,310.0,1397.0,55.2,90,0,0,0,0,0,0
0,301.6,310.7,1638.0,33.8,196,0,0,0,0,0,0
1,300.6,310.2,1532.0,38.7,16,0,0,0,0,0,0
0,302.7,311.0,1694.0,29.8,150,0,0,0,0,0,0
2,303.6,312.6,1436.0,42.0,110,0,0,0,0,0,0
0,300.5,311.8,1524.0,38.9,214,0,0,0,0,0,1
1,297.1,308.4,1432.0,53.4,199,0,0,0,0,0,0
2,299.9,309.5,1547.0,38.5,148,0,0,0,0,0,0
2,300.7,312.3,1670.0,27.3,81,0,0,0,0,0,0
1,300.7,309.7,1435.0,44.7,76,0,0,0,0,0,0
0,301.4,310.7,1616.0,36.5,121,0,0,0,0,0,0
0,301.9,310.3,1398.0,44.0,65,0,0,0,0,0,0
1,299.2,308.4,1538.0,38.0,98,0,0,0,0,0,0
1,303.6,312.8,1400.0,43.2,23,0,0,0,0,0,0
0,300.3,309.9,1601.0,31.7,180,0,0,0,0,0,0
0,299.8,310.8,1409.0,51.9,154,0,0,0,0,0,0
0,302.7,312.1,1597.0,39.8,153,0,0,0,0,0,0
0,301.4,311.1,1899.5,22.7,131,0,0,0,0,0,0
1,296.7,307.6,1547.0,34.7,150,0,0,0,0,0,0
1,302.6,310.2,1631.0,31.0,100,0,0,0,0,0,0
1,302.4,311.1,1480.0,45.7,200,0,0,0,0,0,0
0,299.5,310.0,1481.0,43.1,90,0,0,0,0,0,0
0,301.3,311.1,1413.0,42.0,221,0,0,0,0,0,0
0,298.8,308.7,1445.0,48.5,70,0,0,0,0,0,0
0,297.4,308.5,1643.0,33.8,132,0,0,0,0,0,0
1,297.8,308.5,1466.0,44.7,88,0,0,0,0,0,0
1,304.3,313.5,1525.0,42.0,2,0,0,0,0,0,0
1,299.9,309.3,1389.0,52.8,0,0,0,0,0,0,0
0,302.4,311.0,1610.0,33.1,161,0,0,0,0,0,0
0,296.6,307.7,1556.0,37.7,110,0,0,0,0,0,0
1,300.4,309.3,1467.0,40.3,166,0,0,0,0,0,0
0,300.3,311.4,1471.0,37.0,114,0,0,0,0,0,0
0,297.9,308.8,1681.0,31.7,94,0,0,0,0,0,0
0,302.6,312.4,1628.0,33.0,15,0,0,0,0,0,0
0,301.2,310.5,1546.0,40.0,55,0,0,0,0,0,0
1,298.7,310.1,1693.0,31.9,51,0,0,0,0,0,0
0,299.3,309.1,1496.0,37.2,149,0,0,0,0,0,0
0,301.3,310.6,1387.0,53.6,94,0,0,0,0,0,0
1,301.7,310.9,1300.0,62.7,36,0,0,0,0,0,0
0,303.6,312.9,1450.0,45.3,29,0,0,0,0,0,0
0,302.8,312.1,1441.0,52.1,79,0,0,0,0,0,0
1,297.5,308.2,1899.5,13.8,29,0,0,0,0,0,0
1,300.7,310.7,1377.0,46.7,36,0,0,0,0,0,0
0,298.4,308.0,1380.0,47.6,130,0,0,0,0,0,0
2,299.4,308.6,1542.0,41.8,166,0,0,0,0,0,0
0,297.7,309.7,1498.0,41.0,176,0,0,0,0,0,0
0,296.9,308.1,1422.0,48.7,215,0,0,0,0,0,0
0,301.2,311.0,1544.0,39.3,217,0,0,0,0,0,0
1,303.6,312.0,1435.0,37.9,98,0,0,0,0,0,0
2,300.4,311.8,1899.5,13.5,5,0,0,0,0,0,0
0,297.4,309.3,1759.0,24.8,81,0,0,0,0,0,0
1,298.3,310.1,1389.0,49.6,75,0,0,0,0,0,0
0,301.3,310.6,1458.0,48.0,104,0,0,0,0,0,0
0,302.4,311.9,1541.0,37.9,192,0,0,0,0,0,0
0,300.0,311.4,1476.0,39.0,92,0,0,0,0,0,0
2,301.7,311.0,1899.5,19.3,180,0,0,0,0,0,0
0,299.1,310.4,1505.0,46.1,176,0,0,0,0,0,0
1,296.8,307.5,1443.0,39.2,13,0,0,0,0,0,0
0,300.4,310.8,1520.0,37.6,151,0,0,0,0,0,0
1,300.5,309.3,1578.0,30.5,34,0,0,0,0,0,0
1,303.5,312.3,1543.0,33.3,71,0,0,0,0,0,0
2,299.3,310.4,1393.0,44.9,162,0,0,0,0,0,0
2,302.3,311.5,1526.0,38.2,47,0,0,0,0,0,0
0,299.7,309.2,1631.0,35.1,177,0,0,0,0,0,0
0,298.5,309.5,1579.0,38.6,126,0,0,0,0,0,0
0,301.4,310.0,1776.0,25.6,30,0,0,0,0,0,0
0,300.7,309.7,1507.0,52.4,163,0,0,0,0,0,0
0,301.9,310.9,1567.0,39.0,214,0,0,0,0,0,1
1,301.0,310.4,1517.0,46.1,145,0,0,0,0,0,0
2,297.2,308.5,1653.0,33.3,207,0,0,0,0,0,0
1,303.4,312.0,1748.0,28.4,200,0,0,0,0,0,0
0,301.1,310.1,1457.0,39.6,215,0,0,0,0,0,0
0,303.3,312.7,1262.0,63.8,100,0,0,0,0,0,0
0,300.0,309.4,1395.0,44.5,181,0,0,0,0,0,0
1,299.5,309.2,1590.0,35.9,22,0,0,0,0,0,0
1,300.5,311.8,1591.0,42.0,182,0,0,0,0,0,0
0,297.2,308.3,1796.0,23.8,61,0,0,0,0,0,0
1,301.1,311.3,1654.0,30.7,28,0,0,0,0,0,0
0,302.4,312.0,1621.0,32.5,169,0,0,0,0,0,0
0,300.4,311.6,1815.0,23.5,49,0,0,0,0,0,0
0,297.1,307.8,1454.0,50.6,94,0,0,0,0,0,0
1,300.5,309.9,1735.0,27.0,107,0,0,0,0,0,0
1,298.8,308.5,1577.0,33.2,0,0,0,0,0,0,0
0,300.0,309.6,1514.0,44.6,98,0,0,0,0,0,0
0,298.0,309.2,1458.0,39.8,87,0,0,0,0,0,0
2,298.0,309.1,1557.0,36.4,65,0,0,0,0,0,0
2,299.0,310.0,1569.0,34.3,132,0,0,0,0,0,0
0,298.2,308.1,1379.0,62.3,149,0,0,0,0,0,0
1,299.9,309.2,1353.0,49.8,182,0,0,0,0,0,0
0,303.3,311.5,1601.0,35.2,10,0,0,0,0,0,0
1,300.8,310.5,1511.0,35.8,54,0,0,0,0,0,0
0,300.9,311.1,1471.0,39.3,91,0,0,0,0,0,0
0,302.7,310.7,1433.0,43.7,13,0,0,0,0,0,0
1,302.5,312.0,1642.0,29.1,46,0,0,0,0,0,0
0,302.8,312.1,1418.0,51.4,54,0,0,0,0,0,0
2,300.1,309.3,1520.0,38.2,158,0,0,0,0,0,0
0,298.2,307.9,1313.0,67.19999999999999,67,0,0,0,0,0,1
2,300.6,310.6,1830.0,26.2,78,0,0,0,0,0,0
1,297.4,308.4,1340.0,52.6,15,0,0,0,0,0,0
0,302.5,311.5,1700.0,29.5,133,0,0,0,0,0,0
0,301.2,312.4,1378.0,59.0,95,0,0,0,0,0,0
1,303.7,313.1,1899.5,18.1,185,0,0,0,0,0,0
1,297.0,308.1,1573.0,34.9,93,0,0,0,0,0,0
2,298.3,307.9,1420.0,39.2,176,0,0,0,0,0,0
0,300.3,311.5,1667.0,28.8,56,0,0,0,0,0,0
0,303.0,311.1,1899.5,20.2,137,0,0,0,0,0,0
0,298.4,308.3,1318.0,59.1,22,0,0,0,0,0,0
0,303.4,311.7,1673.0,32.2,166,0,0,0,0,0,0
1,298.6,308.4,1778.0,28.2,161,0,0,0,0,0,0
0,298.4,308.1,1395.0,44.0,92,0,0,0,0,0,0
0,298.6,309.4,1525.0,37.8,54,0,0,0,0,0,0
1,297.0,307.9,1882.0,24.2,97,0,0,0,0,0,0
0,300.0,309.1,1791.0,28.2,108,0,0,0,0,0,0
1,302.2,311.2,1377.0,43.0,91,0,0,0,0,0,0
0,297.4,308.9,1708.0,28.8,174,0,0,0,0,0,0
0,302.6,311.0,1506.0,37.2,95,0,0,0,0,0,0
1,300.7,311.6,1348.0,62.5,36,0,0,0,0,0,0
0,298.9,308.9,1830.0,24.9,35,0,0,0,0,0,0
0,298.8,308.9,1379.0,46.7,204,0,0,0,0,0,0
0,300.5,310.0,1521.0,45.1,86,0,0,0,0,0,0
0,296.7,308.0,1580.0,32.2,39,0,0,0,0,0,0
0,298.0,308.8,1581.0,36.1,73,0,0,0,0,0,0
1,296.1,307.1,1350.0,53.3,22,0,0,0,0,0,0
2,299.6,309.1,1588.0,41.3,0,0,0,0,0,0,0
2,297.3,308.8,1419.0,42.4,139,0,0,0,0,0,0
0,298.9,309.8,1390.0,49.9,21,0,0,0,0,0,0
2,300.6,310.6,1419.0,39.6,3,0,0,0,0,0,0
0,301.8,310.5,1548.0,34.1,93,0,0,0,0,0,0
0,298.5,308.9,1781.0,27.8,113,0,0,0,0,0,0
2,300.7,310.8,1518.0,40.1,142,0,0,0,0,0,0
1,301.3,311.1,1438.0,43.0,137,0,0,0,0,0,0
0,300.8,311.1,1480.0,41.1,176,0,0,0,0,0,0
0,303.8,313.0,1365.0,59.9,205,0,0,0,0,0,1
0,298.6,309.8,1561.0,32.6,201,0,0,0,0,0,0
0,298.0,308.0,1401.0,54.7,65,0,0,0,0,0,0
0,300.4,309.6,1319.0,48.1,26,0,0,0,0,0,0
1,302.3,310.8,1721.0,28.4,215,0,0,0,0,0,0
1,301.1,310.7,1899.5,12.800000000000011,100,0,0,0,0,0,1
1,300.3,309.5,1665.0,31.4,32,0,0,0,0,0,0
0,301.6,311.1,1325.0,49.2,104,0,0,0,0,0,0
1,298.5,308.7,1615.0,33.3,41,0,0,0,0,0,0
0,303.4,311.8,1306.0,61.0,215,0,0,0,0,0,1
0,297.2,307.9,1825.0,24.6,142,0,0,0,0,0,0
1,297.0,308.1,1363.0,45.3,196,0,0,0,0,0,0
0,301.1,310.4,1312.0,67.19999999999999,49,0,0,0,0,0,1
0,298.5,309.6,1861.0,26.9,130,0,0,0,0,0,0
0,301.4,310.8,1477.0,50.4,90,0,0,0,0,0,0
1,297.6,308.4,1507.0,46.0,51,0,0,0,0,0,0
1,302.9,312.4,1421.0,46.0,206,0,0,0,0,0,0
2,297.9,307.6,1493.0,36.0,161,0,0,0,0,0,0
0,301.4,310.9,1440.0,45.4,177,0,0,0,0,0,0
0,301.0,310.9,1515.0,37.3,6,0,0,0,0,0,0
1,301.0,310.9,1899.5,17.9,178,0,0,0,0,0,0
0,300.4,311.7,1444.0,51.2,174,0,0,0,0,0,0
2,297.7,309.6,1697.0,32.2,210,0,0,0,0,0,0
0,300.7,310.9,1723.0,31.0,73,0,0,0,0,0,0
1,297.6,309.3,1415.0,41.3,17,0,0,0,0,0,0
0,300.6,310.1,1337.0,45.8,62,0,0,0,0,0,0
0,298.8,308.6,1535.0,41.2,40,0,0,0,0,0,0
0,304.2,313.4,1434.0,42.5,175,0,0,0,0,0,0
0,298.9,310.2,1304.0,57.2,183,0,0,0,0,0,0
0,301.2,311.7,1463.0,48.3,204,0,0,0,0,0,0
0,297.9,307.6,1515.0,40.5,118,0,0,0,0,0,0
0,300.8,310.8,1634.0,29.2,149,0,0,0,0,0,0
1,301.4,310.7,1459.0,37.7,40,0,0,0,0,0,0
0,298.5,309.2,1504.0,33.7,182,0,0,0,0,0,0
1,301.0,309.6,1588.0,32.7,138,0,0,0,0,0,0
0,301.6,310.8,1535.0,35.4,148,0,0,0,0,0,0
0,303.0,311.3,1899.5,16.5,148,0,0,0,0,0,0
0,300.9,310.5,1899.5,16.1,85,0,0,0,0,0,0
0,297.0,307.6,1575.0,37.4,98,0,0,0,0,0,0
0,300.7,311.9,1485.0,38.8,9,0,0,0,0,0,0
1,302.7,312.0,1652.0,31.0,81,0,0,0,0,0,0
0,300.0,309.6,1496.0,38.8,27,0,0,0,0,0,0
0,298.0,307.6,1509.0,41.6,33,0,0,0,0,0,0
1,298.6,308.4,1391.0,42.4,169,0,0,0,0,0,0
0,301.2,309.9,1515.0,40.9,21,0,0,0,0,0,0
2,297.3,308.6,1499.0,37.6,147,0,0,0,0,0,0
1,300.3,311.7,1723.0,28.3,193,0,0,0,0,0,0
1,301.7,310.6,1417.0,45.2,185,0,0,0,0,0,0
0,301.7,310.7,1605.0,33.3,220,0,0,0,0,0,0
0,298.9,310.2,1533.0,42.8,138,0,0,0,0,0,0
0,298.5,309.4,1364.0,44.5,162,0,0,0,0,0,0
0,300.4,311.6,1200.0,67.19999999999999,3,0,0,0,0,0,1
1,297.0,307.9,1493.0,34.7,57,0,0,0,0,0,0
0,300.4,311.4,1728.0,31.7,133,0,0,0,0,0,0
0,301.5,310.6,1405.0,42.3,83,0,0,0,0,0,0
1,300.9,310.8,1790.0,26.2,191,0,0,0,0,0,0
0,302.3,311.0,1609.0,31.0,190,0,0,0,0,0,0
0,299.5,309.2,1499.0,41.5,175,0,0,0,0,0,0
0,300.8,310.7,1586.0,33.4,142,0,0,0,0,0,0
0,297.6,308.7,1552.0,42.3,27,0,0,0,0,0,0
0,298.6,310.1,1533.0,33.9,24,0,0,0,0,0,0
1,300.6,309.4,1312.0,45.2,73,0,0,0,0,0,0
1,302.5,310.3,1488.0,41.8,160,0,0,0,0,0,0
0,300.2,309.8,1526.0,45.6,175,0,0,0,0,0,0
0,300.7,309.5,1692.0,30.3,64,0,0,0,0,0,0
0,301.1,310.1,1540.0,36.6,28,0,0,0,0,0,0
0,302.2,311.1,1418.0,47.0,61,0,0,0,0,0,0
0,302.0,311.1,1373.0,55.7,157,0,0,0,0,0,0
1,303.7,312.9,1532.0,41.3,32,0,0,0,0,0,0
0,303.4,311.8,1401.0,53.0,208,0,0,0,0,0,1
1,299.0,308.7,1620.0,35.4,199,0,0,0,0,0,0
1,300.3,309.2,1364.0,47.6,45,0,0,0,0,0,0
1,298.3,307.7,1439.0,43.8,111,0,0,0,0,0,0
2,302.0,310.6,1346.0,54.7,196,0,0,0,0,0,0
0,301.8,310.9,1899.0,24.7,31,0,0,0,0,0,0
0,299.3,309.0,1422.0,47.3,25,0,0,0,0,0,0
0,300.8,310.6,1551.0,34.5,153,0,0,0,0,0,0
0,299.7,311.1,1690.0,30.6,148,0,0,0,0,0,0
0,301.0,312.2,1776.0,28.8,138,0,0,0,0,0,0
1,301.3,310.8,1372.0,54.2,49,0,0,0,0,0,0
0,298.6,309.4,1447.0,40.2,173,0,0,0,0,0,0
0,300.7,309.5,1467.0,44.3,55,0,0,0,0,0,0
0,301.6,310.6,1391.0,49.4,164,0,0,0,0,0,0
1,303.9,313.4,1464.0,49.1,171,0,0,0,0,0,0
1,298.7,310.1,1506.0,50.7,53,0,0,0,0,0,0
2,295.9,306.5,1594.0,33.2,55,0,0,0,0,0,0
2,297.4,308.7,1429.0,37.6,118,0,0,0,0,0,0
1,299.0,310.3,1582.0,33.3,177,0,0,0,0,0,0
0,301.6,310.9,1643.0,34.1,44,0,0,0,0,0,0
1,298.7,309.9,1899.5,18.2,205,0,0,0,0,0,0
0,301.4,310.6,1381.0,46.1,70,0,0,0,0,0,0
2,300.0,309.0,1622.0,31.8,103,0,0,0,0,0,0
2,297.5,308.7,1416.0,39.2,74,0,0,0,0,0,0
0,299.1,308.5,1539.0,46.8,190,0,0,0,0,0,0
0,302.3,311.2,1899.5,22.9,55,0,0,0,0,0,0
0,297.6,308.7,1622.0,37.9,79,0,0,0,0,0,0
0,298.8,309.7,1529.0,44.0,136,0,0,0,0,0,0
0,298.0,308.4,1472.0,42.0,15,0,0,0,0,0,0
1,300.3,311.6,1304.0,62.8,118,0,0,0,0,0,0
1,303.4,311.6,1446.0,50.0,163,0,0,0,0,0,0
0,302.4,311.2,1450.0,47.9,154,0,0,0,0,0,0
0,297.5,308.4,1511.0,42.8,209,0,0,0,0,0,0
0,297.4,308.5,1399.0,61.5,61,0,0,0,0,0,1
0,301.0,310.8,1558.0,34.9,196,0,0,0,0,0,0
0,298.6,309.6,1353.0,62.5,9,0,0,0,0,0,0
1,303.5,312.8,1375.0,45.7,89,0,0,0,0,0,0
0,297.5,308.7,1429.0,44.3,201,0,0,0,0,0,0
0,298.3,308.5,1575.0,41.2,105,0,0,0,0,0,0
1,296.1,307.1,1485.0,36.0,169,0,0,0,0,0,0
1,298.1,308.8,1434.0,41.8,93,0,0,0,0,0,0
0,298.0,308.2,1442.0,44.1,204,0,0,0,0,0,0
0,300.5,311.0,1899.5,18.9,9,0,0,0,0,0,0
0,298.9,309.6,1583.0,39.8,202,0,0,0,0,0,0
0,298.8,309.5,1645.0,32.8,157,0,0,0,0,0,0
2,301.2,310.5,1505.0,43.6,78,0,0,0,0,0,0
2,299.8,309.7,1368.0,47.4,148,0,0,0,0,0,0
1,299.1,310.2,1711.0,28.1,17,0,0,0,0,0,0
1,298.9,309.9,1501.0,37.1,70,0,0,0,0,0,0
0,297.8,308.4,1685.0,28.4,179,0,0,0,0,0,0
0,298.4,308.1,1367.0,57.8,92,0,0,0,0,0,0
1,299.8,311.1,1452.0,44.3,167,0,0,0,0,0,0
0,304.0,313.3,1294.0,54.6,102,0,0,0,0,0,0
0,298.3,309.1,1472.0,40.1,31,0,0,0,0,0,0
0,297.5,308.4,1489.0,39.5,96,0,0,0,0,0,0
1,301.1,310.6,1310.0,48.8,103,0,0,0,0,0,0
0,301.0,312.1,1377.0,49.9,48,0,0,0,0,0,0
0,299.5,310.0,1412.0,48.9,56,0,0,0,0,0,0
1,297.1,308.4,1583.0,38.2,150,0,0,0,0,0,0
0,301.0,312.0,1447.0,36.8,31,0,0,0,0,0,0
0,301.9,310.8,1540.0,37.6,83,0,0,0,0,0,0
0,298.0,308.2,1365.0,52.9,218,0,0,0,0,0,1
0,298.2,308.1,1532.0,42.5,154,0,0,0,0,0,0
1,300.1,309.6,1376.0,52.1,147,0,0,0,0,0,0
0,299.1,308.8,1329.0,53.6,207,0,0,0,0,0,1
1,299.0,309.0,1575.0,35.3,47,0,0,0,0,0,0
0,301.5,310.6,1579.0,28.0,220,0,0,0,0,0,0
0,300.7,310.8,1534.0,41.3,69,0,0,0,0,0,0
0,296.3,307.2,1646.0,35.0,192,0,0,0,0,0,0
0,301.5,310.9,1451.0,40.6,0,0,0,0,0,0,0
0,299.0,310.3,1584.0,34.4,83,0,0,0,0,0,0
0,298.3,307.9,1507.0,41.2,149,0,0,0,0,0,0
2,303.3,311.3,1502.0,39.5,38,0,0,0,0,0,0
0,299.6,311.0,1708.0,31.0,122,0,0,0,0,0,0
0,299.5,309.3,1477.0,40.4,138,0,0,0,0,0,0
0,300.2,310.3,1445.0,50.9,34,0,0,0,0,0,0
0,301.9,310.9,1616.0,34.5,46,0,0,0,0,0,0
0,297.4,308.1,1749.0,25.9,8,0,0,0,0,0,0
0,297.7,308.4,1510.0,38.6,72,0,0,0,0,0,0
1,300.7,309.6,1421.0,49.8,165,0,0,0,0,0,0
0,297.7,309.7,1591.0,37.7,196,0,0,0,0,0,0
0,297.5,308.6,1621.0,28.9,0,0,0,0,0,0,0
1,297.4,308.7,1425.0,50.3,152,0,0,0,0,0,0
0,298.9,310.1,1473.0,42.6,164,0,0,0,0,0,0
0,301.4,310.7,1675.0,30.7,92,0,0,0,0,0,0
0,302.5,311.9,1520.0,44.9,94,0,0,0,0,0,0
0,300.8,310.6,1666.0,36.2,144,0,0,0,0,0,0
1,299.5,310.8,1507.0,40.2,156,0,0,0,0,0,0
0,300.7,311.8,1478.0,41.9,207,0,0,0,0,0,0
1,299.0,308.7,1500.0,40.2,30,0,0,0,0,0,0
2,297.6,308.2,1899.5,18.5,144,0,0,0,0,0,0
0,301.7,311.0,1700.0,28.7,19,0,0,0,0,0,0
0,298.2,307.9,1551.0,34.1,190,0,0,0,0,0,0
0,303.3,311.8,1315.0,62.0,42,0,0,0,0,0,1
1,301.1,311.0,1413.0,46.6,30,0,0,0,0,0,0
0,301.2,310.9,1597.0,37.9,164,0,0,0,0,0,0
2,300.9,310.7,1656.0,30.7,200,0,0,0,0,0,0
0,297.4,309.4,1620.0,35.4,51,0,0,0,0,0,0
0,300.0,310.0,1486.0,41.8,69,0,0,0,0,0,0
1,298.9,310.0,1487.0,36.6,129,0,0,0,0,0,0
1,303.7,312.4,1642.0,32.3,206,0,0,0,0,0,0
2,298.8,309.8,1437.0,48.2,164,0,0,0,0,0,0
0,300.5,311.0,1759.0,28.3,13,0,0,0,0,0,0
0,301.2,310.9,1416.0,53.3,66,0,0,0,0,0,0
0,300.3,309.2,1462.0,51.4,48,0,0,0,0,0,0
0,297.3,308.6,1586.0,37.7,155,0,0,0,0,0,0
0,298.5,310.0,1492.0,41.2,19,0,0,0,0,0,0
0,299.1,309.0,1450.0,43.0,40,0,0,0,0,0,0
1,302.2,311.2,1471.0,41.9,166,0,0,0,0,0,0
1,301.4,310.7,1375.0,42.0,168,0,0,0,0,0,0
1,298.3,308.9,1363.0,46.1,5,0,0,0,0,0,0
0,298.6,309.2,1899.5,19.6,40,0,0,0,0,0,0
0,302.6,311.9,1397.0,46.9,82,0,0,0,0,0,0
2,297.7,309.7,1440.0,51.1,191,0,0,0,0,0,0
0,298.0,308.3,1544.0,34.7,213,0,0,0,0,0,0
1,298.2,307.9,1529.0,36.6,105,0,0,0,0,0,0
0,302.7,312.2,1369.0,51.8,174,0,0,0,0,0,0
2,301.1,311.0,1339.0,52.8,194,0,0,0,0,0,0
1,301.9,309.7,1533.0,35.9,204,0,0,0,0,0,0
0,303.6,312.4,1418.0,46.0,128,0,0,0,0,0,0
0,302.8,312.5,1462.0,43.4,68,0,0,0,0,0,0
0,303.8,312.9,1819.0,23.7,16,0,0,0,0,0,0
0,302.0,310.8,1899.5,23.4,188,0,0,0,0,0,0
1,298.8,309.6,1693.0,33.3,170,0,0,0,0,0,0
1,300.8,312.6,1588.0,35.6,114,0,0,0,0,0,0
0,298.4,308.7,1588.0,35.0,99,0,0,0,0,0,0
0,299.3,309.1,1493.0,38.0,151,0,0,0,0,0,0
0,300.7,311.2,1457.0,51.4,61,0,0,0,0,0,0
1,298.4,309.2,1414.0,46.4,128,0,0,0,0,0,0
1,299.4,308.7,1289.0,60.5,104,0,0,0,0,0,0
1,298.6,309.5,1568.0,36.7,182,0,0,0,0,0,0
0,302.1,310.6,1459.0,47.6,93,0,0,0,0,0,0
0,299.9,309.2,1761.0,25.6,115,0,0,0,0,0,0
0,299.3,310.4,1629.0,32.6,177,0,0,0,0,0,0
0,298.6,309.6,1611.0,35.7,23,0,0,0,0,0,0
1,297.5,308.7,1546.0,38.0,123,0,0,0,0,0,0
1,301.7,309.9,1533.0,40.9,106,0,0,0,0,0,0
1,300.8,311.9,1761.0,29.0,113,0,0,0,0,0,0
2,299.0,310.2,1637.0,38.0,68,0,0,0,0,0,0
0,301.5,310.1,1541.0,42.2,52,0,0,0,0,0,0
0,300.4,309.9,1567.0,36.5,72,0,0,0,0,0,0
1,297.2,308.7,1398.0,38.1,88,0,0,0,0,0,0
1,301.6,310.8,1343.0,49.5,140,0,0,0,0,0,0
2,302.7,311.5,1556.0,35.0,164,0,0,0,0,0,0
0,303.5,312.1,1326.0,55.7,114,0,0,0,0,0,0
1,300.6,309.7,1428.0,42.6,23,0,0,0,0,0,0
0,300.4,309.6,1379.0,54.5,122,0,0,0,0,0,0
0,298.0,308.8,1610.0,33.7,212,0,0,0,0,0,0
0,300.3,311.7,1682.0,27.8,178,0,0,0,0,0,0
0,301.6,310.7,1494.0,39.5,24,0,0,0,0,0,0
0,299.5,310.0,1349.0,52.7,92,0,0,0,0,0,0
1,300.3,309.6,1509.0,46.6,95,0,0,0,0,0,0
1,299.6,309.4,1283.0,62.1,83,0,0,0,0,0,0
0,298.9,310.2,1705.0,32.5,63,0,0,0,0,0,0
0,301.4,310.4,1639.0,28.9,94,0,0,0,0,0,0
0,302.6,312.0,1674.0,32.2,70,0,0,0,0,0,0
1,300.5,312.0,1382.0,54.1,27,0,0,0,0,0,0
1,300.8,311.0,1580.0,36.6,109,0,0,0,0,0,0
0,296.8,307.8,1573.0,36.4,126,0,0,0,0,0,0
0,298.2,308.3,1899.5,16.8,139,0,0,0,0,0,0
0,297.0,307.6,1513.0,42.4,124,0,0,0,0,0,0
0,302.3,311.7,1544.0,43.2,128,0,0,0,0,0,0
0,298.3,310.0,1507.0,44.7,73,0,0,0,0,0,0
0,302.5,310.4,1899.5,20.3,50,0,0,0,0,0,0
1,300.9,310.5,1444.0,43.2,27,0,0,0,0,0,0
0,297.3,308.1,1642.0,36.9,206,0,0,0,0,0,0
1,301.4,310.9,1557.0,39.3,174,0,0,0,0,0,0
0,302.5,310.2,1563.0,34.8,150,0,0,0,0,0,0
0,303.4,311.9,1434.0,44.6,78,0,0,0,0,0,0
1,299.3,308.5,1305.0,60.6,44,0,0,0,0,0,0
2,301.0,310.9,1899.5,22.0,42,0,0,0,0,0,0
0,300.0,309.6,1526.0,46.4,150,0,0,0,0,0,0
0,296.8,307.9,1448.0,48.8,31,0,0,0,0,0,0
0,298.3,308.5,1416.0,52.7,151,0,0,0,0,0,0
1,298.5,308.7,1347.0,48.5,33,0,0,0,0,0,0
1,301.0,309.7,1288.0,58.4,162,0,0,0,0,0,0
0,299.9,309.2,1624.0,34.6,105,0,0,0,0,0,0
0,301.8,310.8,1546.0,43.4,29,0,0,0,0,0,0
0,301.5,310.9,1899.5,12.800000000000011,15,0,0,0,0,0,1
1,298.5,309.3,1465.0,42.4,173,0,0,0,0,0,0
0,298.6,309.6,1715.0,28.4,90,0,0,0,0,0,0
0,300.4,311.4,1899.5,23.9,131,0,0,0,0,0,0
1,300.5,310.0,1580.0,37.0,181,0,0,0,0,0,0
0,302.6,312.2,1520.0,43.0,208,0,0,0,0,0,0
0,296.5,307.3,1566.0,37.2,164,0,0,0,0,0,0
0,302.6,311.0,1520.0,42.8,148,0,0,0,0,0,0
0,302.2,311.5,1744.0,31.2,172,0,0,0,0,0,0
0,298.4,307.9,1446.0,45.3,23,0,0,0,0,0,0
1,297.5,308.0,1429.0,45.8,148,0,0,0,0,0,0
0,300.6,310.1,1485.0,49.9,19,0,0,0,0,0,0
0,302.0,310.1,1409.0,50.4,172,0,0,0,0,0,0
1,300.2,309.9,1569.0,31.2,176,0,0,0,0,0,0
1,300.5,312.0,1263.0,60.8,146,0,0,0,0,0,0
0,300.5,309.8,1367.0,54.0,129,0,0,0,0,0,0
0,299.8,309.1,1668.0,30.3,200,0,0,0,0,0,0
1,297.6,308.4,1391.0,51.9,218,0,0,0,0,0,0
0,297.4,308.4,1426.0,50.4,70,0,0,0,0,0,0
2,298.0,308.0,1520.0,39.6,51,0,0,0,0,0,0
2,297.1,308.2,1527.0,42.2,199,0,0,0,0,0,0
0,299.9,311.3,1522.0,45.7,153,0,0,0,0,0,0
0,301.8,311.0,1651.0,32.5,195,0,0,0,0,0,0
0,300.7,309.8,1406.0,48.4,151,0,0,0,0,0,0
0,297.7,307.2,1392.0,43.0,197,0,0,0,0,0,0
0,300.5,310.4,1702.0,33.1,71,0,0,0,0,0,0
2,303.4,312.3,1522.0,42.1,62,0,0,0,0,0,0
0,299.8,309.2,1760.0,25.9,63,0,0,0,0,0,0
1,300.7,310.3,1659.0,29.8,6,0,0,0,0,0,0
0,300.7,311.8,1420.0,47.0,119,0,0,0,0,0,0
0,302.4,311.3,1503.0,38.2,120,0,0,0,0,0,0
1,298.1,308.0,1899.5,18.4,45,0,0,0,0,0,0
0,300.2,311.6,1322.0,50.9,215,0,0,0,0,0,0
1,299.4,309.1,1440.0,50.0,134,0,0,0,0,0,0
1,297.9,309.1,1488.0,37.3,30,0,0,0,0,0,0
2,300.8,310.5,1559.0,40.1,220,0,0,0,0,0,0
1,298.3,308.8,1391.0,50.4,13,0,0,0,0,0,0
0,298.2,308.0,1538.0,38.2,59,0,0,0,0,0,0
0,297.2,307.9,1326.0,67.19999999999999,172,0,0,0,0,0,1
0,301.2,310.7,1899.5,21.3,44,0,0,0,0,0,0
1,303.3,311.8,1536.0,40.6,205,0,0,0,0,0,0
2,303.6,312.7,1403.0,46.2,57,0,0,0,0,0,0
1,297.1,308.1,1506.0,37.7,210,0,0,0,0,0,0
0,297.6,309.3,1543.0,34.3,8,0,0,0,0,0,0
0,303.7,312.4,1348.0,51.0,152,0,0,0,0,0,0
0,298.7,309.0,1565.0,35.1,152,0,0,0,0,0,0
2,297.9,308.4,1637.0,34.5,191,0,0,0,0,0,0
0,298.2,307.7,1459.0,44.5,89,0,0,0,0,0,0
0,299.7,309.2,1411.0,46.1,173,0,0,0,0,0,0
0,299.1,310.6,1796.0,26.0,90,0,0,0,0,0,0
2,302.2,311.8,1330.0,62.4,31,0,0,0,0,0,0
1,298.2,308.8,1626.0,40.4,20,0,0,0,0,0,0
0,300.5,310.5,1409.0,60.9,73,0,0,0,0,0,0
0,300.0,309.2,1610.0,32.1,150,0,0,0,0,0,0
2,299.2,310.1,1542.0,36.1,5,0,0,0,0,0,0
0,301.8,310.6,1522.0,43.8,70,0,0,0,0,0,0
0,299.6,310.1,1487.0,42.9,42,0,0,0,0,0,0
2,301.4,310.7,1536.0,44.4,96,0,0,0,0,0,0
0,301.5,310.7,1686.0,27.9,135,0,0,0,0,0,0
0,303.1,311.2,1628.0,35.2,23,0,0,0,0,0,0
0,300.0,311.5,1455.0,41.7,130,0,0,0,0,0,0
1,297.9,307.7,1527.0,42.8,125,0,0,0,0,0,0
2,302.2,311.1,1628.0,30.6,105,0,0,0,0,0,0
0,299.4,309.0,1660.0,28.4,139,0,0,0,0,0,0
0,302.8,312.4,1392.0,46.2,70,0,0,0,0,0,0
0,298.2,307.8,1521.0,42.9,60,0,0,0,0,0,0
0,297.7,308.7,1694.0,29.1,102,0,0,0,0,0,0
1,302.9,312.3,1809.0,25.0,180,0,0,0,0,0,0
1,300.6,310.7,1388.0,42.9,190,0,0,0,0,0,0
0,300.8,309.6,1498.0,45.8,47,0,0,0,0,0,0
2,297.3,308.6,1376.0,53.5,112,0,0,0,0,0,0
0,304.0,313.2,1615.0,37.8,127,0,0,0,0,0,0
0,301.9,310.8,1525.0,43.2,62,0,0,0,0,0,0
0,298.1,309.0,1592.0,33.9,85,0,0,0,0,0,0
0,299.9,311.4,1596.0,28.9,160,0,0,0,0,0,0
1,295.6,306.3,1426.0,45.5,53,0,0,0,0,0,0
0,298.8,310.6,1602.0,39.1,211,0,0,0,0,0,0
1,298.5,308.8,1553.0,34.9,18,0,0,0,0,0,0
0,298.5,308.2,1451.0,47.5,18,0,0,0,0,0,0
0,302.8,312.3,1473.0,42.6,232,0,0,0,0,0,0
2,300.4,311.4,1427.0,50.7,122,0,0,0,0,0,0
0,302.2,311.6,1416.0,54.1,48,0,0,0,0,0,0
0,298.2,308.8,1666.0,31.5,30,0,0,0,0,0,0
1,301.1,310.5,1309.0,60.7,100,0,0,0,0,0,0
0,300.5,311.6,1444.0,49.3,92,0,0,0,0,0,0
0,298.8,310.0,1899.5,19.6,148,0,0,0,0,0,0
2,300.4,311.6,1715.0,30.8,203,0,0,0,0,0,0
0,299.1,310.2,1425.0,52.7,154,0,0,0,0,0,0
0,303.7,313.1,1355.0,49.1,188,0,0,0,0,0,0
1,300.8,311.2,1488.0,40.1,87,0,0,0,0,0,0
0,299.9,311.4,1627.0,36.7,118,0,0,0,0,0,0
0,301.0,311.0,1402.0,55.3,98,0,0,0,0,0,0
1,301.3,311.4,1838.0,23.2,215,0,0,0,0,0,0
1,297.5,308.9,1280.0,48.5,19,0,0,0,0,0,0
1,298.8,308.8,1497.0,46.8,72,0,0,0,0,0,0
0,299.4,309.3,1525.0,41.5,30,0,0,0,0,0,0
0,300.9,310.4,1788.0,27.8,90,0,0,0,0,0,0
1,299.6,309.0,1736.0,26.1,146,0,0,0,0,0,0
2,300.0,309.4,1498.0,38.5,37,0,0,0,0,0,0
0,298.8,310.2,1814.0,26.8,204,0,0,0,0,0,0
0,298.6,309.4,1440.0,48.2,136,0,0,0,0,0,0
0,299.8,309.5,1590.0,28.5,23,0,0,0,0,0,0
2,300.4,309.5,1547.0,50.7,131,0,0,0,0,0,0
1,298.5,309.4,1521.0,37.5,94,0,0,0,0,0,0
0,298.4,309.5,1899.5,15.3,98,0,0,0,0,0,1
0,303.7,312.7,1899.5,22.4,166,0,0,0,0,0,0
2,302.3,311.4,1443.0,44.1,51,0,0,0,0,0,0
1,304.2,313.4,1411.0,54.8,44,0,0,0,0,0,0
0,302.3,311.9,1434.0,51.9,173,0,0,0,0,0,0
0,300.4,311.4,1424.0,44.6,127,0,0,0,0,0,0
0,298.2,307.8,1429.0,46.9,117,0,0,0,0,0,0
1,297.3,308.4,1665.0,28.9,17,0,0,0,0,0,0
0,303.4,312.3,1680.0,30.6,67,0,0,0,0,0,0
0,298.5,309.8,1468.0,40.9,157,0,0,0,0,0,0
1,300.9,310.2,1533.0,38.1,137,0,0,0,0,0,0
1,298.7,309.1,1423.0,49.5,200,0,0,0,0,0,0
2,300.9,311.3,1295.0,58.9,77,0,0,0,0,0,0
1,297.5,308.6,1472.0,44.9,198,0,0,0,0,0,0
0,299.4,310.5,1372.0,46.3,173,0,0,0,0,0,0
1,298.8,309.9,1741.0,27.7,50,0,0,0,0,0,0
0,303.8,312.9,1573.0,34.6,14,0,0,0,0,0,0
1,300.9,312.0,1447.0,41.4,193,0,0,0,0,0,0
0,302.3,311.0,1561.0,37.2,180,0,0,0,0,0,0
1,301.0,310.6,1698.0,27.3,14,0,0,0,0,0,0
0,298.9,310.3,1436.0,39.0,32,0,0,0,0,0,0
0,300.1,310.5,1532.0,36.0,109,0,0,0,0,0,0
0,299.6,310.2,1627.0,36.6,17,0,0,0,0,0,0
0,302.5,310.2,1329.0,50.6,148,0,0,0,0,0,1
0,300.5,311.3,1475.0,46.3,49,0,0,0,0,0,0
0,300.5,310.5,1646.0,34.5,63,0,0,0,0,0,0
0,299.0,310.0,1509.0,38.0,168,0,0,0,0,0,0
0,301.8,311.2,1334.0,52.3,68,0,0,0,0,0,0
0,297.4,308.6,1678.0,32.3,180,0,0,0,0,0,0
1,297.6,308.5,1466.0,39.7,34,0,0,0,0,0,0
0,299.6,309.0,1413.0,48.5,153,0,0,0,0,0,0
0,297.9,308.6,1899.5,15.7,125,0,0,0,0,0,0
0,303.1,312.8,1465.0,44.1,109,0,0,0,0,0,0
0,303.4,312.2,1656.0,32.7,195,0,0,0,0,0,0
1,303.4,311.5,1817.0,24.7,125,0,0,0,0,0,0
0,301.0,311.7,1670.0,31.3,150,0,0,0,0,0,0
0,298.9,309.8,1616.0,36.5,110,0,0,0,0,0,0
1,298.1,308.8,1899.5,16.3,195,0,0,0,0,0,0
0,302.2,311.5,1346.0,52.4,157,0,0,0,0,0,0
0,298.2,308.4,1355.0,49.4,209,0,0,0,0,0,0
2,300.9,309.5,1469.0,43.4,126,0,0,0,0,0,0
0,298.8,308.1,1472.0,53.5,28,0,0,0,0,0,0
1,304.1,313.2,1899.5,18.9,45,0,0,0,0,0,0
0,301.0,310.5,1408.0,47.0,202,0,0,0,0,0,0
0,295.6,306.3,1636.0,32.7,56,0,0,0,0,0,0
0,297.2,307.9,1580.0,35.8,140,0,0,0,0,0,0
0,302.4,310.1,1556.0,32.9,132,0,0,0,0,0,0
2,298.7,309.8,1422.0,40.7,85,0,0,0,0,0,0
0,301.0,311.0,1804.0,25.8,174,0,0,0,0,0,0
0,302.7,310.7,1899.5,20.0,21,0,0,0,0,0,0
0,300.0,309.5,1899.5,21.9,9,0,0,0,0,0,0
2,298.8,309.2,1425.0,53.9,135,0,0,0,0,0,0
1,298.1,308.2,1736.0,26.8,27,0,0,0,0,0,0
0,299.2,309.0,1515.0,48.9,228,0,0,0,0,0,1
0,301.2,311.0,1596.0,37.2,219,0,0,0,0,0,0
0,302.4,311.7,1495.0,36.8,215,0,0,0,0,0,0
2,301.0,310.0,1212.0,67.19999999999999,30,0,0,0,0,0,0
0,300.0,310.2,1675.0,29.7,64,0,0,0,0,0,0
1,300.2,310.3,1478.0,38.1,45,0,0,0,0,0,0
0,298.2,308.2,1436.0,50.2,43,0,0,0,0,0,0
0,300.3,309.5,1474.0,38.7,35,0,0,0,0,0,0
0,300.2,310.1,1649.0,30.5,43,0,0,0,0,0,0
1,299.3,308.9,1767.0,24.8,196,0,0,0,0,0,0
0,300.3,311.5,1548.0,32.2,25,0,0,0,0,0,0
0,300.6,310.4,1899.5,19.8,116,0,0,0,0,0,0
0,302.4,311.7,1721.0,26.9,112,0,0,0,0,0,0
1,300.7,310.0,1641.0,34.6,178,0,0,0,0,0,0
0,301.6,311.1,1680.0,29.2,111,0,0,0,0,0,0
1,300.3,310.0,1409.0,43.2,9,0,0,0,0,0,0
0,301.5,310.8,1593.0,34.5,162,0,0,0,0,0,0
0,297.9,308.5,1519.0,34.3,61,0,0,0,0,0,0
1,300.7,310.7,1343.0,51.6,211,0,0,0,0,0,0
0,303.4,311.9,1771.0,31.6,202,0,0,0,0,0,0
0,298.3,308.0,1899.5,12.800000000000011,57,0,0,0,0,0,1
0,299.5,310.0,1379.0,50.4,85,0,0,0,0,0,0
1,303.8,312.9,1594.0,35.2,69,0,0,0,0,0,0
0,296.8,307.5,1474.0,42.4,107,0,0,0,0,0,0
0,298.4,309.5,1357.0,50.1,125,0,0,0,0,0,0
0,300.9,310.6,1538.0,36.7,3,0,0,0,0,0,0
1,303.3,312.7,1642.0,33.6,104,0,0,0,0,0,0
0,296.9,307.8,1425.0,49.1,163,0,0,0,0,0,0
2,298.8,309.9,1439.0,45.2,40,0,0,0,0,0,1
1,299.7,310.5,1492.0,39.3,131,0,0,0,0,0,0
0,301.0,311.4,1478.0,39.5,75,0,0,0,0,0,0
0,302.9,312.2,1571.0,40.6,139,0,0,0,0,0,0
1,300.7,311.0,1378.0,41.2,93,0,0,0,0,0,0
1,299.1,308.8,1491.0,41.0,209,0,0,0,0,0,0
2,303.6,311.7,1476.0,40.1,85,0,0,0,0,0,0
0,298.6,310.0,1334.0,48.0,42,0,0,0,0,0,0
1,301.9,311.0,1432.0,41.5,51,0,0,0,0,0,0
1,297.7,308.8,1388.0,45.6,190,0,0,0,0,0,0
0,303.5,313.0,1606.0,34.0,126,0,0,0,0,0,0
0,297.0,307.7,1731.0,28.5,186,0,0,0,0,0,0
0,301.1,310.7,1376.0,49.1,0,0,0,0,0,0,0
0,300.9,312.4,1364.0,52.5,125,0,0,0,0,0,0
2,297.4,309.3,1365.0,52.4,76,0,0,0,0,0,0
2,298.8,310.1,1704.0,30.7,150,0,0,0,0,0,0
1,299.2,308.9,1573.0,37.4,212,0,0,0,0,0,0
2,299.1,310.6,1332.0,48.0,148,0,0,0,0,0,0
2,300.5,311.6,1506.0,36.2,10,0,0,0,0,0,0
0,297.4,308.4,1525.0,38.7,62,0,0,0,0,0,0
0,301.1,311.3,1622.0,35.6,34,0,0,0,0,0,0
0,301.4,310.6,1481.0,37.6,77,0,0,0,0,0,0
1,297.2,308.5,1611.0,31.6,197,0,0,0,0,0,0
1,299.5,309.2,1497.0,40.9,169,0,0,0,0,0,0
0,301.7,310.7,1318.0,55.0,194,0,0,0,0,0,0
2,298.2,307.9,1491.0,39.7,181,0,0,0,0,0,0
1,298.1,308.7,1547.0,38.9,0,0,0,0,0,0,0
0,299.1,310.5,1471.0,38.4,146,0,0,0,0,0,0
0,299.7,309.2,1326.0,64.8,71,0,0,0,0,0,0
0,300.3,311.8,1548.0,33.0,16,0,0,0,0,0,0
0,301.5,310.6,1899.5,20.2,124,0,0,0,0,0,0
1,302.2,311.3,1375.0,47.0,98,0,0,0,0,0,0
0,302.0,310.0,1832.0,22.9,178,0,0,0,0,0,0
1,298.7,310.2,1598.0,33.3,36,0,0,0,0,0,0
0,298.4,308.6,1569.0,34.4,160,0,0,0,0,0,0
1,301.4,310.7,1692.0,32.3,5,0,0,0,0,0,0
0,301.4,310.4,1301.0,51.2,112,0,0,0,0,0,0
0,297.7,308.8,1515.0,40.1,82,0,0,0,0,0,0
0,297.8,307.5,1391.0,48.6,109,0,0,0,0,0,0
0,302.6,310.8,1486.0,36.4,160,0,0,0,0,0,0
1,300.2,311.6,1608.0,35.0,212,0,0,0,0,0,0
0,300.4,309.6,1553.0,43.9,75,0,0,0,0,0,0
0,299.4,309.2,1569.0,40.8,73,0,0,0,0,0,0
0,302.4,311.2,1404.0,52.0,57,0,0,0,0,0,0
0,297.9,307.7,1537.0,37.7,15,0,0,0,0,0,0
1,301.4,310.3,1610.0,29.1,166,0,0,0,0,0,0
1,301.0,310.8,1533.0,39.3,194,0,0,0,0,0,0
1,298.6,309.6,1344.0,59.4,200,0,0,0,0,0,0
2,301.3,311.0,1341.0,59.3,134,0,0,0,0,0,0
0,300.5,311.6,1730.0,30.2,106,0,0,0,0,0,0
0,298.6,309.9,1556.0,38.6,36,0,0,0,0,0,0
0,301.7,310.2,1686.0,28.9,59,0,0,0,0,0,0
2,301.9,310.8,1455.0,42.7,85,0,0,0,0,0,0
1,300.9,310.9,1727.0,30.1,102,0,0,0,0,0,0
0,299.6,310.8,1393.0,49.9,78,0,0,0,0,0,0
1,298.8,310.0,1529.0,38.5,77,0,0,0,0,0,0
1,302.7,311.8,1728.0,30.0,12,0,0,0,0,0,0
0,302.3,311.2,1549.0,40.6,66,0,0,0,0,0,0
0,298.8,309.1,1489.0,49.1,128,0,0,0,0,0,0
0,297.9,307.7,1492.0,43.7,59,0,0,0,0,0,0
0,301.2,310.0,1618.0,37.6,32,0,0,0,0,0,0
1,298.2,309.4,1693.0,34.4,73,0,0,0,0,0,0
2,299.7,309.2,1468.0,49.6,132,0,0,0,0,0,0
2,297.5,308.4,1587.0,36.1,98,0,0,0,0,0,0
0,298.3,308.8,1645.0,30.4,33,0,0,0,0,0,0
1,297.4,308.6,1604.0,32.8,85,0,0,0,0,0,0
1,300.3,311.7,1447.0,36.8,0,0,0,0,0,0,0
0,297.6,309.0,1487.0,45.4,64,0,0,0,0,0,0
0,302.8,310.6,1671.0,30.5,201,0,0,0,0,0,0
0,299.2,308.5,1387.0,51.1,98,0,0,0,0,0,0
0,297.7,307.6,1844.0,21.9,61,0,0,0,0,0,0
0,300.3,309.2,1807.0,26.4,169,0,0,0,0,0,0
0,300.6,310.9,1344.0,46.7,133,0,0,0,0,0,0
0,301.7,309.8,1491.0,39.3,114,0,0,0,0,0,0
2,296.6,307.4,1333.0,50.2,177,0,0,0,0,0,0
0,297.6,308.3,1742.0,27.7,13,0,0,0,0,0,0
1,302.4,310.1,1520.0,36.6,97,0,0,0,0,0,0
2,302.2,310.0,1468.0,43.6,38,0,0,0,0,0,0
1,296.3,307.4,1335.0,50.5,48,0,0,0,0,0,0
1,300.4,309.6,1614.0,30.3,161,0,0,0,0,0,0
1,297.7,307.2,1405.0,43.7,2,0,0,0,0,0,0
0,300.8,311.4,1316.0,57.6,43,0,0,0,0,0,0
0,302.7,310.4,1542.0,35.7,38,0,0,0,0,0,0
0,298.1,307.6,1498.0,42.9,171,0,0,0,0,0,0
0,300.8,311.7,1578.0,31.4,219,0,0,0,0,0,0
1,300.5,309.7,1389.0,43.3,9,0,0,0,0,0,0
0,297.5,308.7,1761.0,26.2,164,0,0,0,0,0,0
0,297.0,307.9,1296.0,67.19999999999999,153,0,0,0,0,0,1
0,300.1,311.4,1418.0,47.7,73,0,0,0,0,0,0
0,301.3,310.1,1355.0,53.6,193,0,0,0,0,0,0
1,299.6,310.1,1357.0,48.7,96,0,0,0,0,0,0
1,303.0,311.1,1526.0,37.3,176,0,0,0,0,0,0
0,299.0,308.7,1396.0,48.6,0,0,0,0,0,0,0
0,302.7,312.1,1728.0,24.4,146,0,0,0,0,0,0
0,301.4,311.3,1397.0,42.3,48,0,0,0,0,0,0
1,299.3,308.7,1420.0,50.3,208,0,0,0,0,0,0
1,301.2,310.9,1359.0,50.8,118,0,0,0,0,0,0
1,298.9,310.0,1561.0,45.3,58,0,0,0,0,0,0
1,298.5,308.0,1519.0,37.3,29,0,0,0,0,0,0
0,300.7,310.5,1536.0,47.4,192,0,0,0,0,0,0
0,301.4,310.8,1740.0,29.2,110,0,0,0,0,0,0
0,298.4,309.4,1461.0,46.3,121,0,0,0,0,0,0
1,303.5,312.9,1530.0,34.5,110,0,0,0,0,0,0
0,300.9,310.5,1599.0,40.5,57,0,0,0,0,0,0
0,298.2,308.0,1499.0,44.1,166,0,0,0,0,0,0
0,300.6,311.6,1455.0,48.0,203,0,0,0,0,0,0
0,300.5,311.5,1708.0,31.2,57,0,0,0,0,0,0
0,303.2,312.6,1601.0,35.3,148,0,0,0,0,0,0
0,300.3,310.4,1672.0,29.2,39,0,0,0,0,0,0
1,299.7,309.2,1412.0,45.3,205,0,0,0,0,0,0
1,300.5,311.9,1730.0,27.5,209,0,0,0,0,0,0
0,298.6,308.2,1705.0,26.3,177,0,0,0,0,0,0
1,297.5,309.4,1482.0,39.3,112,0,0,0,0,0,0
2,301.2,310.7,1747.0,27.3,35,0,0,0,0,0,0
2,301.6,310.5,1786.0,27.1,35,0,0,0,0,0,0
0,299.7,311.2,1835.0,23.7,183,0,0,0,0,0,0
0,297.0,307.8,1396.0,50.0,96,0,0,0,0,0,0
0,300.0,310.2,1760.0,26.9,193,0,0,0,0,0,0
0,300.8,311.7,1655.0,32.2,12,0,0,0,0,0,0
0,302.0,310.5,1263.0,60.6,90,0,0,0,0,0,1
2,297.0,308.1,1517.0,41.4,222,0,0,0,0,0,0
1,299.2,308.6,1631.0,35.4,64,0,0,0,0,0,0
0,301.7,310.2,1311.0,57.4,40,0,0,0,0,0,1
0,299.0,308.8,1405.0,55.2,103,0,0,0,0,0,0
0,301.1,311.2,1555.0,35.3,172,0,0,0,0,0,0
1,301.5,310.7,1454.0,39.4,17,0,0,0,0,0,0
0,301.8,310.3,1765.0,27.3,29,0,0,0,0,0,0
0,297.7,308.9,1715.0,27.2,193,0,0,0,0,0,0
0,298.1,307.7,1705.0,29.1,109,0,0,0,0,0,0
0,300.9,310.4,1899.5,18.8,30,0,0,0,0,0,0
2,302.8,311.0,1436.0,43.5,47,0,0,0,0,0,0
0,297.8,308.3,1435.0,50.1,189,0,0,0,0,0,0
1,301.0,310.4,1665.0,30.9,177,0,0,0,0,0,0
1,299.0,310.3,1689.0,29.7,101,0,0,0,0,0,0
0,301.0,310.9,1813.0,28.5,197,0,0,0,0,0,0
1,300.9,309.4,1724.0,25.6,119,0,0,0,0,0,0
1,302.9,311.0,1402.0,40.7,52,0,0,0,0,0,0
0,299.9,311.3,1429.0,58.2,103,0,0,0,0,0,0
0,297.9,307.9,1426.0,43.6,89,0,0,0,0,0,0
1,299.7,309.6,1477.0,42.7,163,0,0,0,0,0,0
0,297.4,308.1,1474.0,39.4,20,0,0,0,0,0,0
0,301.6,311.0,1431.0,42.6,158,0,0,0,0,0,0
2,299.8,310.6,1423.0,44.6,116,0,0,0,0,0,0
1,303.5,312.4,1606.0,30.1,98,0,0,0,0,0,0
1,297.8,309.4,1226.0,58.7,129,0,0,0,0,0,0
0,302.6,310.5,1450.0,43.2,68,0,0,0,0,0,0
1,302.6,310.2,1899.5,12.800000000000011,84,0,0,0,0,0,1
0,301.3,310.9,1566.0,33.1,82,0,0,0,0,0,0
1,302.3,311.5,1674.0,30.0,12,0,0,0,0,0,0
0,303.4,312.6,1462.0,37.5,118,0,0,0,0,0,0
1,298.9,310.5,1525.0,38.5,27,0,0,0,0,0,0
1,300.3,310.2,1442.0,39.5,4,0,0,0,0,0,0
0,298.5,310.0,1435.0,42.5,25,0,0,0,0,0,0
1,303.7,313.0,1303.0,54.4,2,0,0,0,0,0,0
0,302.0,310.5,1635.0,39.8,99,0,0,0,0,0,0
0,300.9,312.0,1493.0,38.7,217,0,0,0,0,0,0
0,300.8,312.1,1505.0,41.3,173,0,0,0,0,0,0
1,298.7,309.5,1500.0,38.8,116,0,0,0,0,0,0
1,304.0,313.1,1450.0,42.8,101,0,0,0,0,0,0
1,297.6,309.0,1427.0,45.6,179,0,0,0,0,0,0
0,301.5,310.8,1512.0,38.9,9,0,0,0,0,0,0
1,301.2,310.9,1424.0,45.2,68,0,0,0,0,0,0
0,298.8,310.5,1464.0,46.4,207,0,0,0,0,0,0
0,297.2,308.0,1705.0,26.0,200,0,0,0,0,0,0
0,299.2,308.9,1342.0,50.8,195,0,0,0,0,0,0
0,300.4,309.3,1525.0,39.6,202,0,0,0,0,0,0
1,300.8,310.3,1270.0,61.0,54,0,0,0,0,0,0
0,300.7,309.6,1810.0,26.0,195,0,0,0,0,0,0
0,299.6,310.7,1899.5,23.3,205,0,0,0,0,0,1
0,300.4,309.6,1386.0,56.9,170,0,0,0,0,0,0
1,299.5,309.4,1387.0,56.2,32,0,0,0,0,0,0
0,297.5,308.4,1604.0,38.1,106,0,0,0,0,0,0
1,298.6,309.9,1517.0,34.0,215,0,0,0,0,0,0
1,301.8,311.0,1393.0,49.5,168,0,0,0,0,0,0
1,298.9,308.2,1328.0,49.2,11,0,0,0,0,0,0
0,303.7,312.8,1543.0,38.3,61,0,0,0,0,0,0
0,303.9,313.0,1408.0,47.5,76,0,0,0,0,0,0
1,302.5,310.4,1580.0,35.6,176,0,0,0,0,0,0
0,299.8,309.3,1386.0,49.4,116,0,0,0,0,0,0
1,303.3,311.8,1583.0,33.3,72,0,0,0,0,0,0
0,302.3,311.2,1297.0,62.5,109,0,0,0,0,0,0
0,300.1,309.4,1858.0,23.6,26,0,0,0,0,0,0
0,302.3,311.6,1665.0,34.3,139,0,0,0,0,0,0
0,298.0,307.8,1453.0,37.7,119,0,0,0,0,0,0
0,298.0,308.9,1508.0,37.1,92,0,0,0,0,0,0
0,297.1,308.5,1323.0,44.4,207,0,0,0,0,0,1
0,301.5,310.9,1600.0,39.0,160,0,0,0,0,0,0
0,299.8,310.0,1361.0,53.8,167,0,0,0,0,0,0
1,303.3,312.5,1674.0,32.7,76,0,0,0,0,0,0
0,298.5,308.0,1404.0,48.1,32,0,0,0,0,0,0
0,298.1,308.9,1899.5,15.9,78,0,0,0,0,0,0
0,300.3,310.3,1362.0,60.3,206,0,0,0,0,0,1
0,301.0,310.4,1476.0,43.6,173,0,0,0,0,0,0
0,302.8,312.3,1366.0,49.1,221,0,0,0,0,0,0
1,298.6,309.1,1487.0,43.2,206,0,0,0,0,0,0
0,297.1,308.4,1304.0,53.5,153,0,0,0,0,0,0
0,300.5,310.5,1515.0,36.6,54,0,0,0,0,0,0
1,298.5,309.2,1449.0,46.4,83,0,0,0,0,0,0
0,302.9,311.2,1634.0,36.9,71,0,0,0,0,0,0
0,303.1,312.4,1407.0,41.2,107,0,0,0,0,0,0
0,303.4,312.7,1589.0,34.0,116,0,0,0,0,0,0
0,297.8,307.8,1573.0,37.9,33,0,0,0,0,0,0
0,297.5,308.7,1454.0,45.0,19,0,0,0,0,0,0
0,300.8,310.2,1514.0,40.0,155,0,0,0,0,0,0
0,297.7,309.0,1874.0,24.4,28,0,0,0,0,0,0
0,303.2,312.4,1663.0,33.7,71,0,0,0,0,0,0
0,297.7,309.2,1365.0,58.6,170,0,0,0,0,0,0
0,297.1,308.1,1754.0,30.3,206,0,0,0,0,0,0
0,301.1,311.6,1488.0,43.4,5,0,0,0,0,0,0
0,298.1,308.3,1331.0,63.0,13,0,0,0,0,0,0
1,296.9,307.8,1544.0,40.3,150,0,0,0,0,0,0
1,299.1,310.6,1397.0,49.5,165,0,0,0,0,0,0
0,301.0,311.5,1559.0,31.8,195,0,0,0,0,0,0
0,297.4,308.6,1439.0,51.9,188,0,0,0,0,0,0
1,302.1,311.5,1635.0,31.6,23,0,0,0,0,0,0
0,300.0,310.2,1486.0,36.4,66,0,0,0,0,0,0
0,298.0,307.7,1435.0,45.6,184,0,0,0,0,0,0
0,302.3,310.7,1402.0,50.9,157,0,0,0,0,0,0
2,301.4,311.1,1445.0,41.4,144,0,0,0,0,0,0
1,300.0,311.3,1629.0,32.1,55,0,0,0,0,0,0
1,300.6,310.6,1403.0,50.4,64,0,0,0,0,0,0
1,297.6,308.5,1552.0,40.9,90,0,0,0,0,0,0
0,297.4,309.0,1324.0,56.9,173,0,0,0,0,0,0
1,302.5,311.4,1636.0,35.0,157,0,0,0,0,0,0
1,300.0,310.2,1393.0,51.2,190,0,0,0,0,0,0
1,301.7,310.8,1594.0,32.4,204,0,0,0,0,0,0
1,297.1,308.4,1502.0,37.3,181,0,0,0,0,0,0
0,300.5,309.5,1379.0,55.6,2,0,0,0,0,0,0
0,303.7,313.1,1683.0,28.4,46,0,0,0,0,0,0
1,299.7,310.5,1490.0,41.2,126,0,0,0,0,0,0
0,298.7,309.9,1651.0,29.5,42,0,0,0,0,0,0
1,302.4,311.0,1580.0,36.5,64,0,0,0,0,0,0
2,297.8,307.3,1555.0,35.8,190,0,0,0,0,0,0
0,300.7,311.0,1596.0,36.9,174,0,0,0,0,0,0
2,298.8,309.8,1510.0,44.2,35,0,0,0,0,0,0
0,299.1,310.1,1367.0,45.6,44,0,0,0,0,0,0
0,297.5,308.5,1375.0,55.6,128,0,0,0,0,0,0
1,302.5,310.5,1899.5,21.6,131,0,0,0,0,0,0
0,297.1,308.4,1693.0,29.5,100,0,0,0,0,0,0
1,301.8,310.9,1358.0,52.3,56,0,0,0,0,0,0
0,302.4,310.4,1865.0,23.9,129,0,0,0,0,0,0
2,304.1,313.2,1590.0,43.4,52,0,0,0,0,0,0
0,299.9,309.5,1451.0,39.4,18,0,0,0,0,0,0
1,302.5,311.5,1358.0,52.7,139,0,0,0,0,0,0
1,298.1,308.9,1335.0,50.4,110,0,0,0,0,0,0
2,298.8,310.5,1294.0,55.8,202,0,0,0,0,0,0
1,300.5,311.1,1296.0,61.3,202,0,0,0,0,0,1
1,302.5,312.0,1436.0,43.5,184,0,0,0,0,0,0
0,300.6,310.3,1794.0,24.4,211,0,0,0,0,0,0
1,303.6,311.9,1617.0,36.0,95,0,0,0,0,0,0
0,302.8,311.1,1456.0,36.1,89,0,0,0,0,0,0
0,300.5,309.8,1899.5,21.4,164,0,0,0,0,0,0
0,299.9,311.3,1535.0,38.1,160,0,0,0,0,0,0
2,296.4,307.3,1540.0,37.4,75,0,0,0,0,0,0
0,297.3,308.3,1590.0,35.5,59,0,0,0,0,0,0
2,300.6,309.4,1691.0,28.0,36,0,0,0,0,0,0
0,297.6,308.6,1744.0,28.5,42,0,0,0,0,0,0
2,299.4,309.3,1743.0,28.2,0,0,0,0,0,0,0
0,300.2,311.7,1493.0,48.3,167,0,0,0,0,0,0
0,302.6,312.3,1512.0,34.2,44,0,0,0,0,0,0
1,297.5,308.5,1496.0,42.2,22,0,0,0,0,0,0
0,296.9,307.8,1557.0,38.1,135,0,0,0,0,0,0
0,303.2,311.4,1349.0,51.1,9,0,0,0,0,0,1
1,301.2,310.0,1625.0,31.6,173,0,0,0,0,0,0
1,300.2,309.7,1413.0,43.0,137,0,0,0,0,0,0
2,300.3,311.6,1339.0,53.4,123,0,0,0,0,0,0
2,301.9,311.0,1672.0,29.9,13,0,0,0,0,0,0
1,297.5,308.3,1622.0,37.2,103,0,0,0,0,0,0
1,302.3,310.7,1559.0,33.9,119,0,0,0,0,0,0
0,300.5,309.3,1465.0,46.0,89,0,0,0,0,0,0
1,301.8,309.6,1436.0,49.0,214,0,0,0,0,0,0
0,301.7,310.6,1513.0,41.1,64,0,0,0,0,0,0
1,301.2,309.9,1456.0,50.8,15,0,0,0,0,0,0
0,298.9,308.7,1438.0,51.7,64,0,0,0,0,0,0
1,301.3,310.0,1593.0,30.8,210,0,0,0,0,0,0
0,300.9,310.8,1571.0,39.9,51,0,0,0,0,0,0
1,302.2,311.7,1653.0,31.4,2,0,0,0,0,0,0
0,297.4,308.6,1446.0,48.1,88,0,0,0,0,0,0
1,297.4,308.6,1657.0,33.1,156,0,0,0,0,0,0
0,302.8,310.6,1899.5,19.9,199,0,0,0,0,0,0
0,298.8,310.2,1504.0,41.0,51,0,0,0,0,0,0
2,298.5,309.4,1899.5,21.0,59,0,0,0,0,0,0
0,299.0,308.6,1734.0,32.4,161,0,0,0,0,0,0
0,302.6,310.5,1748.0,28.2,2,0,0,0,0,0,0
0,302.9,312.2,1367.0,55.1,50,0,0,0,0,0,0
1,298.1,307.9,1377.0,55.1,42,0,0,0,0,0,0
1,298.1,307.9,1303.0,53.9,52,0,0,0,0,0,0
0,298.4,308.5,1490.0,37.9,110,0,0,0,0,0,0
0,303.3,311.4,1510.0,37.3,36,0,0,0,0,0,0
2,302.4,311.2,1506.0,40.8,204,0,0,0,0,0,0
0,299.0,310.2,1432.0,42.2,87,0,0,0,0,0,0
0,295.9,306.7,1547.0,40.9,107,0,0,0,0,0,0
2,297.5,309.3,1459.0,49.7,201,0,0,0,0,0,0
0,297.3,308.3,1519.0,37.7,45,0,0,0,0,0,0
1,301.3,310.4,1899.5,18.7,190,0,0,0,0,0,0
0,297.3,308.1,1763.0,28.4,54,0,0,0,0,0,0
0,299.1,308.8,1502.0,38.3,88,0,0,0,0,0,0
0,303.3,312.6,1623.0,34.6,102,0,0,0,0,0,0
0,301.5,310.5,1644.0,34.9,186,0,0,0,0,0,0
0,298.1,307.9,1665.0,32.0,7,0,0,0,0,0,0
0,298.1,307.8,1761.0,28.2,76,0,0,0,0,0,0
2,303.4,312.3,1769.0,27.9,40,0,0,0,0,0,0
0,300.3,309.6,1468.0,44.7,179,0,0,0,0,0,0
0,297.1,308.4,1488.0,42.5,146,0,0,0,0,0,0
0,299.4,308.9,1583.0,34.1,176,0,0,0,0,0,0
1,302.1,310.6,1421.0,52.0,95,0,0,0,0,0,0
0,300.6,310.4,1457.0,47.7,120,0,0,0,0,0,0
0,299.5,310.8,1283.0,52.4,112,0,0,0,0,0,0
0,299.6,310.8,1507.0,42.4,108,0,0,0,0,0,0
0,299.4,309.2,1556.0,35.7,75,0,0,0,0,0,0
0,300.5,309.7,1560.0,30.2,139,0,0,0,0,0,0
2,300.5,310.0,1495.0,47.4,184,0,0,0,0,0,0
1,300.5,311.6,1577.0,36.5,4,0,0,0,0,0,0
0,302.5,311.5,1493.0,35.1,131,0,0,0,0,0,0
1,299.3,309.2,1586.0,37.9,129,0,0,0,0,0,0
2,304.0,313.1,1472.0,45.5,166,0,0,0,0,0,0
0,303.7,312.2,1619.0,34.9,92,0,0,0,0,0,0
1,302.2,310.8,1408.0,46.8,49,0,0,0,0,0,0
0,302.6,310.5,1596.0,32.8,193,0,0,0,0,0,0
1,304.1,313.3,1480.0,38.4,72,0,0,0,0,0,0
1,297.4,308.4,1675.0,29.5,59,0,0,0,0,0,0
0,297.9,307.7,1517.0,44.4,67,0,0,0,0,0,0
1,300.3,311.9,1677.0,30.8,48,0,0,0,0,0,0
0,300.7,310.7,1442.0,43.2,49,0,0,0,0,0,0
0,298.0,307.6,1450.0,48.7,138,0,0,0,0,0,0
0,296.7,307.9,1690.0,29.6,119,0,0,0,0,0,0
0,299.0,308.9,1622.0,31.9,42,0,0,0,0,0,0
0,300.0,309.0,1709.0,32.1,79,0,0,0,0,0,0
0,297.8,308.4,1612.0,32.1,183,0,0,0,0,0,0
0,300.2,310.1,1523.0,42.3,25,0,0,0,0,0,0
0,302.2,311.4,1609.0,32.1,41,0,0,0,0,0,0
0,297.3,308.3,1396.0,45.9,64,0,0,0,0,0,0
0,297.9,309.0,1450.0,46.8,118,0,0,0,0,0,0
1,301.7,310.7,1627.0,31.3,78,0,0,0,0,0,0
0,297.4,309.2,1437.0,40.4,117,0,0,0,0,0,0
1,300.9,310.7,1420.0,43.0,133,0,0,0,0,0,0
0,303.6,311.8,1222.0,66.8,148,0,0,0,0,0,1
0,297.6,309.2,1611.0,33.1,155,0,0,0,0,0,0
0,297.5,308.6,1671.0,29.4,136,0,0,0,0,0,0
2,301.0,310.4,1512.0,44.9,86,0,0,0,0,0,0
1,302.7,312.1,1378.0,46.9,176,0,0,0,0,0,0
0,303.8,312.8,1503.0,40.0,154,0,0,0,0,0,0
1,303.9,313.2,1350.0,47.2,2,0,0,0,0,0,0
0,302.5,311.1,1499.0,38.8,135,0,0,0,0,0,0
2,300.6,311.7,1500.0,36.7,17,0,0,0,0,0,0
0,302.0,310.5,1651.0,30.9,146,0,0,0,0,0,0
0,298.1,308.2,1485.0,40.7,57,0,0,0,0,0,0
1,303.3,312.1,1693.0,30.0,80,0,0,0,0,0,0
1,302.4,311.1,1366.0,54.4,0,0,0,0,0,0,0
0,302.9,312.2,1513.0,37.8,92,0,0,0,0,0,0
0,300.7,310.4,1234.0,51.7,160,0,0,0,0,0,0
2,298.3,308.0,1637.0,30.8,2,0,0,0,0,0,0
0,302.0,310.4,1448.0,43.4,167,0,0,0,0,0,0
0,297.5,308.6,1585.0,37.6,2,0,0,0,0,0,0
0,300.8,311.7,1490.0,46.4,217,0,0,0,0,0,0
0,301.9,310.4,1884.0,23.4,163,0,0,0,0,0,0
2,303.5,311.5,1629.0,33.5,73,0,0,0,0,0,0
0,297.4,308.6,1532.0,38.7,136,0,0,0,0,0,0
0,298.9,310.1,1587.0,30.2,162,0,0,0,0,0,0
1,298.4,308.7,1584.0,31.7,117,0,0,0,0,0,0
0,300.0,309.2,1444.0,43.6,123,0,0,0,0,0,0
2,297.9,309.2,1577.0,34.7,5,0,0,0,0,0,0
0,300.4,310.1,1614.0,33.5,191,0,0,0,0,0,0
2,300.6,309.4,1555.0,37.9,24,0,0,0,0,0,0
1,298.5,309.6,1509.0,47.3,2,0,0,0,0,0,0
0,298.9,310.0,1452.0,48.9,185,0,0,0,0,0,0
1,297.5,308.5,1662.0,30.3,26,0,0,0,0,0,0
1,301.7,311.0,1311.0,55.8,39,0,0,0,0,0,0
1,300.8,311.2,1434.0,39.1,82,0,0,0,0,0,0
2,300.0,309.6,1629.0,32.3,89,0,0,0,0,0,0
1,300.5,311.6,1456.0,51.1,193,0,0,0,0,0,0
0,298.2,307.8,1388.0,48.6,76,0,0,0,0,0,0
0,297.5,308.6,1596.0,36.0,141,0,0,0,0,0,0
0,301.1,310.8,1724.0,27.5,101,0,0,0,0,0,0
1,300.4,311.8,1553.0,33.1,209,0,0,0,0,0,1
2,300.6,310.5,1454.0,51.2,58,0,0,0,0,0,0
0,298.3,309.9,1463.0,43.9,116,0,0,0,0,0,0
1,298.5,308.0,1363.0,49.2,149,0,0,0,0,0,0
0,301.8,311.0,1771.0,27.2,162,0,0,0,0,0,0
0,301.9,311.0,1642.0,33.1,126,0,0,0,0,0,0
1,297.6,308.7,1475.0,46.6,54,0,0,0,0,0,0
0,301.5,310.9,1318.0,50.6,11,0,0,0,0,0,0
0,300.4,310.8,1396.0,49.3,142,0,0,0,0,0,0
0,300.4,311.2,1673.0,28.9,171,0,0,0,0,0,0
0,299.0,310.2,1533.0,43.5,159,0,0,0,0,0,0
1,298.7,309.8,1570.0,42.1,200,0,0,0,0,0,0
0,303.3,311.3,1592.0,33.7,14,0,0,0,0,0,0
0,299.7,310.8,1589.0,36.0,190,0,0,0,0,0,0
1,303.8,312.6,1527.0,41.9,159,0,0,0,0,0,0
0,297.9,307.7,1593.0,34.9,83,0,0,0,0,0,0
2,299.2,308.4,1388.0,53.2,59,0,0,0,0,0,0
1,302.6,310.5,1420.0,56.4,57,0,0,0,0,0,0
0,302.2,311.6,1545.0,35.9,152,0,0,0,0,0,0
0,300.0,309.1,1465.0,40.6,9,0,0,0,0,0,0
2,298.7,309.8,1582.0,33.4,121,0,0,0,0,0,0
1,298.8,309.8,1534.0,37.0,47,0,0,0,0,0,0
1,302.2,311.0,1476.0,47.4,161,0,0,0,0,0,0
0,299.1,310.3,1619.0,31.1,242,0,0,0,0,0,0
1,298.0,309.0,1393.0,55.9,79,0,0,0,0,0,0
0,300.9,310.9,1601.0,34.0,181,0,0,0,0,0,0
0,299.9,309.8,1716.0,28.2,117,0,0,0,0,0,0
0,303.5,312.6,1602.0,34.2,108,0,0,0,0,0,0
0,298.5,308.8,1670.0,29.6,13,0,0,0,0,0,0
1,299.6,308.9,1685.0,27.8,161,0,0,0,0,0,0
2,297.9,309.1,1435.0,44.7,8,0,0,0,0,0,0
0,302.2,311.2,1899.5,23.1,2,0,0,0,0,0,0
0,300.4,311.4,1662.0,29.3,129,0,0,0,0,0,0
0,298.9,308.2,1828.0,23.8,26,0,0,0,0,0,0
0,299.1,310.4,1657.0,31.0,129,0,0,0,0,0,0
0,302.5,310.2,1586.0,32.2,64,0,0,0,0,0,0
1,300.0,309.3,1899.5,16.3,170,0,0,0,0,0,0
0,297.2,308.7,1501.0,38.5,86,0,0,0,0,0,0
0,302.6,311.6,1638.0,29.6,160,0,0,0,0,0,0
1,300.0,311.4,1791.0,24.1,213,0,0,0,0,0,0
1,300.4,310.8,1491.0,35.9,148,0,0,0,0,0,0
0,298.5,309.6,1585.0,32.2,89,0,0,0,0,0,0
1,298.8,309.8,1477.0,46.7,59,0,0,0,0,0,0
0,300.5,309.5,1795.0,27.7,117,0,0,0,0,0,0
1,298.0,308.5,1585.0,33.0,24,0,0,0,0,0,0
0,297.2,308.6,1774.0,23.0,30,0,0,0,0,0,0
0,300.2,311.4,1425.0,44.2,84,0,0,0,0,0,0
0,300.8,310.7,1525.0,39.4,175,0,0,0,0,0,0
0,302.6,312.1,1439.0,52.3,35,0,0,0,0,0,0
1,301.7,310.6,1876.0,22.1,99,0,0,0,0,0,0
2,300.1,309.6,1463.0,45.1,113,0,0,0,0,0,0
2,300.7,309.6,1390.0,48.5,7,0,0,0,0,0,0
0,300.7,312.3,1898.0,24.0,60,0,0,0,0,0,0
2,297.8,308.4,1550.0,38.2,185,0,0,0,0,0,0
0,301.8,311.0,1606.0,33.3,4,0,0,0,0,0,0
1,300.6,310.8,1389.0,48.1,88,0,0,0,0,0,0
1,297.0,307.9,1414.0,46.2,165,0,0,0,0,0,0
1,297.5,308.7,1697.0,28.1,107,0,0,0,0,0,0
0,297.4,308.2,1402.0,49.7,41,0,0,0,0,0,0
0,300.7,310.5,1899.5,21.0,194,0,0,0,0,0,0
1,303.0,311.2,1614.0,35.7,207,0,0,0,0,0,0
1,301.4,310.5,1495.0,52.5,201,0,0,0,0,0,0
0,300.1,311.4,1484.0,43.1,13,0,0,0,0,0,0
0,302.5,310.3,1446.0,44.0,146,0,0,0,0,0,0
1,297.3,309.0,1556.0,39.5,168,0,0,0,0,0,0
1,299.7,308.9,1551.0,35.4,82,0,0,0,0,0,0
0,301.3,310.6,1560.0,36.8,113,0,0,0,0,0,0
1,301.9,309.6,1439.0,41.7,201,0,0,0,0,0,0
1,302.3,311.3,1625.0,33.1,137,0,0,0,0,0,0
2,302.7,310.4,1305.0,55.2,20,0,0,0,0,0,1
1,300.8,312.4,1811.0,25.1,136,0,0,0,0,0,0
1,298.3,309.1,1404.0,47.0,15,0,0,0,0,0,0
1,297.7,308.8,1350.0,57.0,105,0,0,0,0,0,0
0,300.3,311.8,1413.0,46.0,182,0,0,0,0,0,0
1,303.3,312.4,1505.0,38.9,68,0,0,0,0,0,0
0,298.1,307.9,1698.0,33.3,40,0,0,0,0,0,0
0,298.0,309.0,1679.0,32.4,90,0,0,0,0,0,0
2,300.6,311.7,1427.0,44.6,87,0,0,0,0,0,0
1,302.4,310.5,1500.0,36.7,164,0,0,0,0,0,0
0,298.2,308.1,1306.0,58.3,35,0,0,0,0,0,0
1,299.6,311.1,1649.0,33.8,133,0,0,0,0,0,0
0,297.4,309.2,1428.0,38.8,26,0,0,0,0,0,0
1,302.3,311.1,1338.0,53.3,63,0,0,0,0,0,0
0,303.8,313.1,1869.0,25.8,211,0,0,0,0,0,0
1,303.9,313.3,1567.0,35.0,168,0,0,0,0,0,0
0,300.8,310.7,1461.0,42.8,173,0,0,0,0,0,0
0,298.8,309.9,1629.0,31.9,49,0,0,0,0,0,0
0,300.0,309.5,1506.0,38.8,87,0,0,0,0,0,0
0,300.1,311.4,1604.0,35.0,191,0,0,0,0,0,0
0,301.3,310.6,1451.0,47.5,42,0,0,0,0,0,0
1,301.8,310.1,1899.5,13.9,205,0,0,0,0,0,1
0,299.0,308.6,1899.5,22.3,102,0,0,0,0,0,0
2,298.9,310.1,1366.0,62.7,161,0,0,0,0,0,0
0,298.0,309.1,1473.0,44.3,124,0,0,0,0,0,0
0,300.4,310.6,1384.0,48.7,24,0,0,0,0,0,0
1,301.3,311.0,1495.0,40.8,148,0,0,0,0,0,0
1,297.6,309.3,1464.0,46.2,218,0,0,0,0,0,0
2,303.6,312.4,1436.0,45.6,9,0,0,0,0,0,0
0,301.4,310.8,1543.0,36.9,97,0,0,0,0,0,0
2,300.1,311.6,1674.0,29.6,85,0,0,0,0,0,0
0,302.8,312.4,1523.0,39.7,239,0,0,0,0,0,0
1,301.6,310.8,1664.0,32.0,58,0,0,0,0,0,0
0,298.9,310.1,1510.0,38.0,52,0,0,0,0,0,0
0,298.2,309.0,1341.0,43.8,171,0,0,0,0,0,0
0,297.9,308.9,1393.0,40.6,45,0,0,0,0,0,0
0,298.5,309.3,1570.0,40.1,131,0,0,0,0,0,0
1,301.5,310.5,1412.0,44.1,184,0,0,0,0,0,0
0,298.6,309.8,1505.0,45.7,144,0,0,0,0,0,0
1,298.4,309.5,1344.0,45.3,122,0,0,0,0,0,0
0,297.4,308.1,1348.0,57.4,66,0,0,0,0,0,0
1,298.6,309.8,1430.0,43.1,80,0,0,0,0,0,0
1,302.5,312.1,1454.0,47.6,37,0,0,0,0,0,0
0,300.4,311.3,1639.0,34.6,24,0,0,0,0,0,0
0,298.3,307.9,1502.0,42.0,103,0,0,0,0,0,0
0,303.3,311.3,1389.0,53.9,39,0,0,0,0,0,0
0,299.6,309.2,1713.0,26.5,167,0,0,0,0,0,0
0,299.7,309.4,1445.0,42.9,55,0,0,0,0,0,0
0,297.0,307.7,1502.0,39.4,126,0,0,0,0,0,0
0,298.8,308.5,1490.0,35.0,29,0,0,0,0,0,0
1,302.7,312.1,1564.0,32.1,188,0,0,0,0,0,0
1,299.0,310.0,1486.0,34.6,91,0,0,0,0,0,0
0,301.5,310.5,1556.0,39.1,48,0,0,0,0,0,0
1,299.1,308.6,1491.0,38.5,166,0,0,0,0,0,0
2,300.7,312.1,1490.0,43.1,159,0,0,0,0,0,0
0,297.0,307.9,1436.0,47.7,191,0,0,0,0,0,0
0,298.8,309.3,1357.0,47.1,176,0,0,0,0,0,0
0,297.5,308.2,1327.0,56.5,189,0,0,0,0,0,0
1,298.7,309.0,1843.0,25.8,130,0,0,0,0,0,0
1,302.3,310.9,1710.0,30.4,218,0,0,0,0,0,1
0,302.7,312.4,1433.0,44.2,17,0,0,0,0,0,0
0,300.8,312.4,1825.0,23.8,127,0,0,0,0,0,0
1,301.9,311.1,1380.0,51.6,184,0,0,0,0,0,0
0,300.4,309.7,1740.0,31.1,113,0,0,0,0,0,0
0,298.3,308.0,1361.0,56.9,81,0,0,0,0,0,0
0,300.7,310.6,1654.0,34.2,89,0,0,0,0,0,0
2,299.3,309.0,1425.0,40.6,123,0,0,0,0,0,0
1,303.5,312.3,1593.0,35.2,29,0,0,0,0,0,0
0,300.5,309.5,1542.0,38.5,108,0,0,0,0,0,0
1,297.9,307.7,1364.0,46.8,89,0,0,0,0,0,0
1,296.9,307.8,1828.0,24.6,91,0,0,0,0,0,0
1,299.8,311.2,1706.0,29.2,148,0,0,0,0,0,0
0,297.5,309.2,1426.0,44.8,24,0,0,0,0,0,0
0,298.3,308.0,1242.0,62.0,98,0,0,0,0,0,0
0,297.8,307.6,1446.0,51.4,105,0,0,0,0,0,0
1,299.6,310.9,1630.0,29.8,206,0,0,0,0,0,0
2,303.7,311.9,1332.0,52.7,66,0,0,0,0,0,1
0,300.4,309.5,1711.0,29.2,215,0,0,0,0,0,0
1,302.2,310.6,1570.0,34.6,163,0,0,0,0,0,0
0,300.7,311.1,1899.5,13.8,163,0,0,0,0,0,0
0,297.4,308.2,1419.0,50.0,52,0,0,0,0,0,0
1,300.8,311.1,1583.0,32.1,116,0,0,0,0,0,0
1,300.3,311.8,1607.0,33.7,199,0,0,0,0,0,0
0,298.2,308.7,1407.0,45.1,49,0,0,0,0,0,0
0,304.0,313.0,1407.0,42.1,5,0,0,0,0,0,0
2,299.2,310.5,1329.0,48.9,30,0,0,0,0,0,0
0,301.6,310.7,1429.0,43.6,176,0,0,0,0,0,0
0,303.8,312.5,1523.0,47.0,152,0,0,0,0,0,0
0,300.8,311.3,1462.0,41.4,75,0,0,0,0,0,0
0,303.3,312.2,1457.0,40.7,48,0,0,0,0,0,0
0,297.6,308.5,1574.0,37.1,121,0,0,0,0,0,0
0,302.4,311.1,1565.0,42.8,163,0,0,0,0,0,0
0,298.3,308.5,1539.0,36.1,168,0,0,0,0,0,0
0,297.7,309.1,1563.0,39.3,56,0,0,0,0,0,0
0,302.0,310.6,1361.0,46.7,182,0,0,0,0,0,0
0,298.5,309.6,1462.0,45.1,115,0,0,0,0,0,0
0,301.0,312.3,1445.0,36.4,105,0,0,0,0,0,0
1,296.9,307.4,1521.0,37.9,27,0,0,0,0,0,0
1,297.6,308.8,1683.0,31.6,79,0,0,0,0,0,0
0,298.9,310.1,1442.0,48.0,181,0,0,0,0,0,0
0,298.6,309.8,1496.0,37.7,134,0,0,0,0,0,0
1,301.4,311.2,1434.0,47.6,52,0,0,0,0,0,0
1,302.5,311.9,1414.0,51.6,205,0,0,0,0,0,0
0,301.5,310.4,1543.0,34.0,55,0,0,0,0,0,0
1,303.8,312.5,1899.5,15.2,146,0,0,0,0,0,0
2,300.4,310.1,1484.0,38.0,198,0,0,0,0,0,0
0,302.8,312.5,1694.0,28.4,66,0,0,0,0,0,0
0,301.9,311.3,1366.0,55.6,57,0,0,0,0,0,0
1,303.6,311.8,1659.0,34.7,94,0,0,0,0,0,0
0,300.6,309.6,1682.0,30.7,78,0,0,0,0,0,0
1,298.9,309.3,1632.0,32.5,55,0,0,0,0,0,0
0,302.4,312.0,1545.0,36.4,12,0,0,0,0,0,0
0,297.6,308.9,1449.0,47.7,209,0,0,0,0,0,0
2,296.3,307.2,1424.0,42.0,196,0,0,0,0,0,0
0,299.4,309.0,1404.0,47.3,86,0,0,0,0,0,0
0,302.2,311.5,1616.0,34.0,19,0,0,0,0,0,0
1,303.3,311.3,1566.0,46.1,41,0,0,0,0,0,0
2,297.8,309.0,1410.0,48.8,23,0,0,0,0,0,0
0,300.1,310.5,1394.0,44.3,121,0,0,0,0,0,0
0,296.9,307.8,1571.0,35.0,102,0,0,0,0,0,0
1,299.6,309.1,1366.0,55.2,95,0,0,0,0,0,0
0,300.3,311.7,1333.0,55.2,18,0,0,0,0,0,0
0,299.8,309.4,1467.0,46.2,219,0,0,0,0,0,0
0,299.3,308.8,1603.0,33.9,203,0,0,0,0,0,0
0,302.4,311.8,1465.0,40.2,143,0,0,0,0,0,0
0,300.3,311.7,1545.0,43.5,160,0,0,0,0,0,0
1,297.1,307.9,1899.5,20.3,159,0,0,0,0,0,0
1,300.1,310.1,1402.0,46.6,10,0,0,0,0,0,0
0,296.5,307.4,1523.0,40.7,85,0,0,0,0,0,0
0,297.7,308.8,1616.0,34.2,114,0,0,0,0,0,0
0,299.6,308.9,1422.0,53.2,120,0,0,0,0,0,0
0,298.4,309.3,1549.0,40.8,139,0,0,0,0,0,0
1,302.2,311.2,1561.0,34.9,106,0,0,0,0,0,0
0,295.5,306.1,1650.0,32.8,67,0,0,0,0,0,0
1,298.9,309.9,1357.0,54.5,121,0,0,0,0,0,0
2,301.2,309.9,1362.0,50.7,25,0,0,0,0,0,0
0,297.5,308.8,1603.0,36.7,184,0,0,0,0,0,0
1,302.7,312.2,1585.0,35.5,167,0,0,0,0,0,0
0,299.5,310.8,1374.0,48.3,154,0,0,0,0,0,0
0,298.3,308.4,1329.0,49.2,166,0,0,0,0,0,0
0,298.8,309.9,1550.0,38.8,53,0,0,0,0,0,0
1,299.6,310.8,1603.0,35.4,202,0,0,0,0,0,0
0,301.6,310.9,1492.0,45.2,155,0,0,0,0,0,0
0,302.6,310.3,1642.0,33.2,82,0,0,0,0,0,0
1,298.5,309.5,1535.0,39.8,87,0,0,0,0,0,0
0,300.0,309.9,1608.0,33.4,76,0,0,0,0,0,0
0,303.5,312.4,1574.0,32.7,175,0,0,0,0,0,0
0,301.2,311.4,1757.0,28.0,6,0,0,0,0,0,0
0,302.3,310.8,1377.0,47.3,22,0,0,0,0,0,1
0,299.3,310.2,1495.0,49.2,16,0,0,0,0,0,0
0,297.9,307.7,1353.0,50.7,13,0,0,0,0,0,0
0,300.0,311.2,1418.0,47.3,60,0,0,0,0,0,0
2,300.5,309.5,1635.0,34.2,62,0,0,0,0,0,0
1,303.4,312.6,1899.5,12.800000000000011,65,0,0,0,0,0,1
0,302.1,310.7,1465.0,40.7,13,0,0,0,0,0,0
0,302.1,311.5,1727.0,27.7,50,0,0,0,0,0,0
0,303.6,312.0,1309.0,52.9,86,0,0,0,0,0,1
0,301.1,310.1,1417.0,46.9,35,0,0,0,0,0,0
1,302.3,310.9,1581.0,36.1,109,0,0,0,0,0,0
1,303.1,311.0,1510.0,47.6,16,0,0,0,0,0,0
1,302.4,311.0,1464.0,44.2,106,0,0,0,0,0,0
1,297.7,308.1,1469.0,48.8,183,0,0,0,0,0,0
1,299.8,309.6,1331.0,50.2,98,0,0,0,0,0,0
0,295.6,306.2,1426.0,48.6,124,0,0,0,0,0,0
0,297.3,308.3,1333.0,55.2,11,0,0,0,0,0,0
1,302.6,310.4,1532.0,36.1,77,0,0,0,0,0,0
0,300.6,312.0,1670.0,29.4,134,0,0,0,0,0,0
0,302.5,311.4,1674.0,27.0,223,0,0,0,0,0,0
1,303.8,313.2,1732.0,29.6,147,0,0,0,0,0,0
0,300.1,309.1,1478.0,46.9,116,0,0,0,0,0,0
0,298.4,309.3,1716.0,28.4,66,0,0,0,0,0,0
0,303.2,311.2,1439.0,43.9,30,0,0,0,0,0,0
0,298.9,309.8,1287.0,61.9,216,0,0,0,0,0,1
0,298.1,307.8,1432.0,49.8,198,0,0,0,0,0,0
1,298.5,309.7,1552.0,34.0,205,0,0,0,0,0,0
1,298.1,307.9,1463.0,47.3,206,0,0,0,0,0,0
0,302.3,311.7,1793.0,25.3,200,0,0,0,0,0,0
0,298.0,307.8,1716.0,26.6,9,0,0,0,0,0,0
0,298.9,310.0,1515.0,42.9,170,0,0,0,0,0,0
0,296.5,307.3,1579.0,34.5,166,0,0,0,0,0,0
0,303.2,312.6,1281.0,57.0,144,0,0,0,0,0,0
0,298.4,309.5,1376.0,50.4,202,0,0,0,0,0,0
0,302.0,310.5,1370.0,44.4,85,0,0,0,0,0,1
0,302.2,311.5,1481.0,40.4,93,0,0,0,0,0,0
0,299.6,310.7,1393.0,52.1,110,0,0,0,0,0,0
1,298.9,308.6,1469.0,34.2,93,0,0,0,0,0,0
0,300.5,309.9,1443.0,48.3,122,0,0,0,0,0,0
0,300.9,310.4,1454.0,43.1,43,0,0,0,0,0,0
0,299.1,308.5,1676.0,31.0,69,0,0,0,0,0,0
1,300.4,311.7,1511.0,33.0,200,0,0,0,0,0,0
0,301.0,312.1,1405.0,46.1,79,0,0,0,0,0,0
0,298.9,308.2,1510.0,43.5,46,0,0,0,0,0,0
1,297.6,308.4,1398.0,48.9,63,0,0,0,0,0,0
0,301.2,311.0,1612.0,32.9,129,0,0,0,0,0,0
1,300.6,309.7,1899.5,22.8,15,0,0,0,0,0,0
0,299.3,310.7,1495.0,39.2,144,0,0,0,0,0,0
0,300.9,310.7,1523.0,35.8,205,0,0,0,0,0,0
0,302.2,311.9,1596.0,38.0,156,0,0,0,0,0,0
0,299.3,310.5,1529.0,41.3,17,0,0,0,0,0,0
0,300.0,311.4,1655.0,29.6,30,0,0,0,0,0,0
1,302.3,311.4,1479.0,45.6,59,0,0,0,0,0,0
0,298.8,309.1,1368.0,50.8,115,0,0,0,0,0,0
0,298.8,309.9,1351.0,47.2,73,0,0,0,0,0,0
0,300.1,310.0,1511.0,41.7,186,0,0,0,0,0,0
0,297.0,307.9,1529.0,42.2,157,0,0,0,0,0,0
2,297.7,307.3,1249.0,62.8,47,0,0,0,0,0,0
0,297.3,308.1,1615.0,35.4,217,0,0,0,0,0,1
0,303.5,312.9,1332.0,52.9,66,0,0,0,0,0,0
1,300.2,309.8,1466.0,45.7,41,0,0,0,0,0,0
0,297.4,308.6,1680.0,32.8,200,0,0,0,0,0,0
1,298.2,307.8,1566.0,33.8,100,0,0,0,0,0,0
1,302.4,310.1,1577.0,35.8,136,0,0,0,0,0,0
1,299.3,308.8,1442.0,49.0,165,0,0,0,0,0,0
0,304.2,313.3,1464.0,45.9,48,0,0,0,0,0,0
0,300.5,311.9,1511.0,41.8,205,0,0,0,0,0,0
0,298.5,308.4,1513.0,33.6,172,0,0,0,0,0,0
1,299.2,308.3,1364.0,51.8,104,0,0,0,0,0,0
0,300.6,309.4,1549.0,43.4,233,0,0,0,0,0,0
0,301.1,310.1,1666.0,27.2,40,0,0,0,0,0,0
0,300.5,310.8,1354.0,51.8,157,0,0,0,0,0,0
1,301.9,310.6,1475.0,47.8,179,0,0,0,0,0,0
0,299.7,310.2,1633.0,36.5,24,0,0,0,0,0,0
1,297.6,308.8,1357.0,49.7,104,0,0,0,0,0,0
2,299.7,310.8,1418.0,46.6,197,0,0,0,0,0,0
0,298.8,308.6,1268.0,55.8,155,0,0,0,0,0,0
1,303.4,311.5,1483.0,43.0,117,0,0,0,0,0,0
0,303.1,311.1,1420.0,55.8,113,0,0,0,0,0,0
2,295.7,306.2,1458.0,49.8,151,0,0,0,0,0,0
2,302.5,311.8,1899.5,14.7,198,0,0,0,0,0,0
0,298.3,309.4,1570.0,35.6,138,0,0,0,0,0,0
1,295.5,306.0,1423.0,45.3,205,0,0,0,0,0,0
0,298.8,308.6,1599.0,33.0,101,0,0,0,0,0,0
0,300.7,311.9,1476.0,42.0,196,0,0,0,0,0,0
0,299.1,308.3,1426.0,40.1,60,0,0,0,0,0,0
1,302.2,311.2,1663.0,29.6,115,0,0,0,0,0,0
1,300.7,312.4,1371.0,61.7,102,0,0,0,0,0,0
0,298.5,309.6,1419.0,41.5,105,0,0,0,0,0,0
1,300.6,310.7,1566.0,38.2,187,0,0,0,0,0,0
0,298.6,309.8,1899.5,16.2,218,0,0,0,0,0,1
1,303.8,312.5,1448.0,44.3,195,0,0,0,0,0,0
1,301.4,310.6,1630.0,30.3,2,0,0,0,0,0,0
2,302.1,310.1,1615.0,29.9,176,0,0,0,0,0,0
0,300.3,309.9,1621.0,34.1,36,0,0,0,0,0,0
0,300.7,309.5,1251.0,59.9,120,0,0,0,0,0,0
0,298.9,310.1,1466.0,43.4,50,0,0,0,0,0,0
1,300.7,310.7,1347.0,46.5,183,0,0,0,0,0,0
0,302.7,312.1,1688.0,32.0,155,0,0,0,0,0,0
0,297.3,308.5,1514.0,44.5,177,0,0,0,0,0,0
0,297.8,308.4,1622.0,38.3,134,0,0,0,0,0,0
0,297.8,308.8,1579.0,32.9,70,0,0,0,0,0,0
0,300.7,310.1,1565.0,40.2,81,0,0,0,0,0,0
2,299.5,309.4,1386.0,44.4,154,0,0,0,0,0,0
1,303.7,312.7,1612.0,36.3,200,0,0,0,0,0,0
0,300.1,311.3,1547.0,40.0,201,0,0,0,0,0,0
1,301.6,310.7,1457.0,47.8,7,0,0,0,0,0,0
1,302.1,310.0,1531.0,38.0,161,0,0,0,0,0,0
0,298.5,308.6,1522.0,36.9,53,0,0,0,0,0,0
0,298.7,309.9,1464.0,38.0,74,0,0,0,0,0,0
1,300.5,309.7,1685.0,29.4,140,0,0,0,0,0,0
1,303.7,312.8,1634.0,33.8,63,0,0,0,0,0,0
2,301.3,310.8,1434.0,39.5,18,0,0,0,0,0,0
0,298.7,309.1,1607.0,32.7,2,0,0,0,0,0,0
2,303.4,311.8,1693.0,28.3,175,0,0,0,0,0,0
1,299.2,308.5,1474.0,47.2,132,0,0,0,0,0,0
0,300.3,309.9,1527.0,41.4,2,0,0,0,0,0,0
0,300.0,311.4,1634.0,31.9,0,0,0,0,0,0,0
1,298.5,309.3,1615.0,31.8,23,0,0,0,0,0,0
1,299.0,308.9,1526.0,41.1,20,0,0,0,0,0,0
1,296.9,308.0,1497.0,44.8,57,0,0,0,0,0,0
1,301.9,310.9,1317.0,51.9,40,0,0,0,0,0,0
0,299.8,309.0,1567.0,36.1,95,0,0,0,0,0,0
0,302.8,310.9,1312.0,52.2,40,0,0,0,0,0,1
0,300.6,312.0,1406.0,55.1,136,0,0,0,0,0,0
0,299.0,309.4,1693.0,30.1,84,0,0,0,0,0,0
0,301.3,310.6,1376.0,47.6,45,0,0,0,0,0,0
0,301.3,310.4,1501.0,41.6,192,0,0,0,0,0,0
0,297.5,309.1,1515.0,35.1,213,0,0,0,0,0,0
1,301.6,310.8,1548.0,34.2,143,0,0,0,0,0,0
0,301.3,310.3,1560.0,36.3,129,0,0,0,0,0,0
1,297.0,308.1,1507.0,43.1,51,0,0,0,0,0,0
0,302.4,310.4,1456.0,47.6,127,0,0,0,0,0,0
0,297.0,307.8,1316.0,61.2,200,0,0,0,0,0,1
0,300.1,311.5,1549.0,34.7,189,0,0,0,0,0,0
0,297.1,308.0,1348.0,58.0,162,0,0,0,0,0,0
2,297.6,308.3,1400.0,44.3,43,0,0,0,0,0,0
0,300.7,311.2,1486.0,46.8,56,0,0,0,0,0,0
0,298.1,308.7,1671.0,28.8,41,0,0,0,0,0,0
0,302.2,311.4,1430.0,43.1,29,0,0,0,0,0,0
0,297.8,307.4,1418.0,41.2,155,0,0,0,0,0,0
0,297.3,308.4,1491.0,46.5,29,0,0,0,0,0,0
1,302.1,311.5,1341.0,50.8,99,0,0,0,0,0,0
1,298.9,309.8,1363.0,50.6,115,0,0,0,0,0,0
0,300.5,311.7,1409.0,54.7,104,0,0,0,0,0,0
0,301.3,310.0,1506.0,40.8,11,0,0,0,0,0,0
0,300.9,310.4,1541.0,39.1,17,0,0,0,0,0,0
1,298.7,308.5,1360.0,52.9,69,0,0,0,0,0,0
1,300.2,309.4,1329.0,53.6,186,0,0,0,0,0,0
0,297.4,308.4,1582.0,37.2,68,0,0,0,0,0,0
0,298.7,309.8,1365.0,50.5,111,0,0,0,0,0,0
1,297.3,308.3,1459.0,59.6,207,0,0,0,0,0,1
1,302.8,312.3,1416.0,42.7,241,0,0,0,0,0,0
0,297.4,309.2,1698.0,29.4,119,0,0,0,0,0,0
0,299.8,311.2,1564.0,40.0,172,0,0,0,0,0,0
1,302.6,311.4,1757.0,29.5,151,0,0,0,0,0,0
2,298.3,309.3,1529.0,41.7,5,0,0,0,0,0,0
1,297.9,307.9,1336.0,54.4,82,0,0,0,0,0,0
1,302.3,311.3,1444.0,43.1,115,0,0,0,0,0,0
0,297.8,307.8,1383.0,56.5,98,0,0,0,0,0,0
1,300.9,310.7,1362.0,51.6,212,0,0,0,0,0,0
1,297.8,308.4,1579.0,36.6,152,0,0,0,0,0,0
1,299.8,311.0,1899.5,20.0,185,0,0,0,0,0,0
0,300.0,309.0,1899.5,16.9,112,0,0,0,0,0,0
2,300.2,309.3,1342.0,48.7,68,0,0,0,0,0,0
1,298.1,308.0,1374.0,48.8,156,0,0,0,0,0,0
1,298.0,308.6,1376.0,55.7,214,0,0,0,0,0,0
0,300.7,311.7,1499.0,38.4,205,0,0,0,0,0,0
1,299.0,309.0,1804.0,26.8,17,0,0,0,0,0,0
0,302.4,310.4,1666.0,29.7,125,0,0,0,0,0,0
0,300.9,310.8,1701.0,30.4,55,0,0,0,0,0,0
0,298.7,309.9,1621.0,34.1,130,0,0,0,0,0,0
0,302.0,309.8,1532.0,39.4,2,0,0,0,0,0,0
1,297.4,308.5,1465.0,55.9,153,0,0,0,0,0,0
0,298.2,308.3,1568.0,36.0,92,0,0,0,0,0,0
1,300.6,309.5,1492.0,34.0,144,0,0,0,0,0,0
2,295.6,306.0,1396.0,52.4,0,0,0,0,0,0,0
1,299.7,309.1,1603.0,38.5,170,0,0,0,0,0,0
1,299.5,309.0,1701.0,28.6,98,0,0,0,0,0,0
2,299.8,309.3,1595.0,32.1,183,0,0,0,0,0,0
2,302.6,310.4,1614.0,36.0,74,0,0,0,0,0,0
0,302.0,310.5,1899.5,15.8,133,0,0,0,0,0,0
2,299.0,310.1,1899.5,19.7,137,0,0,0,0,0,0
0,301.8,310.6,1403.0,46.8,151,0,0,0,0,0,0
0,297.3,308.2,1754.0,29.4,123,0,0,0,0,0,0
1,297.5,309.2,1804.0,27.4,215,0,0,0,0,0,0
0,297.7,308.5,1501.0,41.4,201,0,0,0,0,0,0
0,301.9,310.7,1370.0,50.3,20,0,0,0,0,0,0
2,295.6,306.1,1623.0,30.9,210,0,0,0,0,0,0
0,300.7,309.5,1541.0,37.2,48,0,0,0,0,0,0
1,301.5,310.6,1424.0,47.0,26,0,0,0,0,0,0
1,301.5,310.6,1403.0,47.4,34,0,0,0,0,0,0
0,304.0,313.0,1899.5,21.1,115,0,0,0,0,0,0
1,302.0,310.5,1639.0,32.9,94,0,0,0,0,0,0
0,297.6,308.7,1365.0,50.6,143,0,0,0,0,0,0
0,299.8,309.5,1739.0,27.5,128,0,0,0,0,0,0
0,303.2,311.2,1427.0,45.6,25,0,0,0,0,0,0
0,301.3,310.0,1665.0,31.4,0,0,0,0,0,0,0
0,303.1,311.4,1829.0,24.5,159,0,0,0,0,0,0
0,298.6,309.3,1677.0,31.2,180,0,0,0,0,0,0
2,298.9,308.7,1500.0,41.6,187,0,0,0,0,0,0
1,304.1,313.3,1494.0,39.0,49,0,0,0,0,0,0
1,303.6,312.1,1899.5,20.9,2,0,0,0,0,0,0
1,299.3,309.1,1703.0,31.3,120,0,0,0,0,0,0
0,302.1,311.2,1519.0,39.3,155,0,0,0,0,0,0
0,302.0,310.8,1383.0,50.3,231,0,0,0,0,0,1
1,302.2,311.2,1347.0,49.8,94,0,0,0,0,0,0
1,302.0,311.2,1418.0,49.5,17,0,0,0,0,0,0
1,298.1,308.8,1811.0,25.4,147,0,0,0,0,0,0
0,299.4,309.1,1645.0,28.6,57,0,0,0,0,0,0
1,302.4,311.9,1439.0,36.6,212,0,0,0,0,0,0
0,299.0,310.1,1470.0,40.3,83,0,0,0,0,0,0
0,298.5,309.5,1561.0,34.8,35,0,0,0,0,0,0
2,301.2,310.6,1457.0,50.5,114,0,0,0,0,0,0
0,295.7,306.3,1899.5,22.4,79,0,0,0,0,0,0
0,299.1,308.3,1431.0,52.3,38,0,0,0,0,0,0
0,299.1,310.3,1619.0,35.2,240,0,0,0,0,0,0
0,300.0,310.5,1517.0,42.2,186,0,0,0,0,0,0
0,300.5,311.6,1385.0,54.8,173,0,0,0,0,0,0
0,298.2,308.4,1379.0,43.1,65,0,0,0,0,0,0
1,297.0,308.0,1408.0,47.9,54,0,0,0,0,0,0
0,304.0,312.9,1363.0,62.5,200,0,0,0,0,0,1
0,298.9,310.1,1401.0,44.4,76,0,0,0,0,0,0
0,299.7,309.1,1715.0,27.8,192,0,0,0,0,0,0
1,300.8,309.7,1519.0,39.7,16,0,0,0,0,0,0
1,300.0,310.2,1443.0,58.7,68,0,0,0,0,0,0
2,300.4,309.6,1416.0,43.3,66,0,0,0,0,0,0
0,299.7,309.6,1419.0,45.1,170,0,0,0,0,0,0
0,298.9,310.3,1583.0,32.6,230,0,0,0,0,0,0
1,299.3,308.8,1648.0,28.4,188,0,0,0,0,0,0
1,302.2,311.5,1863.0,25.7,85,0,0,0,0,0,0
0,299.7,310.9,1477.0,40.4,83,0,0,0,0,0,0
0,299.2,309.0,1615.0,33.7,193,0,0,0,0,0,0
1,297.3,308.1,1709.0,30.6,196,0,0,0,0,0,0
1,301.5,310.5,1600.0,32.8,205,0,0,0,0,0,0
0,300.9,310.0,1671.0,26.8,199,0,0,0,0,0,0
0,299.5,309.1,1476.0,47.8,223,0,0,0,0,0,0
0,298.1,307.5,1391.0,57.4,161,0,0,0,0,0,0
0,301.2,309.9,1687.0,29.7,30,0,0,0,0,0,0
0,301.1,311.2,1564.0,37.0,165,0,0,0,0,0,0
0,299.1,310.5,1739.0,27.4,72,0,0,0,0,0,0
0,298.7,308.5,1483.0,42.5,46,0,0,0,0,0,0
1,298.8,309.8,1551.0,36.6,15,0,0,0,0,0,0
0,300.7,309.7,1598.0,33.7,149,0,0,0,0,0,0
1,298.9,309.8,1899.5,13.9,89,0,0,0,0,0,0
0,300.1,309.6,1642.0,34.5,53,0,0,0,0,0,0
0,300.6,310.6,1514.0,39.5,87,0,0,0,0,0,0
1,298.9,310.6,1720.0,25.3,197,0,0,0,0,0,0
0,299.1,308.9,1467.0,47.2,218,0,0,0,0,0,0
2,300.6,309.6,1888.0,20.5,133,0,0,0,0,0,0
0,300.4,309.8,1314.0,63.1,146,0,0,0,0,0,0
0,300.9,312.1,1474.0,42.4,171,0,0,0,0,0,0
0,298.9,309.1,1369.0,44.4,198,0,0,0,0,0,0
1,298.9,309.0,1899.5,22.6,193,0,0,0,0,0,0
0,302.4,311.1,1520.0,42.2,143,0,0,0,0,0,0
0,297.9,307.6,1589.0,37.8,120,0,0,0,0,0,0
0,300.0,311.2,1629.0,31.7,62,0,0,0,0,0,0
0,299.2,308.5,1340.0,50.0,144,0,0,0,0,0,0
0,298.6,309.6,1387.0,57.6,50,0,0,0,0,0,0
0,304.0,313.0,1899.5,15.0,117,0,0,0,0,0,0
0,297.9,309.1,1504.0,43.0,4,0,0,0,0,0,0
0,300.8,310.0,1468.0,52.7,178,0,0,0,0,0,0
0,297.6,308.6,1526.0,42.1,57,0,0,0,0,0,0
1,297.2,308.3,1429.0,42.0,6,0,0,0,0,0,0
0,297.9,308.8,1613.0,31.4,57,0,0,0,0,0,0
0,303.0,311.3,1365.0,56.2,146,0,0,0,0,0,1
0,302.2,311.5,1725.0,34.0,170,0,0,0,0,0,0
0,301.5,310.7,1423.0,44.0,222,0,0,0,0,0,0
1,301.0,311.5,1530.0,43.9,165,0,0,0,0,0,0
0,303.0,311.2,1494.0,37.0,67,0,0,0,0,0,0
0,299.0,308.6,1378.0,47.8,163,0,0,0,0,0,0
0,301.9,310.4,1708.0,24.8,17,0,0,0,0,0,0
0,298.9,308.6,1522.0,46.4,2,0,0,0,0,0,0
1,298.4,309.2,1597.0,33.5,116,0,0,0,0,0,0
0,303.8,312.7,1461.0,38.2,188,0,0,0,0,0,0
0,297.7,309.6,1529.0,35.2,153,0,0,0,0,0,0
0,303.6,312.7,1418.0,44.1,118,0,0,0,0,0,0
1,297.6,308.5,1360.0,48.6,77,0,0,0,0,0,0
1,301.7,310.3,1787.0,26.7,33,0,0,0,0,0,0
0,297.9,307.6,1430.0,52.4,178,0,0,0,0,0,0
1,300.8,310.6,1669.0,28.4,79,0,0,0,0,0,0
0,302.2,311.1,1447.0,52.1,174,0,0,0,0,0,0
1,300.5,309.9,1899.5,19.8,189,0,0,0,0,0,0
2,298.5,308.7,1450.0,43.9,28,0,0,0,0,0,0
1,298.7,309.9,1654.0,29.1,195,0,0,0,0,0,0
0,296.8,308.0,1391.0,54.4,17,0,0,0,0,0,0
0,301.1,310.2,1455.0,55.3,9,0,0,0,0,0,0
0,301.8,310.5,1593.0,34.9,139,0,0,0,0,0,0
2,300.6,310.5,1519.0,37.0,91,0,0,0,0,0,0
0,302.0,311.0,1563.0,36.2,8,0,0,0,0,0,0
0,297.8,309.7,1341.0,49.2,208,0,0,0,0,0,0
0,298.8,309.8,1509.0,36.2,57,0,0,0,0,0,0
0,297.5,308.8,1587.0,34.9,166,0,0,0,0,0,0
1,297.8,307.4,1488.0,36.1,57,0,0,0,0,0,0
1,298.2,309.0,1446.0,45.8,80,0,0,0,0,0,0
0,300.9,310.8,1493.0,45.8,57,0,0,0,0,0,0
0,297.3,308.6,1273.0,59.8,182,0,0,0,0,0,0
0,300.7,310.5,1448.0,38.2,218,0,0,0,0,0,0
0,298.8,310.0,1389.0,49.6,149,0,0,0,0,0,0
0,297.4,309.2,1459.0,37.9,191,0,0,0,0,0,0
0,298.9,309.0,1410.0,65.7,191,0,0,0,0,0,1
0,302.5,311.8,1335.0,52.7,135,0,0,0,0,0,0
1,298.2,307.8,1583.0,36.6,185,0,0,0,0,0,0
0,298.2,308.2,1446.0,38.2,61,0,0,0,0,0,0
1,304.2,313.5,1437.0,47.2,102,0,0,0,0,0,0
0,300.4,311.2,1436.0,56.8,173,0,0,0,0,0,0
0,300.0,309.1,1882.0,23.8,84,0,0,0,0,0,0
0,300.9,310.2,1382.0,50.4,131,0,0,0,0,0,0
0,302.6,312.0,1781.0,28.5,196,0,0,0,0,0,0
0,299.2,308.4,1465.0,35.0,201,0,0,0,0,0,0
0,301.8,310.6,1192.0,67.19999999999999,135,0,0,0,0,0,0
0,297.3,308.7,1467.0,36.8,216,0,0,0,0,0,0
2,299.7,309.6,1433.0,49.6,129,0,0,0,0,0,0
1,296.6,307.4,1544.0,42.3,170,0,0,0,0,0,0
0,301.0,311.4,1573.0,37.6,103,0,0,0,0,0,0
0,297.4,308.6,1411.0,46.3,138,0,0,0,0,0,0
1,297.4,308.7,1382.0,49.9,151,0,0,0,0,0,0
0,298.7,309.5,1673.0,30.8,141,0,0,0,0,0,0
0,304.2,313.5,1438.0,50.1,100,0,0,0,0,0,0
0,300.5,309.3,1373.0,48.8,211,0,0,0,0,0,0
0,302.4,311.1,1484.0,45.9,169,0,0,0,0,0,0
0,298.1,308.6,1527.0,40.2,16,0,0,0,0,0,0
1,298.7,309.2,1437.0,45.7,195,0,0,0,0,0,0
0,303.5,312.4,1340.0,44.5,76,0,0,0,0,0,0
0,300.3,311.4,1759.0,24.8,34,0,0,0,0,0,0
0,299.8,309.4,1408.0,45.6,156,0,0,0,0,0,0
0,299.2,308.5,1378.0,50.4,220,0,0,0,0,0,1
1,299.1,308.8,1725.0,26.6,172,0,0,0,0,0,0
0,298.9,308.9,1453.0,40.8,11,0,0,0,0,0,0
2,299.1,309.9,1443.0,40.3,0,0,0,0,0,0,0
0,295.8,306.6,1644.0,35.2,115,0,0,0,0,0,0
1,298.4,308.5,1576.0,27.4,55,0,0,0,0,0,0
0,302.1,310.8,1596.0,37.1,43,0,0,0,0,0,0
1,300.8,312.2,1664.0,25.7,150,0,0,0,0,0,0
2,298.4,308.7,1344.0,52.9,130,0,0,0,0,0,0
0,297.7,307.5,1379.0,43.3,111,0,0,0,0,0,0
0,298.3,308.9,1348.0,55.5,102,0,0,0,0,0,0
0,300.9,311.0,1432.0,48.1,59,0,0,0,0,0,0
0,299.2,308.9,1526.0,37.9,177,0,0,0,0,0,0
0,300.8,312.3,1435.0,44.8,134,0,0,0,0,0,0
1,303.4,311.7,1515.0,44.2,168,0,0,0,0,0,0
0,301.9,309.6,1410.0,49.0,223,0,0,0,0,0,0
1,298.2,308.7,1361.0,44.2,0,0,0,0,0,0,0
0,298.7,310.2,1436.0,47.5,32,0,0,0,0,0,0
1,302.4,311.4,1534.0,40.1,41,0,0,0,0,0,0
0,300.6,310.7,1543.0,39.6,60,0,0,0,0,0,0
0,297.4,308.3,1395.0,48.7,21,0,0,0,0,0,0
0,302.7,310.5,1551.0,35.9,6,0,0,0,0,0,0
1,303.4,312.8,1518.0,38.7,103,0,0,0,0,0,0
0,298.3,307.9,1551.0,33.8,72,0,0,0,0,0,0
1,298.1,307.8,1514.0,43.5,78,0,0,0,0,0,0
1,300.5,312.0,1899.5,19.3,143,0,0,0,0,0,0
2,298.0,308.1,1440.0,43.7,37,0,0,0,0,0,0
1,302.0,311.3,1530.0,36.4,27,0,0,0,0,0,0
1,298.4,309.1,1576.0,38.8,167,0,0,0,0,0,0
0,297.4,308.3,1801.0,26.9,11,0,0,0,0,0,0
0,298.4,308.8,1352.0,56.7,24,0,0,0,0,0,0
2,303.9,312.7,1401.0,50.0,129,0,0,0,0,0,0
0,300.7,310.2,1639.0,31.4,48,0,0,0,0,0,0
0,299.6,310.8,1498.0,46.9,116,0,0,0,0,0,0
0,298.2,307.9,1785.0,23.4,181,0,0,0,0,0,0
1,300.7,309.6,1388.0,51.1,160,0,0,0,0,0,0
0,299.2,308.4,1475.0,38.7,22,0,0,0,0,0,0
1,298.9,310.0,1520.0,35.6,48,0,0,0,0,0,0
0,300.9,310.7,1517.0,41.7,210,0,0,0,0,0,0
0,301.4,311.0,1701.0,28.4,127,0,0,0,0,0,0
0,301.7,310.7,1641.0,31.9,192,0,0,0,0,0,0
0,299.3,308.7,1393.0,54.2,80,0,0,0,0,0,0
2,298.1,309.0,1438.0,41.4,60,0,0,0,0,0,0
2,299.1,310.1,1429.0,42.9,96,0,0,0,0,0,0
2,301.5,310.5,1538.0,44.3,43,0,0,0,0,0,0
2,297.3,308.3,1506.0,37.0,54,0,0,0,0,0,0
1,298.3,309.6,1469.0,54.8,191,0,0,0,0,0,0
0,297.9,307.8,1373.0,50.2,130,0,0,0,0,0,0
1,298.1,308.7,1527.0,43.0,56,0,0,0,0,0,0
1,296.8,307.5,1470.0,45.9,132,0,0,0,0,0,0
0,300.7,311.0,1462.0,41.9,126,0,0,0,0,0,0
1,297.8,307.4,1752.0,26.1,52,0,0,0,0,0,0
0,297.6,309.1,1394.0,50.0,62,0,0,0,0,0,0
0,298.6,309.9,1593.0,37.4,47,0,0,0,0,0,0
1,298.0,307.8,1492.0,40.2,197,0,0,0,0,0,0
1,298.7,309.7,1629.0,27.9,136,0,0,0,0,0,0
0,302.7,310.7,1597.0,41.9,15,0,0,0,0,0,0
0,298.8,308.4,1473.0,41.1,128,0,0,0,0,0,0
1,299.2,308.8,1503.0,37.4,109,0,0,0,0,0,0
1,299.6,310.9,1474.0,39.7,64,0,0,0,0,0,0
0,300.8,310.3,1538.0,36.1,198,0,0,0,0,0,0
1,298.4,309.2,1399.0,45.2,125,0,0,0,0,0,0
1,297.3,308.3,1501.0,38.2,2,0,0,0,0,0,0
1,299.3,308.7,1459.0,35.6,87,0,0,0,0,0,0
0,300.2,309.5,1729.0,28.4,131,0,0,0,0,0,0
0,297.3,308.2,1754.0,26.8,125,0,0,0,0,0,0
0,299.0,310.0,1672.0,33.2,144,0,0,0,0,0,0
1,298.3,309.4,1816.0,22.6,138,0,0,0,0,0,0
0,298.3,307.6,1899.5,20.6,176,0,0,0,0,0,0
0,297.5,308.6,1352.0,52.6,12,0,0,0,0,0,0
0,299.1,310.4,1550.0,43.9,79,0,0,0,0,0,0
1,302.2,311.7,1576.0,34.0,28,0,0,0,0,0,0
2,302.5,310.4,1422.0,41.9,156,0,0,0,0,0,0
0,304.2,313.4,1639.0,32.7,63,0,0,0,0,0,0
0,300.6,311.9,1372.0,60.1,212,0,0,0,0,0,1
1,301.7,310.5,1458.0,41.4,153,0,0,0,0,0,0
0,298.1,308.9,1313.0,50.6,108,0,0,0,0,0,0
0,297.8,307.8,1597.0,38.2,11,0,0,0,0,0,0
0,300.9,310.9,1477.0,41.5,100,0,0,0,0,0,0
0,300.3,309.4,1470.0,33.5,148,0,0,0,0,0,0
1,303.8,312.6,1684.0,29.3,167,0,0,0,0,0,0
0,298.8,309.7,1336.0,50.3,44,0,0,0,0,0,0
0,302.2,311.5,1413.0,43.5,83,0,0,0,0,0,0
0,300.4,309.9,1435.0,54.8,70,0,0,0,0,0,0
2,302.6,310.3,1721.0,27.4,79,0,0,0,0,0,0
0,299.7,311.2,1352.0,52.1,176,0,0,0,0,0,0
1,303.7,312.9,1511.0,41.0,33,0,0,0,0,0,0
0,297.5,308.6,1694.0,27.1,36,0,0,0,0,0,0
0,302.3,310.1,1513.0,40.4,22,0,0,0,0,0,0
1,298.0,307.8,1483.0,50.9,26,0,0,0,0,0,0
0,302.3,310.2,1394.0,55.4,57,0,0,0,0,0,0
0,301.5,310.5,1435.0,44.6,135,0,0,0,0,0,0
0,304.2,313.4,1740.0,28.2,78,0,0,0,0,0,0
0,296.9,307.9,1626.0,29.9,177,0,0,0,0,0,0
0,303.4,312.8,1449.0,43.9,94,0,0,0,0,0,0
0,299.1,310.4,1527.0,44.0,149,0,0,0,0,0,0
0,298.1,307.8,1379.0,49.1,135,0,0,0,0,0,0
0,296.4,307.4,1512.0,36.8,46,0,0,0,0,0,0
1,296.8,307.4,1455.0,49.9,102,0,0,0,0,0,0
1,301.6,311.2,1415.0,46.5,82,0,0,0,0,0,0
0,300.0,311.5,1666.0,32.0,128,0,0,0,0,0,0
0,302.2,311.2,1630.0,36.0,169,0,0,0,0,0,0
0,297.8,307.5,1631.0,29.9,144,0,0,0,0,0,0
0,297.3,307.8,1385.0,44.4,169,0,0,0,0,0,0
1,300.1,309.1,1731.0,30.4,92,0,0,0,0,0,0
1,301.0,309.6,1397.0,48.0,135,0,0,0,0,0,0
1,297.1,308.1,1352.0,44.4,0,0,0,0,0,0,0
0,297.3,308.7,1592.0,34.4,158,0,0,0,0,0,0
1,296.1,307.2,1619.0,29.7,17,0,0,0,0,0,0
0,301.4,311.0,1470.0,40.6,86,0,0,0,0,0,0
0,300.6,309.8,1629.0,37.6,162,0,0,0,0,0,0
0,301.6,310.4,1561.0,35.3,156,0,0,0,0,0,0
2,298.8,309.8,1899.5,21.6,126,0,0,0,0,0,0
1,298.7,309.6,1382.0,48.1,186,0,0,0,0,0,0
0,301.5,310.6,1357.0,42.1,212,0,0,0,0,0,0
0,300.6,309.4,1471.0,44.1,244,0,0,0,0,0,0
0,298.6,309.9,1461.0,45.7,49,0,0,0,0,0,0
0,303.7,312.7,1468.0,43.3,168,0,0,0,0,0,0
0,299.1,310.6,1602.0,39.7,144,0,0,0,0,0,0
0,302.0,310.4,1591.0,29.8,105,0,0,0,0,0,0
2,296.9,308.0,1318.0,53.5,88,0,0,0,0,0,0
1,300.8,309.9,1444.0,46.0,180,0,0,0,0,0,0
1,304.1,313.2,1427.0,46.9,123,0,0,0,0,0,0
1,303.3,311.8,1489.0,49.4,64,0,0,0,0,0,0
0,301.8,311.3,1551.0,35.8,61,0,0,0,0,0,0
0,300.8,310.6,1577.0,37.9,227,0,0,0,0,0,1
1,297.7,309.5,1899.5,19.8,39,0,0,0,0,0,0
0,299.3,308.6,1384.0,53.6,218,0,0,0,0,0,1
0,300.9,310.9,1755.0,27.9,148,0,0,0,0,0,0
0,299.3,308.5,1409.0,44.8,91,0,0,0,0,0,0
0,298.0,308.6,1481.0,42.5,54,0,0,0,0,0,0
0,298.8,309.8,1599.0,33.6,131,0,0,0,0,0,0
0,300.7,309.6,1505.0,34.9,7,0,0,0,0,0,0
0,298.1,307.6,1364.0,53.8,129,0,0,0,0,0,0
2,302.4,310.1,1597.0,28.9,179,0,0,0,0,0,0
1,299.4,310.0,1512.0,43.2,47,0,0,0,0,0,0
1,298.8,308.6,1486.0,41.9,92,0,0,0,0,0,0
0,302.5,311.6,1400.0,54.0,196,0,0,0,0,0,0
0,300.3,310.3,1704.0,29.5,0,0,0,0,0,0,0
0,302.4,311.4,1564.0,35.0,122,0,0,0,0,0,0
0,297.6,309.4,1326.0,49.8,199,0,0,0,0,0,0
0,297.4,308.4,1434.0,39.9,2,0,0,0,0,0,0
0,300.4,309.8,1395.0,48.1,201,0,0,0,0,0,0
0,299.9,309.5,1772.0,23.5,167,0,0,0,0,0,0
0,302.1,310.1,1753.0,28.9,176,0,0,0,0,0,0
0,303.0,312.7,1899.5,19.9,102,0,0,0,0,0,0
0,302.0,311.2,1845.0,27.3,45,0,0,0,0,0,0
1,299.0,310.2,1628.0,35.8,64,0,0,0,0,0,0
1,300.2,309.5,1564.0,33.4,183,0,0,0,0,0,0
0,300.7,310.3,1533.0,35.6,198,0,0,0,0,0,0
0,300.4,310.0,1282.0,66.1,40,0,0,0,0,0,0
1,299.6,309.2,1867.0,23.4,225,0,0,0,0,0,1
0,298.4,308.6,1591.0,36.7,122,0,0,0,0,0,0
0,303.8,312.5,1368.0,52.6,123,0,0,0,0,0,0
0,300.9,310.7,1352.0,46.4,212,0,0,0,0,0,0
0,298.9,309.9,1373.0,52.1,108,0,0,0,0,0,0
0,302.5,310.4,1427.0,46.8,179,0,0,0,0,0,0
2,304.0,312.9,1495.0,46.6,0,0,0,0,0,0,0
1,302.6,310.4,1451.0,43.1,35,0,0,0,0,0,0
1,304.2,313.6,1512.0,33.4,146,0,0,0,0,0,0
0,298.9,309.9,1526.0,35.4,96,0,0,0,0,0,0
0,297.9,307.7,1590.0,34.6,57,0,0,0,0,0,0
2,302.5,311.1,1850.0,23.3,203,0,0,0,0,0,0
0,303.5,312.0,1756.0,29.7,28,0,0,0,0,0,0
1,304.3,313.6,1489.0,40.3,196,0,0,0,0,0,0
1,302.7,312.2,1439.0,42.5,164,0,0,0,0,0,0
1,303.9,313.1,1343.0,61.4,14,0,0,0,0,0,0
0,299.2,309.1,1345.0,60.7,191,0,0,0,0,0,1
1,299.5,309.2,1314.0,61.8,45,0,0,0,0,0,0
1,300.4,311.9,1335.0,58.3,9,0,0,0,0,0,0
0,304.3,313.5,1464.0,36.7,194,0,0,0,0,0,0
2,302.3,311.4,1372.0,46.0,86,0,0,0,0,0,0
0,304.4,313.7,1607.0,33.5,5,0,0,0,0,0,0
0,304.2,313.4,1740.0,23.7,86,0,0,0,0,0,0
0,298.2,308.4,1666.0,34.6,74,0,0,0,0,0,0
0,298.5,308.2,1301.0,66.3,42,0,0,0,0,0,1
0,300.7,310.3,1458.0,40.0,207,0,0,0,0,0,0
1,301.5,310.1,1468.0,40.8,32,0,0,0,0,0,0
0,296.3,307.4,1760.0,28.4,56,0,0,0,0,0,0
1,296.5,307.4,1350.0,55.6,69,0,0,0,0,0,0
2,297.6,309.6,1669.0,32.1,155,0,0,0,0,0,0
2,301.0,311.3,1597.0,39.2,66,0,0,0,0,0,0
0,298.7,310.0,1637.0,31.8,42,0,0,0,0,0,0
1,298.1,308.2,1342.0,48.1,54,0,0,0,0,0,0
1,301.5,310.8,1628.0,36.4,167,0,0,0,0,0,0
1,300.9,310.4,1375.0,44.7,87,0,0,0,0,0,0
0,300.8,312.0,1382.0,49.3,177,0,0,0,0,0,0
0,298.4,309.6,1655.0,30.2,146,0,0,0,0,0,0
0,298.2,308.9,1444.0,53.1,83,0,0,0,0,0,0
1,300.8,309.5,1481.0,44.5,49,0,0,0,0,0,0
2,298.2,308.8,1470.0,43.3,61,0,0,0,0,0,0
0,298.6,308.4,1397.0,46.4,36,0,0,0,0,0,0
0,297.5,309.4,1503.0,40.6,144,0,0,0,0,0,0
1,298.6,309.4,1464.0,36.9,179,0,0,0,0,0,0
0,299.3,309.2,1511.0,37.2,129,0,0,0,0,0,0
1,299.4,310.8,1628.0,40.2,111,0,0,0,0,0,0
2,298.2,309.0,1562.0,37.7,36,0,0,0,0,0,0
0,298.8,309.1,1393.0,52.6,167,0,0,0,0,0,0
0,299.0,310.1,1416.0,45.9,47,0,0,0,0,0,0
0,301.4,311.1,1494.0,41.9,142,0,0,0,0,0,0
0,297.9,307.8,1665.0,33.9,102,0,0,0,0,0,0
2,300.7,310.6,1505.0,40.6,179,0,0,0,0,0,0
0,299.0,309.5,1861.0,23.3,73,0,0,0,0,0,0
1,303.4,311.9,1510.0,42.2,36,0,0,0,0,0,0
0,296.6,307.6,1809.0,25.1,86,0,0,0,0,0,0
0,298.1,308.5,1665.0,29.6,20,0,0,0,0,0,0
1,303.6,312.7,1699.0,31.5,105,0,0,0,0,0,0
2,304.0,313.1,1388.0,53.2,91,0,0,0,0,0,0
1,298.6,308.3,1589.0,34.1,174,0,0,0,0,0,0
2,297.6,308.4,1703.0,31.4,205,0,0,0,0,0,0
1,300.0,311.4,1692.0,29.0,216,0,0,0,0,0,1
2,300.2,311.6,1496.0,41.1,60,0,0,0,0,0,0
1,297.7,308.1,1899.5,15.6,186,0,0,0,0,0,0
1,301.8,310.8,1365.0,48.2,199,0,0,0,0,0,0
0,300.1,310.6,1809.0,24.3,97,0,0,0,0,0,0
0,299.7,309.3,1434.0,38.5,127,0,0,0,0,0,0
0,299.9,309.4,1467.0,41.2,20,0,0,0,0,0,0
1,296.8,307.8,1694.0,33.0,115,0,0,0,0,0,0
0,300.5,311.7,1445.0,44.8,83,0,0,0,0,0,0
0,300.0,311.3,1703.0,30.4,85,0,0,0,0,0,0
0,300.2,311.6,1372.0,49.2,195,0,0,0,0,0,0
0,298.8,308.6,1872.0,22.5,82,0,0,0,0,0,0
0,299.8,309.5,1495.0,39.6,10,0,0,0,0,0,0
0,298.5,308.7,1609.0,35.3,117,0,0,0,0,0,0
0,301.0,310.8,1899.5,19.7,17,0,0,0,0,0,0
0,302.1,310.5,1389.0,49.6,169,0,0,0,0,0,0
1,302.3,311.4,1345.0,47.6,67,0,0,0,0,0,0
1,298.5,309.6,1572.0,33.0,127,0,0,0,0,0,0
0,300.7,311.0,1377.0,49.9,124,0,0,0,0,0,0
0,300.3,310.3,1345.0,46.3,50,0,0,0,0,0,0
1,296.9,307.8,1477.0,37.2,160,0,0,0,0,0,0
2,301.3,310.6,1527.0,44.0,114,0,0,0,0,0,0
0,302.4,310.3,1520.0,31.6,121,0,0,0,0,0,0
0,300.9,312.2,1811.0,23.2,72,0,0,0,0,0,0
0,304.2,313.3,1410.0,51.6,47,0,0,0,0,0,0
1,302.0,311.5,1366.0,52.3,54,0,0,0,0,0,0
1,298.0,309.0,1562.0,39.2,155,0,0,0,0,0,0
2,297.2,308.0,1435.0,43.0,202,0,0,0,0,0,0
0,300.4,311.8,1601.0,36.1,0,0,0,0,0,0,0
0,299.0,308.6,1653.0,31.7,100,0,0,0,0,0,0
0,300.1,310.5,1494.0,44.2,117,0,0,0,0,0,0
0,301.3,310.6,1521.0,36.3,166,0,0,0,0,0,0
0,297.3,308.7,1549.0,36.1,218,0,0,0,0,0,0
1,303.5,312.6,1405.0,51.6,62,0,0,0,0,0,0
1,299.7,309.2,1597.0,32.9,135,0,0,0,0,0,0
0,299.7,309.1,1417.0,50.1,187,0,0,0,0,0,0
1,297.3,308.7,1466.0,38.4,27,0,0,0,0,0,0
0,297.8,308.8,1548.0,36.9,64,0,0,0,0,0,0
0,300.7,310.8,1563.0,33.8,104,0,0,0,0,0,0
2,299.3,309.1,1552.0,40.7,120,0,0,0,0,0,0
0,297.1,308.1,1633.0,33.3,192,0,0,0,0,0,0
0,302.8,312.2,1682.0,30.9,58,0,0,0,0,0,0
2,301.5,310.5,1551.0,34.3,166,0,0,0,0,0,0
0,295.6,306.0,1370.0,52.4,115,0,0,0,0,0,0
0,297.6,309.6,1501.0,49.8,222,0,0,0,0,0,1
0,297.9,307.6,1503.0,40.7,124,0,0,0,0,0,0
0,300.5,309.3,1574.0,33.5,101,0,0,0,0,0,0
0,300.4,311.3,1608.0,35.1,114,0,0,0,0,0,0
2,298.0,309.2,1520.0,37.9,89,0,0,0,0,0,0
2,303.6,312.6,1498.0,40.2,155,0,0,0,0,0,0
0,298.0,307.7,1529.0,34.1,11,0,0,0,0,0,0
1,297.6,308.6,1254.0,45.8,31,0,0,0,0,0,0
1,300.7,311.1,1438.0,46.6,103,0,0,0,0,0,0
1,299.2,309.0,1541.0,36.3,104,0,0,0,0,0,0
1,299.8,309.6,1434.0,48.0,82,0,0,0,0,0,0
0,300.6,311.8,1471.0,41.4,39,0,0,0,0,0,0
0,300.3,309.2,1398.0,54.4,198,0,0,0,0,0,0
1,299.1,310.3,1441.0,43.9,94,0,0,0,0,0,0
0,298.2,309.1,1429.0,48.5,164,0,0,0,0,0,0
0,300.4,309.3,1413.0,50.3,101,0,0,0,0,0,0
1,298.7,309.2,1410.0,45.6,47,0,0,0,0,0,0
0,297.6,308.8,1475.0,43.0,119,0,0,0,0,0,0
0,301.2,309.9,1449.0,45.5,23,0,0,0,0,0,0
0,298.1,307.7,1523.0,37.7,80,0,0,0,0,0,0
0,301.5,310.6,1374.0,46.7,32,0,0,0,0,0,0
0,297.6,308.3,1595.0,34.3,41,0,0,0,0,0,0
0,296.8,307.6,1513.0,40.0,130,0,0,0,0,0,0
0,297.4,308.5,1410.0,43.9,47,0,0,0,0,0,0
0,298.7,310.2,1404.0,50.3,54,0,0,0,0,0,0
1,300.7,310.9,1468.0,41.8,112,0,0,0,0,0,0
0,297.2,308.3,1576.0,35.3,113,0,0,0,0,0,0
0,297.9,309.0,1532.0,37.6,47,0,0,0,0,0,0
0,298.2,307.9,1551.0,36.0,186,0,0,0,0,0,0
0,298.7,309.6,1364.0,44.9,106,0,0,0,0,0,0
0,297.3,308.1,1568.0,34.4,194,0,0,0,0,0,0
1,299.6,309.1,1560.0,37.1,73,0,0,0,0,0,0
1,304.2,313.1,1608.0,31.1,20,0,0,0,0,0,0
0,301.3,310.8,1531.0,53.4,57,0,0,0,0,0,0
0,298.4,309.9,1725.0,27.8,21,0,0,0,0,0,0
0,298.0,308.8,1757.0,29.1,71,0,0,0,0,0,0
2,300.3,311.6,1427.0,56.2,8,0,0,0,0,0,0
1,300.4,310.5,1540.0,33.4,32,0,0,0,0,0,0
1,298.1,308.9,1479.0,43.4,105,0,0,0,0,0,0
1,297.4,308.4,1620.0,35.8,215,0,0,0,0,0,0
0,297.4,308.1,1729.0,31.7,204,0,0,0,0,0,0
1,298.0,309.0,1409.0,49.1,85,0,0,0,0,0,0
1,298.1,308.7,1581.0,47.4,51,0,0,0,0,0,0
0,302.0,311.1,1402.0,47.8,182,0,0,0,0,0,0
0,298.4,308.9,1638.0,32.4,109,0,0,0,0,0,0
1,300.9,311.1,1325.0,61.4,88,0,0,0,0,0,0
1,302.2,310.1,1368.0,51.6,12,0,0,0,0,0,1
0,301.3,310.8,1450.0,46.9,59,0,0,0,0,0,0
0,300.6,312.0,1481.0,40.9,132,0,0,0,0,0,0
0,298.4,308.1,1375.0,50.8,94,0,0,0,0,0,0
0,296.8,307.9,1611.0,35.4,72,0,0,0,0,0,0
2,298.5,308.2,1563.0,44.6,163,0,0,0,0,0,0
0,297.1,308.4,1529.0,40.4,165,0,0,0,0,0,0
0,301.4,310.7,1584.0,32.2,17,0,0,0,0,0,0
0,299.4,309.2,1607.0,31.7,145,0,0,0,0,0,0
0,303.3,312.1,1418.0,44.7,83,0,0,0,0,0,0
0,300.3,311.8,1567.0,37.7,180,0,0,0,0,0,0
1,299.3,309.1,1571.0,38.3,59,0,0,0,0,0,0
1,299.1,308.9,1476.0,42.7,225,0,0,0,0,0,0
1,297.9,307.6,1505.0,40.1,166,0,0,0,0,0,0
0,303.8,313.0,1499.0,42.3,38,0,0,0,0,0,0
0,298.8,309.9,1441.0,41.6,62,0,0,0,0,0,0
2,302.6,310.4,1649.0,30.1,62,0,0,0,0,0,0
0,303.9,313.1,1665.0,29.6,0,0,0,0,0,0,0
0,300.9,311.0,1438.0,49.0,61,0,0,0,0,0,0
1,302.3,311.8,1557.0,34.1,185,0,0,0,0,0,0
1,300.6,310.7,1705.0,31.2,181,0,0,0,0,0,0
2,299.3,308.6,1498.0,39.5,47,0,0,0,0,0,0
0,297.5,308.5,1536.0,36.9,108,0,0,0,0,0,0
0,296.4,307.2,1748.0,25.3,144,0,0,0,0,0,0
0,300.7,310.9,1356.0,65.3,66,0,0,0,0,0,1
2,300.7,311.0,1899.5,19.9,99,0,0,0,0,0,0
2,299.3,310.0,1373.0,44.8,221,0,0,0,0,0,0
1,297.9,307.6,1519.0,44.0,37,0,0,0,0,0,0
1,299.2,308.7,1401.0,47.0,198,0,0,0,0,0,0
0,300.4,312.0,1366.0,43.0,117,0,0,0,0,0,0
0,302.1,310.8,1622.0,36.8,45,0,0,0,0,0,0
1,298.1,307.4,1363.0,60.1,187,0,0,0,0,0,0
2,303.6,312.4,1460.0,53.7,214,0,0,0,0,0,0
0,297.0,307.8,1609.0,35.6,193,0,0,0,0,0,0
0,301.7,311.1,1399.0,55.1,156,0,0,0,0,0,0
1,301.1,311.1,1470.0,40.6,159,0,0,0,0,0,0
0,299.1,310.4,1452.0,39.7,151,0,0,0,0,0,0
0,301.6,310.8,1726.0,26.7,150,0,0,0,0,0,0
0,297.5,308.9,1427.0,50.4,17,0,0,0,0,0,0
0,300.9,311.3,1899.5,19.4,107,0,0,0,0,0,0
0,297.9,307.5,1561.0,37.7,16,0,0,0,0,0,0
0,302.6,312.1,1502.0,47.3,171,0,0,0,0,0,0
2,300.5,312.0,1375.0,43.2,108,0,0,0,0,0,0
1,299.8,310.6,1574.0,31.8,113,0,0,0,0,0,0
0,297.6,309.0,1491.0,43.2,7,0,0,0,0,0,0
1,300.8,309.7,1680.0,28.2,189,0,0,0,0,0,0
0,298.5,309.5,1385.0,46.3,203,0,0,0,0,0,1
0,296.9,308.0,1658.0,41.0,74,0,0,0,0,0,0
1,300.2,309.8,1743.0,24.1,18,0,0,0,0,0,0
1,297.9,307.4,1610.0,34.6,219,0,0,0,0,0,0
0,299.9,309.6,1254.0,61.3,124,0,0,0,0,0,0
0,298.1,308.2,1390.0,47.5,33,0,0,0,0,0,0
2,296.6,307.4,1406.0,41.5,189,0,0,0,0,0,0
0,302.7,311.8,1461.0,46.1,10,0,0,0,0,0,0
0,297.9,308.5,1683.0,28.5,63,0,0,0,0,0,0
1,300.0,309.9,1530.0,34.5,71,0,0,0,0,0,0
0,298.4,309.7,1581.0,34.6,150,0,0,0,0,0,0
0,299.1,308.3,1524.0,34.1,128,0,0,0,0,0,0
0,295.6,306.1,1389.0,46.2,113,0,0,0,0,0,0
0,296.3,307.3,1566.0,35.8,175,0,0,0,0,0,0
0,302.2,311.4,1477.0,41.7,15,0,0,0,0,0,0
1,300.2,309.4,1459.0,43.9,39,0,0,0,0,0,0
1,301.9,310.9,1899.5,16.1,42,0,0,0,0,0,0
0,298.8,309.5,1368.0,44.7,147,0,0,0,0,0,0
2,298.7,308.6,1499.0,43.5,84,0,0,0,0,0,0
0,299.6,310.8,1400.0,40.8,118,0,0,0,0,0,0
0,297.2,308.5,1588.0,40.4,190,0,0,0,0,0,0
0,299.8,309.6,1447.0,43.1,12,0,0,0,0,0,0
1,300.3,309.6,1488.0,41.3,172,0,0,0,0,0,0
2,297.8,307.3,1516.0,40.1,166,0,0,0,0,0,0
0,298.3,308.9,1708.0,28.0,42,0,0,0,0,0,0
1,299.5,308.8,1886.0,20.9,117,0,0,0,0,0,0
1,299.2,309.0,1881.0,23.9,137,0,0,0,0,0,0
0,300.7,310.7,1314.0,42.4,198,0,0,0,0,0,0
1,302.0,310.7,1899.5,17.8,17,0,0,0,0,0,0
0,298.8,309.1,1418.0,46.3,133,0,0,0,0,0,0
0,297.5,309.3,1675.0,29.8,72,0,0,0,0,0,0
1,298.8,310.2,1595.0,33.1,34,0,0,0,0,0,0
0,300.8,309.4,1899.5,20.5,111,0,0,0,0,0,0
2,298.8,309.2,1372.0,48.5,120,0,0,0,0,0,0
0,299.0,310.4,1565.0,36.1,127,0,0,0,0,0,0
2,298.2,308.4,1385.0,42.2,98,0,0,0,0,0,0
1,297.3,308.8,1447.0,57.4,134,0,0,0,0,0,0
2,299.8,311.3,1785.0,25.4,139,0,0,0,0,0,0
0,298.5,309.0,1450.0,40.5,199,0,0,0,0,0,0
0,298.9,310.6,1585.0,38.1,7,0,0,0,0,0,0
1,298.2,308.9,1512.0,38.5,28,0,0,0,0,0,0
0,300.1,309.7,1410.0,48.3,118,0,0,0,0,0,0
2,297.2,308.5,1524.0,41.4,192,0,0,0,0,0,0
1,299.4,310.9,1446.0,47.3,12,0,0,0,0,0,0
1,302.2,311.4,1642.0,32.1,42,0,0,0,0,0,0
0,298.2,308.2,1667.0,30.6,59,0,0,0,0,0,0
0,299.9,310.0,1402.0,44.7,204,0,0,0,0,0,0
0,296.7,307.6,1474.0,41.7,148,0,0,0,0,0,0
0,300.9,309.5,1612.0,35.2,124,0,0,0,0,0,0
1,300.6,311.6,1669.0,29.2,200,0,0,0,0,0,0
0,300.1,309.7,1485.0,45.9,100,0,0,0,0,0,0
1,302.3,311.7,1341.0,46.3,194,0,0,0,0,0,0
0,303.8,312.7,1838.0,27.8,181,0,0,0,0,0,0
0,297.5,309.3,1479.0,39.4,22,0,0,0,0,0,0
0,301.2,310.7,1644.0,31.6,166,0,0,0,0,0,0
0,303.0,311.2,1374.0,48.2,65,0,0,0,0,0,1
0,301.7,311.1,1469.0,37.2,128,0,0,0,0,0,0
0,301.0,310.5,1378.0,44.4,83,0,0,0,0,0,0
1,300.4,311.3,1350.0,56.5,31,0,0,0,0,0,0
0,302.0,310.3,1648.0,29.6,157,0,0,0,0,0,0
0,302.6,310.4,1415.0,52.1,12,0,0,0,0,0,0
1,299.3,308.5,1422.0,43.1,186,0,0,0,0,0,0
2,297.4,308.7,1349.0,48.9,120,0,0,0,0,0,0
0,301.0,312.0,1518.0,39.3,196,0,0,0,0,0,0
1,298.8,310.3,1366.0,59.0,94,0,0,0,0,0,0
0,297.5,308.5,1459.0,39.7,69,0,0,0,0,0,0
0,296.9,307.5,1354.0,44.4,16,0,0,0,0,0,0
1,297.4,308.8,1628.0,37.4,144,0,0,0,0,0,0
2,296.9,308.0,1416.0,46.9,105,0,0,0,0,0,0
0,302.8,312.4,1651.0,27.0,200,0,0,0,0,0,0
0,299.1,308.6,1611.0,31.4,161,0,0,0,0,0,0
0,298.0,307.6,1548.0,45.8,111,0,0,0,0,0,0
0,298.6,309.5,1325.0,52.2,127,0,0,0,0,0,0
0,303.2,311.4,1238.0,54.6,226,0,0,0,0,0,1
0,299.0,308.9,1511.0,35.9,16,0,0,0,0,0,0
2,304.1,313.4,1696.0,29.6,65,0,0,0,0,0,0
0,301.3,311.2,1457.0,44.5,14,0,0,0,0,0,0
0,297.5,308.9,1427.0,44.7,135,0,0,0,0,0,0
1,300.9,312.0,1375.0,56.1,182,0,0,0,0,0,0
0,297.1,308.5,1578.0,35.6,46,0,0,0,0,0,0
0,301.4,310.4,1496.0,35.2,153,0,0,0,0,0,0
2,300.5,310.5,1403.0,47.7,24,0,0,0,0,0,0
0,300.3,309.2,1412.0,44.8,200,0,0,0,0,0,0
0,304.1,313.2,1468.0,39.4,148,0,0,0,0,0,0
1,298.2,308.3,1476.0,43.5,129,0,0,0,0,0,0
0,298.6,309.6,1423.0,42.7,82,0,0,0,0,0,0
0,296.0,306.7,1416.0,44.2,46,0,0,0,0,0,0
0,300.5,311.6,1661.0,30.0,158,0,0,0,0,0,0
0,299.0,308.1,1242.0,60.9,117,0,0,0,0,0,0
0,301.5,310.9,1891.0,23.2,122,0,0,0,0,0,0
1,300.6,309.3,1510.0,46.0,87,0,0,0,0,0,0
0,297.5,308.7,1443.0,46.2,110,0,0,0,0,0,0
0,300.3,311.6,1595.0,38.8,154,0,0,0,0,0,0
0,300.7,312.2,1590.0,38.5,148,0,0,0,0,0,0
0,302.2,311.5,1482.0,45.6,87,0,0,0,0,0,0
2,300.8,310.3,1777.0,30.1,38,0,0,0,0,0,0
0,298.4,308.0,1508.0,47.9,25,0,0,0,0,0,0
1,302.1,311.0,1711.0,28.7,83,0,0,0,0,0,0
0,297.2,308.5,1899.5,16.5,127,0,0,0,0,0,0
1,298.7,308.5,1660.0,27.0,50,0,0,0,0,0,0
2,297.5,308.8,1824.0,24.0,179,0,0,0,0,0,0
0,300.9,312.0,1533.0,44.0,162,0,0,0,0,0,0
1,297.3,308.4,1370.0,50.5,71,0,0,0,0,0,0
1,303.6,311.8,1627.0,30.8,104,0,0,0,0,0,0
0,298.1,307.8,1540.0,37.8,203,0,0,0,0,0,0
0,298.3,308.5,1606.0,33.6,67,0,0,0,0,0,0
0,298.4,309.3,1545.0,36.9,3,0,0,0,0,0,0
1,300.1,311.4,1617.0,39.3,47,0,0,0,0,0,0
0,300.0,309.8,1372.0,39.6,105,0,0,0,0,0,0
1,295.7,306.3,1685.0,34.9,84,0,0,0,0,0,0
0,300.6,311.9,1425.0,44.9,224,0,0,0,0,0,0
1,297.8,309.0,1576.0,45.0,17,0,0,0,0,0,0
1,302.4,310.1,1358.0,54.6,61,0,0,0,0,0,1
0,299.4,308.8,1627.0,32.6,124,0,0,0,0,0,0
0,301.8,310.7,1441.0,49.3,58,0,0,0,0,0,0
0,300.4,309.3,1671.0,35.0,209,0,0,0,0,0,0
0,302.0,309.8,1480.0,40.0,199,0,0,0,0,0,0
0,300.5,309.8,1421.0,49.6,211,0,0,0,0,0,0
1,300.2,311.6,1465.0,41.4,78,0,0,0,0,0,0
0,302.6,311.5,1885.0,27.5,147,0,0,0,0,0,0
0,299.2,308.4,1386.0,54.1,26,0,0,0,0,0,0
0,300.2,311.8,1464.0,44.5,179,0,0,0,0,0,0
1,301.8,310.6,1552.0,35.9,97,0,0,0,0,0,0
1,297.7,308.8,1899.5,19.1,111,0,0,0,0,0,0
0,302.1,311.3,1415.0,44.1,43,0,0,0,0,0,0
1,298.8,309.9,1495.0,35.2,60,0,0,0,0,0,0
1,298.9,310.1,1441.0,41.2,189,0,0,0,0,0,0
2,301.4,309.9,1460.0,47.2,22,0,0,0,0,0,0
1,298.2,309.1,1457.0,49.0,77,0,0,0,0,0,0
1,298.7,309.9,1411.0,45.1,51,0,0,0,0,0,0
0,297.5,308.6,1208.0,62.3,28,0,0,0,0,0,0
1,303.1,312.6,1567.0,32.9,132,0,0,0,0,0,0
1,298.7,310.3,1481.0,41.5,83,0,0,0,0,0,0
0,298.7,308.6,1297.0,55.3,148,0,0,0,0,0,0
1,297.4,308.6,1434.0,44.4,193,0,0,0,0,0,0
0,303.0,311.2,1755.0,30.4,205,0,0,0,0,0,0
1,299.3,310.6,1457.0,42.1,104,0,0,0,0,0,0
0,302.0,309.8,1701.0,27.2,4,0,0,0,0,0,0
1,300.4,309.8,1435.0,43.6,203,0,0,0,0,0,0
0,300.9,310.5,1565.0,35.9,81,0,0,0,0,0,0
0,300.9,310.4,1561.0,32.7,67,0,0,0,0,0,0
1,302.1,311.1,1605.0,37.6,171,0,0,0,0,0,0
1,300.2,311.6,1467.0,40.7,23,0,0,0,0,0,0
0,300.3,311.3,1525.0,40.7,105,0,0,0,0,0,0
2,297.5,308.6,1440.0,46.1,84,0,0,0,0,0,0
0,302.6,312.3,1321.0,53.4,42,0,0,0,0,0,0
0,298.1,307.7,1537.0,40.8,169,0,0,0,0,0,0
0,299.3,308.8,1772.0,25.2,89,0,0,0,0,0,0
1,303.1,311.3,1847.0,24.7,212,0,0,0,0,0,0
1,296.9,308.1,1357.0,41.8,127,0,0,0,0,0,0
1,297.4,308.7,1481.0,48.0,117,0,0,0,0,0,0
0,297.5,309.4,1517.0,36.7,233,0,0,0,0,0,0
0,295.4,305.8,1407.0,50.7,192,0,0,0,0,0,0
1,302.6,312.3,1566.0,36.6,46,0,0,0,0,0,0
0,302.5,311.9,1437.0,46.7,65,0,0,0,0,0,0
2,297.7,308.4,1418.0,51.9,77,0,0,0,0,0,0
1,300.1,309.2,1438.0,51.0,211,0,0,0,0,0,0
0,301.5,310.4,1329.0,46.6,24,0,0,0,0,0,0
0,297.5,308.2,1563.0,38.2,15,0,0,0,0,0,0
0,301.0,310.5,1899.5,21.7,79,0,0,0,0,0,0
0,300.5,309.3,1470.0,40.8,219,0,0,0,0,0,0
1,301.6,310.8,1290.0,65.3,63,0,0,0,0,0,0
0,302.5,311.6,1595.0,29.5,35,0,0,0,0,0,0
1,298.1,307.9,1662.0,28.9,76,0,0,0,0,0,0
1,299.8,309.4,1751.0,27.0,173,0,0,0,0,0,0
1,299.9,309.4,1487.0,42.2,198,0,0,0,0,0,0
2,298.6,309.6,1593.0,33.3,95,0,0,0,0,0,0
0,300.0,311.2,1351.0,44.1,206,0,0,0,0,0,0
1,300.8,310.9,1557.0,31.6,52,0,0,0,0,0,0
0,300.4,310.5,1818.0,25.1,14,0,0,0,0,0,0
1,303.4,312.8,1590.0,36.3,113,0,0,0,0,0,0
0,301.2,310.8,1461.0,40.6,47,0,0,0,0,0,0
1,300.1,311.3,1523.0,34.1,135,0,0,0,0,0,0
0,300.1,309.4,1434.0,47.3,127,0,0,0,0,0,0
0,296.7,307.8,1468.0,39.2,35,0,0,0,0,0,0
1,298.3,307.9,1609.0,32.4,151,0,0,0,0,0,0
0,298.2,308.7,1780.0,27.9,35,0,0,0,0,0,0
0,302.5,311.4,1409.0,53.1,126,0,0,0,0,0,0
0,302.6,311.0,1537.0,35.5,91,0,0,0,0,0,0
1,301.3,310.7,1391.0,52.5,61,0,0,0,0,0,0
1,300.1,309.3,1443.0,50.3,196,0,0,0,0,0,0
0,298.7,309.7,1601.0,35.7,176,0,0,0,0,0,0
0,297.5,309.4,1497.0,35.8,44,0,0,0,0,0,0
0,298.3,309.0,1657.0,32.2,179,0,0,0,0,0,0
0,299.4,309.0,1391.0,58.2,135,0,0,0,0,0,0
0,299.9,309.4,1348.0,52.8,31,0,0,0,0,0,0
2,298.3,308.2,1534.0,33.2,75,0,0,0,0,0,0
0,300.5,309.3,1528.0,37.0,221,0,0,0,0,0,0
1,297.6,307.2,1470.0,42.6,44,0,0,0,0,0,0
1,299.9,311.3,1445.0,41.2,169,0,0,0,0,0,0
0,299.2,310.5,1391.0,45.8,38,0,0,0,0,0,0
0,301.6,310.2,1384.0,57.1,68,0,0,0,0,0,0
1,299.8,310.8,1530.0,35.2,163,0,0,0,0,0,0
1,297.9,307.4,1435.0,42.9,18,0,0,0,0,0,0
0,297.5,308.5,1712.0,26.8,136,0,0,0,0,0,0
0,302.2,311.4,1899.5,19.9,200,0,0,0,0,0,0
1,298.6,309.7,1675.0,28.4,115,0,0,0,0,0,0
0,303.0,311.2,1383.0,44.6,198,0,0,0,0,0,0
1,297.7,309.0,1433.0,41.8,16,0,0,0,0,0,0
0,297.5,309.4,1357.0,50.1,137,0,0,0,0,0,0
0,299.6,309.0,1372.0,60.4,149,0,0,0,0,0,0
0,297.5,308.6,1497.0,43.9,91,0,0,0,0,0,0
0,300.7,310.8,1486.0,37.1,186,0,0,0,0,0,0
0,301.7,310.9,1557.0,39.4,2,0,0,0,0,0,0
0,297.3,308.4,1417.0,47.8,31,0,0,0,0,0,0
2,300.4,309.4,1487.0,38.9,185,0,0,0,0,0,0
0,300.0,309.6,1364.0,45.9,16,0,0,0,0,0,0
1,300.4,310.3,1537.0,35.0,33,0,0,0,0,0,0
0,298.4,307.9,1899.5,23.2,16,0,0,0,0,0,0
0,302.6,310.4,1743.0,26.3,191,0,0,0,0,0,0
2,302.3,310.8,1438.0,43.8,119,0,0,0,0,0,0
1,302.9,311.2,1467.0,37.7,73,0,0,0,0,0,0
0,299.9,309.4,1322.0,53.9,33,0,0,0,0,0,0
1,304.2,313.2,1396.0,50.5,11,0,0,0,0,0,0
0,298.4,308.6,1304.0,45.0,158,0,0,0,0,0,0
0,297.7,309.1,1479.0,42.1,58,0,0,0,0,0,0
1,302.0,311.1,1769.0,26.0,10,0,0,0,0,0,0
0,299.1,310.2,1569.0,38.2,155,0,0,0,0,0,0
1,300.2,309.5,1630.0,28.3,51,0,0,0,0,0,0
1,302.6,311.4,1718.0,31.2,154,0,0,0,0,0,0
1,302.2,311.7,1584.0,36.2,63,0,0,0,0,0,0
0,302.8,312.2,1433.0,50.0,216,0,0,0,0,0,0
0,301.5,310.5,1534.0,39.3,119,0,0,0,0,0,0
0,303.6,312.9,1480.0,41.4,135,0,0,0,0,0,0
0,298.3,309.4,1668.0,27.1,136,0,0,0,0,0,0
0,298.9,310.0,1791.0,27.6,166,0,0,0,0,0,0
0,300.1,309.8,1532.0,39.8,115,0,0,0,0,0,0
0,297.4,309.2,1584.0,42.8,186,0,0,0,0,0,0
2,300.6,309.5,1495.0,36.5,79,0,0,0,0,0,0
0,298.8,308.6,1730.0,25.9,59,0,0,0,0,0,0
2,298.7,308.5,1572.0,35.6,202,0,0,0,0,0,0
1,297.9,307.7,1517.0,39.5,69,0,0,0,0,0,0
0,300.6,310.5,1644.0,33.8,148,0,0,0,0,0,0
0,302.2,310.9,1452.0,42.3,56,0,0,0,0,0,0
0,299.3,308.3,1651.0,28.0,6,0,0,0,0,0,0
0,298.1,307.6,1488.0,39.4,157,0,0,0,0,0,0
0,297.3,308.1,1566.0,35.7,156,0,0,0,0,0,0
0,300.0,309.4,1499.0,35.7,46,0,0,0,0,0,0
0,298.4,308.2,1618.0,33.0,61,0,0,0,0,0,0
0,301.7,310.8,1559.0,44.5,135,0,0,0,0,0,0
0,297.4,308.0,1356.0,51.9,184,0,0,0,0,0,0
0,300.7,310.6,1288.0,47.2,216,0,0,0,0,0,0
1,301.3,309.9,1501.0,39.5,27,0,0,0,0,0,0
0,303.4,311.9,1377.0,41.6,34,0,0,0,0,0,1
1,301.8,311.1,1413.0,42.2,9,0,0,0,0,0,0
0,299.1,309.0,1405.0,53.8,18,0,0,0,0,0,0
0,302.1,311.0,1586.0,35.1,142,0,0,0,0,0,0
0,300.7,311.7,1524.0,43.5,222,0,0,0,0,0,0
0,299.3,310.4,1725.0,26.8,167,0,0,0,0,0,0
1,299.6,309.4,1605.0,29.8,142,0,0,0,0,0,0
0,299.2,310.6,1370.0,61.9,42,0,0,0,0,0,0
1,302.6,310.2,1899.5,17.2,94,0,0,0,0,0,0
1,300.7,309.6,1473.0,48.1,87,0,0,0,0,0,0
0,299.3,308.9,1258.0,67.19999999999999,119,0,0,0,0,0,1
0,300.0,309.1,1489.0,40.3,7,0,0,0,0,0,0
0,297.4,308.5,1471.0,43.9,45,0,0,0,0,0,0
1,298.7,309.8,1343.0,53.6,134,0,0,0,0,0,0
0,298.1,310.0,1534.0,33.7,47,0,0,0,0,0,0
0,298.9,309.6,1365.0,50.9,183,0,0,0,0,0,0
0,302.2,311.3,1389.0,46.9,106,0,0,0,0,0,0
1,303.1,312.6,1895.0,23.5,129,0,0,0,0,0,0
0,298.4,308.9,1402.0,44.8,201,0,0,0,0,0,0
0,302.8,312.4,1368.0,49.5,10,0,0,0,0,0,0
0,297.3,308.8,1554.0,36.1,70,0,0,0,0,0,0
2,298.6,308.2,1555.0,36.8,36,0,0,0,0,0,0
0,301.6,311.3,1706.0,29.9,93,0,0,0,0,0,0
1,300.7,311.1,1608.0,35.3,167,0,0,0,0,0,0
0,303.8,312.5,1372.0,45.7,180,0,0,0,0,0,0
1,301.5,310.5,1774.0,25.5,121,0,0,0,0,0,0
0,301.4,311.2,1355.0,50.6,37,0,0,0,0,0,0
1,300.3,311.5,1400.0,43.8,0,0,0,0,0,0,0
0,297.9,308.1,1585.0,33.5,212,0,0,0,0,0,0
0,301.9,310.9,1309.0,48.0,124,0,0,0,0,0,0
0,297.4,308.4,1531.0,41.5,213,0,0,0,0,0,0
0,296.6,307.6,1542.0,37.4,88,0,0,0,0,0,0
0,298.1,308.3,1301.0,56.0,63,0,0,0,0,0,0
1,300.6,312.1,1293.0,52.3,49,0,0,0,0,0,0
0,297.4,309.3,1332.0,53.2,115,0,0,0,0,0,0
0,299.8,310.6,1707.0,32.5,124,0,0,0,0,0,0
1,299.8,309.4,1412.0,47.8,130,0,0,0,0,0,0
0,302.3,311.1,1630.0,35.6,183,0,0,0,0,0,0
1,302.9,312.2,1745.0,25.5,98,0,0,0,0,0,0
1,302.3,311.1,1295.0,57.1,146,0,0,0,0,0,0
1,298.5,309.3,1692.0,26.7,118,0,0,0,0,0,0
0,303.6,312.4,1363.0,53.1,7,0,0,0,0,0,0
0,300.6,309.5,1576.0,38.8,124,0,0,0,0,0,0
1,298.2,308.7,1269.0,60.9,163,0,0,0,0,0,0
0,298.2,307.8,1355.0,51.3,70,0,0,0,0,0,0
0,301.7,310.8,1622.0,37.8,0,0,0,0,0,0,0
2,304.2,313.5,1684.0,29.8,156,0,0,0,0,0,0
0,299.7,309.3,1592.0,34.2,8,0,0,0,0,0,0
0,299.7,309.2,1422.0,40.4,140,0,0,0,0,0,0
0,299.3,308.7,1408.0,48.7,85,0,0,0,0,0,0
2,297.3,308.3,1899.5,19.3,24,0,0,0,0,0,0
1,298.1,309.6,1549.0,38.7,43,0,0,0,0,0,0
0,298.5,309.6,1724.0,26.4,100,0,0,0,0,0,0
2,297.3,308.7,1430.0,42.8,153,0,0,0,0,0,0
0,300.8,312.5,1434.0,50.7,121,0,0,0,0,0,0
1,296.9,307.9,1899.5,20.4,68,0,0,0,0,0,0
0,298.3,308.0,1451.0,47.1,196,0,0,0,0,0,0
0,299.5,310.0,1502.0,38.5,52,0,0,0,0,0,0
0,299.1,310.4,1428.0,46.9,87,0,0,0,0,0,0
0,299.7,311.0,1827.0,25.4,194,0,0,0,0,0,0
0,298.9,308.5,1459.0,43.1,147,0,0,0,0,0,0
2,300.7,312.4,1457.0,47.2,74,0,0,0,0,0,0
0,298.0,308.2,1469.0,45.5,214,0,0,0,0,0,0
0,298.1,309.9,1634.0,30.0,53,0,0,0,0,0,0
0,301.0,311.3,1349.0,47.0,71,0,0,0,0,0,0
0,301.9,310.4,1376.0,54.9,126,0,0,0,0,0,1
0,298.3,308.5,1362.0,53.8,164,0,0,0,0,0,0
1,297.4,309.0,1685.0,30.7,177,0,0,0,0,0,0
0,302.3,311.3,1621.0,31.6,135,0,0,0,0,0,0
0,298.7,309.2,1586.0,31.4,180,0,0,0,0,0,0
0,298.3,308.6,1447.0,38.1,146,0,0,0,0,0,0
1,302.3,311.8,1363.0,54.0,119,0,0,0,0,0,1
0,299.8,309.4,1555.0,34.8,122,0,0,0,0,0,0
0,297.3,308.3,1538.0,38.5,47,0,0,0,0,0,0
1,299.8,309.1,1355.0,56.7,7,0,0,0,0,0,0
0,301.5,310.7,1426.0,46.1,81,0,0,0,0,0,0
1,301.8,310.0,1781.0,23.9,198,0,0,0,0,0,0
1,300.6,310.3,1614.0,32.7,0,0,0,0,0,0,0
1,298.1,309.0,1661.0,38.2,82,0,0,0,0,0,0
0,297.6,309.1,1503.0,38.9,157,0,0,0,0,0,0
0,302.0,310.4,1568.0,39.2,112,0,0,0,0,0,0
0,298.9,310.1,1571.0,36.8,78,0,0,0,0,0,0
0,299.0,308.8,1310.0,50.7,112,0,0,0,0,0,0
0,300.9,310.4,1615.0,30.9,200,0,0,0,0,0,0
0,301.3,311.0,1582.0,35.6,202,0,0,0,0,0,0
0,302.3,310.9,1596.0,33.5,104,0,0,0,0,0,0
0,300.0,311.3,1484.0,53.2,158,0,0,0,0,0,0
0,300.2,311.6,1529.0,35.5,21,0,0,0,0,0,0
0,296.7,307.8,1400.0,47.5,3,0,0,0,0,0,0
0,302.5,310.3,1549.0,40.9,170,0,0,0,0,0,0
0,297.5,308.6,1552.0,44.9,77,0,0,0,0,0,0
0,300.0,309.3,1899.5,22.0,175,0,0,0,0,0,0
0,297.0,308.1,1362.0,52.5,213,0,0,0,0,0,1
2,299.9,311.2,1364.0,49.6,50,0,0,0,0,0,0
0,302.3,310.9,1403.0,47.2,173,0,0,0,0,0,0
0,297.1,308.4,1726.0,28.4,202,0,0,0,0,0,0
0,302.5,310.2,1454.0,43.0,108,0,0,0,0,0,0
0,301.1,311.0,1899.5,21.7,28,0,0,0,0,0,0
1,302.0,310.5,1425.0,44.7,76,0,0,0,0,0,0
0,297.6,308.3,1478.0,42.3,193,0,0,0,0,0,0
0,302.6,310.6,1549.0,37.5,199,0,0,0,0,0,0
1,302.3,311.4,1855.0,23.9,43,0,0,0,0,0,0
1,300.9,311.3,1801.0,24.6,100,0,0,0,0,0,0
2,301.8,311.1,1543.0,36.4,120,0,0,0,0,0,0
0,296.3,307.3,1372.0,57.7,33,0,0,0,0,0,0
0,302.8,312.4,1376.0,57.1,8,0,0,0,0,0,0
1,298.0,307.5,1431.0,52.9,92,0,0,0,0,0,0
0,298.4,310.0,1554.0,37.3,103,0,0,0,0,0,0
0,300.8,311.7,1753.0,29.0,8,0,0,0,0,0,0
2,302.2,311.1,1553.0,34.1,89,0,0,0,0,0,0
0,301.3,311.2,1668.0,30.1,18,0,0,0,0,0,0
0,300.1,309.4,1464.0,41.7,30,0,0,0,0,0,0
0,299.2,309.9,1516.0,41.4,219,0,0,0,0,0,0
0,297.6,309.0,1528.0,33.8,22,0,0,0,0,0,0
0,301.0,312.3,1424.0,43.5,136,0,0,0,0,0,0
0,299.4,310.5,1749.0,28.1,179,0,0,0,0,0,0
0,298.9,309.1,1452.0,45.5,196,0,0,0,0,0,0
0,300.6,309.8,1502.0,42.4,133,0,0,0,0,0,0
0,298.3,308.9,1708.0,27.3,170,0,0,0,0,0,0
1,301.7,311.0,1505.0,37.1,190,0,0,0,0,0,0
1,303.5,311.6,1562.0,34.2,107,0,0,0,0,0,0
0,299.0,309.9,1548.0,34.5,214,0,0,0,0,0,0
0,298.8,308.9,1402.0,37.9,2,0,0,0,0,0,0
0,300.2,311.7,1553.0,41.3,44,0,0,0,0,0,0
0,303.4,311.7,1406.0,47.1,213,0,0,0,0,0,0
1,302.3,310.8,1611.0,31.8,169,0,0,0,0,0,0
0,297.9,309.1,1442.0,50.3,24,0,0,0,0,0,0
0,303.0,312.3,1899.5,21.9,132,0,0,0,0,0,0
0,297.3,308.3,1494.0,38.2,14,0,0,0,0,0,0
1,300.2,309.4,1501.0,40.0,48,0,0,0,0,0,0
0,297.6,308.3,1438.0,47.8,84,0,0,0,0,0,0
0,301.7,310.8,1385.0,50.7,133,0,0,0,0,0,0
0,298.3,309.1,1421.0,47.4,33,0,0,0,0,0,0
0,296.8,307.6,1398.0,46.7,144,0,0,0,0,0,0
0,299.2,308.9,1588.0,41.5,150,0,0,0,0,0,0
0,302.2,310.6,1632.0,30.5,122,0,0,0,0,0,0
0,299.5,309.3,1422.0,49.2,179,0,0,0,0,0,0
0,301.3,310.6,1416.0,45.2,88,0,0,0,0,0,0
1,297.9,307.5,1642.0,32.4,126,0,0,0,0,0,0
0,304.0,313.1,1564.0,50.9,119,0,0,0,0,0,0
0,298.1,308.5,1498.0,49.4,5,0,0,0,0,0,0
0,300.5,312.0,1453.0,45.1,151,0,0,0,0,0,0
0,303.3,312.2,1506.0,40.0,50,0,0,0,0,0,0
2,300.9,310.6,1686.0,27.7,176,0,0,0,0,0,0
0,302.3,311.1,1546.0,33.1,156,0,0,0,0,0,0
1,297.6,309.2,1442.0,48.1,0,0,0,0,0,0,0
0,301.9,309.8,1507.0,44.7,131,0,0,0,0,0,0
1,302.4,310.5,1372.0,45.7,144,0,0,0,0,0,1
2,300.9,311.2,1518.0,35.0,90,0,0,0,0,0,0
1,304.1,313.5,1587.0,33.6,108,0,0,0,0,0,0
0,297.5,308.5,1340.0,57.4,143,0,0,0,0,0,0
1,300.5,311.5,1370.0,56.1,7,0,0,0,0,0,0
0,295.6,306.2,1263.0,61.8,27,0,0,0,0,0,0
1,298.8,310.3,1573.0,41.8,91,0,0,0,0,0,0
0,301.4,310.7,1436.0,54.1,90,0,0,0,0,0,0
1,300.9,312.1,1297.0,48.6,76,0,0,0,0,0,0
0,300.6,309.5,1899.5,21.4,64,0,0,0,0,0,0
1,299.0,309.0,1351.0,52.2,44,0,0,0,0,0,0
0,298.1,309.9,1563.0,32.8,51,0,0,0,0,0,0
0,301.3,311.1,1454.0,40.3,191,0,0,0,0,0,0
2,297.5,308.4,1490.0,39.7,34,0,0,0,0,0,0
1,297.0,307.9,1412.0,47.4,112,0,0,0,0,0,0
2,301.4,310.6,1674.0,33.6,49,0,0,0,0,0,0
0,303.8,313.0,1427.0,43.0,0,0,0,0,0,0,0
0,300.2,311.8,1436.0,48.2,175,0,0,0,0,0,0
2,300.2,309.9,1899.5,22.9,165,0,0,0,0,0,0
1,297.6,308.6,1414.0,45.4,138,0,0,0,0,0,0
0,302.9,311.1,1555.0,33.9,96,0,0,0,0,0,0
1,304.2,313.7,1899.5,18.4,139,0,0,0,0,0,0
2,302.2,311.1,1476.0,39.6,96,0,0,0,0,0,0
0,298.8,309.8,1663.0,28.2,67,0,0,0,0,0,0
0,300.6,311.3,1531.0,38.5,0,0,0,0,0,0,0
1,295.6,306.1,1462.0,49.2,158,0,0,0,0,0,0
2,300.0,309.7,1529.0,42.4,107,0,0,0,0,0,0
1,301.5,310.7,1336.0,65.6,0,0,0,0,0,0,1
0,302.1,311.2,1422.0,50.3,146,0,0,0,0,0,0
0,301.3,310.9,1899.5,17.4,143,0,0,0,0,0,0
1,298.5,309.0,1899.5,22.0,196,0,0,0,0,0,0
0,297.4,308.6,1276.0,53.6,103,0,0,0,0,0,0
1,299.8,309.1,1456.0,39.4,209,0,0,0,0,0,0
0,301.5,310.5,1351.0,52.9,116,0,0,0,0,0,0
1,297.4,308.0,1601.0,34.6,181,0,0,0,0,0,0
0,298.1,307.7,1899.5,12.800000000000011,125,0,0,0,0,0,1
0,298.9,310.0,1422.0,43.6,78,0,0,0,0,0,0
0,298.8,309.8,1334.0,49.3,42,0,0,0,0,0,0
0,298.8,309.7,1505.0,39.0,131,0,0,0,0,0,0
0,302.4,312.1,1455.0,40.4,28,0,0,0,0,0,0
1,298.7,310.3,1495.0,38.7,88,0,0,0,0,0,0
0,300.0,310.1,1477.0,34.6,195,0,0,0,0,0,0
0,298.4,308.0,1526.0,41.1,162,0,0,0,0,0,0
1,297.4,308.4,1478.0,46.2,95,0,0,0,0,0,0
1,301.5,311.0,1577.0,39.7,118,0,0,0,0,0,0
2,300.4,309.4,1530.0,40.4,112,0,0,0,0,0,0
0,302.3,310.7,1612.0,33.4,139,0,0,0,0,0,0
0,298.2,308.1,1382.0,43.5,37,0,0,0,0,0,0
1,301.7,309.9,1434.0,47.9,189,0,0,0,0,0,0
0,301.7,310.9,1636.0,31.3,42,0,0,0,0,0,0
0,297.7,309.1,1477.0,38.3,60,0,0,0,0,0,0
0,299.8,309.1,1546.0,35.6,93,0,0,0,0,0,0
0,302.2,311.0,1463.0,46.8,150,0,0,0,0,0,0
1,297.1,307.9,1662.0,26.9,183,0,0,0,0,0,0
1,302.1,311.1,1450.0,51.6,86,0,0,0,0,0,0
0,299.2,308.5,1374.0,53.6,143,0,0,0,0,0,0
0,298.4,308.7,1386.0,44.9,135,0,0,0,0,0,0
1,301.5,310.5,1737.0,29.3,114,0,0,0,0,0,0
0,298.4,309.2,1425.0,45.5,11,0,0,0,0,0,0
2,299.2,308.7,1448.0,51.4,173,0,0,0,0,0,0
0,299.0,308.7,1426.0,38.6,16,0,0,0,0,0,0
1,296.8,307.4,1472.0,43.9,30,0,0,0,0,0,0
0,301.9,310.9,1574.0,31.4,27,0,0,0,0,0,0
0,300.3,310.7,1539.0,32.3,123,0,0,0,0,0,0
0,299.0,310.2,1490.0,41.1,54,0,0,0,0,0,0
0,301.9,310.3,1485.0,46.3,24,0,0,0,0,0,0
0,301.4,311.1,1472.0,44.5,159,0,0,0,0,0,0
1,300.9,310.8,1452.0,43.6,185,0,0,0,0,0,0
2,298.7,309.5,1453.0,40.4,108,0,0,0,0,0,0
0,300.6,310.6,1454.0,39.7,67,0,0,0,0,0,0
1,298.8,309.7,1459.0,47.3,141,0,0,0,0,0,0
1,302.5,310.3,1710.0,27.3,186,0,0,0,0,0,0
2,296.9,307.5,1397.0,48.3,22,0,0,0,0,0,0
1,302.1,310.7,1608.0,30.3,81,0,0,0,0,0,0
2,302.5,311.5,1626.0,36.0,44,0,0,0,0,0,0
0,299.0,310.1,1618.0,29.2,62,0,0,0,0,0,0
0,302.2,310.6,1334.0,53.2,159,0,0,0,0,0,1
1,300.1,310.1,1443.0,49.3,61,0,0,0,0,0,0
0,296.5,307.3,1501.0,42.1,162,0,0,0,0,0,0
0,298.3,308.3,1432.0,46.9,65,0,0,0,0,0,0
2,297.4,308.5,1469.0,45.1,63,0,0,0,0,0,0
2,302.6,311.5,1629.0,34.4,228,0,0,0,0,0,1
1,298.3,308.4,1539.0,43.4,69,0,0,0,0,0,0
1,300.0,309.1,1624.0,30.8,155,0,0,0,0,0,0
0,299.0,308.7,1537.0,42.8,202,0,0,0,0,0,0
1,298.9,308.7,1402.0,49.8,167,0,0,0,0,0,0
0,298.1,308.0,1426.0,46.0,61,0,0,0,0,0,0
0,298.0,308.7,1511.0,45.8,114,0,0,0,0,0,0
1,295.6,306.2,1435.0,51.6,126,0,0,0,0,0,0
1,301.6,310.7,1791.0,23.8,81,0,0,0,0,0,0
1,300.6,311.9,1629.0,35.3,0,0,0,0,0,0,0
0,303.8,312.9,1514.0,34.3,180,0,0,0,0,0,0
0,302.0,310.5,1899.5,22.0,106,0,0,0,0,0,0
1,298.6,309.7,1635.0,32.2,110,0,0,0,0,0,0
1,297.9,308.1,1627.0,31.4,209,0,0,0,0,0,0
0,303.4,311.8,1564.0,35.9,171,0,0,0,0,0,0
0,299.1,310.1,1435.0,48.8,229,0,0,0,0,0,1
2,300.4,309.3,1396.0,51.2,54,0,0,0,0,0,0
0,301.1,310.4,1874.0,24.8,47,0,0,0,0,0,0
0,298.0,308.0,1433.0,39.2,87,0,0,0,0,0,0
1,300.0,309.3,1407.0,43.9,138,0,0,0,0,0,0
1,302.3,311.8,1475.0,48.0,180,0,0,0,0,0,0
0,302.8,310.8,1516.0,39.5,23,0,0,0,0,0,0
0,299.1,308.3,1559.0,33.7,30,0,0,0,0,0,0
1,299.0,310.0,1337.0,57.4,146,0,0,0,0,0,0
1,300.5,311.4,1390.0,51.9,68,0,0,0,0,0,0
1,303.7,312.4,1540.0,37.4,146,0,0,0,0,0,0
1,302.8,312.3,1432.0,49.0,218,0,0,0,0,0,0
1,302.3,310.1,1563.0,37.8,31,0,0,0,0,0,0
1,302.2,311.0,1436.0,47.0,187,0,0,0,0,0,0
0,298.1,309.0,1497.0,40.5,58,0,0,0,0,0,0
0,297.3,307.9,1579.0,34.4,193,0,0,0,0,0,0
0,302.6,310.4,1638.0,36.2,84,0,0,0,0,0,0
0,302.1,311.0,1364.0,50.0,205,0,0,0,0,0,0
0,301.0,311.2,1412.0,42.1,64,0,0,0,0,0,0
1,296.9,307.5,1556.0,31.2,116,0,0,0,0,0,0
1,298.2,308.9,1408.0,38.8,20,0,0,0,0,0,0
2,297.1,308.3,1492.0,41.5,141,0,0,0,0,0,0
0,302.3,311.4,1570.0,37.2,15,0,0,0,0,0,0
0,298.9,309.9,1500.0,44.2,115,0,0,0,0,0,0
0,298.5,309.4,1899.5,21.5,164,0,0,0,0,0,0
0,298.9,310.1,1899.5,23.4,192,0,0,0,0,0,0
0,300.5,311.6,1575.0,32.5,168,0,0,0,0,0,0
0,301.9,310.5,1340.0,55.7,204,0,0,0,0,0,1
2,298.3,309.1,1430.0,40.9,162,0,0,0,0,0,0
2,303.8,312.5,1748.0,25.1,175,0,0,0,0,0,0
0,297.9,307.7,1546.0,37.6,72,0,0,0,0,0,0
0,300.9,310.7,1468.0,36.2,208,0,0,0,0,0,0
0,298.8,308.5,1446.0,37.0,11,0,0,0,0,0,0
0,300.9,310.8,1476.0,39.0,10,0,0,0,0,0,0
0,303.0,312.5,1461.0,40.2,127,0,0,0,0,0,0
2,304.0,313.1,1408.0,39.8,132,0,0,0,0,0,0
0,301.5,311.1,1899.5,18.7,103,0,0,0,0,0,0
1,300.6,311.6,1473.0,31.5,69,0,0,0,0,0,0
1,297.2,308.6,1404.0,43.7,160,0,0,0,0,0,0
1,303.8,312.7,1364.0,49.3,167,0,0,0,0,0,0
0,297.5,308.7,1453.0,37.6,112,0,0,0,0,0,0
0,303.4,312.3,1540.0,38.7,96,0,0,0,0,0,0
0,296.2,307.2,1356.0,43.6,22,0,0,0,0,0,0
0,300.5,309.8,1445.0,43.9,164,0,0,0,0,0,0
0,297.1,308.5,1555.0,36.2,0,0,0,0,0,0,0
2,297.6,309.5,1623.0,33.1,224,0,0,0,0,0,0
1,300.6,309.8,1659.0,28.9,127,0,0,0,0,0,0
2,296.6,307.7,1654.0,31.0,91,0,0,0,0,0,0
1,300.8,310.9,1522.0,46.2,56,0,0,0,0,0,0
1,299.5,308.7,1321.0,51.9,114,0,0,0,0,0,0
0,303.5,311.8,1451.0,45.2,173,0,0,0,0,0,0
0,303.2,311.4,1610.0,35.5,63,0,0,0,0,0,0
1,298.1,308.9,1353.0,46.2,173,0,0,0,0,0,0
0,297.9,307.6,1550.0,39.0,35,0,0,0,0,0,0
1,301.2,310.4,1382.0,41.6,117,0,0,0,0,0,0
1,301.4,311.2,1541.0,36.3,28,0,0,0,0,0,0
0,302.6,311.7,1542.0,34.1,137,0,0,0,0,0,0
0,302.6,311.0,1899.5,20.7,137,0,0,0,0,0,0
1,300.9,311.0,1556.0,38.8,127,0,0,0,0,0,0
1,303.7,312.6,1429.0,43.3,189,0,0,0,0,0,0
1,297.2,307.9,1747.0,29.0,188,0,0,0,0,0,0
1,303.0,312.2,1257.0,67.19999999999999,122,0,0,0,0,0,1
0,299.8,309.7,1431.0,40.3,101,0,0,0,0,0,0
1,300.9,310.6,1709.0,29.2,158,0,0,0,0,0,0
2,303.7,312.9,1460.0,49.8,2,0,0,0,0,0,0
0,297.5,308.9,1443.0,43.5,0,0,0,0,0,0,0
0,300.3,311.8,1508.0,43.1,57,0,0,0,0,0,0
1,297.3,308.3,1657.0,31.1,8,0,0,0,0,0,0
0,297.5,308.3,1544.0,40.8,37,0,0,0,0,0,0
0,297.3,308.4,1459.0,39.4,59,0,0,0,0,0,0
0,299.1,310.0,1394.0,46.6,27,0,0,0,0,0,0
2,299.7,309.6,1553.0,41.0,179,0,0,0,0,0,0
0,301.2,310.8,1711.0,28.9,38,0,0,0,0,0,0
0,296.4,307.3,1487.0,37.5,83,0,0,0,0,0,0
0,301.2,311.2,1558.0,34.1,204,0,0,0,0,0,0
0,302.9,312.4,1561.0,34.8,150,0,0,0,0,0,0
0,299.1,308.8,1429.0,50.1,84,0,0,0,0,0,0
0,300.5,311.6,1447.0,45.4,204,0,0,0,0,0,0
1,302.2,310.9,1302.0,53.4,58,0,0,0,0,0,0
0,301.8,310.9,1449.0,36.5,33,0,0,0,0,0,0
0,304.2,313.4,1457.0,49.4,96,0,0,0,0,0,0
1,299.7,310.5,1594.0,35.4,134,0,0,0,0,0,0
1,301.6,310.6,1553.0,38.9,0,0,0,0,0,0,0
0,299.7,309.4,1650.0,29.8,93,0,0,0,0,0,0
1,298.5,309.4,1522.0,47.4,20,0,0,0,0,0,0
1,301.7,310.9,1435.0,48.0,66,0,0,0,0,0,0
0,302.5,310.5,1507.0,39.5,147,0,0,0,0,0,0
1,299.7,309.6,1540.0,34.4,91,0,0,0,0,0,0
2,298.6,309.7,1463.0,39.1,66,0,0,0,0,0,0
0,299.8,309.7,1624.0,34.2,96,0,0,0,0,0,0
0,299.0,310.4,1371.0,53.8,228,0,0,0,0,0,1
1,303.9,313.3,1507.0,34.3,161,0,0,0,0,0,0
1,303.6,312.3,1698.0,31.3,100,0,0,0,0,0,0
1,301.5,311.1,1507.0,38.6,149,0,0,0,0,0,0
0,297.3,308.6,1358.0,47.6,110,0,0,0,0,0,0
0,300.2,311.6,1767.0,26.4,20,0,0,0,0,0,0
0,297.7,308.8,1896.0,24.5,186,0,0,0,0,0,0
0,297.4,309.1,1380.0,41.1,152,0,0,0,0,0,0
0,298.7,310.0,1555.0,32.6,197,0,0,0,0,0,0
0,298.8,310.1,1481.0,47.4,187,0,0,0,0,0,0
0,302.3,311.5,1794.0,26.1,7,0,0,0,0,0,0
1,298.8,308.7,1498.0,39.5,89,0,0,0,0,0,0
0,299.2,310.3,1440.0,47.0,21,0,0,0,0,0,0
0,302.8,312.3,1764.0,29.9,162,0,0,0,0,0,0
0,298.8,309.4,1387.0,54.1,171,0,0,0,0,0,0
1,298.9,310.3,1551.0,35.2,50,0,0,0,0,0,0
0,302.4,311.8,1648.0,30.0,122,0,0,0,0,0,0
0,303.3,311.7,1539.0,38.5,221,0,0,0,0,0,0
0,299.6,310.1,1899.5,20.4,60,0,0,0,0,0,0
0,300.9,310.8,1729.0,30.2,53,0,0,0,0,0,0
0,301.7,310.9,1608.0,33.0,160,0,0,0,0,0,0
0,298.6,309.6,1563.0,35.0,21,0,0,0,0,0,0
0,298.1,307.5,1493.0,43.7,153,0,0,0,0,0,0
1,298.9,308.6,1517.0,39.8,114,0,0,0,0,0,0
0,297.3,307.9,1797.0,24.7,75,0,0,0,0,0,0
0,297.9,309.7,1899.5,16.8,27,0,0,0,0,0,0
0,300.6,309.7,1617.0,33.2,185,0,0,0,0,0,0
1,301.0,311.6,1609.0,35.8,156,0,0,0,0,0,0
1,300.4,310.4,1544.0,36.3,21,0,0,0,0,0,0
1,298.5,308.7,1662.0,28.3,15,0,0,0,0,0,0
0,300.4,309.7,1692.0,27.4,115,0,0,0,0,0,0
0,302.6,311.9,1633.0,30.9,89,0,0,0,0,0,0
0,297.4,308.6,1324.0,59.1,118,0,0,0,0,0,0
0,302.2,311.5,1543.0,38.5,37,0,0,0,0,0,0
1,303.5,312.2,1818.0,23.6,109,0,0,0,0,0,0
1,300.8,311.9,1621.0,28.3,211,0,0,0,0,0,0
0,301.4,310.6,1445.0,43.9,210,0,0,0,0,0,0
0,302.8,312.4,1590.0,34.4,64,0,0,0,0,0,0
0,297.1,308.6,1442.0,37.1,59,0,0,0,0,0,0
0,299.0,310.3,1868.0,24.0,221,0,0,0,0,0,0
0,303.9,313.1,1425.0,49.3,199,0,0,0,0,0,0
0,302.9,312.6,1328.0,59.9,24,0,0,0,0,0,0
0,301.1,311.4,1531.0,38.7,55,0,0,0,0,0,0
0,303.6,312.7,1637.0,32.9,19,0,0,0,0,0,0
0,300.3,309.6,1600.0,34.6,177,0,0,0,0,0,0
1,300.2,310.3,1448.0,40.1,209,0,0,0,0,0,0
0,299.6,310.2,1743.0,24.8,99,0,0,0,0,0,0
0,304.2,313.8,1401.0,53.9,142,0,0,0,0,0,0
1,297.5,308.4,1685.0,28.1,15,0,0,0,0,0,0
0,300.8,310.1,1405.0,61.2,189,0,0,0,0,0,1
0,298.9,310.0,1693.0,28.8,56,0,0,0,0,0,0
0,298.9,310.2,1706.0,27.6,103,0,0,0,0,0,0
0,298.5,308.7,1575.0,33.9,128,0,0,0,0,0,0
0,301.0,310.3,1617.0,34.5,126,0,0,0,0,0,0
0,301.3,310.3,1460.0,41.5,197,0,0,0,0,0,0
0,297.5,308.8,1309.0,57.3,0,0,0,0,0,0,0
0,301.0,311.6,1352.0,63.5,143,0,0,0,0,0,0
1,302.2,310.9,1488.0,44.2,57,0,0,0,0,0,0
0,302.1,310.9,1658.0,30.3,186,0,0,0,0,0,0
0,298.8,310.0,1537.0,39.9,190,0,0,0,0,0,0
0,300.1,311.5,1334.0,54.0,26,0,0,0,0,0,0
1,300.1,309.6,1501.0,38.0,157,0,0,0,0,0,0
2,300.5,309.4,1642.0,36.2,103,0,0,0,0,0,0
1,295.8,306.3,1235.0,67.19999999999999,89,0,0,0,0,0,1
0,302.5,311.5,1603.0,32.4,194,0,0,0,0,0,0
0,295.3,305.7,1475.0,51.0,187,0,0,0,0,0,0
0,301.7,311.2,1418.0,38.0,166,0,0,0,0,0,0
1,297.5,309.4,1831.0,26.6,105,0,0,0,0,0,0
1,298.5,308.3,1440.0,43.6,5,0,0,0,0,0,0
0,301.4,310.8,1285.0,62.6,183,0,0,0,0,0,1
1,302.2,311.6,1386.0,50.5,69,0,0,0,0,0,0
0,300.6,311.7,1528.0,43.9,185,0,0,0,0,0,0
2,297.7,309.3,1400.0,48.9,147,0,0,0,0,0,0
0,295.7,306.1,1408.0,47.9,117,0,0,0,0,0,0
1,295.9,306.6,1532.0,38.6,104,0,0,0,0,0,0
0,297.2,308.1,1712.0,30.9,204,0,0,0,0,0,0
0,299.4,310.5,1514.0,36.1,169,0,0,0,0,0,0
0,301.1,311.2,1774.0,29.6,186,0,0,0,0,0,0
0,298.2,308.9,1278.0,54.0,18,0,0,0,0,0,0
0,301.5,310.8,1382.0,52.4,165,0,0,0,0,0,0
1,299.2,310.6,1443.0,50.9,85,0,0,0,0,0,0
0,296.9,308.1,1555.0,33.7,229,0,0,0,0,0,0
0,303.2,311.3,1393.0,52.9,12,0,0,0,0,0,0
0,303.3,311.4,1630.0,32.5,2,0,0,0,0,0,0
2,297.3,308.7,1478.0,47.6,98,0,0,0,0,0,0
0,296.8,308.0,1675.0,29.7,46,0,0,0,0,0,0
0,298.6,309.6,1386.0,48.6,25,0,0,0,0,0,0
0,302.6,312.1,1668.0,28.7,180,0,0,0,0,0,0
1,300.1,309.2,1457.0,44.3,98,0,0,0,0,0,0
0,303.1,311.2,1679.0,34.8,25,0,0,0,0,0,0
0,297.3,308.7,1587.0,35.8,148,0,0,0,0,0,0
0,303.8,313.1,1458.0,42.2,25,0,0,0,0,0,0
1,301.5,310.6,1899.5,14.2,126,0,0,0,0,0,0
0,302.4,311.8,1416.0,46.1,202,0,0,0,0,0,0
0,302.6,312.1,1288.0,67.19999999999999,0,0,0,0,0,0,1
1,303.7,312.0,1402.0,48.6,76,0,0,0,0,0,0
1,300.8,309.7,1482.0,39.0,171,0,0,0,0,0,0
0,300.1,309.6,1649.0,33.6,168,0,0,0,0,0,0
0,297.7,308.5,1453.0,45.5,86,0,0,0,0,0,0
1,301.9,310.9,1483.0,37.0,35,0,0,0,0,0,0
1,300.7,309.6,1536.0,37.2,19,0,0,0,0,0,0
0,299.4,308.7,1504.0,37.8,112,0,0,0,0,0,0
1,304.4,313.6,1510.0,38.9,199,0,0,0,0,0,0
1,298.6,309.9,1668.0,32.3,6,0,0,0,0,0,0
0,297.5,308.6,1380.0,53.5,192,0,0,0,0,0,0
0,301.0,311.1,1236.0,64.4,177,0,0,0,0,0,1
2,301.6,310.6,1821.0,26.2,171,0,0,0,0,0,0
0,303.0,311.2,1456.0,44.0,142,0,0,0,0,0,0
0,300.6,310.6,1899.5,22.0,24,0,0,0,0,0,0
0,298.5,308.9,1725.0,31.9,205,0,0,0,0,0,0
1,300.8,312.4,1465.0,43.7,139,0,0,0,0,0,0
0,300.7,310.7,1541.0,41.3,82,0,0,0,0,0,0
2,299.4,309.0,1415.0,51.7,62,0,0,0,0,0,0
1,300.7,311.3,1562.0,37.1,58,0,0,0,0,0,0
1,299.0,310.3,1447.0,39.9,78,0,0,0,0,0,0
0,301.6,310.9,1385.0,51.2,132,0,0,0,0,0,0
0,298.4,308.3,1452.0,48.5,73,0,0,0,0,0,0
0,297.8,308.4,1714.0,33.2,177,0,0,0,0,0,0
0,297.6,308.6,1491.0,38.1,152,0,0,0,0,0,0
0,297.2,308.5,1447.0,47.9,188,0,0,0,0,0,0
1,301.3,310.4,1501.0,39.8,187,0,0,0,0,0,0
0,297.5,308.8,1360.0,50.7,190,0,0,0,0,0,0
0,300.6,310.0,1635.0,31.0,107,0,0,0,0,0,0
2,300.6,309.8,1541.0,36.2,166,0,0,0,0,0,0
1,302.4,311.0,1490.0,37.1,168,0,0,0,0,0,0
1,300.9,312.0,1402.0,50.7,185,0,0,0,0,0,0
0,298.2,308.6,1433.0,39.5,7,0,0,0,0,0,0
1,299.8,309.8,1427.0,45.2,106,0,0,0,0,0,0
0,300.9,310.7,1509.0,37.5,12,0,0,0,0,0,0
1,298.6,309.3,1510.0,40.8,177,0,0,0,0,0,0
0,300.7,310.2,1493.0,35.9,10,0,0,0,0,0,0
0,303.7,312.5,1641.0,36.0,125,0,0,0,0,0,0
0,302.1,310.6,1385.0,53.6,5,0,0,0,0,0,0
1,300.9,311.4,1434.0,45.4,118,0,0,0,0,0,0
0,302.7,312.1,1543.0,37.5,33,0,0,0,0,0,0
0,301.5,310.6,1525.0,41.9,204,0,0,0,0,0,0
1,300.4,310.2,1380.0,47.3,5,0,0,0,0,0,0
0,300.8,310.8,1741.0,27.1,39,0,0,0,0,0,0
1,301.8,310.8,1508.0,38.8,96,0,0,0,0,0,0
0,303.9,313.1,1440.0,41.1,12,0,0,0,0,0,0
1,304.0,313.0,1454.0,46.8,30,0,0,0,0,0,0
0,300.7,311.0,1403.0,48.3,70,0,0,0,0,0,0
1,300.7,311.0,1413.0,44.3,72,0,0,0,0,0,0
0,300.2,309.8,1430.0,55.0,102,0,0,0,0,0,0
0,301.5,310.7,1596.0,35.4,150,0,0,0,0,0,0
1,302.3,310.8,1762.0,27.8,127,0,0,0,0,0,0
0,300.3,311.1,1606.0,30.9,156,0,0,0,0,0,0
0,301.2,310.4,1516.0,44.4,53,0,0,0,0,0,0
0,297.9,308.1,1531.0,40.8,2,0,0,0,0,0,0
1,298.6,309.4,1460.0,43.8,138,0,0,0,0,0,0
0,300.5,309.6,1366.0,50.2,219,0,0,0,0,0,0
0,297.0,307.7,1315.0,60.1,128,0,0,0,0,0,0
0,303.5,312.0,1436.0,45.1,32,0,0,0,0,0,0
0,300.6,310.0,1505.0,35.9,95,0,0,0,0,0,0
0,297.5,309.3,1732.0,29.9,32,0,0,0,0,0,0
0,300.7,311.0,1413.0,52.0,91,0,0,0,0,0,0
0,296.9,307.9,1359.0,56.5,110,0,0,0,0,0,0
0,300.7,311.2,1399.0,47.9,80,0,0,0,0,0,0
0,299.0,308.4,1571.0,38.6,5,0,0,0,0,0,0
1,302.1,311.4,1467.0,43.4,33,0,0,0,0,0,0
1,300.7,311.5,1441.0,40.6,33,0,0,0,0,0,0
1,302.6,311.0,1329.0,48.6,111,0,0,0,0,0,1
1,297.3,308.6,1471.0,50.7,157,0,0,0,0,0,0
1,300.3,309.3,1391.0,57.9,204,0,0,0,0,0,0
0,302.6,311.5,1427.0,38.9,213,0,0,0,0,0,0
1,299.1,310.0,1580.0,36.0,195,0,0,0,0,0,0
0,299.0,310.2,1575.0,37.8,42,0,0,0,0,0,0
2,302.7,311.1,1418.0,43.4,130,0,0,0,0,0,0
0,303.1,311.3,1474.0,34.8,215,0,0,0,0,0,0
1,300.7,311.0,1378.0,51.6,130,0,0,0,0,0,0
0,304.1,313.4,1374.0,56.6,115,0,0,0,0,0,0
1,298.8,309.0,1661.0,29.5,162,0,0,0,0,0,0
0,300.8,311.4,1322.0,67.19999999999999,18,0,0,0,0,0,1
1,297.6,308.9,1433.0,43.2,206,0,0,0,0,0,0
0,299.0,308.6,1661.0,32.2,106,0,0,0,0,0,0
1,300.4,311.6,1401.0,49.9,79,0,0,0,0,0,0
1,298.2,309.4,1408.0,46.5,76,0,0,0,0,0,0
1,299.9,309.6,1364.0,44.4,20,0,0,0,0,0,0
0,299.7,309.0,1605.0,33.0,151,0,0,0,0,0,0
1,299.7,309.6,1534.0,39.1,176,0,0,0,0,0,0
2,300.9,312.0,1899.5,17.8,173,0,0,0,0,0,0
0,303.1,311.1,1854.0,22.6,19,0,0,0,0,0,0
0,300.6,309.8,1688.0,28.6,135,0,0,0,0,0,0
1,298.9,308.7,1772.0,28.4,177,0,0,0,0,0,0
0,301.2,311.7,1433.0,49.3,206,0,0,0,0,0,0
1,299.0,310.2,1625.0,31.8,89,0,0,0,0,0,0
0,302.1,310.8,1786.0,25.7,47,0,0,0,0,0,0
1,299.7,309.1,1851.0,24.7,189,0,0,0,0,0,0
0,298.9,308.3,1660.0,34.4,9,0,0,0,0,0,0
2,298.9,309.9,1376.0,51.0,32,0,0,0,0,0,0
0,298.5,308.8,1589.0,30.6,11,0,0,0,0,0,0
0,302.1,310.5,1559.0,36.0,124,0,0,0,0,0,0
0,298.7,310.1,1786.0,27.7,114,0,0,0,0,0,0
2,303.4,311.7,1899.5,19.0,53,0,0,0,0,0,0
0,298.2,308.8,1616.0,33.7,16,0,0,0,0,0,0
0,301.6,311.2,1525.0,43.7,91,0,0,0,0,0,0
0,302.2,311.7,1330.0,54.6,154,0,0,0,0,0,0
1,298.3,308.7,1667.0,28.6,18,0,0,0,0,0,0
0,303.4,312.3,1479.0,42.8,92,0,0,0,0,0,0
0,299.0,309.4,1758.0,25.7,68,0,0,0,0,0,0
0,300.5,311.2,1270.0,67.19999999999999,208,0,0,0,0,0,1
0,298.5,309.1,1474.0,41.3,189,0,0,0,0,0,0
1,301.8,311.3,1624.0,31.6,145,0,0,0,0,0,0
2,300.8,311.4,1453.0,44.6,38,0,0,0,0,0,0
0,300.7,309.5,1592.0,29.0,17,0,0,0,0,0,0
0,300.7,309.6,1500.0,44.1,122,0,0,0,0,0,0
0,302.7,310.5,1446.0,40.9,211,0,0,0,0,0,1
1,301.3,311.1,1492.0,41.2,223,0,0,0,0,0,0
0,298.4,309.2,1651.0,28.5,141,0,0,0,0,0,0
2,300.6,311.1,1452.0,40.2,28,0,0,0,0,0,0
0,304.3,313.6,1409.0,56.0,19,0,0,0,0,0,0
0,300.2,309.7,1656.0,34.3,120,0,0,0,0,0,0
1,299.9,311.4,1480.0,44.9,108,0,0,0,0,0,0
1,299.9,309.9,1639.0,42.1,159,0,0,0,0,0,0
0,301.3,310.3,1626.0,31.3,180,0,0,0,0,0,0
0,303.5,312.4,1390.0,47.3,164,0,0,0,0,0,0
0,300.6,310.4,1446.0,49.7,155,0,0,0,0,0,0
1,298.6,310.2,1668.0,31.5,7,0,0,0,0,0,0
1,298.7,309.7,1868.0,23.8,118,0,0,0,0,0,0
2,300.1,311.5,1422.0,46.2,134,0,0,0,0,0,0
0,298.6,309.6,1491.0,36.9,192,0,0,0,0,0,0
1,300.4,309.4,1875.0,23.9,155,0,0,0,0,0,0
1,295.8,306.5,1514.0,37.7,60,0,0,0,0,0,0
2,303.7,312.8,1488.0,42.8,54,0,0,0,0,0,0
0,299.0,308.7,1449.0,38.9,18,0,0,0,0,0,0
0,298.9,310.0,1899.5,17.4,151,0,0,0,0,0,0
1,298.8,309.7,1477.0,48.5,138,0,0,0,0,0,0
0,301.3,311.0,1348.0,44.5,78,0,0,0,0,0,0
0,303.6,312.8,1710.0,27.2,14,0,0,0,0,0,0
0,300.1,309.7,1641.0,30.4,41,0,0,0,0,0,0
0,302.2,311.4,1397.0,53.0,17,0,0,0,0,0,0
0,299.0,310.1,1531.0,36.0,57,0,0,0,0,0,0
0,299.5,309.1,1502.0,44.6,13,0,0,0,0,0,0
0,303.7,312.9,1461.0,50.1,31,0,0,0,0,0,0
0,300.4,309.7,1467.0,36.9,131,0,0,0,0,0,0
0,297.6,309.5,1574.0,30.9,151,0,0,0,0,0,0
0,299.1,310.1,1894.0,24.2,22,0,0,0,0,0,0
0,300.6,310.2,1489.0,47.8,21,0,0,0,0,0,0
0,298.2,308.4,1452.0,43.5,158,0,0,0,0,0,0
1,303.0,312.5,1524.0,42.1,76,0,0,0,0,0,0
1,297.6,308.7,1419.0,41.7,81,0,0,0,0,0,0
0,297.4,308.7,1433.0,43.4,116,0,0,0,0,0,0
0,298.3,308.0,1363.0,50.1,96,0,0,0,0,0,0
0,301.7,309.8,1398.0,46.0,109,0,0,0,0,0,0
1,300.5,309.3,1881.0,25.5,98,0,0,0,0,0,0
0,300.8,311.9,1486.0,45.1,30,0,0,0,0,0,0
0,302.3,311.6,1309.0,57.6,77,0,0,0,0,0,0
1,303.5,312.4,1606.0,31.7,22,0,0,0,0,0,0
0,300.7,310.2,1807.0,24.2,77,0,0,0,0,0,0
1,303.2,311.4,1899.5,19.0,5,0,0,0,0,0,0
0,302.7,310.5,1725.0,29.0,209,0,0,0,0,0,0
1,297.3,308.5,1625.0,32.8,92,0,0,0,0,0,0
1,302.5,310.4,1605.0,36.0,69,0,0,0,0,0,0
0,300.9,310.8,1490.0,38.1,125,0,0,0,0,0,0
0,297.1,307.8,1681.0,27.6,181,0,0,0,0,0,0
0,298.3,309.0,1471.0,48.3,91,0,0,0,0,0,0
1,298.8,309.7,1392.0,48.7,133,0,0,0,0,0,0
1,297.6,309.6,1530.0,37.3,10,0,0,0,0,0,0
1,301.0,310.9,1554.0,32.7,59,0,0,0,0,0,0
0,295.6,306.0,1899.5,21.9,5,0,0,0,0,0,0
0,302.3,311.4,1535.0,41.8,77,0,0,0,0,0,0
1,297.5,308.2,1624.0,30.9,186,0,0,0,0,0,0
1,297.6,309.7,1541.0,33.7,165,0,0,0,0,0,0
1,300.0,310.1,1314.0,53.5,199,0,0,0,0,0,0
0,299.7,310.6,1616.0,35.1,142,0,0,0,0,0,0
0,301.9,310.8,1650.0,29.8,94,0,0,0,0,0,0
0,299.2,310.2,1458.0,47.0,183,0,0,0,0,0,0
1,298.2,308.0,1411.0,47.2,168,0,0,0,0,0,0
1,300.2,311.5,1547.0,40.9,66,0,0,0,0,0,0
0,297.7,308.7,1688.0,27.2,125,0,0,0,0,0,0
0,300.4,309.9,1681.0,28.6,206,0,0,0,0,0,0
0,302.3,311.1,1589.0,29.9,141,0,0,0,0,0,0
1,300.2,310.1,1619.0,31.3,38,0,0,0,0,0,0
0,299.3,308.6,1605.0,37.0,78,0,0,0,0,0,0
1,301.8,310.7,1383.0,45.7,44,0,0,0,0,0,0
0,303.1,312.4,1404.0,61.5,127,0,0,0,0,0,1
0,300.5,311.8,1596.0,34.8,87,0,0,0,0,0,0
0,299.8,311.2,1533.0,35.9,137,0,0,0,0,0,0
1,301.5,310.6,1492.0,43.0,100,0,0,0,0,0,0
1,299.2,308.3,1755.0,26.4,19,0,0,0,0,0,0
0,299.4,308.9,1550.0,33.7,174,0,0,0,0,0,0
0,299.4,309.2,1433.0,42.1,22,0,0,0,0,0,0
0,300.3,311.4,1544.0,41.6,97,0,0,0,0,0,0
1,297.5,308.2,1713.0,32.2,17,0,0,0,0,0,0
0,299.2,310.5,1458.0,44.1,91,0,0,0,0,0,0
0,297.6,309.5,1569.0,36.2,63,0,0,0,0,0,0
1,296.4,307.3,1899.5,19.1,80,0,0,0,0,0,0
0,302.5,310.4,1487.0,42.0,152,0,0,0,0,0,0
1,298.1,308.5,1372.0,51.1,116,0,0,0,0,0,0
0,303.7,312.4,1404.0,46.6,119,0,0,0,0,0,0
1,298.8,310.1,1719.0,28.8,206,0,0,0,0,0,0
2,299.1,308.3,1451.0,42.8,21,0,0,0,0,0,0
0,298.0,308.9,1500.0,36.7,104,0,0,0,0,0,0
2,301.5,310.6,1512.0,39.0,143,0,0,0,0,0,0
0,302.5,311.9,1481.0,42.9,52,0,0,0,0,0,0
0,300.8,312.1,1512.0,37.1,169,0,0,0,0,0,0
0,297.2,308.6,1392.0,41.5,108,0,0,0,0,0,0
0,297.9,309.8,1461.0,50.5,38,0,0,0,0,0,0
0,302.0,310.7,1453.0,42.7,92,0,0,0,0,0,0
0,300.6,309.4,1654.0,32.8,57,0,0,0,0,0,0
0,298.3,308.1,1586.0,35.5,0,0,0,0,0,0,0
1,300.4,309.7,1466.0,39.8,184,0,0,0,0,0,0
0,300.8,312.0,1416.0,46.5,7,0,0,0,0,0,0
1,300.8,310.7,1886.0,21.1,44,0,0,0,0,0,0
1,300.6,310.5,1899.5,18.0,16,0,0,0,0,0,0
1,301.3,310.6,1378.0,49.4,173,0,0,0,0,0,0
0,301.1,310.7,1334.0,48.2,106,0,0,0,0,0,0
1,300.1,311.3,1495.0,41.0,193,0,0,0,0,0,0
0,302.5,310.3,1326.0,58.5,55,0,0,0,0,0,1
0,302.0,311.2,1270.0,65.3,182,0,0,0,0,0,1
1,298.0,307.6,1508.0,41.8,89,0,0,0,0,0,0
1,297.6,307.1,1471.0,44.9,14,0,0,0,0,0,0
1,302.2,310.9,1465.0,43.5,140,0,0,0,0,0,0
0,300.9,310.4,1427.0,47.0,65,0,0,0,0,0,0
0,302.0,310.7,1348.0,58.1,83,0,0,0,0,0,0
0,301.0,311.7,1547.0,34.5,152,0,0,0,0,0,0
0,300.8,311.7,1414.0,49.0,10,0,0,0,0,0,0
2,301.9,311.0,1430.0,49.8,174,0,0,0,0,0,0
1,300.8,309.6,1546.0,42.3,186,0,0,0,0,0,0
0,301.4,310.7,1425.0,45.1,7,0,0,0,0,0,0
1,302.3,311.0,1421.0,41.3,182,0,0,0,0,0,0
1,302.3,311.7,1423.0,44.6,93,0,0,0,0,0,0
0,299.8,310.3,1687.0,30.4,33,0,0,0,0,0,0
1,301.0,311.3,1454.0,41.5,57,0,0,0,0,0,0
1,298.1,308.0,1686.0,29.3,35,0,0,0,0,0,0
0,303.5,311.9,1515.0,39.2,24,0,0,0,0,0,0
0,296.5,307.5,1443.0,41.8,87,0,0,0,0,0,0
0,303.4,311.9,1531.0,37.9,203,0,0,0,0,0,0
1,299.9,309.5,1582.0,38.2,160,0,0,0,0,0,0
1,300.8,310.3,1494.0,42.2,35,0,0,0,0,0,0
1,300.5,311.7,1899.5,17.2,196,0,0,0,0,0,0
0,301.7,311.3,1348.0,51.0,87,0,0,0,0,0,0
1,297.3,308.7,1542.0,37.0,184,0,0,0,0,0,0
0,298.1,307.9,1425.0,58.2,57,0,0,0,0,0,0
0,297.3,308.5,1528.0,44.5,140,0,0,0,0,0,0
1,300.1,311.6,1433.0,51.4,76,0,0,0,0,0,0
0,299.1,310.5,1736.0,26.9,74,0,0,0,0,0,0
2,300.2,311.4,1319.0,54.6,15,0,0,0,0,0,0
1,299.7,309.1,1352.0,46.1,102,0,0,0,0,0,0
1,300.9,311.9,1310.0,56.1,35,0,0,0,0,0,0
0,297.4,308.7,1899.5,12.800000000000011,118,0,0,0,0,0,1
2,300.2,309.8,1374.0,47.7,8,0,0,0,0,0,0
0,302.4,312.0,1457.0,45.5,206,0,0,0,0,0,0
1,301.7,311.1,1578.0,40.5,174,0,0,0,0,0,0
1,297.2,308.5,1364.0,55.6,163,0,0,0,0,0,0
0,303.6,311.7,1491.0,39.8,92,0,0,0,0,0,0
1,300.4,311.0,1433.0,46.1,199,0,0,0,0,0,0
0,300.8,310.9,1732.0,25.7,109,0,0,0,0,0,0
0,303.7,312.6,1702.0,29.1,141,0,0,0,0,0,0
1,297.2,308.5,1604.0,34.9,200,0,0,0,0,0,0
0,298.4,309.3,1806.0,27.6,64,0,0,0,0,0,0
0,300.0,309.3,1397.0,51.2,173,0,0,0,0,0,0
0,304.0,313.2,1416.0,46.0,128,0,0,0,0,0,0
0,302.0,310.7,1698.0,28.1,39,0,0,0,0,0,0
0,300.5,311.4,1642.0,27.1,37,0,0,0,0,0,0
2,297.9,308.0,1800.0,24.8,44,0,0,0,0,0,0
1,299.6,309.2,1393.0,47.7,28,0,0,0,0,0,0
0,303.5,311.8,1899.5,23.5,159,0,0,0,0,0,0
0,303.4,312.8,1513.0,35.8,92,0,0,0,0,0,0
0,300.9,311.3,1449.0,40.2,168,0,0,0,0,0,0
2,302.5,312.0,1579.0,35.7,167,0,0,0,0,0,0
0,298.8,310.0,1672.0,30.4,150,0,0,0,0,0,0
0,297.5,308.4,1384.0,56.0,73,0,0,0,0,0,0
0,298.3,309.2,1562.0,37.6,137,0,0,0,0,0,0
1,302.3,311.8,1559.0,34.4,191,0,0,0,0,0,0
0,304.1,313.2,1824.0,25.8,186,0,0,0,0,0,0
1,297.5,308.5,1447.0,41.6,118,0,0,0,0,0,0
0,298.8,310.0,1611.0,32.4,183,0,0,0,0,0,0
0,304.0,313.1,1648.0,35.7,119,0,0,0,0,0,0
0,300.0,309.7,1554.0,32.0,117,0,0,0,0,0,0
0,302.1,310.7,1491.0,42.8,98,0,0,0,0,0,0
0,299.5,308.7,1899.5,13.0,179,0,0,0,0,0,1
1,297.5,309.4,1391.0,58.2,34,0,0,0,0,0,0
0,297.6,308.3,1623.0,36.9,61,0,0,0,0,0,0
0,298.4,308.0,1605.0,32.4,154,0,0,0,0,0,0
0,302.7,312.1,1601.0,35.2,31,0,0,0,0,0,0
0,298.6,309.4,1899.5,15.5,44,0,0,0,0,0,0
0,300.3,311.5,1403.0,60.1,58,0,0,0,0,0,0
1,299.7,309.6,1313.0,60.0,186,0,0,0,0,0,0
1,303.7,312.6,1671.0,30.5,163,0,0,0,0,0,0
1,300.2,310.3,1704.0,29.2,42,0,0,0,0,0,0
0,300.8,311.8,1427.0,43.3,180,0,0,0,0,0,0
0,298.7,309.6,1442.0,55.6,194,0,0,0,0,0,0
0,300.1,311.3,1479.0,39.5,133,0,0,0,0,0,0
0,298.3,308.9,1862.0,27.0,172,0,0,0,0,0,0
0,300.8,311.4,1536.0,40.9,22,0,0,0,0,0,0
2,298.5,309.1,1899.5,19.0,184,0,0,0,0,0,0
2,296.9,307.8,1345.0,54.5,172,0,0,0,0,0,0
1,300.2,310.3,1704.0,29.4,221,0,0,0,0,0,0
0,302.1,311.4,1549.0,44.6,31,0,0,0,0,0,0
1,298.1,307.8,1384.0,43.7,200,0,0,0,0,0,0
0,303.5,313.0,1482.0,38.5,82,0,0,0,0,0,0
0,298.2,307.8,1439.0,41.6,62,0,0,0,0,0,0
1,298.9,309.8,1353.0,53.7,71,0,0,0,0,0,0
0,299.1,308.1,1479.0,40.7,10,0,0,0,0,0,0
0,297.4,308.1,1435.0,45.7,110,0,0,0,0,0,0
0,301.2,311.0,1567.0,35.1,64,0,0,0,0,0,0
2,301.8,311.1,1463.0,50.1,149,0,0,0,0,0,0
0,299.3,309.0,1786.0,23.5,100,0,0,0,0,0,0
0,297.2,308.6,1413.0,49.8,12,0,0,0,0,0,0
0,298.1,308.3,1495.0,38.7,188,0,0,0,0,0,0
0,303.6,312.4,1899.5,16.8,0,0,0,0,0,0,0
1,301.1,311.3,1899.5,22.7,38,0,0,0,0,0,0
0,299.2,308.4,1620.0,34.1,89,0,0,0,0,0,0
0,300.8,312.3,1858.0,26.3,144,0,0,0,0,0,0
0,297.4,308.7,1402.0,40.2,114,0,0,0,0,0,0
1,301.7,310.1,1431.0,44.0,61,0,0,0,0,0,0
0,298.2,307.8,1585.0,34.6,78,0,0,0,0,0,0
1,303.8,312.6,1406.0,47.1,162,0,0,0,0,0,0
0,295.6,306.2,1823.0,25.8,29,0,0,0,0,0,0
0,304.2,313.2,1464.0,44.9,37,0,0,0,0,0,0
1,302.4,311.8,1644.0,37.2,195,0,0,0,0,0,0
1,295.6,306.1,1669.0,29.0,161,0,0,0,0,0,0
0,297.2,308.3,1656.0,30.3,124,0,0,0,0,0,0
1,298.0,308.2,1373.0,51.2,215,0,0,0,0,0,0
0,298.1,309.0,1557.0,36.0,56,0,0,0,0,0,0
1,298.6,309.5,1566.0,38.1,89,0,0,0,0,0,0
1,302.3,311.2,1842.0,23.9,111,0,0,0,0,0,0
0,302.1,311.4,1518.0,37.4,102,0,0,0,0,0,0
1,300.2,311.4,1427.0,39.7,196,0,0,0,0,0,0
0,301.4,310.4,1559.0,39.4,199,0,0,0,0,0,0
2,301.5,310.5,1587.0,33.8,57,0,0,0,0,0,0
0,300.7,310.6,1407.0,40.5,87,0,0,0,0,0,0
0,300.0,311.4,1483.0,45.6,187,0,0,0,0,0,0
2,298.2,308.8,1837.0,28.4,34,0,0,0,0,0,0
0,300.6,311.7,1448.0,49.1,206,0,0,0,0,0,0
0,297.9,309.1,1457.0,44.4,28,0,0,0,0,0,0
2,299.6,310.9,1679.0,31.2,120,0,0,0,0,0,0
0,301.1,310.5,1428.0,44.1,103,0,0,0,0,0,0
1,297.9,309.1,1558.0,39.2,59,0,0,0,0,0,0
1,298.0,309.9,1565.0,33.9,40,0,0,0,0,0,0
0,301.2,310.6,1670.0,30.0,40,0,0,0,0,0,0
1,296.3,307.2,1286.0,51.1,177,0,0,0,0,0,0
1,296.6,307.4,1790.0,25.8,72,0,0,0,0,0,0
2,300.8,310.6,1465.0,44.1,136,0,0,0,0,0,0
1,297.8,307.3,1315.0,54.0,180,0,0,0,0,0,0
0,301.7,310.6,1624.0,34.5,216,0,0,0,0,0,0
1,301.0,310.7,1455.0,46.1,103,0,0,0,0,0,0
0,299.0,310.1,1664.0,29.7,89,0,0,0,0,0,0
0,297.4,308.6,1524.0,43.1,73,0,0,0,0,0,0
0,301.8,310.8,1505.0,41.2,33,0,0,0,0,0,0
2,297.3,308.4,1531.0,35.6,16,0,0,0,0,0,0
1,299.8,309.7,1705.0,28.5,103,0,0,0,0,0,0
1,301.4,310.8,1782.0,26.5,6,0,0,0,0,0,0
1,298.9,310.2,1603.0,36.1,126,0,0,0,0,0,0
1,298.6,309.6,1525.0,42.4,2,0,0,0,0,0,0
1,297.5,308.3,1459.0,45.2,34,0,0,0,0,0,0
0,298.3,308.5,1453.0,42.9,89,0,0,0,0,0,0
1,301.4,311.1,1758.0,25.4,88,0,0,0,0,0,0
1,298.2,307.8,1599.0,31.2,173,0,0,0,0,0,0
0,303.3,311.6,1337.0,56.8,187,0,0,0,0,0,1
1,301.7,310.7,1861.0,21.8,84,0,0,0,0,0,0
0,297.4,309.0,1833.0,22.6,161,0,0,0,0,0,0
0,302.5,310.9,1624.0,34.4,146,0,0,0,0,0,0
1,297.5,308.6,1842.0,27.0,133,0,0,0,0,0,0
0,300.1,310.4,1554.0,39.4,115,0,0,0,0,0,0
1,298.0,308.0,1555.0,37.0,111,0,0,0,0,0,0
2,297.0,307.9,1448.0,45.6,172,0,0,0,0,0,0
0,298.9,309.1,1899.5,12.800000000000011,143,0,0,0,0,0,1
1,300.2,310.2,1438.0,51.5,7,0,0,0,0,0,0
2,298.3,309.4,1631.0,29.8,0,0,0,0,0,0,0
0,300.6,309.8,1455.0,48.0,125,0,0,0,0,0,0
0,299.6,309.1,1476.0,45.3,166,0,0,0,0,0,0
0,300.5,311.9,1710.0,28.4,158,0,0,0,0,0,0
0,300.2,311.7,1448.0,54.2,173,0,0,0,0,0,0
2,299.0,308.2,1662.0,30.4,55,0,0,0,0,0,0
1,300.6,309.4,1541.0,35.2,105,0,0,0,0,0,0
0,302.2,311.3,1554.0,40.2,118,0,0,0,0,0,0
0,300.7,311.8,1443.0,43.7,217,0,0,0,0,0,0
0,298.9,310.4,1831.0,25.4,81,0,0,0,0,0,0
0,298.5,308.0,1379.0,49.6,152,0,0,0,0,0,0
0,302.0,309.7,1414.0,36.3,209,0,0,0,0,0,0
0,297.8,309.7,1394.0,42.9,206,0,0,0,0,0,0
1,297.3,308.1,1369.0,52.0,214,0,0,0,0,0,0
1,301.0,310.4,1793.0,25.0,142,0,0,0,0,0,0
0,302.6,311.0,1620.0,36.2,139,0,0,0,0,0,0
1,300.6,309.4,1581.0,35.7,117,0,0,0,0,0,0
0,298.5,309.4,1548.0,37.7,43,0,0,0,0,0,0
1,299.5,309.3,1899.5,24.0,151,0,0,0,0,0,0
1,299.2,310.8,1502.0,39.8,177,0,0,0,0,0,0
0,297.0,307.8,1414.0,47.5,168,0,0,0,0,0,0
1,301.6,309.9,1746.0,31.1,83,0,0,0,0,0,0
1,303.3,311.5,1373.0,47.3,60,0,0,0,0,0,1
0,299.3,308.5,1413.0,38.5,57,0,0,0,0,0,0
0,298.3,309.7,1484.0,44.3,173,0,0,0,0,0,0
0,302.3,311.7,1453.0,41.2,147,0,0,0,0,0,0
2,299.4,309.2,1513.0,36.1,212,0,0,0,0,0,0
0,297.5,308.8,1502.0,45.9,150,0,0,0,0,0,0
1,297.1,308.4,1421.0,42.0,165,0,0,0,0,0,0
1,300.2,310.1,1485.0,40.5,188,0,0,0,0,0,0
0,303.5,312.5,1380.0,46.1,166,0,0,0,0,0,0
0,302.5,310.4,1487.0,40.2,48,0,0,0,0,0,0
2,299.1,308.2,1450.0,46.1,112,0,0,0,0,0,0
1,300.8,309.6,1404.0,38.7,44,0,0,0,0,0,0
2,298.6,309.5,1375.0,41.0,39,0,0,0,0,0,0
2,301.3,310.0,1532.0,36.3,2,0,0,0,0,0,0
1,296.8,307.8,1551.0,38.9,112,0,0,0,0,0,0
2,301.1,310.6,1388.0,58.5,68,0,0,0,0,0,0
0,303.7,312.8,1448.0,44.5,55,0,0,0,0,0,0
2,304.2,313.0,1442.0,40.9,23,0,0,0,0,0,0
0,297.4,308.6,1494.0,42.6,161,0,0,0,0,0,0
0,298.0,307.7,1407.0,43.9,205,0,0,0,0,0,0
2,302.3,310.1,1383.0,42.9,24,0,0,0,0,0,0
2,304.2,313.3,1625.0,37.3,27,0,0,0,0,0,0
1,299.3,310.8,1523.0,40.9,141,0,0,0,0,0,0
0,299.1,308.3,1601.0,31.4,121,0,0,0,0,0,0
1,299.9,309.2,1548.0,35.7,97,0,0,0,0,0,0
2,303.3,312.6,1827.0,24.2,132,0,0,0,0,0,0
1,299.1,310.1,1412.0,44.4,24,0,0,0,0,0,0
0,302.3,310.2,1548.0,35.3,170,0,0,0,0,0,0
0,298.4,309.3,1531.0,37.4,16,0,0,0,0,0,0
0,304.1,313.3,1452.0,43.9,182,0,0,0,0,0,0
1,301.2,310.9,1460.0,46.7,166,0,0,0,0,0,0
1,299.6,308.9,1568.0,35.3,77,0,0,0,0,0,0
0,303.3,312.6,1463.0,44.0,140,0,0,0,0,0,0
0,299.4,308.7,1459.0,47.6,96,0,0,0,0,0,0
1,302.6,311.6,1899.5,19.2,174,0,0,0,0,0,0
1,299.6,309.3,1577.0,39.8,48,0,0,0,0,0,0
1,300.5,311.9,1670.0,26.3,89,0,0,0,0,0,0
0,303.7,312.3,1511.0,38.9,117,0,0,0,0,0,0
0,298.3,309.0,1519.0,40.0,96,0,0,0,0,0,0
1,300.8,310.6,1505.0,36.2,0,0,0,0,0,0,0
0,299.1,308.3,1892.0,25.2,34,0,0,0,0,0,0
1,303.4,311.8,1316.0,50.9,69,0,0,0,0,0,1
0,298.2,308.3,1589.0,33.2,94,0,0,0,0,0,0
0,298.9,309.3,1665.0,32.5,93,0,0,0,0,0,0
0,298.0,307.8,1567.0,36.4,109,0,0,0,0,0,0
1,299.2,308.2,1674.0,28.2,14,0,0,0,0,0,0
0,302.3,311.0,1528.0,43.1,30,0,0,0,0,0,0
0,300.2,311.4,1452.0,47.8,34,0,0,0,0,0,0
1,303.8,312.7,1500.0,41.7,125,0,0,0,0,0,0
0,301.8,310.9,1609.0,31.7,202,0,0,0,0,0,0
1,304.3,313.5,1416.0,48.1,167,0,0,0,0,0,0
1,301.2,310.3,1379.0,43.2,56,0,0,0,0,0,0
0,296.9,307.9,1367.0,47.1,204,0,0,0,0,0,0
1,298.1,308.7,1315.0,56.8,59,0,0,0,0,0,0
1,300.6,309.5,1550.0,40.2,96,0,0,0,0,0,0
0,298.8,309.8,1463.0,40.0,90,0,0,0,0,0,0
1,297.4,308.9,1323.0,57.3,163,0,0,0,0,0,0
0,301.3,310.8,1628.0,32.2,43,0,0,0,0,0,0
0,301.1,310.8,1608.0,32.9,119,0,0,0,0,0,0
0,297.5,309.4,1443.0,45.4,70,0,0,0,0,0,0
2,298.5,309.2,1568.0,40.6,39,0,0,0,0,0,0
0,302.6,311.7,1254.0,54.1,19,0,0,0,0,0,0
1,299.9,309.5,1899.5,18.1,62,0,0,0,0,0,0
2,301.7,310.5,1388.0,50.5,176,0,0,0,0,0,0
0,299.8,309.4,1630.0,32.4,53,0,0,0,0,0,0
0,300.5,311.5,1651.0,36.9,65,0,0,0,0,0,0
0,300.7,310.7,1416.0,40.4,214,0,0,0,0,0,0
2,298.4,308.9,1782.0,23.9,24,0,0,0,0,0,0
0,297.6,308.3,1617.0,31.7,39,0,0,0,0,0,0
0,297.4,308.3,1704.0,27.3,65,0,0,0,0,0,0
0,300.5,310.6,1540.0,46.7,206,0,0,0,0,0,0
0,302.4,311.0,1329.0,54.6,176,0,0,0,0,0,0
2,297.6,308.7,1659.0,32.1,49,0,0,0,0,0,0
2,298.0,309.4,1490.0,40.5,53,0,0,0,0,0,0
1,303.7,312.7,1469.0,48.5,147,0,0,0,0,0,0
0,302.3,310.9,1412.0,48.9,28,0,0,0,0,0,0
0,298.2,307.8,1627.0,31.5,64,0,0,0,0,0,0
1,298.1,309.4,1362.0,47.6,70,0,0,0,0,0,0
0,302.7,312.4,1444.0,48.7,9,0,0,0,0,0,0
0,299.2,310.4,1611.0,36.4,32,0,0,0,0,0,0
1,300.4,310.1,1457.0,35.1,193,0,0,0,0,0,0
0,303.5,312.3,1681.0,29.8,25,0,0,0,0,0,0
2,300.8,310.3,1457.0,46.8,182,0,0,0,0,0,0
0,303.9,312.6,1642.0,32.3,127,0,0,0,0,0,0
0,299.6,309.4,1331.0,46.4,16,0,0,0,0,0,0
0,300.4,311.5,1596.0,32.5,154,0,0,0,0,0,0
0,298.9,308.5,1467.0,44.7,136,0,0,0,0,0,0
0,299.3,308.7,1536.0,38.9,94,0,0,0,0,0,0
2,297.3,308.5,1435.0,55.0,104,0,0,0,0,0,0
0,302.6,311.8,1427.0,50.1,21,0,0,0,0,0,0
0,299.0,310.2,1494.0,40.6,67,0,0,0,0,0,0
0,303.4,311.6,1712.0,30.1,182,0,0,0,0,0,0
2,297.3,308.8,1564.0,38.0,191,0,0,0,0,0,0
2,298.1,307.6,1496.0,44.1,104,0,0,0,0,0,0
2,301.9,309.8,1724.0,27.5,126,0,0,0,0,0,0
0,302.3,311.0,1591.0,32.7,171,0,0,0,0,0,0
0,298.0,308.5,1395.0,46.2,122,0,0,0,0,0,0
2,298.3,308.0,1553.0,41.0,52,0,0,0,0,0,0
0,300.6,310.2,1341.0,52.6,21,0,0,0,0,0,0
0,300.6,311.7,1488.0,47.7,22,0,0,0,0,0,0
0,300.9,312.1,1711.0,28.8,74,0,0,0,0,0,0
0,298.2,308.2,1899.5,21.4,41,0,0,0,0,0,0
1,303.7,312.7,1396.0,47.3,158,0,0,0,0,0,0
0,299.5,309.3,1899.5,19.3,177,0,0,0,0,0,0
0,300.4,311.8,1320.0,57.9,168,0,0,0,0,0,0
2,296.7,307.9,1424.0,53.8,133,0,0,0,0,0,0
0,302.2,311.6,1658.0,31.4,89,0,0,0,0,0,0
0,302.8,310.9,1708.0,29.8,42,0,0,0,0,0,0
1,298.9,308.5,1555.0,37.6,142,0,0,0,0,0,0
2,296.8,307.5,1695.0,30.0,33,0,0,0,0,0,0
1,302.7,312.2,1350.0,58.6,2,0,0,0,0,0,0
1,298.0,308.1,1403.0,44.8,148,0,0,0,0,0,0
0,297.5,308.4,1747.0,31.0,45,0,0,0,0,0,0
0,300.9,311.0,1316.0,56.5,120,0,0,0,0,0,0
0,301.3,310.4,1507.0,39.1,194,0,0,0,0,0,0
0,295.9,306.6,1414.0,50.2,51,0,0,0,0,0,0
2,300.5,310.9,1447.0,46.5,137,0,0,0,0,0,0
0,298.4,308.6,1477.0,44.0,124,0,0,0,0,0,0
0,301.7,310.5,1399.0,53.2,174,0,0,0,0,0,0
1,302.1,310.8,1409.0,41.3,39,0,0,0,0,0,0
2,297.3,308.6,1688.0,29.4,166,0,0,0,0,0,0
0,299.8,309.4,1609.0,32.5,27,0,0,0,0,0,0
1,301.3,310.1,1525.0,37.8,199,0,0,0,0,0,0
0,300.3,310.0,1560.0,40.8,182,0,0,0,0,0,0
0,300.4,309.5,1447.0,39.3,110,0,0,0,0,0,0
1,295.4,305.8,1526.0,38.2,181,0,0,0,0,0,0
0,298.6,309.8,1497.0,41.6,118,0,0,0,0,0,0
0,301.0,310.4,1899.5,16.6,175,0,0,0,0,0,0
0,304.1,313.1,1899.5,20.8,59,0,0,0,0,0,0
1,300.0,309.1,1474.0,45.2,152,0,0,0,0,0,0
0,299.1,308.3,1305.0,61.4,17,0,0,0,0,0,0
0,300.8,311.2,1376.0,48.1,172,0,0,0,0,0,0
1,299.0,309.7,1418.0,44.7,209,0,0,0,0,0,0
0,300.7,311.9,1462.0,39.7,181,0,0,0,0,0,0
1,297.3,308.7,1655.0,34.1,21,0,0,0,0,0,0
1,298.0,308.7,1377.0,48.5,181,0,0,0,0,0,0
0,301.9,310.6,1610.0,33.4,87,0,0,0,0,0,0
1,298.4,309.1,1467.0,39.6,78,0,0,0,0,0,0
1,303.0,312.5,1602.0,33.7,135,0,0,0,0,0,0
0,299.2,310.4,1379.0,46.8,39,0,0,0,0,0,0
1,298.0,308.6,1453.0,44.1,165,0,0,0,0,0,0
2,302.3,311.7,1449.0,44.5,152,0,0,0,0,0,0
1,299.8,311.1,1763.0,25.5,171,0,0,0,0,0,0
2,297.0,308.1,1899.5,13.3,98,0,0,0,0,0,0
2,301.3,310.6,1605.0,32.5,59,0,0,0,0,0,0
0,301.7,310.7,1899.5,20.9,5,0,0,0,0,0,0
0,300.3,310.4,1742.0,25.9,7,0,0,0,0,0,0
0,299.3,309.2,1465.0,41.5,127,0,0,0,0,0,0
0,302.5,311.5,1899.5,18.8,190,0,0,0,0,0,0
1,302.4,310.4,1586.0,34.3,149,0,0,0,0,0,0
0,299.0,308.5,1604.0,34.7,159,0,0,0,0,0,0
1,299.4,310.7,1492.0,45.7,219,0,0,0,0,0,0
0,301.8,310.8,1736.0,26.5,56,0,0,0,0,0,0
0,304.1,313.3,1459.0,50.3,39,0,0,0,0,0,0
1,297.5,308.9,1436.0,44.8,2,0,0,0,0,0,0
0,299.3,308.6,1433.0,37.7,42,0,0,0,0,0,0
0,302.0,310.5,1809.0,27.1,175,0,0,0,0,0,0
0,300.8,311.1,1509.0,33.4,172,0,0,0,0,0,0
0,304.0,312.9,1313.0,53.9,202,0,0,0,0,0,0
1,301.8,311.1,1399.0,41.8,125,0,0,0,0,0,0
0,296.3,307.3,1444.0,49.0,13,0,0,0,0,0,0
0,300.1,311.5,1471.0,47.2,201,0,0,0,0,0,0
0,302.2,310.8,1438.0,41.4,66,0,0,0,0,0,0
1,300.3,311.5,1528.0,40.9,76,0,0,0,0,0,0
0,300.7,310.6,1447.0,40.7,82,0,0,0,0,0,0
0,297.6,309.5,1549.0,34.9,68,0,0,0,0,0,0
1,300.5,311.5,1378.0,48.2,82,0,0,0,0,0,0
0,298.1,307.7,1388.0,40.3,109,0,0,0,0,0,0
0,300.3,311.7,1635.0,31.8,156,0,0,0,0,0,0
0,302.0,311.3,1567.0,41.1,26,0,0,0,0,0,0
0,298.8,308.7,1450.0,43.4,66,0,0,0,0,0,0
0,299.3,308.7,1579.0,36.3,211,0,0,0,0,0,0
0,301.4,310.1,1502.0,46.6,37,0,0,0,0,0,0
0,302.5,312.2,1775.0,27.9,56,0,0,0,0,0,0
1,304.0,313.2,1500.0,40.6,124,0,0,0,0,0,0
1,300.3,311.5,1445.0,47.3,40,0,0,0,0,0,0
0,300.8,311.9,1560.0,31.8,21,0,0,0,0,0,0
0,302.6,312.3,1554.0,42.0,58,0,0,0,0,0,0
2,302.4,310.2,1435.0,44.9,127,0,0,0,0,0,0
0,297.7,309.3,1893.0,24.6,15,0,0,0,0,0,0
0,300.8,311.2,1397.0,48.7,111,0,0,0,0,0,0
0,301.9,310.4,1889.0,21.5,92,0,0,0,0,0,0
0,297.9,309.4,1558.0,35.7,39,0,0,0,0,0,0
0,298.2,308.2,1466.0,42.4,164,0,0,0,0,0,0
1,298.2,307.7,1899.5,21.6,93,0,0,0,0,0,0
1,297.2,307.9,1530.0,35.9,197,0,0,0,0,0,0
1,303.7,313.0,1469.0,39.9,137,0,0,0,0,0,0
0,302.3,311.2,1386.0,50.3,110,0,0,0,0,0,0
1,298.2,308.9,1592.0,35.2,142,0,0,0,0,0,0
0,301.7,310.6,1743.0,26.2,71,0,0,0,0,0,0
1,300.4,309.7,1440.0,42.8,104,0,0,0,0,0,0
1,298.3,308.1,1722.0,28.6,89,0,0,0,0,0,0
0,299.2,308.6,1381.0,50.0,193,0,0,0,0,0,0
0,299.1,308.4,1543.0,37.9,130,0,0,0,0,0,0
1,300.7,311.3,1348.0,53.0,35,0,0,0,0,0,0
0,304.1,313.3,1883.0,24.5,190,0,0,0,0,0,0
1,303.8,312.8,1420.0,47.9,200,0,0,0,0,0,0
2,299.8,309.2,1435.0,42.6,111,0,0,0,0,0,0
0,298.9,309.1,1383.0,54.9,145,0,0,0,0,0,0
1,301.7,311.2,1563.0,34.5,139,0,0,0,0,0,0
2,298.8,310.1,1380.0,44.0,56,0,0,0,0,0,0
0,299.1,310.5,1329.0,54.9,58,0,0,0,0,0,0
0,299.1,308.6,1408.0,46.7,196,0,0,0,0,0,0
1,300.8,310.5,1696.0,29.7,162,0,0,0,0,0,0
1,300.1,309.2,1454.0,44.4,19,0,0,0,0,0,0
0,301.2,310.8,1392.0,52.6,23,0,0,0,0,0,0
0,300.2,309.3,1532.0,43.2,53,0,0,0,0,0,0
0,297.7,307.1,1715.0,30.2,0,0,0,0,0,0,0
2,302.0,310.6,1438.0,43.2,12,0,0,0,0,0,0
1,302.2,311.4,1539.0,35.1,24,0,0,0,0,0,0
1,301.7,311.0,1510.0,47.8,27,0,0,0,0,0,0
0,303.7,312.5,1462.0,46.2,165,0,0,0,0,0,0
1,301.0,310.9,1899.5,21.9,37,0,0,0,0,0,0
0,296.9,308.0,1514.0,41.0,120,0,0,0,0,0,0
0,299.6,310.9,1658.0,28.0,76,0,0,0,0,0,0
1,299.0,310.2,1564.0,39.9,97,0,0,0,0,0,0
0,302.3,310.8,1511.0,48.1,24,0,0,0,0,0,0
0,300.0,309.5,1728.0,26.0,37,0,0,0,0,0,0
0,298.7,309.2,1396.0,44.8,178,0,0,0,0,0,0
1,303.6,312.5,1459.0,48.2,17,0,0,0,0,0,0
0,302.9,312.2,1677.0,30.5,46,0,0,0,0,0,0
0,297.5,308.8,1533.0,41.5,223,0,0,0,0,0,0
2,302.0,309.8,1280.0,57.3,147,0,0,0,0,0,1
1,297.9,310.0,1439.0,41.7,185,0,0,0,0,0,0
0,295.6,306.0,1419.0,51.1,7,0,0,0,0,0,0
0,300.0,309.2,1759.0,27.9,5,0,0,0,0,0,0
0,301.5,310.6,1899.5,20.2,210,0,0,0,0,0,0
0,302.3,311.6,1658.0,32.3,150,0,0,0,0,0,0
0,297.0,308.2,1577.0,29.4,130,0,0,0,0,0,0
1,298.8,309.8,1413.0,45.5,64,0,0,0,0,0,0
0,297.9,308.0,1296.0,62.9,41,0,0,0,0,0,0
0,299.9,310.3,1268.0,53.3,146,0,0,0,0,0,0
0,302.0,310.6,1358.0,53.1,194,0,0,0,0,0,0
0,300.1,311.4,1572.0,36.2,199,0,0,0,0,0,0
0,300.8,309.8,1657.0,31.1,151,0,0,0,0,0,0
0,299.8,310.9,1545.0,40.7,166,0,0,0,0,0,0
2,297.0,307.9,1846.0,27.3,179,0,0,0,0,0,0
0,303.5,311.9,1493.0,38.7,14,0,0,0,0,0,0
1,299.3,308.9,1577.0,34.9,160,0,0,0,0,0,0
1,300.7,311.9,1697.0,28.2,191,0,0,0,0,0,0
0,302.7,311.9,1389.0,46.5,15,0,0,0,0,0,0
0,304.0,313.1,1465.0,41.0,69,0,0,0,0,0,0
2,301.9,311.2,1474.0,41.8,18,0,0,0,0,0,0
2,300.7,310.6,1631.0,32.6,43,0,0,0,0,0,0
1,297.6,308.3,1538.0,40.2,0,0,0,0,0,0,0
0,300.3,311.7,1445.0,47.3,15,0,0,0,0,0,0
0,300.5,309.8,1428.0,43.8,119,0,0,0,0,0,0
0,297.0,307.8,1553.0,33.3,155,0,0,0,0,0,0
0,297.4,308.3,1475.0,40.5,222,0,0,0,0,0,1
0,299.6,310.2,1588.0,34.1,38,0,0,0,0,0,0
1,298.9,310.7,1638.0,33.6,218,0,0,0,0,0,0
0,298.3,307.9,1399.0,47.8,99,0,0,0,0,0,0
0,300.8,309.7,1418.0,46.6,12,0,0,0,0,0,0
2,299.0,308.7,1408.0,48.5,25,0,0,0,0,0,0
1,299.5,310.7,1423.0,56.5,7,0,0,0,0,0,0
0,296.9,307.9,1535.0,39.2,133,0,0,0,0,0,0
0,300.7,311.9,1486.0,35.8,32,0,0,0,0,0,0
1,302.2,310.5,1832.0,23.7,129,0,0,0,0,0,0
0,298.1,308.4,1592.0,38.2,211,0,0,0,0,0,0
1,298.1,307.8,1608.0,32.6,57,0,0,0,0,0,0
1,301.9,311.0,1384.0,47.4,121,0,0,0,0,0,0
0,300.7,311.0,1436.0,44.9,119,0,0,0,0,0,0
0,296.6,307.4,1368.0,45.1,185,0,0,0,0,0,0
0,297.9,309.9,1542.0,33.8,33,0,0,0,0,0,0
2,299.0,310.3,1658.0,27.6,69,0,0,0,0,0,0
1,301.5,310.4,1899.5,12.800000000000011,21,0,0,0,0,0,1
0,300.6,309.6,1411.0,41.6,140,0,0,0,0,0,0
0,299.0,309.1,1592.0,35.0,200,0,0,0,0,0,0
0,301.8,310.6,1452.0,48.4,110,0,0,0,0,0,0
1,302.3,311.7,1639.0,36.6,121,0,0,0,0,0,0
2,297.8,307.9,1600.0,33.5,13,0,0,0,0,0,0
0,301.4,310.6,1555.0,43.3,212,0,0,0,0,0,0
0,298.9,308.6,1413.0,46.5,122,0,0,0,0,0,0
0,296.8,307.9,1413.0,46.5,121,0,0,0,0,0,0
0,301.0,310.5,1248.0,61.4,77,0,0,0,0,0,0
2,300.2,311.5,1432.0,43.6,127,0,0,0,0,0,0
0,299.3,309.0,1419.0,46.6,158,0,0,0,0,0,0
1,302.2,310.4,1456.0,47.5,167,0,0,0,0,0,0
0,297.4,309.4,1473.0,45.5,94,0,0,0,0,0,0
1,297.4,308.0,1355.0,55.1,63,0,0,0,0,0,0
0,301.2,309.9,1382.0,52.4,13,0,0,0,0,0,0
0,300.5,311.7,1619.0,32.7,85,0,0,0,0,0,0
1,300.5,309.8,1410.0,44.4,111,0,0,0,0,0,0
0,302.0,311.0,1865.0,22.7,48,0,0,0,0,0,0
0,295.5,306.2,1448.0,48.9,65,0,0,0,0,0,0
0,297.5,308.5,1691.0,33.1,9,0,0,0,0,0,0
0,300.1,311.4,1438.0,42.2,139,0,0,0,0,0,0
0,300.9,309.7,1899.5,14.4,201,0,0,0,0,0,0
2,303.2,311.4,1607.0,36.6,43,0,0,0,0,0,0
0,301.3,310.1,1662.0,31.0,37,0,0,0,0,0,0
0,300.5,309.7,1616.0,34.5,155,0,0,0,0,0,0
1,299.4,309.3,1692.0,28.4,201,0,0,0,0,0,0
0,301.8,310.0,1642.0,32.6,201,0,0,0,0,0,0
0,300.1,311.4,1629.0,31.3,41,0,0,0,0,0,0
0,301.4,310.5,1633.0,39.5,0,0,0,0,0,0,0
0,302.7,312.4,1899.5,24.8,13,0,0,0,0,0,0
0,299.7,309.3,1417.0,54.6,131,0,0,0,0,0,0
1,299.7,310.8,1405.0,47.6,192,0,0,0,0,0,0
0,300.3,311.9,1609.0,34.0,177,0,0,0,0,0,0
1,301.0,311.6,1448.0,43.9,145,0,0,0,0,0,0
0,303.7,312.2,1568.0,33.8,96,0,0,0,0,0,0
0,303.9,312.7,1602.0,33.9,165,0,0,0,0,0,0
0,301.6,310.4,1599.0,41.7,116,0,0,0,0,0,0
2,297.7,308.4,1738.0,27.7,96,0,0,0,0,0,0
0,301.0,310.9,1828.0,25.1,166,0,0,0,0,0,0
0,300.0,309.3,1473.0,46.0,35,0,0,0,0,0,0
0,299.0,310.0,1484.0,39.6,212,0,0,0,0,0,0
0,298.8,309.8,1753.0,27.5,130,0,0,0,0,0,0
1,298.1,308.9,1804.0,25.1,118,0,0,0,0,0,0
0,301.7,309.5,1298.0,65.5,229,0,0,0,0,0,1
1,298.5,308.1,1501.0,39.2,127,0,0,0,0,0,0
0,300.9,310.9,1899.5,20.2,105,0,0,0,0,0,0
0,298.9,308.7,1727.0,29.4,116,0,0,0,0,0,0
0,300.2,311.5,1528.0,36.1,125,0,0,0,0,0,0
0,297.8,307.4,1512.0,40.8,137,0,0,0,0,0,0
0,298.4,307.9,1544.0,35.9,132,0,0,0,0,0,0
2,297.8,307.5,1631.0,31.3,124,0,0,0,0,0,0
0,297.6,308.6,1355.0,46.4,13,0,0,0,0,0,0
1,299.4,309.1,1326.0,62.0,142,0,0,0,0,0,0
0,303.6,311.8,1614.0,33.2,155,0,0,0,0,0,0
0,301.5,310.7,1568.0,33.1,38,0,0,0,0,0,0
1,299.9,309.4,1509.0,42.8,190,0,0,0,0,0,0
1,297.4,309.0,1497.0,41.8,144,0,0,0,0,0,0
0,302.0,311.3,1509.0,39.9,25,0,0,0,0,0,0
1,297.2,308.0,1478.0,42.5,56,0,0,0,0,0,0
0,298.3,309.4,1568.0,35.8,140,0,0,0,0,0,0
0,298.0,308.1,1454.0,37.1,35,0,0,0,0,0,0
2,301.2,312.4,1395.0,47.8,90,0,0,0,0,0,0
1,300.9,311.1,1546.0,37.7,133,0,0,0,0,0,0
0,298.4,308.6,1433.0,47.1,101,0,0,0,0,0,0
0,297.3,308.7,1506.0,39.3,187,0,0,0,0,0,0
0,300.0,309.5,1641.0,30.1,35,0,0,0,0,0,0
1,301.7,311.1,1489.0,41.4,108,0,0,0,0,0,0
2,300.4,309.8,1448.0,39.7,107,0,0,0,0,0,0
2,299.5,310.8,1600.0,32.4,67,0,0,0,0,0,0
1,298.3,307.7,1717.0,27.1,7,0,0,0,0,0,0
0,297.4,308.3,1490.0,42.6,164,0,0,0,0,0,0
0,301.0,309.7,1468.0,42.0,141,0,0,0,0,0,0
0,299.3,308.6,1314.0,48.2,65,0,0,0,0,0,0
1,300.4,310.5,1500.0,43.0,9,0,0,0,0,0,0
1,300.7,310.6,1572.0,38.5,50,0,0,0,0,0,0
1,300.7,311.0,1740.0,25.6,176,0,0,0,0,0,0
2,304.2,313.5,1546.0,41.4,58,0,0,0,0,0,0
0,299.6,309.2,1601.0,33.3,33,0,0,0,0,0,0
0,298.2,308.1,1462.0,49.9,69,0,0,0,0,0,0
1,300.2,309.1,1406.0,42.2,40,0,0,0,0,0,0
1,299.1,310.3,1233.0,59.0,81,0,0,0,0,0,0
0,299.3,309.1,1470.0,41.1,118,0,0,0,0,0,0
1,302.1,311.5,1866.0,23.1,159,0,0,0,0,0,0
0,298.3,309.6,1527.0,30.9,189,0,0,0,0,0,0
0,298.0,308.8,1790.0,27.2,193,0,0,0,0,0,0
1,298.3,309.1,1632.0,32.7,0,0,0,0,0,0,0
0,298.7,309.5,1446.0,40.0,160,0,0,0,0,0,0
0,299.0,308.7,1899.5,16.6,208,0,0,0,0,0,0
0,298.6,308.3,1278.0,60.5,32,0,0,0,0,0,0
0,298.2,308.0,1411.0,42.4,48,0,0,0,0,0,0
0,297.9,307.6,1344.0,54.3,151,0,0,0,0,0,0
0,298.3,309.1,1593.0,40.1,18,0,0,0,0,0,0
0,296.3,307.4,1465.0,47.1,215,0,0,0,0,0,0
0,299.2,310.7,1737.0,27.0,225,0,0,0,0,0,1
0,299.2,308.3,1410.0,43.0,26,0,0,0,0,0,0
0,298.6,309.6,1540.0,35.8,5,0,0,0,0,0,0
0,298.4,309.3,1512.0,35.8,18,0,0,0,0,0,0
0,299.9,309.2,1491.0,44.3,214,0,0,0,0,0,0
0,300.4,310.4,1298.0,61.4,19,0,0,0,0,0,0
2,302.3,311.1,1455.0,40.3,145,0,0,0,0,0,0
0,297.8,308.8,1559.0,35.2,66,0,0,0,0,0,0
0,302.2,310.8,1673.0,32.9,52,0,0,0,0,0,0
0,302.7,312.0,1501.0,37.0,77,0,0,0,0,0,0
0,302.3,311.7,1648.0,32.1,197,0,0,0,0,0,0
1,297.6,308.6,1585.0,42.0,90,0,0,0,0,0,0
0,302.9,312.3,1889.0,22.8,148,0,0,0,0,0,0
1,299.8,310.3,1805.0,23.7,198,0,0,0,0,0,0
0,299.4,309.3,1401.0,59.0,38,0,0,0,0,0,0
1,298.9,308.2,1899.5,20.0,23,0,0,0,0,0,0
0,297.5,308.5,1462.0,52.3,148,0,0,0,0,0,0
0,302.7,312.2,1450.0,52.1,213,0,0,0,0,0,1
1,300.7,310.6,1488.0,39.2,189,0,0,0,0,0,0
0,302.2,311.3,1475.0,48.6,104,0,0,0,0,0,0
1,299.1,310.4,1524.0,51.4,66,0,0,0,0,0,0
1,300.2,310.0,1664.0,30.7,179,0,0,0,0,0,0
0,299.1,308.6,1260.0,57.8,152,0,0,0,0,0,0
0,298.5,309.5,1294.0,66.7,12,0,0,0,0,0,1
0,299.3,309.0,1511.0,47.8,148,0,0,0,0,0,0
0,299.6,309.2,1559.0,39.1,110,0,0,0,0,0,0
0,302.3,312.0,1746.0,28.1,167,0,0,0,0,0,0
0,299.9,309.5,1567.0,35.5,171,0,0,0,0,0,0
0,297.6,308.6,1383.0,47.5,75,0,0,0,0,0,0
0,302.0,310.8,1899.5,19.7,66,0,0,0,0,0,0
1,301.2,310.3,1357.0,54.5,49,0,0,0,0,0,0
0,299.2,310.6,1567.0,38.4,172,0,0,0,0,0,0
0,297.4,308.4,1573.0,34.5,205,0,0,0,0,0,0
1,297.6,308.6,1595.0,36.9,25,0,0,0,0,0,0
1,303.8,313.1,1899.5,18.6,22,0,0,0,0,0,0
0,297.9,307.9,1476.0,45.2,91,0,0,0,0,0,0
0,297.3,308.3,1430.0,41.9,95,0,0,0,0,0,0
0,297.9,307.6,1899.5,20.2,182,0,0,0,0,0,0
0,299.4,310.8,1376.0,53.9,215,0,0,0,0,0,1
2,300.0,311.2,1393.0,43.1,45,0,0,0,0,0,0
0,300.3,311.8,1418.0,45.9,53,0,0,0,0,0,0
1,299.3,309.3,1523.0,37.9,204,0,0,0,0,0,0
0,297.7,309.0,1507.0,38.2,94,0,0,0,0,0,0
0,299.1,308.6,1437.0,41.6,183,0,0,0,0,0,0
0,300.6,310.0,1511.0,36.9,105,0,0,0,0,0,0
0,300.7,309.5,1479.0,34.5,197,0,0,0,0,0,0
1,299.5,310.9,1378.0,48.7,119,0,0,0,0,0,0
0,300.8,310.9,1457.0,47.7,82,0,0,0,0,0,0
1,297.8,308.5,1488.0,41.9,196,0,0,0,0,0,0
1,300.3,311.4,1386.0,48.1,119,0,0,0,0,0,0
2,297.7,308.2,1526.0,40.1,165,0,0,0,0,0,0
0,300.6,309.6,1684.0,32.8,53,0,0,0,0,0,0
0,297.8,307.9,1447.0,48.6,46,0,0,0,0,0,0
1,304.0,313.1,1694.0,31.4,116,0,0,0,0,0,0
1,299.3,309.2,1440.0,37.5,111,0,0,0,0,0,0
0,296.9,307.8,1400.0,57.1,202,0,0,0,0,0,1
0,298.9,308.2,1686.0,30.4,53,0,0,0,0,0,0
1,302.9,312.4,1334.0,50.9,5,0,0,0,0,0,0
0,298.4,308.3,1433.0,62.3,20,0,0,0,0,0,1
1,300.8,309.4,1342.0,62.4,113,0,0,0,0,0,1
1,298.5,308.0,1461.0,51.9,157,0,0,0,0,0,0
0,299.9,311.3,1647.0,27.5,26,0,0,0,0,0,0
0,301.1,311.3,1268.0,60.0,53,0,0,0,0,0,0
1,300.3,311.9,1429.0,41.6,184,0,0,0,0,0,0
0,302.4,310.2,1539.0,37.7,29,0,0,0,0,0,0
0,301.4,310.3,1374.0,47.6,176,0,0,0,0,0,0
2,302.0,309.9,1735.0,27.2,192,0,0,0,0,0,0
0,298.3,309.1,1395.0,49.8,133,0,0,0,0,0,0
1,298.6,309.4,1407.0,45.1,176,0,0,0,0,0,0
1,297.5,308.7,1446.0,53.0,168,0,0,0,0,0,0
1,302.6,310.2,1563.0,39.0,97,0,0,0,0,0,0
0,300.6,310.3,1899.5,22.3,223,0,0,0,0,0,0
0,300.4,309.7,1685.0,31.3,152,0,0,0,0,0,0
0,300.7,311.8,1441.0,38.1,34,0,0,0,0,0,0
0,300.5,311.6,1509.0,47.2,202,0,0,0,0,0,0
1,298.5,309.6,1438.0,44.5,124,0,0,0,0,0,0
1,298.9,309.8,1392.0,43.1,218,0,0,0,0,0,0
1,297.8,309.8,1676.0,29.0,178,0,0,0,0,0,0
1,302.2,311.5,1360.0,53.0,36,0,0,0,0,0,0
0,301.8,311.2,1840.0,26.6,202,0,0,0,0,0,0
0,300.2,310.4,1518.0,41.8,5,0,0,0,0,0,0
0,297.5,308.5,1546.0,40.4,129,0,0,0,0,0,0
1,302.9,312.5,1551.0,40.0,20,0,0,0,0,0,0
1,302.1,311.2,1616.0,35.1,57,0,0,0,0,0,0
0,300.2,311.8,1410.0,51.4,189,0,0,0,0,0,0
0,301.6,310.7,1457.0,40.4,213,0,0,0,0,0,0
2,297.0,307.8,1404.0,40.7,184,0,0,0,0,0,0
1,300.5,311.6,1454.0,41.4,108,0,0,0,0,0,0
0,299.9,309.1,1412.0,48.3,198,0,0,0,0,0,0
0,298.3,309.1,1403.0,45.1,138,0,0,0,0,0,0
0,302.2,310.9,1604.0,40.5,68,0,0,0,0,0,0
0,302.5,310.2,1716.0,29.9,156,0,0,0,0,0,0
1,300.7,309.6,1525.0,36.5,71,0,0,0,0,0,0
1,301.1,311.1,1615.0,37.7,153,0,0,0,0,0,0
0,301.2,310.2,1385.0,42.3,42,0,0,0,0,0,0
0,299.1,310.3,1472.0,46.6,157,0,0,0,0,0,0
0,299.2,308.8,1405.0,51.4,183,0,0,0,0,0,0
1,301.0,310.7,1657.0,29.9,148,0,0,0,0,0,0
0,297.9,308.9,1566.0,41.9,50,0,0,0,0,0,0
1,302.3,311.2,1432.0,42.7,68,0,0,0,0,0,0
0,300.7,310.8,1479.0,49.1,71,0,0,0,0,0,0
1,297.7,308.9,1530.0,39.1,108,0,0,0,0,0,0
2,300.2,311.5,1515.0,36.8,27,0,0,0,0,0,0
1,300.3,311.6,1617.0,32.5,115,0,0,0,0,0,0
2,302.3,311.6,1441.0,53.9,74,0,0,0,0,0,0
0,298.8,309.8,1437.0,42.8,23,0,0,0,0,0,0
0,300.4,311.1,1397.0,50.8,189,0,0,0,0,0,0
0,297.1,308.7,1474.0,42.3,64,0,0,0,0,0,0
0,300.5,311.3,1490.0,41.8,39,0,0,0,0,0,0
1,299.2,308.4,1415.0,43.5,53,0,0,0,0,0,0
0,302.5,310.2,1477.0,41.6,16,0,0,0,0,0,0
0,297.2,308.6,1652.0,32.1,52,0,0,0,0,0,0
0,299.1,310.7,1309.0,51.1,188,0,0,0,0,0,0
0,302.2,310.8,1744.0,29.7,16,0,0,0,0,0,0
0,301.0,310.9,1479.0,44.3,194,0,0,0,0,0,0
1,302.0,310.6,1539.0,37.4,96,0,0,0,0,0,0
0,302.7,312.3,1346.0,61.2,170,0,0,0,0,0,0
1,302.3,311.2,1405.0,47.7,88,0,0,0,0,0,0
0,298.2,307.8,1375.0,46.6,188,0,0,0,0,0,0
0,298.3,310.0,1858.0,23.9,114,0,0,0,0,0,0
0,299.7,309.4,1362.0,51.9,117,0,0,0,0,0,0
0,301.0,311.1,1615.0,35.6,158,0,0,0,0,0,0
0,298.9,308.8,1281.0,53.9,77,0,0,0,0,0,0
0,300.3,311.7,1452.0,41.5,172,0,0,0,0,0,0
1,298.2,308.7,1599.0,36.2,28,0,0,0,0,0,0
0,298.9,309.9,1517.0,36.6,117,0,0,0,0,0,0
0,298.8,309.8,1634.0,33.6,27,0,0,0,0,0,0
0,297.8,307.2,1498.0,38.1,188,0,0,0,0,0,0
0,301.4,310.6,1634.0,31.1,171,0,0,0,0,0,0
1,300.7,311.0,1706.0,25.0,153,0,0,0,0,0,0
0,296.1,307.1,1651.0,35.7,167,0,0,0,0,0,0
0,302.4,311.8,1508.0,45.7,108,0,0,0,0,0,0
0,297.4,307.9,1390.0,47.7,156,0,0,0,0,0,0
0,303.9,313.4,1442.0,48.5,174,0,0,0,0,0,0
0,297.6,309.3,1610.0,35.0,6,0,0,0,0,0,0
1,297.4,308.2,1530.0,32.6,22,0,0,0,0,0,0
0,300.6,310.7,1455.0,40.6,82,0,0,0,0,0,0
0,299.3,310.5,1818.0,26.0,102,0,0,0,0,0,0
0,300.7,311.0,1312.0,52.1,107,0,0,0,0,0,0
0,298.7,309.7,1510.0,40.6,162,0,0,0,0,0,0
2,302.7,312.5,1527.0,36.4,26,0,0,0,0,0,0
0,299.9,310.2,1288.0,67.19999999999999,62,0,0,0,0,0,1
1,298.2,308.3,1522.0,49.1,22,0,0,0,0,0,0
0,298.6,309.4,1667.0,35.6,185,0,0,0,0,0,0
0,301.6,309.8,1472.0,42.5,91,0,0,0,0,0,0
0,297.4,308.8,1640.0,34.2,142,0,0,0,0,0,0
0,299.8,309.8,1749.0,33.4,153,0,0,0,0,0,0
0,298.4,309.4,1385.0,50.0,201,0,0,0,0,0,0
1,298.5,309.4,1565.0,33.7,150,0,0,0,0,0,0
0,297.4,308.4,1371.0,57.4,52,0,0,0,0,0,0
0,300.1,309.4,1899.5,17.9,33,0,0,0,0,0,0
0,297.8,307.7,1393.0,38.0,29,0,0,0,0,0,0
0,299.8,311.3,1560.0,35.4,178,0,0,0,0,0,0
0,297.6,308.3,1502.0,43.2,139,0,0,0,0,0,0
0,304.3,313.5,1590.0,29.8,17,0,0,0,0,0,0
0,304.1,313.5,1469.0,44.6,113,0,0,0,0,0,0
0,299.8,311.2,1664.0,28.3,173,0,0,0,0,0,0
0,297.6,309.2,1390.0,43.3,221,0,0,0,0,0,0
1,301.2,310.1,1479.0,45.5,44,0,0,0,0,0,0
0,300.1,309.7,1362.0,49.1,23,0,0,0,0,0,0
0,299.6,310.8,1644.0,30.9,114,0,0,0,0,0,0
1,297.5,309.2,1347.0,55.8,188,0,0,0,0,0,0
0,300.6,310.3,1484.0,41.0,213,0,0,0,0,0,0
0,300.6,309.4,1899.5,13.5,111,0,0,0,0,0,0
1,300.4,311.0,1595.0,35.4,15,0,0,0,0,0,0
2,298.9,310.3,1243.0,63.0,163,0,0,0,0,0,0
0,300.3,310.6,1433.0,53.8,86,0,0,0,0,0,0
0,300.8,311.3,1524.0,43.5,71,0,0,0,0,0,0
1,302.0,311.4,1587.0,35.9,30,0,0,0,0,0,0
0,300.7,311.7,1635.0,32.4,213,0,0,0,0,0,0
2,298.7,308.4,1560.0,33.3,53,0,0,0,0,0,0
0,303.7,313.1,1406.0,48.6,183,0,0,0,0,0,0
2,303.8,312.6,1811.0,24.9,183,0,0,0,0,0,0
1,299.3,308.6,1448.0,52.1,71,0,0,0,0,0,0
1,301.8,310.8,1619.0,31.0,76,0,0,0,0,0,0
0,299.8,310.2,1654.0,32.7,159,0,0,0,0,0,0
2,302.4,311.5,1540.0,43.7,81,0,0,0,0,0,0
0,299.0,310.3,1520.0,45.0,171,0,0,0,0,0,0
0,297.2,308.4,1462.0,51.2,102,0,0,0,0,0,0
1,298.8,308.6,1486.0,41.1,13,0,0,0,0,0,0
1,298.3,308.1,1630.0,32.7,83,0,0,0,0,0,0
2,300.9,310.8,1390.0,40.6,131,0,0,0,0,0,0
1,298.8,309.1,1559.0,34.7,95,0,0,0,0,0,0
1,297.8,309.7,1700.0,31.3,200,0,0,0,0,0,0
0,298.2,308.8,1498.0,36.0,39,0,0,0,0,0,0
0,301.6,310.9,1706.0,29.5,193,0,0,0,0,0,0
1,301.7,310.8,1516.0,40.4,48,0,0,0,0,0,0
1,300.3,311.2,1381.0,65.2,136,0,0,0,0,0,1
0,297.8,307.8,1761.0,28.9,128,0,0,0,0,0,0
2,298.9,310.1,1452.0,49.9,187,0,0,0,0,0,0
0,298.2,307.7,1688.0,32.4,91,0,0,0,0,0,0
0,302.7,312.4,1453.0,47.3,62,0,0,0,0,0,0
0,297.3,308.1,1458.0,45.7,202,0,0,0,0,0,0
2,300.7,310.7,1428.0,43.4,26,0,0,0,0,0,0
2,300.1,309.4,1563.0,40.8,28,0,0,0,0,0,0
0,299.4,309.3,1448.0,48.6,44,0,0,0,0,0,0
2,301.5,310.4,1580.0,35.7,161,0,0,0,0,0,0
0,304.2,313.4,1421.0,43.4,56,0,0,0,0,0,0
0,300.6,309.3,1409.0,38.7,115,0,0,0,0,0,0
1,297.3,308.7,1447.0,44.5,105,0,0,0,0,0,0
2,300.6,310.6,1448.0,44.7,55,0,0,0,0,0,0
1,303.5,312.4,1318.0,54.2,177,0,0,0,0,0,0
0,299.0,310.3,1552.0,39.9,114,0,0,0,0,0,0
1,301.6,310.6,1899.5,23.6,181,0,0,0,0,0,0
0,297.1,308.1,1487.0,34.6,208,0,0,0,0,0,0
0,298.8,310.6,1651.0,33.3,0,0,0,0,0,0,0
0,301.0,312.1,1585.0,32.3,50,0,0,0,0,0,0
0,297.4,308.7,1429.0,57.4,96,0,0,0,0,0,0
1,300.2,309.4,1433.0,48.8,191,0,0,0,0,0,0
0,298.3,309.1,1387.0,52.3,160,0,0,0,0,0,0
0,301.0,310.9,1404.0,41.8,71,0,0,0,0,0,0
0,301.5,311.1,1426.0,52.1,121,0,0,0,0,0,0
1,298.1,308.2,1420.0,63.9,19,0,0,0,0,0,1
0,301.6,310.7,1424.0,50.5,214,0,0,0,0,0,0
0,299.9,309.6,1280.0,59.3,163,0,0,0,0,0,0
0,299.2,308.7,1325.0,51.0,171,0,0,0,0,0,0
1,299.6,310.9,1530.0,38.8,198,0,0,0,0,0,0
0,303.2,311.5,1507.0,39.2,225,0,0,0,0,0,0
0,299.8,309.2,1572.0,35.4,158,0,0,0,0,0,0
0,300.5,309.9,1423.0,47.9,114,0,0,0,0,0,0
2,295.7,306.2,1899.5,16.5,105,0,0,0,0,0,0
0,302.3,311.2,1758.0,24.4,68,0,0,0,0,0,0
0,302.5,310.3,1584.0,35.5,158,0,0,0,0,0,0
0,300.6,311.5,1419.0,38.6,31,0,0,0,0,0,0
0,300.7,310.8,1608.0,39.5,202,0,0,0,0,0,0
0,301.2,310.4,1381.0,49.8,115,0,0,0,0,0,0
0,300.2,309.8,1353.0,59.4,26,0,0,0,0,0,0
1,300.4,310.2,1671.0,30.5,234,0,0,0,0,0,1
0,300.1,311.4,1430.0,40.9,93,0,0,0,0,0,0
1,301.7,311.2,1413.0,42.6,79,0,0,0,0,0,0
0,299.5,309.1,1852.0,22.6,77,0,0,0,0,0,0
2,300.1,310.1,1426.0,42.7,64,0,0,0,0,0,0
1,303.7,312.8,1366.0,47.3,49,0,0,0,0,0,0
1,299.2,308.4,1856.0,22.7,86,0,0,0,0,0,0
0,298.6,309.8,1704.0,28.3,64,0,0,0,0,0,0
0,302.2,311.5,1427.0,43.8,88,0,0,0,0,0,0
1,301.1,311.1,1436.0,41.8,156,0,0,0,0,0,0
0,298.9,310.0,1559.0,33.4,58,0,0,0,0,0,0
0,297.2,308.3,1805.0,25.6,103,0,0,0,0,0,0
0,303.1,312.8,1899.5,15.1,113,0,0,0,0,0,0
1,302.7,312.5,1417.0,51.5,19,0,0,0,0,0,0
0,300.9,310.6,1350.0,53.8,131,0,0,0,0,0,0
2,303.9,313.1,1790.0,26.7,17,0,0,0,0,0,0
0,302.0,310.9,1663.0,31.5,81,0,0,0,0,0,0
0,299.6,309.0,1648.0,33.6,70,0,0,0,0,0,0
0,297.4,308.4,1571.0,39.4,0,0,0,0,0,0,0
1,298.6,309.9,1818.0,24.9,9,0,0,0,0,0,0
1,299.2,308.6,1586.0,35.7,138,0,0,0,0,0,0
2,302.9,312.3,1754.0,26.9,209,0,0,0,0,0,0
0,298.7,310.2,1717.0,27.3,26,0,0,0,0,0,0
0,300.3,310.3,1899.5,16.8,32,0,0,0,0,0,0
0,296.9,308.0,1332.0,53.9,7,0,0,0,0,0,0
0,298.0,308.4,1432.0,46.2,11,0,0,0,0,0,0
0,299.3,308.7,1802.0,26.0,130,0,0,0,0,0,0
1,297.3,308.2,1846.0,24.5,41,0,0,0,0,0,0
0,300.6,310.9,1472.0,47.6,75,0,0,0,0,0,0
1,299.9,309.3,1452.0,41.9,106,0,0,0,0,0,0
2,298.2,308.8,1606.0,39.9,53,0,0,0,0,0,0
0,298.0,309.5,1496.0,45.8,46,0,0,0,0,0,0
1,300.1,311.4,1899.5,21.9,15,0,0,0,0,0,0
0,302.1,310.5,1696.0,30.9,107,0,0,0,0,0,0
2,303.3,312.5,1328.0,49.8,120,0,0,0,0,0,0
0,298.6,308.4,1562.0,34.4,25,0,0,0,0,0,0
2,300.5,310.6,1411.0,47.2,201,0,0,0,0,0,0
0,300.6,310.1,1541.0,42.0,23,0,0,0,0,0,0
0,297.5,308.3,1585.0,32.9,32,0,0,0,0,0,0
0,303.2,311.2,1363.0,46.7,29,0,0,0,0,0,1
0,301.4,311.0,1733.0,25.7,182,0,0,0,0,0,0
2,303.3,311.2,1607.0,31.7,34,0,0,0,0,0,0
1,300.3,311.6,1312.0,53.4,151,0,0,0,0,0,0
1,300.2,311.7,1555.0,37.4,169,0,0,0,0,0,0
0,301.3,310.4,1695.0,30.9,108,0,0,0,0,0,0
1,300.6,312.2,1899.5,18.5,95,0,0,0,0,0,0
0,299.0,310.1,1583.0,35.8,142,0,0,0,0,0,0
2,301.0,311.2,1602.0,32.7,19,0,0,0,0,0,0
0,300.7,309.5,1850.0,24.5,19,0,0,0,0,0,0
0,302.5,310.4,1488.0,48.4,134,0,0,0,0,0,0
0,299.1,308.7,1498.0,38.9,181,0,0,0,0,0,0
0,301.5,310.7,1466.0,43.6,56,0,0,0,0,0,0
1,299.9,309.4,1483.0,38.1,193,0,0,0,0,0,0
0,301.1,311.1,1450.0,43.3,168,0,0,0,0,0,0
0,299.3,309.1,1473.0,40.3,125,0,0,0,0,0,0
0,302.5,311.1,1538.0,36.8,208,0,0,0,0,0,0
0,300.9,311.6,1671.0,33.5,148,0,0,0,0,0,0
0,297.6,308.6,1382.0,47.1,11,0,0,0,0,0,0
1,299.7,311.0,1435.0,50.1,168,0,0,0,0,0,0
0,298.5,309.3,1590.0,33.9,107,0,0,0,0,0,0
1,303.0,312.4,1526.0,36.1,142,0,0,0,0,0,0
2,298.3,309.0,1379.0,43.2,0,0,0,0,0,0,0
1,303.7,312.4,1631.0,28.5,132,0,0,0,0,0,0
0,301.5,311.0,1494.0,45.3,99,0,0,0,0,0,0
0,297.4,308.9,1809.0,23.8,131,0,0,0,0,0,0
1,301.8,310.8,1691.0,33.4,62,0,0,0,0,0,0
1,298.9,309.9,1645.0,31.4,86,0,0,0,0,0,0
1,300.8,310.5,1330.0,59.0,190,0,0,0,0,0,0
0,299.4,309.0,1436.0,47.9,75,0,0,0,0,0,0
0,298.4,310.1,1899.5,23.7,83,0,0,0,0,0,0
0,303.8,313.2,1525.0,41.9,145,0,0,0,0,0,0
2,301.5,310.7,1599.0,40.4,72,0,0,0,0,0,0
0,301.4,310.5,1476.0,39.2,206,0,0,0,0,0,0
0,298.6,309.5,1483.0,43.2,92,0,0,0,0,0,0
1,298.1,307.7,1424.0,47.7,103,0,0,0,0,0,0
1,299.9,309.8,1625.0,41.2,109,0,0,0,0,0,0
0,301.9,311.0,1669.0,32.2,191,0,0,0,0,0,0
0,298.0,308.1,1819.0,23.4,78,0,0,0,0,0,0
0,300.7,310.2,1286.0,64.9,160,0,0,0,0,0,0
1,302.2,310.6,1346.0,49.2,134,0,0,0,0,0,1
0,299.8,309.2,1479.0,44.4,214,0,0,0,0,0,0
1,298.8,309.9,1415.0,53.2,194,0,0,0,0,0,0
1,302.5,311.8,1566.0,37.6,54,0,0,0,0,0,0
1,300.2,311.3,1491.0,37.3,102,0,0,0,0,0,0
1,300.7,311.9,1657.0,30.9,116,0,0,0,0,0,0
0,298.9,310.1,1823.0,26.1,131,0,0,0,0,0,0
1,299.0,309.8,1899.5,15.9,144,0,0,0,0,0,0
1,303.4,312.9,1307.0,54.3,68,0,0,0,0,0,0
0,297.8,308.4,1737.0,27.5,146,0,0,0,0,0,0
1,299.1,308.4,1330.0,53.6,62,0,0,0,0,0,0
0,302.4,310.1,1899.5,18.9,59,0,0,0,0,0,0
0,297.4,308.3,1561.0,38.3,0,0,0,0,0,0,0
1,300.2,311.4,1899.5,20.9,20,0,0,0,0,0,0
1,300.7,312.3,1430.0,47.2,131,0,0,0,0,0,0
1,296.9,307.9,1441.0,47.6,60,0,0,0,0,0,0
0,302.4,310.3,1480.0,45.8,123,0,0,0,0,0,0
0,299.1,308.9,1686.0,29.6,108,0,0,0,0,0,0
1,302.0,311.2,1400.0,49.5,20,0,0,0,0,0,0
0,302.0,310.4,1450.0,46.6,165,0,0,0,0,0,0
1,299.8,309.3,1470.0,42.7,119,0,0,0,0,0,0
0,303.8,312.9,1619.0,35.7,182,0,0,0,0,0,0
0,301.2,310.6,1409.0,50.9,66,0,0,0,0,0,0
0,298.1,308.0,1697.0,31.0,164,0,0,0,0,0,0
2,298.8,309.7,1461.0,55.1,118,0,0,0,0,0,0
1,300.8,312.3,1535.0,40.3,71,0,0,0,0,0,0
1,301.3,311.0,1641.0,33.0,145,0,0,0,0,0,0
1,302.3,310.9,1742.0,29.7,137,0,0,0,0,0,0
1,297.4,308.5,1412.0,45.5,49,0,0,0,0,0,0
2,298.9,310.1,1324.0,54.6,185,0,0,0,0,0,0
1,299.0,310.6,1787.0,22.2,192,0,0,0,0,0,0
1,298.0,307.6,1792.0,26.0,119,0,0,0,0,0,0
0,300.7,310.2,1642.0,32.6,26,0,0,0,0,0,0
0,303.3,311.4,1899.5,21.5,0,0,0,0,0,0,0
0,301.0,310.8,1375.0,57.2,20,0,0,0,0,0,0
0,303.7,312.1,1443.0,45.9,74,0,0,0,0,0,0
1,300.9,311.9,1480.0,40.9,28,0,0,0,0,0,0
1,300.5,311.9,1875.0,22.1,100,0,0,0,0,0,0
0,297.2,308.4,1605.0,30.0,183,0,0,0,0,0,0
1,298.3,309.6,1531.0,40.1,81,0,0,0,0,0,0
0,299.1,308.8,1320.0,67.19999999999999,20,0,0,0,0,0,1
1,297.7,309.2,1700.0,27.4,176,0,0,0,0,0,0
1,301.3,310.8,1509.0,40.1,25,0,0,0,0,0,0
0,302.1,310.7,1359.0,49.3,41,0,0,0,0,0,1
0,298.2,309.4,1443.0,45.4,187,0,0,0,0,0,0
1,302.2,311.4,1538.0,37.4,37,0,0,0,0,0,0
0,297.2,308.5,1766.0,25.8,7,0,0,0,0,0,0
0,300.6,311.8,1539.0,37.0,187,0,0,0,0,0,0
1,299.9,309.2,1683.0,30.5,13,0,0,0,0,0,0
1,302.3,311.0,1450.0,45.7,175,0,0,0,0,0,0
0,301.5,310.6,1490.0,48.1,81,0,0,0,0,0,0
0,301.4,310.7,1605.0,34.2,94,0,0,0,0,0,0
0,298.1,308.0,1456.0,42.4,59,0,0,0,0,0,0
1,296.8,307.9,1683.0,31.8,76,0,0,0,0,0,0
0,296.6,307.4,1631.0,35.0,168,0,0,0,0,0,0
0,300.7,310.8,1519.0,43.9,55,0,0,0,0,0,0
1,300.9,310.8,1402.0,48.1,22,0,0,0,0,0,0
0,299.6,309.5,1803.0,27.7,159,0,0,0,0,0,0
0,299.0,310.4,1365.0,49.1,226,0,0,0,0,0,1
0,298.3,308.9,1270.0,52.7,44,0,0,0,0,0,0
0,303.8,313.1,1309.0,55.8,193,0,0,0,0,0,0
1,303.8,312.6,1768.0,23.9,149,0,0,0,0,0,0
0,301.5,310.4,1899.5,21.8,9,0,0,0,0,0,0
0,299.8,310.4,1694.0,30.3,204,0,0,0,0,0,0
1,300.5,309.9,1780.0,26.5,101,0,0,0,0,0,0
1,297.6,308.7,1376.0,59.9,74,0,0,0,0,0,0
0,303.5,311.7,1899.5,22.3,157,0,0,0,0,0,0
0,298.1,307.9,1899.5,17.5,5,0,0,0,0,0,0
0,296.2,307.2,1445.0,41.8,20,0,0,0,0,0,0
0,298.3,310.0,1460.0,47.6,101,0,0,0,0,0,0
0,300.2,311.4,1891.0,22.6,86,0,0,0,0,0,0
0,298.3,308.1,1672.0,41.3,0,0,0,0,0,0,0
0,297.5,308.5,1306.0,50.7,38,0,0,0,0,0,0
0,296.3,307.3,1439.0,41.5,208,0,0,0,0,0,0
1,297.5,309.5,1448.0,43.7,46,0,0,0,0,0,0
0,297.8,309.0,1340.0,56.9,6,0,0,0,0,0,0
1,298.3,309.2,1359.0,51.4,21,0,0,0,0,0,0
0,297.7,307.2,1518.0,35.8,195,0,0,0,0,0,0
1,304.3,313.5,1899.5,15.1,172,0,0,0,0,0,0
0,298.8,308.5,1395.0,44.4,33,0,0,0,0,0,0
0,298.6,309.9,1630.0,30.6,2,0,0,0,0,0,0
2,298.8,309.9,1526.0,42.1,30,0,0,0,0,0,0
0,300.8,311.8,1417.0,43.4,223,0,0,0,0,0,0
2,298.4,308.5,1398.0,47.1,122,0,0,0,0,0,0
0,301.9,310.3,1899.5,21.3,67,0,0,0,0,0,0
1,298.2,309.0,1413.0,47.9,97,0,0,0,0,0,0
1,297.3,308.1,1370.0,58.8,199,0,0,0,0,0,0
2,298.1,308.4,1515.0,43.8,6,0,0,0,0,0,0
1,296.2,307.0,1516.0,37.6,25,0,0,0,0,0,0
1,300.6,310.0,1486.0,41.2,127,0,0,0,0,0,0
0,300.4,311.5,1441.0,44.6,96,0,0,0,0,0,0
0,301.1,311.1,1470.0,40.9,125,0,0,0,0,0,0
0,298.1,307.7,1495.0,48.1,111,0,0,0,0,0,0
2,298.2,308.7,1520.0,35.7,40,0,0,0,0,0,0
0,300.3,311.5,1446.0,45.0,82,0,0,0,0,0,0
0,295.8,306.5,1493.0,40.5,90,0,0,0,0,0,0
0,300.7,310.8,1814.0,21.4,59,0,0,0,0,0,0
0,298.1,309.2,1802.0,26.9,83,0,0,0,0,0,0
0,300.8,311.2,1430.0,54.4,85,0,0,0,0,0,0
0,299.7,309.6,1720.0,27.1,146,0,0,0,0,0,0
1,300.9,311.2,1472.0,40.0,93,0,0,0,0,0,0
0,298.1,308.4,1438.0,45.6,105,0,0,0,0,0,0
0,301.5,310.5,1389.0,54.9,187,0,0,0,0,0,0
0,300.5,311.6,1541.0,47.8,156,0,0,0,0,0,0
0,296.2,307.1,1413.0,53.4,203,0,0,0,0,0,0
0,302.3,310.9,1620.0,30.3,112,0,0,0,0,0,0
0,300.9,310.7,1389.0,50.0,214,0,0,0,0,0,0
0,301.9,311.0,1376.0,44.9,186,0,0,0,0,0,0
0,296.5,307.2,1481.0,38.2,160,0,0,0,0,0,0
0,302.0,310.9,1546.0,34.4,7,0,0,0,0,0,0
1,298.3,308.4,1444.0,47.5,178,0,0,0,0,0,0
1,298.1,310.0,1393.0,43.1,65,0,0,0,0,0,0
1,303.6,312.1,1627.0,32.5,7,0,0,0,0,0,0
1,300.5,310.4,1548.0,37.3,65,0,0,0,0,0,0
1,297.3,308.3,1341.0,51.9,51,0,0,0,0,0,0
0,300.4,311.6,1674.0,33.0,172,0,0,0,0,0,0
0,300.8,310.5,1482.0,39.0,47,0,0,0,0,0,0
0,302.0,310.6,1366.0,47.7,206,0,0,0,0,0,0
0,298.9,308.7,1558.0,41.2,110,0,0,0,0,0,0
2,303.7,312.7,1564.0,40.2,150,0,0,0,0,0,0
2,300.3,309.9,1394.0,46.7,210,0,0,0,0,0,1
0,298.2,308.1,1618.0,34.7,39,0,0,0,0,0,0
0,300.1,309.3,1841.0,23.0,125,0,0,0,0,0,0
0,300.7,310.8,1689.0,28.9,100,0,0,0,0,0,0
2,300.5,309.4,1360.0,46.2,93,0,0,0,0,0,0
0,300.4,311.1,1899.5,20.1,195,0,0,0,0,0,0
0,300.8,310.7,1589.0,34.3,144,0,0,0,0,0,0
2,301.8,309.9,1418.0,51.3,116,0,0,0,0,0,0
1,298.8,310.3,1528.0,37.1,99,0,0,0,0,0,0
1,300.0,309.6,1477.0,38.1,13,0,0,0,0,0,0
0,300.1,311.5,1434.0,40.8,80,0,0,0,0,0,0
0,295.8,306.4,1399.0,47.6,84,0,0,0,0,0,0
0,303.1,312.6,1514.0,42.1,138,0,0,0,0,0,0
1,301.0,311.2,1521.0,35.8,13,0,0,0,0,0,0
1,300.8,311.3,1465.0,43.2,113,0,0,0,0,0,0
0,303.7,312.6,1466.0,42.5,183,0,0,0,0,0,0
0,302.1,311.3,1634.0,30.6,50,0,0,0,0,0,0
2,298.5,309.4,1671.0,31.8,108,0,0,0,0,0,0
0,298.6,308.4,1559.0,36.6,188,0,0,0,0,0,0
0,300.2,310.6,1431.0,42.3,113,0,0,0,0,0,0
0,303.7,313.0,1753.0,29.0,42,0,0,0,0,0,0
1,298.9,308.2,1411.0,51.3,43,0,0,0,0,0,0
0,299.7,310.9,1384.0,48.2,188,0,0,0,0,0,0
0,298.3,309.2,1383.0,52.1,26,0,0,0,0,0,0
1,300.5,311.9,1511.0,44.5,30,0,0,0,0,0,0
1,300.8,312.0,1443.0,53.3,151,0,0,0,0,0,0
0,300.3,311.0,1613.0,34.7,142,0,0,0,0,0,0
0,299.7,310.2,1469.0,39.5,26,0,0,0,0,0,0
1,301.0,310.9,1510.0,44.5,66,0,0,0,0,0,0
0,297.5,308.5,1335.0,48.0,131,0,0,0,0,0,0
1,303.6,313.0,1396.0,38.2,117,0,0,0,0,0,0
0,300.5,311.9,1383.0,50.5,35,0,0,0,0,0,0
0,299.4,309.2,1489.0,42.3,114,0,0,0,0,0,0
2,302.1,310.9,1452.0,42.5,198,0,0,0,0,0,0
0,296.2,307.0,1414.0,48.3,162,0,0,0,0,0,0
0,298.8,308.5,1444.0,42.2,83,0,0,0,0,0,0
0,298.4,308.6,1491.0,42.0,120,0,0,0,0,0,0
0,300.1,309.2,1783.0,27.3,118,0,0,0,0,0,0
0,300.1,309.7,1680.0,33.8,140,0,0,0,0,0,0
0,302.8,312.6,1462.0,39.4,22,0,0,0,0,0,0
0,302.4,311.8,1727.0,26.5,213,0,0,0,0,0,0
1,301.7,310.8,1502.0,34.4,157,0,0,0,0,0,0
0,302.0,311.0,1686.0,32.5,25,0,0,0,0,0,0
0,300.8,311.8,1323.0,61.1,178,0,0,0,0,0,0
0,301.7,311.0,1546.0,43.0,23,0,0,0,0,0,0
0,300.9,310.9,1615.0,32.0,183,0,0,0,0,0,0
0,300.3,309.2,1572.0,32.0,173,0,0,0,0,0,0
0,303.1,311.2,1399.0,49.2,111,0,0,0,0,0,0
0,298.6,308.2,1325.0,54.0,41,0,0,0,0,0,0
2,298.4,307.9,1605.0,31.0,18,0,0,0,0,0,0
0,299.2,308.5,1366.0,49.7,74,0,0,0,0,0,0
0,299.0,310.1,1447.0,42.8,104,0,0,0,0,0,0
0,301.9,311.0,1356.0,45.7,119,0,0,0,0,0,0
0,301.0,311.2,1467.0,45.4,36,0,0,0,0,0,0
2,297.3,307.9,1461.0,37.5,161,0,0,0,0,0,0
0,299.4,308.7,1681.0,30.8,171,0,0,0,0,0,0
1,298.9,310.1,1484.0,37.9,73,0,0,0,0,0,0
1,302.7,310.6,1349.0,51.2,6,0,0,0,0,0,1
1,300.4,311.7,1398.0,42.6,176,0,0,0,0,0,0
0,303.6,312.6,1540.0,39.8,21,0,0,0,0,0,0
0,301.3,310.3,1555.0,41.2,131,0,0,0,0,0,0
0,300.5,309.9,1382.0,46.5,134,0,0,0,0,0,0
1,297.5,307.9,1544.0,37.9,136,0,0,0,0,0,0
0,300.6,309.9,1480.0,43.7,153,0,0,0,0,0,0
1,302.7,311.6,1501.0,38.8,171,0,0,0,0,0,0
1,303.5,312.9,1438.0,42.8,106,0,0,0,0,0,0
0,302.8,312.4,1529.0,36.8,237,0,0,0,0,0,0
2,296.8,308.0,1311.0,58.6,19,0,0,0,0,0,0
0,297.5,308.5,1448.0,54.3,83,0,0,0,0,0,0
2,302.2,311.6,1357.0,44.2,142,0,0,0,0,0,0
0,303.5,312.0,1441.0,56.8,88,0,0,0,0,0,0
1,297.8,307.2,1456.0,39.6,199,0,0,0,0,0,0
0,302.1,311.0,1740.0,30.8,182,0,0,0,0,0,0
1,299.6,309.0,1245.0,64.0,120,0,0,0,0,0,0
0,297.9,308.1,1393.0,50.3,193,0,0,0,0,0,0
0,303.5,312.1,1522.0,36.4,107,0,0,0,0,0,0
1,296.9,307.9,1899.5,18.9,86,0,0,0,0,0,0
0,302.3,310.8,1650.0,32.4,26,0,0,0,0,0,0
0,301.3,310.7,1504.0,47.2,74,0,0,0,0,0,0
0,297.6,308.6,1351.0,51.0,37,0,0,0,0,0,0
0,303.8,313.0,1452.0,38.6,72,0,0,0,0,0,0
0,295.7,306.2,1458.0,40.6,103,0,0,0,0,0,0
1,301.1,311.6,1266.0,55.5,210,0,0,0,0,0,0
0,300.5,309.8,1305.0,51.7,202,0,0,0,0,0,0
1,300.7,309.5,1393.0,43.9,81,0,0,0,0,0,0
1,298.4,308.2,1610.0,35.0,24,0,0,0,0,0,0
0,297.9,308.6,1468.0,36.0,168,0,0,0,0,0,0
0,297.9,308.0,1501.0,36.7,4,0,0,0,0,0,0
1,299.8,311.1,1562.0,35.7,170,0,0,0,0,0,0
0,304.1,313.2,1569.0,35.8,146,0,0,0,0,0,0
1,297.4,308.4,1564.0,35.0,105,0,0,0,0,0,0
0,298.0,307.7,1422.0,45.6,140,0,0,0,0,0,0
1,298.1,307.7,1498.0,38.3,81,0,0,0,0,0,0
0,298.0,307.8,1623.0,29.9,24,0,0,0,0,0,0
1,303.9,313.2,1422.0,48.0,215,0,0,0,0,0,1
0,301.6,310.4,1517.0,41.1,167,0,0,0,0,0,0
1,299.0,310.2,1298.0,57.2,10,0,0,0,0,0,0
0,300.3,311.4,1343.0,57.7,142,0,0,0,0,0,0
0,297.3,308.4,1441.0,43.4,14,0,0,0,0,0,0
1,299.5,310.1,1659.0,31.5,44,0,0,0,0,0,0
1,300.1,309.4,1349.0,56.2,127,0,0,0,0,0,0
2,302.8,312.3,1483.0,47.2,223,0,0,0,0,0,0
0,298.0,308.1,1777.0,24.3,200,0,0,0,0,0,0
0,302.7,312.3,1421.0,48.5,0,0,0,0,0,0,0
0,298.8,309.7,1225.0,63.4,37,0,0,0,0,0,0
1,302.9,311.0,1556.0,36.5,44,0,0,0,0,0,0
1,298.7,310.1,1549.0,42.5,61,0,0,0,0,0,0
2,300.2,309.3,1506.0,35.6,63,0,0,0,0,0,0
0,300.4,309.7,1534.0,42.5,127,0,0,0,0,0,0
1,297.4,307.9,1627.0,34.3,166,0,0,0,0,0,0
0,295.6,306.2,1446.0,49.9,133,0,0,0,0,0,0
1,297.3,308.2,1452.0,38.2,44,0,0,0,0,0,0
0,303.0,311.2,1361.0,47.6,106,0,0,0,0,0,1
2,297.4,308.7,1623.0,33.8,127,0,0,0,0,0,0
2,301.5,310.7,1394.0,46.7,130,0,0,0,0,0,0
0,301.4,310.7,1899.5,21.8,19,0,0,0,0,0,0
2,300.6,310.4,1479.0,35.6,150,0,0,0,0,0,0
0,301.6,310.8,1355.0,57.8,195,0,0,0,0,0,1
0,298.4,307.9,1899.5,14.2,164,0,0,0,0,0,0
0,300.0,309.5,1675.0,30.2,11,0,0,0,0,0,0
2,298.1,309.5,1530.0,40.2,65,0,0,0,0,0,0
1,303.5,312.7,1899.5,16.7,45,0,0,0,0,0,0
2,296.8,308.0,1453.0,51.0,24,0,0,0,0,0,0
1,298.2,309.1,1651.0,28.8,186,0,0,0,0,0,0
0,303.7,312.3,1606.0,37.4,103,0,0,0,0,0,0
2,298.0,307.8,1314.0,47.8,19,0,0,0,0,0,0
0,297.4,308.3,1548.0,46.6,7,0,0,0,0,0,0
2,297.8,308.9,1650.0,32.2,195,0,0,0,0,0,0
0,298.5,308.1,1564.0,31.1,34,0,0,0,0,0,0
2,301.0,311.0,1640.0,37.6,118,0,0,0,0,0,0
0,301.1,310.5,1532.0,37.5,119,0,0,0,0,0,0
0,299.8,311.1,1466.0,46.1,58,0,0,0,0,0,0
0,302.4,310.2,1503.0,36.2,166,0,0,0,0,0,0
0,299.7,309.2,1645.0,30.8,137,0,0,0,0,0,0
1,301.0,310.9,1359.0,53.4,180,0,0,0,0,0,0
0,298.9,308.6,1481.0,40.7,124,0,0,0,0,0,0
0,296.3,307.2,1291.0,58.6,29,0,0,0,0,0,0
0,304.1,313.6,1611.0,31.4,144,0,0,0,0,0,0
0,299.2,308.8,1542.0,39.2,179,0,0,0,0,0,0
2,299.0,310.5,1336.0,56.8,136,0,0,0,0,0,0
0,300.7,311.1,1426.0,46.2,97,0,0,0,0,0,0
1,297.5,308.6,1429.0,50.5,129,0,0,0,0,0,0
0,300.4,309.7,1314.0,50.2,179,0,0,0,0,0,0
0,298.8,309.8,1895.0,22.0,134,0,0,0,0,0,0
1,300.2,311.7,1597.0,39.5,68,0,0,0,0,0,0
1,301.4,311.0,1427.0,43.2,13,0,0,0,0,0,0
1,298.0,308.2,1466.0,42.6,2,0,0,0,0,0,0
0,302.4,311.8,1320.0,56.4,100,0,0,0,0,0,0
1,302.7,310.5,1880.0,22.7,207,0,0,0,0,0,0
1,299.9,309.2,1574.0,36.5,177,0,0,0,0,0,0
1,301.8,311.1,1647.0,31.6,6,0,0,0,0,0,0
0,298.5,309.4,1360.0,60.9,187,0,0,0,0,0,1
0,298.2,308.9,1332.0,44.4,100,0,0,0,0,0,0
2,300.5,311.6,1351.0,53.5,78,0,0,0,0,0,0
2,298.6,309.5,1523.0,34.2,119,0,0,0,0,0,0
0,302.3,311.4,1511.0,34.7,75,0,0,0,0,0,0
2,297.7,308.9,1479.0,40.9,87,0,0,0,0,0,0
1,300.5,309.8,1566.0,35.9,204,0,0,0,0,0,0
0,301.7,310.9,1705.0,31.2,146,0,0,0,0,0,0
0,297.6,308.6,1553.0,40.5,135,0,0,0,0,0,0
0,299.8,309.4,1475.0,43.4,51,0,0,0,0,0,0
0,301.4,310.7,1673.0,27.8,181,0,0,0,0,0,0
0,299.1,308.2,1409.0,46.4,12,0,0,0,0,0,0
0,299.7,310.6,1675.0,31.3,129,0,0,0,0,0,0
0,302.0,310.0,1664.0,28.6,190,0,0,0,0,0,0
0,299.0,310.3,1507.0,36.7,173,0,0,0,0,0,0
1,297.5,308.7,1363.0,53.6,194,0,0,0,0,0,0
0,300.7,310.6,1491.0,43.2,187,0,0,0,0,0,0
1,296.7,307.8,1286.0,60.5,0,0,0,0,0,0,0
0,296.6,307.4,1436.0,42.8,156,0,0,0,0,0,0
0,297.4,308.6,1635.0,30.5,159,0,0,0,0,0,0
0,302.6,311.6,1899.5,22.4,180,0,0,0,0,0,0
0,298.5,308.8,1305.0,58.7,26,0,0,0,0,0,0
0,296.2,306.8,1655.0,31.1,136,0,0,0,0,0,0
0,298.8,309.8,1508.0,36.3,69,0,0,0,0,0,0
1,302.1,310.0,1355.0,45.1,6,0,0,0,0,0,1
1,298.1,309.1,1448.0,52.5,150,0,0,0,0,0,0
0,299.4,310.6,1348.0,54.5,22,0,0,0,0,0,0
0,301.3,310.3,1400.0,44.3,47,0,0,0,0,0,0
1,303.1,311.2,1489.0,44.5,27,0,0,0,0,0,0
1,300.1,311.1,1616.0,35.2,183,0,0,0,0,0,0
1,297.4,308.2,1536.0,34.6,4,0,0,0,0,0,0
0,297.2,308.1,1446.0,38.5,164,0,0,0,0,0,0
1,297.4,309.3,1499.0,36.8,88,0,0,0,0,0,0
0,301.7,311.0,1343.0,49.2,25,0,0,0,0,0,0
1,302.5,312.0,1591.0,29.4,192,0,0,0,0,0,0
1,298.5,308.2,1564.0,37.5,15,0,0,0,0,0,0
0,299.2,310.7,1535.0,42.6,17,0,0,0,0,0,0
2,300.6,311.9,1604.0,30.5,45,0,0,0,0,0,0
1,297.2,308.3,1604.0,39.4,9,0,0,0,0,0,0
0,300.2,311.6,1446.0,47.3,66,0,0,0,0,0,0
0,300.6,310.1,1656.0,32.7,44,0,0,0,0,0,0
1,300.1,310.5,1329.0,57.4,99,0,0,0,0,0,0
0,303.8,312.7,1596.0,36.6,134,0,0,0,0,0,0
0,299.2,308.4,1445.0,43.5,224,0,0,0,0,0,0
0,302.4,310.1,1709.0,31.8,100,0,0,0,0,0,0
0,302.6,312.2,1695.0,27.1,32,0,0,0,0,0,0
1,301.7,310.8,1524.0,41.3,147,0,0,0,0,0,0
0,298.9,308.7,1572.0,34.1,80,0,0,0,0,0,0
0,298.5,308.3,1458.0,44.0,44,0,0,0,0,0,0
0,300.5,309.7,1589.0,30.5,198,0,0,0,0,0,0
1,302.0,309.7,1386.0,62.7,142,0,0,0,0,0,1
2,298.4,309.4,1512.0,35.3,51,0,0,0,0,0,0
1,298.2,308.0,1591.0,33.7,32,0,0,0,0,0,0
0,302.1,311.4,1889.0,22.7,194,0,0,0,0,0,0
2,298.3,309.6,1546.0,36.2,177,0,0,0,0,0,0
1,301.2,310.6,1576.0,39.6,109,0,0,0,0,0,0
0,299.3,308.5,1485.0,44.7,78,0,0,0,0,0,0
2,296.9,307.7,1656.0,30.8,181,0,0,0,0,0,0
0,296.7,308.0,1535.0,36.8,210,0,0,0,0,0,0
0,304.1,313.3,1415.0,50.0,184,0,0,0,0,0,0
2,299.8,309.5,1420.0,46.7,136,0,0,0,0,0,0
0,302.7,310.5,1520.0,39.3,73,0,0,0,0,0,0
0,300.4,311.8,1899.5,14.9,5,0,0,0,0,0,0
0,296.7,307.8,1382.0,47.5,37,0,0,0,0,0,0
0,297.9,309.1,1543.0,36.6,20,0,0,0,0,0,0
1,297.1,308.1,1823.0,24.3,219,0,0,0,0,0,0
0,302.6,310.5,1461.0,45.4,0,0,0,0,0,0,0
0,297.1,308.4,1543.0,39.6,205,0,0,0,0,0,0
0,297.8,309.8,1533.0,36.8,198,0,0,0,0,0,0
0,301.4,310.6,1648.0,30.7,90,0,0,0,0,0,0
0,299.8,310.0,1697.0,36.0,175,0,0,0,0,0,0
0,301.1,311.1,1889.0,23.8,170,0,0,0,0,0,0
0,303.9,313.2,1540.0,44.4,119,0,0,0,0,0,0
2,299.9,309.2,1525.0,33.2,0,0,0,0,0,0,0
1,300.5,311.3,1507.0,43.4,41,0,0,0,0,0,0
0,297.0,308.3,1492.0,48.1,137,0,0,0,0,0,0
0,297.1,308.4,1422.0,42.1,148,0,0,0,0,0,0
0,299.4,308.7,1553.0,42.7,128,0,0,0,0,0,0
1,300.1,309.2,1732.0,33.7,218,0,0,0,0,0,0
1,300.3,309.5,1320.0,62.2,142,0,0,0,0,0,0
1,301.0,311.2,1394.0,41.3,16,0,0,0,0,0,0
0,298.2,308.3,1230.0,59.6,162,0,0,0,0,0,0
0,298.1,309.0,1787.0,27.6,47,0,0,0,0,0,0
0,301.4,310.8,1680.0,31.4,185,0,0,0,0,0,0
2,300.5,310.6,1378.0,51.5,166,0,0,0,0,0,0
0,297.2,308.6,1899.5,24.1,54,0,0,0,0,0,0
1,302.1,311.4,1419.0,36.2,47,0,0,0,0,0,0
1,298.9,310.1,1513.0,41.5,80,0,0,0,0,0,0
0,297.6,309.5,1373.0,50.6,55,0,0,0,0,0,0
1,298.1,307.7,1435.0,40.9,147,0,0,0,0,0,0
1,300.5,309.3,1539.0,39.1,216,0,0,0,0,0,0
0,299.8,309.5,1476.0,44.4,14,0,0,0,0,0,0
1,300.5,311.4,1899.5,18.8,75,0,0,0,0,0,0
0,297.7,308.8,1354.0,50.2,103,0,0,0,0,0,0
0,298.0,307.5,1792.0,27.9,217,0,0,0,0,0,0
1,299.4,308.6,1455.0,42.7,183,0,0,0,0,0,0
1,300.9,310.8,1695.0,30.2,188,0,0,0,0,0,0
1,296.1,306.9,1899.5,23.3,38,0,0,0,0,0,0
0,297.2,307.9,1469.0,48.2,144,0,0,0,0,0,0
2,302.6,310.2,1873.0,21.3,87,0,0,0,0,0,0
2,302.6,311.7,1471.0,48.3,25,0,0,0,0,0,0
0,300.2,309.2,1430.0,43.4,24,0,0,0,0,0,0
0,300.8,312.6,1422.0,50.0,117,0,0,0,0,0,0
2,296.9,307.8,1549.0,35.8,206,0,0,0,0,0,1
1,296.7,307.4,1540.0,38.7,45,0,0,0,0,0,0
0,299.6,309.5,1570.0,35.5,189,0,0,0,0,0,0
0,300.2,311.8,1379.0,51.0,46,0,0,0,0,0,0
0,299.0,308.8,1495.0,38.4,75,0,0,0,0,0,0
1,298.0,307.9,1750.0,26.6,67,0,0,0,0,0,0
0,300.4,309.6,1536.0,34.5,154,0,0,0,0,0,0
1,301.6,310.9,1575.0,40.1,139,0,0,0,0,0,0
0,301.3,310.5,1406.0,47.1,83,0,0,0,0,0,0
0,298.6,309.2,1542.0,48.4,42,0,0,0,0,0,0
0,298.2,309.0,1377.0,57.8,8,0,0,0,0,0,0
1,298.5,308.0,1713.0,25.8,154,0,0,0,0,0,0
0,297.3,308.0,1420.0,46.5,73,0,0,0,0,0,0
0,303.9,313.1,1639.0,29.0,95,0,0,0,0,0,0
0,298.3,308.3,1597.0,32.4,69,0,0,0,0,0,0
0,302.3,311.8,1369.0,56.2,208,0,0,0,0,0,1
2,302.6,310.4,1409.0,53.3,52,0,0,0,0,0,0
0,296.9,308.0,1343.0,44.5,15,0,0,0,0,0,0
0,295.6,306.2,1569.0,35.1,140,0,0,0,0,0,0
1,299.3,309.1,1385.0,45.6,34,0,0,0,0,0,0
0,300.1,311.4,1446.0,40.6,147,0,0,0,0,0,0
0,299.6,310.6,1642.0,35.1,149,0,0,0,0,0,0
0,300.8,310.4,1570.0,35.2,23,0,0,0,0,0,0
1,303.0,312.4,1645.0,29.6,129,0,0,0,0,0,0
0,300.8,309.7,1461.0,44.3,158,0,0,0,0,0,0
1,300.9,310.8,1899.5,19.7,136,0,0,0,0,0,0
0,297.0,307.7,1867.0,22.8,118,0,0,0,0,0,0
0,300.4,309.5,1349.0,50.4,30,0,0,0,0,0,0
0,298.7,310.1,1401.0,45.3,67,0,0,0,0,0,0
0,298.8,309.0,1829.0,22.9,172,0,0,0,0,0,0
1,298.3,309.0,1802.0,27.5,71,0,0,0,0,0,0
1,301.3,310.7,1300.0,58.3,92,0,0,0,0,0,0
0,301.2,310.9,1467.0,37.1,153,0,0,0,0,0,0
2,301.9,311.0,1291.0,63.6,137,0,0,0,0,0,0
0,300.5,309.5,1653.0,27.6,62,0,0,0,0,0,0
1,297.7,308.9,1327.0,63.7,21,0,0,0,0,0,0
0,300.6,310.5,1642.0,29.9,100,0,0,0,0,0,0
2,299.1,310.0,1657.0,33.1,187,0,0,0,0,0,0
0,298.1,308.4,1335.0,40.2,109,0,0,0,0,0,0
1,302.1,311.1,1423.0,36.8,80,0,0,0,0,0,0
1,297.8,308.4,1479.0,43.5,143,0,0,0,0,0,0
0,300.7,309.6,1329.0,54.3,80,0,0,0,0,0,0
1,300.9,310.7,1696.0,27.3,76,0,0,0,0,0,0
0,299.0,310.5,1755.0,27.9,56,0,0,0,0,0,0
0,296.5,307.5,1340.0,59.1,89,0,0,0,0,0,0
1,303.5,313.0,1899.5,21.6,60,0,0,0,0,0,0
0,302.3,311.8,1487.0,43.2,206,0,0,0,0,0,0
1,300.3,311.7,1236.0,57.5,12,0,0,0,0,0,0
0,298.0,308.1,1877.0,24.3,0,0,0,0,0,0,0
0,304.3,313.5,1899.5,12.800000000000011,21,0,0,0,0,0,0
0,301.5,310.9,1671.0,31.1,170,0,0,0,0,0,0
2,301.1,311.1,1618.0,29.5,160,0,0,0,0,0,0
1,298.5,309.6,1364.0,58.7,123,0,0,0,0,0,0
1,298.2,307.8,1578.0,34.5,127,0,0,0,0,0,0
1,303.4,311.8,1515.0,42.6,204,0,0,0,0,0,0
1,298.0,308.7,1614.0,30.7,106,0,0,0,0,0,0
0,300.6,310.1,1495.0,42.3,132,0,0,0,0,0,0
0,301.3,310.7,1608.0,31.4,86,0,0,0,0,0,0
0,301.4,310.7,1376.0,50.6,25,0,0,0,0,0,0
0,297.4,308.3,1571.0,37.7,162,0,0,0,0,0,0
0,297.0,307.8,1521.0,40.2,190,0,0,0,0,0,0
0,297.7,309.4,1392.0,44.1,140,0,0,0,0,0,0
0,299.1,310.1,1336.0,61.3,94,0,0,0,0,0,0
1,299.1,310.1,1649.0,31.6,41,0,0,0,0,0,0
0,303.4,312.3,1502.0,36.0,69,0,0,0,0,0,0
0,297.3,308.2,1446.0,53.5,7,0,0,0,0,0,0
1,301.4,310.5,1217.0,60.6,103,0,0,0,0,0,0
1,296.1,307.1,1433.0,38.5,14,0,0,0,0,0,0
1,298.1,308.9,1323.0,51.7,88,0,0,0,0,0,0
0,302.5,311.5,1677.0,29.2,49,0,0,0,0,0,0
1,298.6,310.0,1512.0,37.5,27,0,0,0,0,0,0
0,300.3,311.4,1346.0,51.1,147,0,0,0,0,0,0
1,298.9,308.5,1456.0,50.0,156,0,0,0,0,0,0
0,299.7,311.1,1554.0,41.0,192,0,0,0,0,0,0
1,300.2,309.4,1456.0,48.8,205,0,0,0,0,0,0
1,297.4,308.9,1376.0,39.0,181,0,0,0,0,0,0
0,300.6,309.7,1639.0,30.4,121,0,0,0,0,0,0
0,297.5,308.7,1456.0,44.7,29,0,0,0,0,0,0
2,297.3,308.7,1438.0,46.2,16,0,0,0,0,0,0
0,302.3,310.9,1379.0,49.3,34,0,0,0,0,0,1
1,295.5,306.0,1641.0,36.6,21,0,0,0,0,0,0
0,301.5,311.1,1602.0,34.3,100,0,0,0,0,0,0
2,303.0,312.2,1624.0,28.8,117,0,0,0,0,0,0
0,299.1,310.5,1437.0,43.1,40,0,0,0,0,0,0
0,299.5,310.7,1589.0,33.5,5,0,0,0,0,0,0
0,299.4,308.7,1525.0,39.0,90,0,0,0,0,0,0
0,297.8,307.8,1452.0,39.8,21,0,0,0,0,0,0
1,301.7,310.6,1505.0,44.5,146,0,0,0,0,0,0
1,301.0,311.6,1454.0,40.0,140,0,0,0,0,0,0
0,298.4,309.2,1899.5,17.7,210,0,0,0,0,0,0
1,297.7,308.9,1681.0,28.3,116,0,0,0,0,0,0
0,302.4,310.2,1445.0,46.4,125,0,0,0,0,0,0
1,299.9,310.0,1484.0,42.1,182,0,0,0,0,0,0
2,298.4,309.3,1899.5,19.2,132,0,0,0,0,0,0
0,299.2,308.4,1402.0,47.7,24,0,0,0,0,0,0
1,300.1,311.3,1518.0,40.2,130,0,0,0,0,0,0
0,300.8,312.4,1493.0,39.1,79,0,0,0,0,0,0
0,296.6,308.0,1899.5,22.3,208,0,0,0,0,0,0
0,301.4,310.4,1579.0,36.9,133,0,0,0,0,0,0
1,302.8,312.2,1452.0,50.3,60,0,0,0,0,0,0
0,299.5,308.9,1520.0,38.3,122,0,0,0,0,0,0
1,298.0,308.0,1620.0,29.4,75,0,0,0,0,0,0
0,300.6,310.2,1648.0,31.7,46,0,0,0,0,0,0
0,297.4,308.5,1569.0,34.2,72,0,0,0,0,0,0
0,301.5,310.8,1500.0,41.0,118,0,0,0,0,0,0
0,303.4,311.8,1499.0,45.0,16,0,0,0,0,0,0
1,297.6,308.7,1392.0,41.2,178,0,0,0,0,0,0
0,300.5,311.9,1403.0,45.7,54,0,0,0,0,0,0
1,298.7,309.2,1423.0,48.9,187,0,0,0,0,0,0
2,302.5,310.9,1356.0,55.5,101,0,0,0,0,0,1
2,300.2,311.4,1506.0,36.1,141,0,0,0,0,0,0
0,303.8,313.1,1899.5,13.0,5,0,0,0,0,0,1
0,301.8,310.0,1493.0,40.3,185,0,0,0,0,0,0
0,297.5,308.2,1419.0,48.5,108,0,0,0,0,0,0
0,302.0,309.8,1649.0,31.0,152,0,0,0,0,0,0
1,298.6,309.1,1339.0,51.1,34,0,0,0,0,0,0
0,297.6,308.1,1437.0,46.3,149,0,0,0,0,0,0
1,300.4,309.2,1528.0,37.2,228,0,0,0,0,0,0
0,296.8,308.0,1584.0,40.4,227,0,0,0,0,0,0
1,298.8,310.1,1585.0,31.3,147,0,0,0,0,0,0
0,300.0,309.6,1618.0,28.7,53,0,0,0,0,0,0
0,297.3,307.9,1417.0,41.8,186,0,0,0,0,0,0
2,300.3,309.9,1509.0,46.6,125,0,0,0,0,0,0
0,297.6,308.6,1899.5,14.4,171,0,0,0,0,0,0
1,303.8,312.7,1555.0,33.4,128,0,0,0,0,0,0
2,299.0,308.7,1899.5,19.9,98,0,0,0,0,0,0
1,301.2,310.1,1558.0,32.6,34,0,0,0,0,0,0
1,300.8,310.3,1458.0,43.4,0,0,0,0,0,0,0
0,303.5,312.3,1584.0,35.2,74,0,0,0,0,0,0
1,299.1,308.9,1325.0,48.4,220,0,0,0,0,0,0
0,299.9,310.2,1479.0,46.3,173,0,0,0,0,0,0
0,301.9,310.7,1429.0,51.0,76,0,0,0,0,0,0
0,298.8,309.7,1609.0,40.4,169,0,0,0,0,0,0
0,301.9,311.2,1435.0,44.2,16,0,0,0,0,0,0
1,303.0,311.0,1409.0,41.7,120,0,0,0,0,0,0
1,300.0,309.6,1491.0,42.0,29,0,0,0,0,0,0
1,302.7,312.0,1899.5,21.4,71,0,0,0,0,0,0
0,298.4,309.1,1362.0,46.1,37,0,0,0,0,0,0
0,301.1,311.3,1498.0,37.6,11,0,0,0,0,0,0
0,298.2,308.8,1362.0,57.3,28,0,0,0,0,0,0
0,302.3,311.4,1434.0,40.3,133,0,0,0,0,0,0
0,296.9,307.8,1653.0,29.7,137,0,0,0,0,0,0
0,298.7,309.8,1181.0,65.9,203,0,0,0,0,0,1
0,300.1,311.5,1499.0,43.4,65,0,0,0,0,0,0
0,299.6,310.9,1487.0,42.5,164,0,0,0,0,0,0
0,296.9,307.6,1452.0,45.7,122,0,0,0,0,0,0
1,304.2,313.5,1390.0,47.8,83,0,0,0,0,0,0
1,297.4,307.9,1338.0,48.5,158,0,0,0,0,0,0
1,301.3,310.8,1418.0,45.4,59,0,0,0,0,0,0
1,304.0,313.4,1389.0,45.8,123,0,0,0,0,0,0
1,297.7,308.2,1370.0,53.4,162,0,0,0,0,0,0
1,299.2,308.8,1700.0,33.5,185,0,0,0,0,0,0
1,300.9,311.3,1603.0,31.8,190,0,0,0,0,0,0
0,298.1,308.2,1482.0,37.9,17,0,0,0,0,0,0
0,300.8,311.0,1578.0,44.4,86,0,0,0,0,0,0
1,303.4,312.2,1899.5,23.5,59,0,0,0,0,0,0
0,298.2,308.3,1400.0,48.7,194,0,0,0,0,0,0
0,300.9,311.2,1789.0,25.5,114,0,0,0,0,0,0
1,296.4,307.2,1899.5,19.4,183,0,0,0,0,0,0
0,302.9,312.3,1515.0,40.8,183,0,0,0,0,0,0
1,300.5,311.7,1269.0,64.0,87,0,0,0,0,0,0
2,302.2,311.3,1758.0,26.4,4,0,0,0,0,0,0
1,303.3,312.6,1482.0,44.4,73,0,0,0,0,0,0
0,297.5,308.3,1388.0,48.6,27,0,0,0,0,0,0
0,299.5,309.4,1390.0,58.8,195,0,0,0,0,0,1
0,298.3,309.4,1546.0,36.1,94,0,0,0,0,0,0
1,301.7,311.1,1506.0,39.5,158,0,0,0,0,0,0
2,301.6,311.2,1395.0,46.8,95,0,0,0,0,0,0
0,296.8,307.6,1434.0,48.3,138,0,0,0,0,0,0
0,299.6,309.2,1450.0,43.1,160,0,0,0,0,0,0
1,300.7,310.6,1439.0,41.7,184,0,0,0,0,0,0
0,301.0,310.9,1450.0,45.9,35,0,0,0,0,0,0
0,303.3,311.4,1497.0,46.0,234,0,0,0,0,0,1
0,298.9,308.7,1564.0,34.1,99,0,0,0,0,0,0
0,296.8,307.8,1373.0,42.9,74,0,0,0,0,0,0
0,302.9,312.5,1683.0,32.1,85,0,0,0,0,0,0
1,298.5,308.8,1557.0,36.0,21,0,0,0,0,0,0
2,303.0,312.5,1507.0,37.9,163,0,0,0,0,0,0
0,298.9,308.5,1580.0,39.1,119,0,0,0,0,0,0
1,300.6,309.6,1503.0,38.4,68,0,0,0,0,0,0
1,299.3,310.6,1609.0,31.4,99,0,0,0,0,0,0
0,303.7,312.5,1670.0,26.1,139,0,0,0,0,0,0
0,298.8,310.1,1607.0,39.5,105,0,0,0,0,0,0
0,297.4,308.4,1588.0,32.5,207,0,0,0,0,0,0
1,298.3,308.0,1463.0,42.5,190,0,0,0,0,0,0
1,299.1,308.6,1441.0,36.2,169,0,0,0,0,0,0
1,300.4,309.9,1415.0,31.8,192,0,0,0,0,0,0
0,299.1,310.1,1373.0,55.6,108,0,0,0,0,0,0
0,300.7,310.7,1333.0,61.0,177,0,0,0,0,0,0
0,299.5,309.3,1520.0,42.3,149,0,0,0,0,0,0
1,300.8,310.2,1304.0,52.5,157,0,0,0,0,0,0
0,300.5,312.0,1558.0,36.7,113,0,0,0,0,0,0
0,304.1,313.1,1666.0,34.6,33,0,0,0,0,0,0
0,299.1,310.0,1367.0,56.3,203,0,0,0,0,0,1
0,300.6,310.4,1608.0,39.2,221,0,0,0,0,0,0
1,300.1,310.3,1350.0,48.8,50,0,0,0,0,0,0
1,298.6,309.7,1314.0,49.7,136,0,0,0,0,0,0
1,301.8,311.0,1839.0,23.6,30,0,0,0,0,0,0
2,297.9,307.4,1604.0,36.1,225,0,0,0,0,0,1
1,297.2,308.6,1513.0,39.0,78,0,0,0,0,0,0
0,297.4,308.4,1378.0,39.9,63,0,0,0,0,0,0
0,298.5,309.8,1593.0,35.1,203,0,0,0,0,0,0
0,303.7,312.7,1540.0,44.8,196,0,0,0,0,0,0
0,303.7,312.5,1397.0,45.7,187,0,0,0,0,0,0
0,300.9,310.7,1573.0,31.2,2,0,0,0,0,0,0
0,303.6,312.2,1696.0,30.7,5,0,0,0,0,0,0
0,301.7,311.3,1708.0,30.5,77,0,0,0,0,0,0
1,301.6,310.6,1599.0,36.1,208,0,0,0,0,0,0
0,302.1,311.4,1446.0,39.7,95,0,0,0,0,0,0
0,302.7,311.1,1730.0,28.1,135,0,0,0,0,0,0
1,298.4,310.1,1335.0,57.8,96,0,0,0,0,0,0
2,301.6,309.9,1423.0,53.6,95,0,0,0,0,0,0
1,304.1,313.3,1680.0,29.3,158,0,0,0,0,0,0
0,297.8,308.4,1899.5,19.2,148,0,0,0,0,0,0
1,297.0,308.1,1355.0,51.4,76,0,0,0,0,0,0
0,298.7,309.6,1665.0,31.1,178,0,0,0,0,0,0
0,300.7,311.0,1336.0,53.3,68,0,0,0,0,0,0
1,303.9,313.2,1630.0,29.3,104,0,0,0,0,0,0
2,303.0,312.4,1627.0,37.1,168,0,0,0,0,0,0
0,303.5,312.7,1393.0,49.3,82,0,0,0,0,0,0
0,297.4,308.5,1496.0,36.4,126,0,0,0,0,0,0
0,302.2,311.7,1556.0,38.6,145,0,0,0,0,0,0
0,303.7,312.3,1375.0,46.2,98,0,0,0,0,0,0
0,303.5,311.9,1405.0,45.6,10,0,0,0,0,0,0
0,298.3,307.9,1766.0,26.5,145,0,0,0,0,0,0
1,301.8,310.9,1881.0,20.9,23,0,0,0,0,0,0
1,298.1,309.3,1752.0,25.2,77,0,0,0,0,0,0
0,304.0,313.2,1584.0,38.7,104,0,0,0,0,0,0
1,300.5,310.6,1621.0,32.0,184,0,0,0,0,0,0
0,300.4,311.2,1472.0,37.3,187,0,0,0,0,0,0
0,301.3,311.3,1474.0,50.7,10,0,0,0,0,0,0
1,303.0,311.2,1519.0,38.0,139,0,0,0,0,0,0
0,300.5,310.5,1564.0,38.2,199,0,0,0,0,0,0
0,303.9,313.0,1480.0,39.9,176,0,0,0,0,0,0
2,298.6,308.8,1566.0,39.1,36,0,0,0,0,0,0
0,303.0,311.2,1341.0,51.0,174,0,0,0,0,0,1
0,302.0,310.0,1449.0,48.8,181,0,0,0,0,0,0
0,302.9,312.2,1340.0,57.8,90,0,0,0,0,0,0
0,297.2,308.3,1693.0,28.0,188,0,0,0,0,0,0
0,302.3,311.0,1329.0,51.5,154,0,0,0,0,0,0
1,300.9,311.4,1532.0,41.5,126,0,0,0,0,0,0
2,296.4,307.4,1586.0,35.5,0,0,0,0,0,0,0
0,303.1,311.3,1657.0,31.8,217,0,0,0,0,0,0
1,300.6,310.0,1302.0,62.9,87,0,0,0,0,0,0
0,297.3,308.4,1488.0,37.4,69,0,0,0,0,0,0
0,299.0,310.2,1377.0,62.5,92,0,0,0,0,0,1
0,300.4,311.8,1272.0,59.2,198,0,0,0,0,0,1
1,300.6,310.7,1457.0,36.7,193,0,0,0,0,0,0
1,300.8,310.7,1386.0,42.1,170,0,0,0,0,0,0
0,300.2,310.2,1440.0,42.9,191,0,0,0,0,0,0
1,298.6,310.0,1681.0,35.5,44,0,0,0,0,0,0
0,300.1,309.8,1506.0,35.2,21,0,0,0,0,0,0
0,301.9,310.9,1597.0,36.9,50,0,0,0,0,0,0
0,302.9,311.1,1556.0,45.3,135,0,0,0,0,0,0
0,299.9,309.8,1477.0,47.7,112,0,0,0,0,0,0
1,299.2,308.5,1594.0,35.8,160,0,0,0,0,0,0
2,295.6,306.2,1414.0,42.5,69,0,0,0,0,0,0
0,302.1,310.7,1325.0,45.1,208,0,0,0,0,0,1
1,296.8,308.1,1843.0,24.2,212,0,0,0,0,0,0
1,298.2,309.0,1723.0,26.6,168,0,0,0,0,0,0
0,302.1,311.4,1391.0,49.2,52,0,0,0,0,0,0
0,296.5,307.4,1292.0,52.5,62,0,0,0,0,0,0
0,302.5,311.9,1401.0,44.9,203,0,0,0,0,0,0
0,300.5,311.4,1709.0,32.3,64,0,0,0,0,0,0
1,302.3,310.9,1523.0,43.2,210,0,0,0,0,0,0
1,297.4,308.5,1497.0,36.4,56,0,0,0,0,0,0
1,304.2,313.2,1380.0,48.7,17,0,0,0,0,0,0
1,298.1,308.6,1716.0,30.7,119,0,0,0,0,0,0
1,297.5,308.0,1430.0,44.5,178,0,0,0,0,0,0
1,298.7,308.3,1349.0,46.6,74,0,0,0,0,0,0
0,302.4,311.6,1622.0,35.0,68,0,0,0,0,0,0
0,297.8,307.2,1880.0,23.0,176,0,0,0,0,0,0
0,298.8,309.7,1582.0,45.0,11,0,0,0,0,0,0
1,301.0,312.2,1499.0,41.5,140,0,0,0,0,0,0
0,299.5,309.3,1333.0,54.1,147,0,0,0,0,0,0
1,303.3,311.8,1548.0,33.5,75,0,0,0,0,0,0
2,300.5,311.2,1397.0,45.2,2,0,0,0,0,0,0
1,300.1,309.2,1385.0,46.1,120,0,0,0,0,0,0
0,300.4,310.1,1544.0,41.9,184,0,0,0,0,0,0
1,299.4,309.1,1500.0,43.3,10,0,0,0,0,0,0
0,302.2,311.8,1899.5,21.8,36,0,0,0,0,0,0
0,296.3,307.1,1662.0,32.9,190,0,0,0,0,0,0
0,301.3,310.9,1760.0,23.9,76,0,0,0,0,0,0
2,301.5,310.7,1790.0,26.2,8,0,0,0,0,0,0
0,302.4,311.0,1338.0,67.19999999999999,194,0,0,0,0,0,1
0,298.1,307.5,1684.0,33.1,200,0,0,0,0,0,0
0,299.4,309.2,1444.0,48.2,24,0,0,0,0,0,0
0,299.2,309.1,1387.0,48.7,4,0,0,0,0,0,0
1,302.3,311.5,1445.0,44.8,65,0,0,0,0,0,0
0,300.1,309.6,1541.0,37.0,96,0,0,0,0,0,0
0,301.5,310.1,1639.0,33.4,47,0,0,0,0,0,0
0,302.1,311.2,1492.0,45.0,162,0,0,0,0,0,0
0,301.5,310.6,1578.0,34.1,120,0,0,0,0,0,0
0,302.1,311.3,1521.0,31.5,202,0,0,0,0,0,0
1,300.2,311.6,1533.0,46.4,24,0,0,0,0,0,0
0,299.2,310.2,1697.0,30.6,12,0,0,0,0,0,0
1,301.3,310.4,1577.0,48.3,78,0,0,0,0,0,0
2,300.5,309.9,1397.0,45.9,210,0,0,0,0,0,1
2,300.7,312.2,1335.0,49.0,62,0,0,0,0,0,0
1,302.3,311.7,1535.0,38.3,5,0,0,0,0,0,0
0,301.6,310.9,1559.0,40.2,191,0,0,0,0,0,0
0,298.2,309.1,1467.0,44.5,80,0,0,0,0,0,0
0,298.9,308.8,1529.0,32.7,53,0,0,0,0,0,0
1,297.8,308.3,1567.0,35.6,131,0,0,0,0,0,0
1,295.5,305.9,1518.0,44.1,194,0,0,0,0,0,0
1,300.6,311.6,1630.0,31.8,52,0,0,0,0,0,0
0,299.6,309.5,1453.0,41.4,168,0,0,0,0,0,0
2,299.9,309.6,1410.0,51.2,98,0,0,0,0,0,0
0,298.8,309.9,1482.0,39.1,45,0,0,0,0,0,0
0,301.5,310.6,1519.0,40.7,208,0,0,0,0,0,0
0,300.2,309.4,1899.5,21.4,44,0,0,0,0,0,0
2,298.5,309.3,1421.0,50.3,124,0,0,0,0,0,0
0,299.8,309.4,1899.5,15.9,201,0,0,0,0,0,0
1,303.8,312.5,1366.0,45.1,143,0,0,0,0,0,0
1,299.9,310.5,1576.0,39.4,183,0,0,0,0,0,0
0,297.1,308.4,1550.0,37.0,167,0,0,0,0,0,0
0,302.0,310.9,1378.0,53.1,212,0,0,0,0,0,1
0,298.0,308.2,1459.0,42.1,146,0,0,0,0,0,0
1,301.2,311.0,1424.0,41.4,131,0,0,0,0,0,0
0,296.4,307.4,1403.0,48.4,70,0,0,0,0,0,0
0,299.1,309.8,1398.0,55.4,217,0,0,0,0,0,1
1,300.6,309.4,1521.0,37.2,90,0,0,0,0,0,0
1,301.3,311.0,1410.0,52.7,161,0,0,0,0,0,0
1,304.2,313.5,1532.0,41.3,161,0,0,0,0,0,0
0,300.8,310.6,1416.0,42.2,225,0,0,0,0,0,0
0,300.7,312.4,1590.0,37.9,98,0,0,0,0,0,0
0,300.6,309.4,1468.0,44.1,76,0,0,0,0,0,0
2,303.5,312.3,1386.0,49.0,35,0,0,0,0,0,0
2,299.9,311.2,1495.0,35.8,175,0,0,0,0,0,0
1,299.0,309.4,1561.0,37.3,70,0,0,0,0,0,0
1,297.1,308.4,1588.0,33.4,204,0,0,0,0,0,0
0,298.7,309.6,1502.0,46.7,198,0,0,0,0,0,0
0,302.3,311.3,1324.0,47.8,131,0,0,0,0,0,0
2,297.9,308.9,1416.0,39.6,45,0,0,0,0,0,0
1,298.5,309.6,1492.0,41.7,100,0,0,0,0,0,0
0,297.5,309.4,1318.0,58.2,146,0,0,0,0,0,0
1,299.4,309.9,1567.0,40.6,87,0,0,0,0,0,0
0,298.8,308.6,1680.0,29.4,95,0,0,0,0,0,0
0,297.1,308.5,1712.0,32.1,48,0,0,0,0,0,0
0,297.2,308.7,1509.0,39.3,66,0,0,0,0,0,0
1,297.7,308.5,1559.0,35.2,127,0,0,0,0,0,0
0,297.0,307.9,1635.0,31.6,147,0,0,0,0,0,0
0,299.2,308.7,1650.0,30.5,93,0,0,0,0,0,0
0,303.5,312.4,1284.0,67.19999999999999,94,0,0,0,0,0,1
1,303.1,312.4,1378.0,50.1,104,0,0,0,0,0,0
0,297.7,308.7,1829.0,24.9,17,0,0,0,0,0,0
0,302.7,311.5,1494.0,41.4,149,0,0,0,0,0,0
0,300.2,309.7,1678.0,30.5,142,0,0,0,0,0,0
0,301.6,310.6,1899.5,19.7,12,0,0,0,0,0,0
0,298.4,309.3,1542.0,35.4,208,0,0,0,0,0,0
0,298.2,309.3,1355.0,43.8,142,0,0,0,0,0,0
2,298.8,309.2,1306.0,54.5,50,0,0,0,0,0,0
1,302.5,310.4,1451.0,53.6,194,0,0,0,0,0,0
0,300.7,310.8,1475.0,42.0,147,0,0,0,0,0,0
0,301.2,311.0,1761.0,29.1,195,0,0,0,0,0,0
0,300.5,311.9,1750.0,28.3,207,0,0,0,0,0,0
0,300.5,311.6,1744.0,26.8,94,0,0,0,0,0,0
0,299.2,308.4,1580.0,32.6,142,0,0,0,0,0,0
0,297.4,308.5,1782.0,25.9,54,0,0,0,0,0,0
1,303.7,312.7,1532.0,42.7,194,0,0,0,0,0,0
1,301.6,310.6,1691.0,30.1,40,0,0,0,0,0,0
0,303.5,312.4,1503.0,36.5,191,0,0,0,0,0,0
1,298.1,308.8,1433.0,48.2,62,0,0,0,0,0,0
0,300.2,311.5,1495.0,38.5,69,0,0,0,0,0,0
1,299.8,310.0,1460.0,37.1,169,0,0,0,0,0,0
1,298.9,309.3,1581.0,30.7,65,0,0,0,0,0,0
0,302.6,310.2,1325.0,62.4,92,0,0,0,0,0,1
1,296.9,308.0,1409.0,50.7,43,0,0,0,0,0,0
1,298.6,310.1,1596.0,33.0,15,0,0,0,0,0,0
2,298.0,307.6,1420.0,45.8,150,0,0,0,0,0,0
1,297.3,308.6,1431.0,53.0,160,0,0,0,0,0,0
0,299.7,309.2,1478.0,38.8,199,0,0,0,0,0,0
2,299.7,309.2,1554.0,41.6,62,0,0,0,0,0,0
1,299.9,309.1,1513.0,43.8,188,0,0,0,0,0,0
1,299.0,310.0,1488.0,46.3,198,0,0,0,0,0,0
0,298.7,308.5,1544.0,35.2,159,0,0,0,0,0,0
0,298.0,308.2,1357.0,48.2,7,0,0,0,0,0,0
2,296.4,307.5,1596.0,35.1,75,0,0,0,0,0,0
0,299.7,309.6,1321.0,53.4,166,0,0,0,0,0,0
1,303.4,311.6,1425.0,45.4,184,0,0,0,0,0,0
0,300.7,309.5,1461.0,49.9,0,0,0,0,0,0,0
1,299.3,308.5,1386.0,42.2,30,0,0,0,0,0,0
0,301.5,310.5,1453.0,44.2,129,0,0,0,0,0,0
2,298.9,309.6,1546.0,35.3,190,0,0,0,0,0,0
0,298.9,308.7,1546.0,43.4,114,0,0,0,0,0,0
0,304.4,313.6,1585.0,38.9,9,0,0,0,0,0,0
0,296.2,307.2,1382.0,52.0,201,0,0,0,0,0,0
1,300.4,311.4,1355.0,56.2,122,0,0,0,0,0,0
0,297.4,308.8,1538.0,41.2,126,0,0,0,0,0,0
0,300.9,310.4,1536.0,34.2,45,0,0,0,0,0,0
0,300.6,309.4,1474.0,40.7,87,0,0,0,0,0,0
0,299.0,310.2,1690.0,30.7,244,0,0,0,0,0,0
0,296.5,307.6,1512.0,43.6,92,0,0,0,0,0,0
0,300.5,310.4,1761.0,26.5,12,0,0,0,0,0,0
2,298.2,309.0,1360.0,56.8,107,0,0,0,0,0,0
1,298.6,308.2,1488.0,44.0,43,0,0,0,0,0,0
0,296.5,307.6,1431.0,45.2,90,0,0,0,0,0,0
1,302.3,311.7,1517.0,37.6,124,0,0,0,0,0,0
1,299.5,309.0,1399.0,49.7,207,0,0,0,0,0,0
0,299.7,309.2,1781.0,29.6,201,0,0,0,0,0,0
0,302.7,310.5,1351.0,41.8,10,0,0,0,0,0,1
0,298.0,309.9,1403.0,47.7,43,0,0,0,0,0,0
0,303.6,312.4,1388.0,41.9,221,0,0,0,0,0,0
0,301.0,310.7,1727.0,34.5,127,0,0,0,0,0,0
0,296.1,306.7,1409.0,42.8,134,0,0,0,0,0,0
0,302.7,311.1,1440.0,39.5,146,0,0,0,0,0,0
2,300.3,311.5,1464.0,41.0,29,0,0,0,0,0,0
0,301.7,311.2,1517.0,42.4,113,0,0,0,0,0,0
0,298.7,309.7,1462.0,46.8,4,0,0,0,0,0,0
