rotational_speed_[rpm],tool_wear_[min],air_temperature_[k],type,twf,pwf,process_temperature_[k],hdf,rnf,osf
1456.0,54,302.0,1,0,0,310.9,0,0,0
1399.0,132,297.0,1,0,0,308.3,0,0,0
1357.0,137,301.0,1,0,0,311.6,0,0,0
1411.0,84,298.9,0,0,0,309.8,0,0,0
1733.0,50,297.1,0,0,0,308.5,0,0,0
1706.0,8,298.3,2,0,0,308.9,0,0,0
1263.0,104,300.7,1,0,0,311.0,0,0,0
1413.0,51,297.6,2,0,0,309.0,0,0,0
1608.0,79,303.9,1,0,0,313.2,0,0,0
1431.0,109,297.3,2,0,0,308.6,0,0,0
1466.0,187,298.9,0,0,0,310.1,0,0,0
1691.0,116,297.9,0,0,0,308.6,0,0,0
1540.0,175,299.2,0,0,0,310.7,0,0,0
1515.0,179,298.4,0,0,0,308.4,0,0,0
1421.0,0,300.4,1,0,0,309.8,0,0,0
1617.0,203,298.7,0,0,0,309.9,0,0,0
1249.0,143,297.7,0,0,0,308.7,0,0,0
1564.0,183,298.9,0,0,0,310.0,0,0,0
1568.0,10,298.1,0,0,0,308.7,0,0,0
1434.0,43,304.1,0,0,0,313.2,0,0,0
1571.0,201,302.5,0,0,0,311.1,0,0,0
1899.5,104,299.2,2,0,0,308.8,0,0,0
1468.0,9,299.6,0,0,0,310.2,0,0,0
1489.0,117,301.0,2,0,0,312.2,0,0,0
1389.0,64,299.1,0,0,0,310.5,0,0,0
1351.0,168,302.4,0,0,0,310.2,0,0,0
1532.0,62,299.1,0,0,0,310.5,0,0,0
1726.0,147,300.6,0,0,0,309.6,0,0,0
1589.0,75,301.7,0,0,0,311.2,0,0,0
1347.0,43,296.8,0,0,0,307.5,0,0,0
1486.0,19,300.7,0,0,0,311.8,0,0,0
1430.0,124,299.6,0,0,0,311.0,0,0,0
1403.0,179,297.1,0,0,0,308.3,0,0,0
1520.0,146,300.7,0,0,0,310.6,0,0,0
1372.0,30,298.9,1,0,0,308.2,0,0,0
1354.0,212,298.7,0,0,0,309.8,0,0,0
1347.0,139,299.7,0,0,0,309.1,0,0,0
1508.0,59,300.7,0,0,0,309.5,0,0,0
1648.0,104,303.0,1,0,0,312.8,0,0,0
1832.0,179,300.4,1,0,0,311.7,0,0,0
1406.0,159,302.0,1,0,0,311.1,0,0,0
1326.0,90,298.3,0,0,0,308.1,0,0,0
1456.0,118,298.9,0,0,0,310.3,0,0,0
1702.0,203,298.0,0,0,0,308.5,0,0,0
1738.0,128,302.6,0,0,0,311.4,0,0,0
1347.0,49,297.1,0,0,0,308.2,0,0,0
1664.0,178,303.8,0,0,0,312.7,0,0,0
1637.0,207,298.6,0,0,0,309.8,0,0,0
1899.5,102,301.6,0,0,0,311.1,0,0,0
1505.0,78,302.3,1,0,0,311.2,0,0,0
1410.0,76,298.2,1,0,0,309.0,0,0,0
1709.0,118,296.8,0,0,0,307.9,0,0,0
1776.0,43,297.2,1,0,0,308.3,0,0,0
1600.0,23,300.2,0,0,0,310.2,0,0,0
1391.0,123,301.0,0,0,0,310.7,0,0,0
1402.0,190,298.7,2,0,0,309.3,0,0,0
1496.0,0,298.1,1,0,0,307.9,0,0,0
1415.0,28,301.5,0,0,0,310.3,0,0,0
1711.0,170,301.1,0,0,0,311.1,0,0,0
1664.0,142,296.8,1,0,0,307.8,0,0,0
1477.0,72,298.2,0,0,0,308.4,0,0,0
1520.0,147,297.4,1,0,0,309.0,0,0,0
1487.0,30,298.9,1,0,0,308.9,0,0,0
1551.0,147,299.3,0,0,0,309.1,0,0,0
1663.0,67,298.3,0,0,0,308.2,0,0,0
1423.0,199,301.0,1,0,0,311.0,0,0,0
1434.0,129,301.5,0,0,0,311.1,0,0,0
1476.0,199,300.5,1,0,0,311.6,0,0,0
1425.0,174,300.6,0,0,0,310.0,0,0,0
1455.0,56,301.3,1,0,0,310.8,0,0,0
1863.0,110,297.2,1,0,0,308.4,0,0,0
1523.0,55,298.8,0,0,0,308.8,0,0,0
1769.0,38,300.4,0,0,0,310.0,0,0,0
1408.0,106,301.6,0,0,0,311.1,0,0,0
1424.0,32,298.7,1,0,0,309.6,0,0,0
1435.0,224,301.5,0,0,0,310.7,0,0,0
1552.0,190,298.0,1,0,0,308.1,0,0,0
1592.0,79,302.2,1,0,0,311.6,0,0,0
1494.0,118,300.6,0,0,0,310.4,0,0,0
1433.0,139,297.5,1,0,0,309.4,0,0,0
1491.0,112,297.3,0,0,0,308.7,0,0,0
1899.5,123,300.1,0,0,0,311.5,0,0,0
1679.0,222,302.0,2,0,0,310.9,0,0,0
1393.0,35,299.2,0,0,0,308.4,0,0,0
1364.0,213,302.1,1,0,0,310.7,0,0,0
1635.0,4,300.0,1,0,0,309.2,0,0,0
1431.0,21,301.4,0,0,0,310.8,0,0,0
1537.0,52,300.8,0,0,0,310.3,0,0,0
1572.0,142,299.7,2,0,0,309.2,0,0,0
1843.0,116,296.8,1,0,0,307.9,0,0,0
1547.0,186,298.0,2,0,0,307.7,0,0,0
1679.0,64,301.0,0,0,0,310.9,0,0,0
1343.0,119,295.7,0,0,0,306.1,0,0,0
1374.0,222,299.3,1,0,0,310.7,0,0,0
1373.0,179,300.8,0,0,0,309.7,0,0,0
1627.0,99,298.6,0,0,0,309.7,0,0,0
1492.0,149,300.4,0,0,0,311.5,0,0,0
1899.5,12,300.4,0,0,0,310.5,0,0,0
1365.0,70,301.3,0,0,0,310.5,0,0,0
1694.0,94,300.0,0,0,0,309.6,0,0,0
1899.5,169,301.4,0,0,0,310.3,0,0,0
1469.0,86,302.4,0,0,0,310.9,0,0,0
1584.0,141,297.3,1,0,0,308.6,0,0,0
1424.0,151,304.2,1,0,0,313.6,0,0,0
1719.0,58,298.9,0,0,0,310.0,0,0,0
1620.0,28,297.4,0,0,0,309.2,0,0,0
1454.0,0,302.1,0,0,0,311.2,0,0,0
1486.0,6,301.9,0,0,0,310.9,0,0,0
1550.0,125,297.2,0,0,0,308.5,0,0,0
1339.0,68,298.0,1,0,0,308.9,0,0,0
1899.5,19,300.2,0,0,0,311.6,0,0,0
1546.0,11,296.9,0,0,0,308.0,0,0,0
1404.0,84,303.5,2,0,0,312.8,0,0,0
1494.0,181,297.2,0,0,0,308.5,0,0,0
1899.5,21,302.1,0,0,0,311.5,0,0,0
1378.0,119,300.6,0,0,0,310.8,0,0,0
1398.0,40,302.6,0,0,0,312.4,0,0,0
1697.0,74,298.7,2,0,0,309.7,0,0,0
1451.0,197,296.7,0,0,0,308.0,0,0,0
1370.0,20,300.5,1,0,0,311.9,0,0,0
1560.0,55,301.3,0,0,0,311.1,0,0,0
1567.0,130,300.9,1,0,0,311.0,0,0,0
1395.0,123,303.7,0,0,0,312.7,0,0,0
1495.0,21,301.0,2,0,0,310.9,0,0,0
1899.5,37,303.6,1,0,0,312.7,0,0,0
1540.0,176,297.5,1,0,0,309.1,0,0,0
1569.0,93,297.6,1,0,0,308.4,0,0,0
1899.5,91,302.3,0,0,0,311.7,0,0,0
1713.0,124,298.0,0,0,0,308.5,0,0,0
1477.0,251,302.7,0,0,0,312.4,0,0,0
1559.0,229,297.1,2,0,0,308.0,0,0,0
1649.0,50,300.3,0,0,0,309.2,0,0,0
1448.0,14,300.2,0,0,0,309.7,0,0,0
1356.0,96,298.3,0,0,0,309.4,0,0,0
1597.0,74,301.8,0,0,0,310.7,0,0,0
1516.0,102,299.0,0,0,0,310.2,0,0,0
1510.0,10,302.2,1,0,0,311.3,0,0,0
1330.0,56,299.2,1,0,0,308.4,0,0,0
1500.0,89,300.2,1,0,0,309.5,0,0,0
1683.0,131,301.6,0,0,0,310.7,0,0,0
1419.0,178,299.9,0,0,0,310.4,0,0,0
1469.0,4,298.6,0,0,0,309.0,0,0,0
1899.5,156,300.9,0,0,0,311.0,0,0,0
1400.0,79,301.9,0,0,0,310.8,0,0,0
1448.0,199,298.2,1,0,0,308.3,0,0,0
1367.0,85,298.2,0,0,0,308.9,0,0,0
1587.0,203,298.6,1,0,0,309.1,0,0,0
1480.0,148,300.5,0,0,0,309.9,0,0,0
1850.0,33,300.8,0,0,0,310.2,0,0,0
1558.0,14,298.1,0,0,0,308.6,0,0,0
1446.0,227,297.1,0,0,0,308.1,0,0,0
1475.0,38,302.3,2,0,0,311.8,0,0,0
1611.0,70,301.1,0,0,0,310.6,0,0,0
1578.0,26,300.4,0,0,0,310.5,0,0,0
1710.0,138,297.3,1,0,0,308.5,0,0,0
1520.0,154,302.5,0,0,0,310.5,0,0,0
1601.0,166,302.2,1,0,0,310.7,0,0,0
1636.0,192,297.2,0,0,0,308.6,0,0,0
1636.0,90,297.1,0,0,0,307.8,0,0,0
1552.0,8,296.2,1,0,0,307.2,0,0,0
1318.0,13,300.3,0,0,0,311.4,0,0,0
1400.0,210,299.8,0,0,0,309.2,0,0,0
1420.0,82,298.6,2,0,0,309.5,0,0,0
1899.5,62,301.9,0,0,0,310.8,0,0,0
1565.0,6,302.1,0,0,0,310.8,0,0,0
1899.5,77,302.4,0,0,0,311.1,0,0,0
1419.0,115,298.6,1,0,0,309.8,0,0,0
1285.0,100,296.9,0,0,0,307.8,0,0,0
1664.0,144,298.3,0,0,0,308.5,0,0,0
1337.0,5,296.8,0,0,0,307.9,0,0,0
1692.0,122,302.2,2,0,0,311.2,0,0,0
1404.0,64,298.7,0,0,0,309.9,0,0,0
1511.0,209,298.2,0,0,0,307.6,0,0,0
1580.0,196,300.5,0,0,0,309.7,0,0,0
1404.0,203,302.8,0,0,0,310.6,0,0,0
1609.0,4,302.0,1,0,0,310.8,0,0,0
1457.0,195,299.2,0,0,0,308.5,0,0,0
1742.0,150,299.2,1,0,0,308.5,0,0,0
1469.0,130,302.9,2,0,0,311.0,0,0,0
1448.0,192,297.8,0,0,0,308.5,0,0,0
1335.0,39,297.2,0,0,0,308.6,0,0,0
1536.0,7,297.5,2,0,0,308.6,0,0,0
1607.0,14,303.6,1,0,0,312.5,0,0,0
1698.0,48,296.8,0,0,0,307.9,0,0,0
1709.0,151,301.2,2,0,0,309.8,0,0,0
1365.0,129,300.8,0,0,0,312.4,0,0,0
1553.0,174,299.7,0,0,0,309.6,0,0,0
1335.0,190,298.1,1,0,0,307.4,0,0,0
1540.0,164,297.2,0,0,0,307.9,0,0,0
1293.0,37,300.3,1,0,0,310.4,0,0,0
1470.0,10,298.3,2,0,0,309.0,0,0,0
1453.0,28,300.1,0,0,0,309.4,0,0,0
1345.0,10,299.9,1,0,0,309.1,0,0,0
1539.0,206,301.3,0,0,0,311.0,0,0,0
1492.0,181,299.4,0,0,0,308.6,0,0,0
1395.0,24,298.4,0,0,0,309.3,0,0,0
1387.0,2,302.3,0,0,0,311.5,0,0,0
1497.0,62,300.9,0,0,0,310.9,0,0,0
1736.0,31,298.8,0,0,0,308.5,0,0,0
1607.0,62,297.8,0,0,0,307.6,0,0,0
1879.0,79,300.0,1,0,0,309.5,0,0,0
1738.0,195,297.5,0,0,0,308.9,0,0,0
1385.0,181,297.6,2,0,0,308.8,0,0,0
1516.0,158,302.2,1,0,0,311.1,0,0,0
1633.0,207,303.8,0,0,0,313.0,0,0,0
1397.0,80,300.6,0,0,0,310.7,0,0,0
1268.0,119,297.3,0,0,0,308.3,0,0,0
1529.0,15,297.6,0,0,0,308.6,0,0,0
1899.5,144,300.2,1,0,0,311.0,0,0,0
1645.0,93,302.4,0,0,0,310.1,0,0,0
1702.0,144,303.7,0,0,0,312.4,0,0,0
1640.0,211,299.8,1,0,0,309.3,0,0,0
1574.0,135,299.7,0,0,0,311.1,0,0,0
1650.0,142,297.5,0,0,0,309.4,0,0,0
1417.0,49,301.5,1,0,0,310.0,0,0,0
1456.0,80,298.1,1,0,0,308.1,0,0,0
1585.0,50,299.5,0,0,0,310.1,0,0,0
1493.0,206,301.0,0,0,0,310.6,0,0,0
1659.0,73,301.7,1,0,0,310.7,0,0,0
1469.0,65,297.3,0,0,0,308.4,0,0,0
1421.0,9,302.2,1,0,0,310.1,0,0,0
1689.0,16,303.6,1,0,0,312.8,0,0,0
1579.0,91,298.5,2,0,0,309.6,0,0,0
1318.0,8,300.6,0,0,0,310.2,0,0,0
1517.0,2,302.1,1,0,0,310.6,0,0,0
1899.5,181,297.1,0,0,0,308.2,0,0,0
1415.0,175,299.4,0,0,0,308.6,0,0,0
1300.0,174,301.0,0,0,0,310.7,0,0,0
1383.0,184,297.9,2,0,0,308.5,0,0,0
1427.0,92,301.9,0,0,0,310.8,0,0,0
1391.0,185,299.4,0,0,0,309.3,0,0,0
1510.0,27,299.3,2,0,0,310.4,0,0,0
1445.0,81,300.0,0,0,0,311.5,0,0,0
1568.0,166,298.2,0,0,0,309.1,0,0,0
1899.5,43,300.9,2,0,0,311.9,0,0,0
1472.0,137,299.6,0,0,0,310.9,0,0,0
1502.0,84,298.5,1,0,0,309.6,0,0,0
1455.0,172,300.6,0,0,0,310.0,0,0,0
1577.0,44,299.1,0,0,0,310.6,0,0,0
1688.0,66,302.5,0,0,0,310.3,0,0,0
1378.0,18,298.9,0,0,0,310.0,0,0,0
1761.0,49,298.5,1,0,0,309.3,0,0,0
1489.0,141,297.5,0,0,0,308.2,0,0,0
1531.0,38,297.7,1,0,0,309.0,0,0,0
1359.0,199,297.4,2,0,0,308.2,0,0,0
1660.0,66,301.7,0,0,0,310.6,0,0,0
1889.0,198,301.0,0,0,0,311.9,0,0,0
1353.0,36,302.3,0,0,0,310.1,0,0,0
1616.0,195,298.3,0,0,0,309.1,0,0,0
1503.0,6,299.2,1,0,0,309.1,0,0,0
1560.0,141,297.5,1,0,0,308.0,0,0,0
1422.0,219,299.6,0,0,0,309.2,0,0,0
1743.0,46,300.5,1,0,0,311.4,0,0,0
1632.0,156,297.2,1,0,0,307.9,0,0,0
1340.0,130,300.1,0,0,0,309.3,0,0,0
1682.0,58,298.0,1,0,0,308.5,0,0,0
1419.0,215,297.6,2,0,0,309.6,0,0,0
1650.0,102,300.7,0,0,0,310.9,0,0,0
1498.0,23,300.8,0,0,0,311.9,0,0,0
1382.0,203,303.0,0,0,0,311.2,0,0,0
1511.0,70,301.9,1,0,0,310.7,0,0,0
1464.0,97,297.9,2,0,0,307.7,0,0,0
1459.0,27,301.4,1,0,0,310.6,0,0,0
1422.0,186,298.4,0,0,0,308.3,0,0,0
1413.0,117,300.0,1,0,0,309.3,0,0,0
1320.0,59,300.5,1,0,0,309.5,0,0,0
1377.0,125,300.3,1,0,0,311.3,0,0,0
1438.0,103,300.6,0,0,0,310.0,0,0,0
1499.0,78,297.9,0,0,0,307.8,0,0,0
1442.0,104,298.8,0,0,0,309.6,0,0,0
1569.0,174,295.6,0,0,0,306.0,0,0,0
1732.0,152,297.7,1,0,0,309.2,0,0,0
1695.0,43,300.3,0,0,0,311.5,0,0,0
1510.0,146,300.2,1,0,0,311.6,0,0,0
1412.0,107,298.8,0,0,0,310.0,0,0,0
1315.0,28,298.6,0,0,0,309.4,0,0,0
1365.0,36,297.7,1,0,0,307.3,0,0,0
1639.0,39,297.4,0,0,0,308.2,0,0,0
1481.0,215,302.5,1,0,0,311.5,0,0,0
1452.0,51,300.0,0,0,0,309.6,0,0,0
1734.0,50,296.6,1,0,0,307.5,0,0,0
1454.0,253,302.6,1,0,0,312.3,0,0,0
1302.0,34,298.2,0,0,0,308.8,0,0,0
1568.0,111,295.8,0,0,0,306.5,0,0,0
1369.0,220,297.4,0,0,0,308.4,0,0,0
1352.0,69,301.2,2,0,0,310.6,0,0,0
1899.5,209,300.8,0,0,0,311.8,0,0,0
1899.5,36,300.8,1,0,0,310.7,0,0,0
1620.0,42,301.7,2,0,0,310.2,0,0,0
1420.0,144,302.0,0,0,0,311.0,0,0,0
1513.0,51,300.4,0,0,0,311.7,0,0,0
1535.0,92,300.6,2,0,0,311.7,0,0,0
1326.0,100,297.2,1,0,0,308.3,0,0,0
1559.0,194,299.0,0,0,0,308.5,0,0,0
1557.0,49,302.4,1,0,0,311.8,0,0,0
1690.0,159,297.1,1,0,0,308.0,0,0,0
1589.0,74,299.3,0,0,0,308.5,0,0,0
1527.0,189,298.8,0,0,0,308.9,0,0,0
1484.0,40,297.5,1,0,0,308.5,0,0,0
1840.0,88,298.3,0,0,0,308.1,0,0,0
1433.0,14,301.1,1,0,0,310.0,0,0,0
1460.0,198,302.1,0,0,0,311.2,0,0,0
1899.5,194,300.8,2,0,0,309.9,0,0,0
1431.0,25,300.8,2,0,0,311.9,0,0,0
1366.0,205,300.7,0,0,0,310.4,0,0,0
1434.0,15,302.0,0,0,0,311.2,0,0,0
1632.0,172,299.8,1,0,0,310.0,0,0,0
1727.0,24,299.8,0,0,0,311.3,0,0,0
1836.0,31,301.1,1,0,0,311.3,0,0,0
1390.0,187,297.5,0,0,0,308.9,0,0,0
1362.0,182,300.4,1,0,0,309.4,0,0,0
1311.0,136,301.7,1,0,0,311.0,0,0,0
1402.0,141,298.2,0,0,0,308.3,0,0,0
1845.0,76,299.4,0,0,0,308.5,0,0,0
1518.0,59,300.8,1,0,0,310.4,0,0,0
1385.0,144,296.9,1,0,0,307.9,0,0,0
1393.0,12,300.3,0,0,0,309.9,0,0,0
1437.0,95,298.1,0,0,0,309.0,0,0,0
1495.0,95,300.2,0,0,0,311.4,0,0,0
1590.0,98,298.9,0,0,0,309.9,0,0,0
1644.0,68,301.8,0,0,0,310.7,0,0,0
1419.0,137,300.3,1,0,0,309.6,0,0,0
1899.5,90,298.2,0,0,0,308.3,0,0,0
1312.0,0,297.5,0,0,0,309.6,0,0,0
1566.0,18,300.0,0,0,0,309.2,0,0,0
1502.0,103,303.6,0,0,0,312.6,0,0,0
1655.0,37,300.5,1,0,0,309.4,0,0,0
1357.0,179,302.5,2,0,0,312.0,0,0,0
1675.0,128,302.4,1,0,0,311.4,0,0,0
1692.0,83,297.4,0,0,0,308.5,0,0,0
1663.0,208,299.8,1,0,0,309.3,0,0,0
1329.0,120,299.0,0,0,0,308.6,0,0,0
1472.0,73,301.9,1,0,0,310.7,0,0,0
1551.0,214,300.1,0,0,0,309.1,0,0,0
1336.0,66,298.2,0,0,0,308.9,0,0,0
1311.0,44,298.6,1,0,0,309.2,0,0,0
1553.0,112,299.6,1,0,0,309.3,0,0,0
1417.0,65,298.1,1,0,0,308.9,0,0,0
1456.0,0,298.6,0,0,0,309.0,0,0,0
1359.0,67,299.5,1,0,0,310.1,0,0,0
1461.0,154,301.0,0,0,0,311.6,0,0,0
1376.0,74,300.4,0,0,0,309.9,0,0,0
1432.0,33,302.2,1,0,0,311.4,0,0,0
1459.0,87,301.4,1,0,0,310.6,0,0,0
1366.0,116,299.4,0,0,0,309.3,0,0,0
1546.0,109,298.7,0,0,0,309.8,0,0,0
1480.0,157,298.8,1,0,0,309.7,0,0,0
1505.0,80,298.3,0,0,0,308.1,0,0,0
1629.0,225,302.5,1,0,0,311.4,0,0,0
1406.0,77,298.0,0,0,0,308.9,0,0,0
1400.0,34,297.8,0,0,0,309.2,0,0,0
1389.0,54,297.4,0,0,0,308.5,0,0,0
1725.0,23,302.0,1,0,0,311.3,0,0,0
1436.0,28,299.2,0,0,0,308.4,0,0,0
1369.0,82,298.2,0,0,0,307.6,0,0,0
1681.0,194,298.3,1,0,0,309.6,0,0,0
1427.0,137,300.7,0,0,0,311.1,0,0,0
1698.0,99,301.4,0,0,0,310.8,0,0,0
1653.0,177,296.9,0,0,0,307.7,0,0,0
1651.0,110,295.6,1,0,0,306.1,0,0,0
1897.0,50,298.5,1,0,0,308.6,0,0,0
1406.0,93,297.9,2,0,0,307.9,0,0,0
1811.0,84,301.2,0,0,0,310.6,0,0,0
1510.0,61,301.0,0,0,0,312.2,0,0,0
1645.0,58,298.2,1,0,0,308.8,0,0,0
1751.0,111,297.9,1,0,0,308.7,0,0,0
1533.0,180,300.0,1,0,0,311.4,0,0,0
1588.0,89,301.6,0,0,0,309.8,0,0,0
1627.0,0,302.3,1,0,0,310.9,0,0,0
1551.0,84,300.3,1,0,0,311.7,0,0,0
1418.0,24,295.6,1,0,0,306.1,0,0,0
1652.0,52,300.6,0,0,0,311.8,0,0,0
1431.0,39,300.0,0,0,0,309.6,0,0,0
1500.0,137,297.4,1,0,0,308.9,0,0,0
1726.0,35,297.8,1,0,0,307.9,0,0,0
1899.5,144,299.8,0,0,0,311.2,0,0,0
1416.0,201,300.9,1,0,0,310.0,0,0,0
1864.0,90,297.3,2,0,0,308.4,0,0,0
1444.0,170,298.5,0,0,0,308.2,0,0,0
1355.0,138,297.5,2,0,0,308.6,0,0,0
1341.0,49,297.4,0,0,0,308.4,0,0,0
1809.0,126,301.1,1,0,0,312.4,0,0,0
1404.0,93,299.3,1,0,0,308.5,0,0,0
1447.0,162,299.9,0,0,0,310.0,0,0,0
1471.0,197,297.5,2,0,0,308.9,0,0,0
1664.0,81,297.6,0,0,0,308.6,0,0,0
1749.0,83,300.0,0,0,0,311.5,0,0,0
1528.0,82,298.3,0,0,0,308.1,0,0,0
1562.0,40,297.9,0,0,0,309.0,0,0,0
1332.0,115,298.5,0,0,0,308.8,0,0,0
1522.0,146,297.4,2,0,0,308.7,0,0,0
1616.0,199,300.1,0,0,0,309.3,0,0,0
1460.0,25,299.8,0,0,0,309.4,0,0,0
1331.0,99,296.4,0,0,0,307.5,0,0,0
1647.0,172,299.3,0,0,0,308.8,0,0,0
1511.0,160,300.2,0,0,0,311.6,0,0,0
1523.0,177,299.0,0,0,0,309.1,0,0,0
1435.0,71,298.7,1,0,0,309.8,0,0,0
1628.0,121,296.0,1,0,0,306.6,0,0,0
1351.0,174,297.8,0,0,0,307.2,0,0,0
1494.0,54,301.3,1,0,0,310.8,0,0,0
1611.0,144,301.5,0,0,0,310.5,0,0,0
1732.0,141,299.3,2,0,0,309.0,0,0,0
1644.0,23,304.2,0,0,0,313.4,0,0,0
1483.0,208,299.7,0,0,0,309.1,0,0,0
1630.0,223,303.6,1,0,0,312.3,0,0,0
1451.0,208,300.5,0,0,0,310.0,0,0,0
1569.0,10,298.6,0,0,0,310.2,0,0,0
1254.0,124,298.7,1,0,0,309.6,0,0,0
1575.0,149,298.8,1,0,0,309.6,0,0,0
1552.0,133,298.5,1,0,0,309.3,0,0,0
1603.0,69,301.9,0,0,0,310.4,0,0,0
1401.0,0,300.0,0,0,0,309.1,0,0,0
1563.0,39,301.9,1,0,0,310.8,0,0,0
1309.0,167,297.2,0,0,0,307.9,0,0,0
1490.0,97,295.7,0,0,0,306.3,0,0,0
1514.0,128,298.4,1,0,0,309.5,0,0,0
1539.0,213,299.9,0,0,0,310.5,0,0,0
1509.0,175,302.9,2,0,0,312.3,0,0,0
1439.0,96,302.3,0,0,0,311.3,0,0,0
1536.0,202,297.5,0,0,0,308.6,0,0,0
1477.0,170,297.8,0,0,0,308.3,0,0,0
1426.0,130,296.9,1,0,0,307.8,0,0,0
1490.0,170,298.3,0,0,0,308.4,0,0,0
1899.5,23,302.9,1,0,0,312.5,0,0,0
1383.0,176,300.7,0,0,0,309.9,0,0,0
1727.0,43,301.4,1,0,0,311.2,0,0,0
1563.0,6,300.4,1,0,0,309.6,0,0,0
1590.0,106,301.9,2,0,0,310.9,0,0,0
1474.0,4,297.4,0,0,0,308.4,0,0,0
1353.0,150,298.2,1,0,0,309.0,0,0,0
1351.0,110,302.2,0,0,0,311.1,0,0,0
1472.0,187,301.9,2,0,0,310.5,0,0,0
1439.0,203,299.8,0,0,0,309.2,0,0,0
1472.0,116,298.0,1,0,0,307.6,0,0,0
1543.0,44,298.8,1,0,0,308.7,0,0,0
1339.0,94,299.0,0,0,0,310.4,0,0,0
1376.0,164,302.7,0,0,0,312.2,0,0,0
1590.0,130,301.9,1,0,0,310.5,0,0,0
1465.0,7,302.3,0,0,0,310.8,0,0,0
1747.0,136,297.9,0,0,0,307.6,0,0,0
1573.0,129,295.5,0,0,0,306.1,0,0,0
1421.0,124,297.4,0,0,0,308.4,0,0,0
1413.0,141,301.2,0,0,0,310.9,0,0,0
1587.0,141,299.0,1,0,0,310.6,0,0,0
1572.0,84,303.5,1,0,0,312.9,0,0,0
1408.0,144,300.2,1,0,0,309.7,0,0,0
1479.0,36,302.2,1,0,0,311.5,0,0,0
1610.0,187,301.4,0,0,0,310.8,0,0,0
1674.0,54,297.5,2,0,0,308.3,0,0,0
1618.0,115,301.7,1,0,0,311.1,0,0,0
1433.0,14,300.4,0,0,0,311.8,0,0,0
1526.0,85,299.8,0,0,0,309.6,0,0,0
1629.0,52,300.3,0,0,0,310.3,0,0,0
1621.0,48,299.4,0,0,0,309.2,0,0,0
1447.0,169,302.1,0,0,0,310.1,0,0,0
1506.0,85,299.7,1,0,0,311.0,0,0,0
1492.0,202,298.0,0,0,0,307.7,0,0,0
1458.0,132,298.2,0,0,0,308.3,0,0,0
1523.0,150,303.8,0,0,0,313.1,0,0,0
1445.0,129,298.9,0,0,0,310.2,0,0,0
1827.0,5,298.9,1,0,0,308.4,0,0,0
1437.0,0,301.8,1,0,0,310.2,0,0,0
1693.0,65,299.1,0,0,0,308.4,0,0,0
1455.0,208,298.8,0,0,0,308.9,0,0,0
1365.0,80,302.6,0,0,0,310.4,0,0,0
1353.0,34,300.1,0,0,0,309.5,0,0,0
1495.0,197,301.8,0,0,0,311.1,0,0,0
1648.0,134,297.6,1,0,0,308.3,0,0,0
1719.0,0,301.9,0,0,0,309.7,0,0,0
1643.0,142,303.3,0,0,0,312.7,0,0,0
1484.0,223,303.3,0,0,0,311.6,0,0,0
1662.0,67,299.0,1,0,0,310.3,0,0,0
1854.0,24,297.4,0,0,0,308.3,0,0,0
1429.0,19,298.9,2,0,0,310.5,0,0,0
1456.0,45,301.9,1,0,0,310.9,0,0,0
1464.0,184,301.0,0,0,0,310.7,0,0,0
1514.0,196,299.2,0,0,0,308.7,0,0,0
1444.0,56,297.2,1,0,0,308.6,0,0,0
1468.0,2,299.2,0,0,0,309.1,0,0,0
1543.0,209,300.4,0,0,0,309.6,0,0,0
1578.0,196,302.4,2,0,0,311.1,0,0,0
1390.0,63,301.3,0,0,0,310.5,0,0,0
1448.0,141,302.4,0,0,0,311.8,0,0,0
1518.0,59,297.3,0,0,0,308.0,0,0,0
1508.0,192,298.2,1,0,0,309.0,0,0,0
1547.0,74,297.7,1,0,0,308.3,0,0,0
1483.0,181,300.3,1,0,0,311.8,0,0,0
1336.0,217,299.5,0,0,0,309.1,0,0,0
1474.0,104,300.8,2,0,0,309.4,0,0,0
1342.0,68,300.4,0,0,0,309.8,0,0,0
1644.0,46,298.7,1,0,0,310.1,0,0,0
1504.0,2,301.3,0,0,0,311.1,0,0,0
1712.0,43,295.7,1,0,0,306.3,0,0,0
1656.0,127,300.4,2,0,0,310.7,0,0,0
1520.0,154,303.7,2,0,0,312.5,0,0,0
1353.0,86,300.1,0,0,0,309.1,0,0,0
1709.0,81,298.2,0,0,0,308.9,0,0,0
1503.0,54,298.1,1,0,0,307.8,0,0,0
1431.0,162,303.6,0,0,0,312.5,0,0,0
1366.0,36,300.7,1,0,0,311.9,0,0,0
1384.0,121,303.7,0,0,0,312.3,0,0,0
1496.0,90,300.7,0,0,0,310.8,0,0,0
1433.0,66,298.7,0,0,0,310.1,0,0,0
1441.0,210,300.9,0,0,0,312.0,0,0,0
1577.0,80,298.9,0,0,0,310.1,0,0,0
1898.0,20,296.1,0,0,0,307.1,0,0,0
1461.0,142,297.7,1,0,0,309.4,0,0,0
1581.0,75,298.8,1,0,0,310.2,0,0,0
1508.0,217,303.3,0,0,0,311.7,0,0,0
1538.0,171,297.3,1,0,0,307.8,0,0,0
1312.0,159,297.5,0,0,0,308.8,0,0,0
1543.0,37,300.4,0,0,0,309.5,0,0,0
1507.0,13,297.9,0,0,0,309.1,0,0,0
1408.0,89,301.6,0,0,0,311.2,0,0,0
1438.0,7,301.3,0,0,0,310.0,0,0,0
1610.0,152,302.6,0,0,0,311.0,0,0,0
1679.0,59,300.5,2,0,0,311.4,0,0,0
1382.0,17,298.1,1,0,0,308.5,0,0,0
1587.0,122,301.5,0,0,0,310.6,0,0,0
1382.0,94,302.2,0,0,0,311.3,0,0,0
1452.0,77,302.5,0,0,0,311.9,0,0,0
1453.0,204,298.1,1,0,0,308.3,0,0,0
1395.0,157,300.5,0,0,0,309.7,0,0,0
1437.0,42,303.7,0,0,0,312.8,0,0,0
1493.0,146,297.2,0,0,0,307.9,0,0,0
1421.0,26,301.9,1,0,0,310.9,0,0,0
1585.0,185,301.7,0,0,0,311.0,0,0,0
1534.0,23,298.9,0,0,0,309.8,0,0,0
1631.0,132,300.5,2,0,0,310.8,0,0,0
1505.0,14,297.3,0,0,0,308.6,0,0,0
1484.0,61,298.9,1,0,0,310.1,0,0,0
1820.0,174,299.8,0,0,0,311.1,0,0,0
1597.0,35,299.6,2,0,0,309.2,0,0,0
1622.0,18,297.8,1,0,0,307.8,0,0,0
1484.0,8,298.8,0,0,0,308.4,0,0,0
1664.0,168,301.0,1,0,0,312.1,0,0,0
1442.0,110,298.3,0,0,0,310.0,0,0,0
1405.0,157,302.7,0,0,0,312.2,0,0,0
1364.0,208,300.7,2,0,0,310.2,0,0,0
1657.0,52,301.1,0,0,0,310.2,0,0,0
1899.5,105,300.9,0,0,0,311.4,0,0,0
1606.0,184,303.6,0,0,0,312.6,0,0,0
1662.0,57,300.7,0,0,0,310.3,0,0,0
1310.0,40,298.6,0,0,0,308.4,0,0,0
1429.0,198,303.6,0,0,0,312.7,0,0,0
1384.0,159,300.4,0,0,0,309.7,0,0,0
1899.5,31,302.2,0,0,0,311.4,0,0,0
1538.0,54,297.9,1,0,0,308.8,0,0,0
1463.0,188,298.4,1,0,0,308.2,0,0,0
1575.0,12,297.7,0,0,0,308.9,0,0,0
1877.0,96,303.5,0,0,0,312.8,0,0,0
1572.0,20,299.6,0,0,0,309.2,0,0,0
1606.0,156,302.0,2,0,0,309.9,0,0,0
1379.0,122,297.6,1,0,0,308.1,0,0,0
1374.0,66,300.7,2,0,0,311.3,0,0,0
1536.0,99,298.0,2,0,0,308.7,0,0,0
1517.0,96,304.0,2,0,0,313.2,0,0,0
1476.0,180,303.4,0,0,0,311.7,0,0,0
1428.0,99,301.2,1,0,0,312.4,0,0,0
1467.0,32,301.9,0,0,0,310.6,0,0,0
1347.0,104,301.4,0,0,0,310.6,0,0,0
1527.0,85,298.0,0,0,0,309.2,0,0,0
1533.0,106,298.6,0,0,0,309.6,0,0,0
1458.0,111,298.4,0,0,0,308.8,0,0,0
1499.0,55,302.2,0,0,0,311.4,0,0,0
1488.0,101,297.7,2,0,0,308.3,0,0,0
1407.0,51,300.8,0,0,0,310.8,0,0,0
1899.5,150,298.1,1,0,0,307.6,0,0,0
1738.0,51,300.0,0,0,0,309.6,0,0,0
1692.0,55,303.3,2,0,0,311.4,0,0,0
1607.0,38,296.7,2,0,0,307.5,0,0,0
1784.0,177,302.7,1,0,0,311.7,0,0,0
1584.0,71,300.4,0,0,0,309.7,0,0,0
1614.0,129,302.3,0,0,0,311.3,0,0,0
1686.0,97,297.3,1,0,0,308.4,0,0,0
1379.0,28,297.9,0,0,0,309.0,0,0,0
1350.0,168,297.0,0,0,0,307.9,0,0,0
1350.0,111,298.8,0,0,0,309.1,0,0,0
1492.0,178,298.2,0,0,0,307.6,0,0,0
1390.0,196,298.6,0,0,0,309.6,0,0,0
1899.5,51,302.1,1,0,0,310.9,0,0,0
1563.0,87,300.6,0,0,0,311.0,0,0,0
1444.0,174,302.4,2,0,0,310.9,0,0,0
1899.5,82,297.9,1,0,0,309.0,0,0,0
1481.0,6,298.6,1,0,0,309.0,0,0,0
1456.0,145,302.0,0,0,0,309.8,0,0,0
1493.0,172,300.2,0,0,0,310.0,0,0,0
1586.0,131,297.3,1,0,0,308.8,0,0,0
1439.0,114,297.4,0,0,0,308.6,0,0,0
1472.0,183,297.9,0,0,0,309.9,0,0,0
1609.0,116,297.4,0,0,0,308.6,0,0,0
1471.0,29,300.6,0,0,0,309.5,0,0,0
1332.0,71,299.1,1,0,0,308.4,0,0,0
1348.0,146,300.4,0,0,0,310.8,0,0,0
1473.0,81,299.6,0,0,0,310.2,0,0,0
1505.0,141,300.8,0,0,0,311.3,0,0,0
1414.0,190,303.8,0,0,0,312.7,0,0,0
1313.0,93,300.6,0,0,0,310.0,0,0,0
1675.0,200,301.0,0,0,0,312.1,0,0,0
1450.0,68,300.2,1,0,0,311.4,0,0,0
1453.0,140,303.1,0,0,0,312.5,0,0,0
1505.0,85,299.0,0,0,0,310.1,0,0,0
1450.0,62,300.8,1,0,0,310.4,0,0,0
1596.0,173,297.7,1,0,0,309.6,0,0,0
1356.0,136,300.4,1,0,0,309.8,0,0,0
1455.0,94,298.4,0,0,0,310.1,0,0,0
1491.0,195,299.7,0,0,0,310.9,0,0,0
1404.0,62,298.9,0,0,0,309.9,0,0,0
1899.5,135,300.7,0,0,0,311.1,0,0,0
1511.0,204,302.1,1,0,0,311.3,0,0,0
1515.0,124,297.9,1,0,0,309.6,0,0,0
1644.0,41,300.4,1,0,0,310.5,0,0,0
1474.0,78,300.0,0,0,0,309.8,0,0,0
1533.0,26,300.1,1,0,0,309.1,0,0,0
1366.0,30,303.5,0,0,0,312.0,0,0,0
1557.0,190,301.8,0,0,0,310.8,0,0,0
1505.0,4,299.7,0,0,0,310.3,0,0,0
1694.0,44,303.7,0,0,0,313.0,0,0,0
1551.0,9,300.3,0,0,0,311.8,0,0,0
1772.0,233,302.1,0,0,0,310.8,0,0,0
1331.0,85,301.9,0,0,0,310.6,0,0,0
1437.0,33,301.0,0,0,0,311.0,0,0,0
1535.0,12,297.5,1,0,0,308.9,0,0,0
1373.0,110,297.5,0,0,0,308.5,0,0,0
1731.0,101,301.5,0,0,0,311.1,0,0,0
1262.0,234,302.8,1,0,0,312.3,0,0,0
1528.0,160,297.5,0,0,0,308.4,0,0,0
1362.0,4,301.4,0,0,0,310.8,0,0,0
1330.0,97,302.5,0,0,0,310.9,0,0,0
1633.0,41,298.0,0,0,0,309.6,0,0,0
1483.0,162,300.7,1,0,0,310.1,0,0,0
1378.0,184,303.8,2,0,0,312.9,0,0,0
1369.0,104,299.1,2,0,0,310.4,0,0,0
1540.0,203,300.3,0,0,0,309.9,0,0,0
1528.0,177,303.9,0,0,0,312.7,0,0,0
1341.0,137,300.5,1,0,0,309.7,0,0,0
1826.0,2,299.3,1,0,0,310.9,0,0,0
1486.0,86,298.3,0,0,0,308.0,0,0,0
1695.0,8,299.1,0,0,0,310.2,0,0,0
1612.0,150,300.3,1,0,0,309.4,0,0,0
1384.0,99,302.4,0,0,0,311.8,0,0,0
1467.0,48,298.1,0,0,0,309.5,0,0,0
1566.0,128,300.6,0,0,0,312.0,0,0,0
1454.0,175,300.5,2,0,0,311.7,0,0,0
1304.0,142,296.8,0,0,0,307.6,0,0,0
1595.0,29,297.3,1,0,0,308.3,0,0,0
1429.0,23,299.2,0,0,0,310.3,0,0,0
1588.0,53,303.6,0,0,0,312.9,0,0,0
1481.0,100,303.9,0,0,0,313.2,0,0,0
1532.0,166,298.9,2,0,0,310.2,0,0,0
1295.0,130,297.4,0,0,0,308.5,0,0,0
1383.0,45,302.2,0,0,0,310.8,0,0,0
1763.0,103,301.9,1,0,0,310.9,0,0,0
1504.0,35,297.7,1,0,0,309.0,0,0,0
1702.0,143,298.6,0,0,0,309.3,0,0,0
1518.0,190,297.8,0,0,0,308.4,0,0,0
1499.0,8,300.5,0,0,0,310.6,0,0,0
1565.0,110,301.4,1,0,0,310.6,0,0,0
1452.0,72,297.5,0,0,0,308.6,0,0,0
1610.0,71,301.9,0,0,0,310.4,0,0,0
1579.0,162,299.9,1,0,0,311.2,0,0,0
1449.0,174,297.6,0,0,0,309.1,0,0,0
1899.5,26,303.6,1,0,0,312.8,0,0,0
1519.0,213,298.9,2,0,0,310.6,0,0,0
1734.0,72,300.6,0,0,0,311.7,0,0,0
1869.0,163,297.2,0,0,0,308.0,0,0,0
1571.0,228,300.5,1,0,0,310.2,0,0,0
1467.0,139,298.4,0,0,0,309.1,0,0,0
1899.5,102,300.7,1,0,0,310.6,0,0,0
1899.5,166,299.8,0,0,0,310.2,0,0,0
1850.0,194,298.4,0,0,0,308.2,0,0,0
1620.0,70,299.6,1,0,0,310.2,0,0,0
1521.0,142,302.4,0,0,0,310.4,0,0,0
1456.0,167,295.5,0,0,0,306.0,0,0,0
1415.0,169,297.6,0,0,0,308.6,0,0,0
1509.0,0,299.2,0,0,0,308.4,0,0,0
1429.0,53,301.8,1,0,0,310.7,0,0,0
1765.0,115,303.6,1,0,0,312.7,0,0,0
1442.0,169,302.6,0,0,0,311.5,0,0,0
1571.0,208,301.4,0,0,0,310.5,0,0,0
1447.0,61,297.3,0,0,0,308.0,0,0,0
1507.0,55,302.3,0,0,0,311.5,0,0,0
1695.0,28,300.5,0,0,0,310.5,0,0,0
1492.0,199,301.0,0,0,0,310.9,0,0,0
1678.0,34,301.3,1,0,0,311.1,0,0,0
1565.0,142,301.5,0,0,0,310.6,0,0,0
1294.0,126,299.9,0,0,0,309.6,0,0,0
1607.0,93,301.7,0,0,0,309.9,0,0,0
1419.0,115,297.2,0,0,0,308.3,0,0,0
1878.0,24,300.7,0,0,0,311.2,0,0,0
1490.0,6,297.9,0,0,0,308.0,0,0,0
1638.0,84,297.4,1,0,0,308.5,0,0,0
1275.0,15,300.2,0,0,0,309.7,0,0,0
1622.0,121,298.0,0,0,0,307.8,0,0,0
1435.0,12,301.7,0,0,0,310.2,0,0,0
1509.0,213,301.3,0,0,0,311.3,0,0,0
1508.0,159,302.3,1,0,0,311.9,0,0,0
1564.0,31,300.8,0,0,0,310.8,0,0,0
1614.0,15,298.2,1,0,0,308.9,0,0,0
1553.0,97,298.8,0,0,0,310.3,0,0,0
1393.0,99,298.7,0,0,0,309.7,0,0,0
1555.0,5,300.4,1,0,0,311.7,0,0,0
1537.0,175,298.6,0,0,0,309.3,0,0,0
1399.0,222,300.7,0,0,0,311.9,0,0,0
1412.0,59,299.9,1,0,0,309.5,0,0,0
1439.0,34,298.0,1,0,0,309.0,0,0,0
1506.0,49,302.2,0,0,0,310.9,0,0,0
1592.0,57,297.6,1,0,0,309.6,0,0,0
1899.5,36,297.8,1,0,0,309.3,0,0,0
1569.0,29,298.1,1,0,0,307.9,0,0,0
1516.0,135,296.8,1,0,0,307.5,0,0,0
1268.0,189,298.0,0,0,0,308.7,0,0,0
1780.0,91,298.2,0,0,0,309.0,0,0,0
1899.5,56,302.8,0,0,0,312.1,0,0,0
1557.0,139,298.8,0,0,0,309.8,0,0,0
1481.0,20,303.5,0,0,0,312.4,0,0,0
1471.0,119,298.5,0,0,0,309.3,0,0,0
1390.0,168,298.6,0,0,0,308.2,0,0,0
1899.5,28,301.2,1,0,0,310.7,0,0,0
1501.0,226,300.6,0,0,0,311.8,0,0,0
1685.0,130,302.3,1,0,0,311.7,0,0,0
1511.0,26,301.0,0,0,0,311.2,0,0,0
1450.0,186,296.9,1,0,0,308.4,0,0,0
1437.0,120,298.5,0,0,0,309.7,0,0,0
1435.0,219,303.1,0,0,0,311.2,0,0,0
1602.0,58,298.9,0,0,0,310.1,0,0,0
1751.0,183,300.8,1,0,0,309.7,0,0,0
1548.0,132,298.5,0,0,0,309.5,0,0,0
1675.0,164,300.4,1,0,0,309.6,0,0,0
1644.0,206,301.7,0,0,0,311.1,0,0,0
1397.0,137,303.3,1,0,0,312.6,0,0,0
1298.0,59,303.4,0,0,0,311.9,0,0,0
1486.0,98,297.2,2,0,0,308.6,0,0,0
1544.0,25,302.6,1,0,0,310.4,0,0,0
1595.0,135,302.0,1,0,0,310.4,0,0,0
1335.0,69,295.8,1,0,0,306.4,0,0,0
1463.0,85,297.6,2,0,0,308.6,0,0,0
1899.5,201,299.7,0,0,0,311.0,0,0,0
1468.0,55,300.6,1,0,0,311.4,0,0,0
1391.0,197,303.4,1,0,0,311.8,0,0,0
1524.0,204,302.6,1,0,0,310.5,0,0,0
1542.0,198,304.0,0,0,0,312.8,0,0,0
1287.0,49,295.6,0,0,0,306.2,0,0,0
1533.0,92,298.4,0,0,0,310.1,0,0,0
1422.0,4,302.8,2,0,0,312.5,0,0,0
1398.0,79,298.2,0,0,0,309.4,0,0,0
1676.0,158,300.3,0,0,0,311.1,0,0,0
1553.0,49,298.1,0,0,0,310.0,0,0,0
1542.0,203,299.3,1,0,0,308.4,0,0,0
1496.0,179,298.0,0,0,0,308.8,0,0,0
1396.0,117,301.5,0,0,0,310.5,0,0,0
1496.0,215,299.8,0,0,0,310.5,0,0,0
1523.0,99,298.3,0,0,0,310.1,0,0,0
1442.0,18,298.2,0,0,0,308.8,0,0,0
1476.0,25,301.4,1,0,0,311.2,0,0,0
1431.0,46,297.2,1,0,0,308.3,0,0,0
1492.0,222,296.8,2,0,0,308.1,0,0,0
1353.0,172,303.5,1,0,0,312.5,0,0,0
1524.0,100,298.2,2,0,0,309.0,0,0,0
1451.0,136,299.5,1,0,0,311.0,0,0,0
1486.0,146,300.8,0,0,0,310.8,0,0,0
1502.0,30,297.9,0,0,0,309.0,0,0,0
1686.0,60,298.1,2,0,0,309.9,0,0,0
1605.0,107,299.2,0,0,0,309.1,0,0,0
1465.0,60,301.8,1,0,0,310.3,0,0,0
1573.0,123,297.4,1,0,0,308.8,0,0,0
1558.0,115,299.6,0,0,0,309.3,0,0,0
1439.0,41,300.7,1,0,0,309.5,0,0,0
1420.0,67,300.7,0,0,0,312.3,0,0,0
1476.0,97,300.5,2,0,0,311.6,0,0,0
1310.0,130,303.9,0,0,0,313.1,0,0,0
1504.0,111,303.5,0,0,0,312.9,0,0,0
1501.0,128,303.5,0,0,0,312.9,0,0,0
1573.0,168,299.8,2,0,0,310.2,0,0,0
1573.0,57,301.2,0,0,0,311.0,0,0,0
1684.0,72,296.4,1,0,0,307.5,0,0,0
1326.0,75,298.2,1,0,0,308.9,0,0,0
1474.0,188,297.7,0,0,0,308.7,0,0,0
1612.0,205,299.8,0,0,0,309.1,0,0,0
1470.0,23,301.1,2,0,0,310.0,0,0,0
1483.0,92,298.5,1,0,0,309.5,0,0,0
1480.0,77,300.1,1,0,0,310.4,0,0,0
1497.0,27,297.3,0,0,0,308.5,0,0,0
1736.0,99,303.6,0,0,0,311.8,0,0,0
1899.5,105,298.9,1,0,0,309.8,0,0,0
1612.0,163,297.5,1,0,0,308.5,0,0,0
1565.0,41,302.3,0,0,0,311.5,0,0,0
1616.0,65,298.1,0,0,0,308.1,0,0,0
1620.0,168,299.7,0,0,0,309.2,0,0,0
1505.0,93,298.3,1,0,0,309.0,0,0,0
1531.0,9,301.3,0,0,0,310.1,0,0,0
1530.0,74,300.1,0,0,0,311.6,0,0,0
1593.0,174,298.3,0,0,0,308.4,0,0,0
1517.0,142,303.9,2,0,0,313.0,0,0,0
1514.0,48,300.2,0,0,0,310.3,0,0,0
1772.0,52,299.3,0,0,0,308.5,0,0,0
1488.0,95,299.5,1,0,0,310.7,0,0,0
1522.0,48,300.7,0,0,0,311.3,0,0,0
1459.0,97,301.5,0,0,0,311.1,0,0,0
1582.0,193,300.8,2,0,0,310.5,0,0,0
1589.0,197,298.9,0,0,0,309.6,0,0,0
1529.0,10,300.4,0,0,0,310.2,0,0,0
1370.0,113,298.5,0,0,0,309.5,0,0,0
1574.0,40,298.0,1,0,0,309.1,0,0,0
1731.0,38,298.0,0,0,0,309.2,0,0,0
1441.0,107,298.5,1,0,0,309.6,0,0,0
1320.0,134,299.8,1,0,0,309.7,0,0,0
1771.0,206,298.0,0,0,0,308.7,0,0,0
1469.0,80,297.4,1,0,0,308.6,0,0,0
1422.0,179,298.6,0,0,0,308.3,0,0,0
1429.0,98,301.0,0,0,0,310.5,0,0,0
1868.0,95,300.8,1,0,0,310.3,0,0,0
1548.0,59,301.2,0,0,0,310.3,0,0,0
1626.0,62,302.2,1,0,0,311.4,0,0,0
1435.0,119,296.9,0,0,0,307.6,0,0,0
1486.0,16,298.3,2,0,0,309.2,0,0,0
1740.0,152,298.8,0,0,0,309.7,0,0,0
1407.0,161,298.9,2,0,0,309.7,0,0,0
1855.0,7,297.7,2,0,0,307.1,0,0,0
1798.0,203,297.8,1,0,0,309.8,0,0,0
1899.5,32,298.2,1,0,0,308.0,0,0,0
1468.0,83,299.3,1,0,0,308.4,0,0,0
1580.0,184,301.3,2,0,0,311.0,0,0,0
1524.0,131,298.9,1,0,0,308.6,0,0,0
1369.0,36,300.3,0,0,0,310.2,0,0,0
1299.0,212,299.8,0,0,0,309.3,0,0,0
1551.0,205,300.5,1,0,0,311.2,0,0,0
1486.0,112,303.0,0,0,0,312.3,0,0,0
1843.0,25,300.9,1,0,0,311.8,0,0,0
1844.0,88,304.0,1,0,0,313.3,0,0,0
1401.0,50,300.7,0,0,0,312.0,0,0,0
1735.0,194,303.0,0,0,0,311.2,0,0,0
1459.0,63,300.6,0,0,0,311.5,0,0,0
1506.0,77,299.5,1,0,0,309.3,0,0,0
1899.5,124,301.8,0,0,0,310.6,0,0,0
1478.0,153,300.5,0,0,0,312.0,0,0,0
1402.0,197,301.3,1,0,0,311.0,0,0,0
1401.0,6,297.5,1,0,0,308.5,0,0,0
1700.0,39,301.5,0,0,0,311.2,0,0,0
1373.0,96,300.7,1,0,0,311.1,0,0,0
1460.0,14,301.5,1,0,0,310.7,0,0,0
1751.0,160,298.8,0,0,0,309.7,0,0,0
1404.0,62,297.8,0,0,0,308.7,0,0,0
1652.0,112,300.0,1,0,0,309.7,0,0,0
1560.0,186,300.4,1,0,0,310.0,0,0,0
1557.0,47,297.5,2,0,0,308.5,0,0,0
1764.0,27,300.5,0,0,0,310.2,0,0,0
1424.0,128,303.4,0,0,0,311.5,0,0,0
1580.0,100,298.9,0,0,0,310.1,0,0,0
1429.0,104,302.4,0,0,0,310.1,0,0,0
1484.0,172,298.3,0,0,0,308.4,0,0,0
1358.0,133,302.4,1,0,0,311.8,0,0,0
1590.0,58,302.4,0,0,0,311.5,0,0,0
1594.0,13,303.1,1,0,0,311.1,0,0,0
1390.0,131,297.4,2,0,0,307.9,0,0,0
1468.0,156,297.4,2,0,0,309.0,0,0,0
1618.0,53,300.0,1,0,0,309.6,0,0,0
1671.0,204,302.4,0,0,0,311.9,0,0,0
1626.0,209,303.9,0,0,0,313.0,0,0,0
1514.0,75,302.6,0,0,0,310.4,0,0,0
1489.0,180,300.4,2,0,0,311.2,0,0,0
1353.0,168,302.6,1,0,0,312.2,0,0,0
1432.0,197,298.7,2,0,0,308.4,0,0,0
1258.0,105,296.7,1,0,0,307.8,0,0,0
1382.0,199,299.0,2,0,0,308.8,0,0,0
1359.0,161,299.7,0,0,0,309.6,0,0,0
1455.0,76,299.6,1,0,0,310.1,0,0,0
1887.0,197,302.4,1,0,0,311.1,0,0,0
1325.0,34,299.2,1,0,0,310.4,0,0,0
1449.0,80,299.1,1,0,0,310.6,0,0,0
1729.0,96,302.9,0,0,0,312.2,0,0,0
1674.0,0,303.5,0,0,0,312.1,0,0,0
1362.0,185,298.9,0,0,0,310.2,0,0,0
1650.0,196,300.3,0,0,0,309.2,0,0,0
1509.0,52,302.8,0,0,0,312.2,0,0,0
1438.0,63,299.2,0,0,0,308.5,0,0,0
1881.0,40,296.2,0,0,0,307.3,0,0,0
1623.0,109,298.5,0,0,0,309.3,0,0,0
1597.0,203,303.8,1,0,0,312.4,0,0,0
1400.0,77,300.1,0,0,0,309.1,0,0,0
1647.0,3,297.5,0,0,0,308.2,0,0,0
1597.0,16,295.5,0,0,0,306.0,0,0,0
1899.5,164,299.5,0,0,0,308.8,0,0,0
1589.0,149,298.8,1,0,0,309.7,0,0,0
1646.0,175,297.9,0,0,0,308.4,0,0,0
1821.0,69,299.2,0,0,0,308.5,0,0,0
1636.0,38,302.8,0,0,0,310.9,0,0,0
1469.0,75,300.7,1,0,0,310.8,0,0,0
1484.0,65,302.7,2,0,0,312.0,0,0,0
1361.0,192,298.9,0,0,0,310.1,0,0,0
1632.0,121,304.0,0,0,0,313.2,0,0,0
1457.0,168,303.5,0,0,0,312.5,0,0,0
1582.0,144,300.3,2,0,0,309.7,0,0,0
1771.0,213,298.9,0,0,0,308.6,0,0,0
1460.0,41,297.2,0,0,0,308.4,0,0,0
1302.0,87,299.7,2,0,0,309.2,0,0,0
1596.0,157,301.3,0,0,0,310.9,0,0,0
1706.0,107,298.4,0,0,0,308.9,0,0,0
1402.0,94,301.5,1,0,0,311.1,0,0,0
1382.0,116,297.9,0,0,0,309.0,0,0,0
1353.0,185,297.2,1,0,0,308.5,0,0,0
1411.0,177,302.5,0,0,0,312.0,0,0,0
1436.0,153,298.2,2,0,0,308.8,0,0,0
1645.0,169,298.9,0,0,0,309.5,0,0,0
1688.0,33,303.2,1,0,0,311.2,0,0,0
1431.0,37,300.5,0,0,0,311.9,0,0,0
1397.0,104,297.9,0,0,0,307.8,0,0,0
1317.0,187,301.7,0,0,0,309.9,0,0,0
1419.0,76,299.1,0,0,0,310.5,0,0,0
1899.5,29,298.1,1,0,0,308.0,0,0,0
1398.0,19,302.7,0,0,0,310.7,0,0,0
1721.0,50,303.7,0,0,0,313.1,0,0,0
1503.0,87,298.2,0,0,0,307.7,0,0,0
1363.0,62,301.0,0,0,0,311.2,0,0,0
1544.0,197,299.4,0,0,0,309.3,0,0,0
1802.0,192,302.5,0,0,0,311.5,0,0,0
1677.0,130,300.3,2,0,0,309.9,0,0,0
1337.0,106,301.3,0,0,0,310.5,0,0,0
1672.0,176,300.7,0,0,0,310.0,0,0,0
1448.0,107,297.8,0,0,0,307.5,0,0,0
1667.0,53,299.0,1,0,0,310.0,0,0,0
1434.0,144,298.7,1,0,0,309.9,0,0,0
1349.0,176,299.9,0,0,0,309.5,0,0,0
1406.0,112,301.7,0,0,0,310.6,0,0,0
1488.0,151,301.5,0,0,0,310.4,0,0,0
1447.0,173,302.6,0,0,0,312.0,0,0,0
1411.0,94,299.0,0,0,0,309.9,0,0,0
1337.0,52,303.4,0,0,0,312.2,0,0,0
1499.0,142,298.3,0,0,0,308.6,0,0,0
1450.0,106,297.9,1,0,0,307.8,0,0,0
1566.0,76,297.4,1,0,0,308.5,0,0,0
1712.0,95,299.2,2,0,0,308.9,0,0,0
1475.0,69,297.4,0,0,0,308.5,0,0,0
1443.0,21,298.8,0,0,0,308.2,0,0,0
1564.0,150,301.6,0,0,0,310.8,0,0,0
1497.0,76,301.2,0,0,0,310.3,0,0,0
1417.0,24,300.9,0,0,0,311.1,0,0,0
1597.0,38,300.7,0,0,0,310.8,0,0,0
1572.0,17,302.2,1,0,0,310.1,0,0,0
1683.0,8,300.5,0,0,0,310.3,0,0,0
1447.0,51,298.2,0,0,0,308.7,0,0,0
1500.0,30,302.3,1,0,0,311.4,0,0,0
1693.0,35,297.9,1,0,0,309.8,0,0,0
1732.0,232,303.3,0,0,0,311.4,0,0,0
1482.0,63,301.8,0,0,0,310.3,0,0,0
1528.0,147,298.8,0,0,0,310.0,0,0,0
1484.0,13,297.3,0,0,0,308.3,0,0,0
1394.0,82,302.9,1,0,0,312.6,0,0,0
1386.0,212,298.3,0,0,0,309.1,0,0,0
1794.0,114,298.9,0,0,0,310.0,0,0,0
1647.0,212,297.9,1,0,0,307.5,0,0,0
1446.0,173,299.5,0,0,0,308.7,0,0,0
1899.5,198,301.7,1,0,0,310.8,0,0,0
1513.0,189,296.9,0,0,0,308.3,0,0,0
1471.0,86,300.6,0,0,0,310.9,0,0,0
1558.0,0,301.0,0,0,0,310.1,0,0,0
1429.0,141,298.2,0,0,0,307.9,0,0,0
1523.0,59,303.7,0,0,0,312.8,0,0,0
1394.0,121,303.9,0,0,0,313.3,0,0,0
1516.0,64,299.3,0,0,0,309.0,0,0,0
1446.0,196,302.9,0,0,0,312.4,0,0,0
1496.0,88,297.1,0,0,0,307.9,0,0,0
1564.0,20,297.5,0,0,0,309.3,0,0,0
1474.0,191,299.3,0,0,0,308.6,0,0,0
1466.0,112,299.0,0,0,0,308.6,0,0,0
1574.0,4,301.2,1,0,0,311.1,0,0,0
1759.0,176,298.1,1,0,0,307.9,0,0,0
1442.0,233,301.8,0,0,0,309.7,0,0,0
1738.0,104,301.4,1,0,0,310.8,0,0,0
1499.0,185,299.1,1,0,0,308.6,0,0,0
1560.0,118,298.9,0,0,0,308.6,0,0,0
1361.0,62,303.5,0,0,0,311.6,0,0,0
1412.0,181,299.8,0,0,0,311.1,0,0,0
1380.0,160,301.5,0,0,0,310.5,0,0,0
1384.0,48,301.1,1,0,0,311.2,0,0,0
1558.0,206,303.7,1,0,0,312.8,0,0,0
1512.0,170,298.5,1,0,0,309.3,0,0,0
1455.0,145,299.1,0,0,0,308.5,0,0,0
1390.0,23,298.3,1,0,0,308.9,0,0,0
1469.0,15,299.6,0,0,0,310.2,0,0,0
1634.0,36,300.3,0,0,0,311.5,0,0,0
1628.0,12,298.1,1,0,0,308.8,0,0,0
1785.0,45,302.4,0,0,0,311.5,0,0,0
1558.0,35,298.0,1,0,0,309.2,0,0,0
1899.5,110,303.9,1,0,0,313.0,0,0,0
1558.0,184,301.3,0,0,0,310.1,0,0,0
1415.0,98,300.5,1,0,0,310.0,0,0,0
1453.0,153,299.8,1,0,0,309.5,0,0,0
1631.0,146,297.5,0,0,0,308.1,0,0,0
1734.0,70,297.4,1,0,0,308.1,0,0,0
1791.0,63,298.1,0,0,0,308.1,0,0,0
1600.0,190,297.4,1,0,0,308.5,0,0,0
1351.0,18,300.4,0,0,0,311.2,0,0,0
1545.0,117,298.4,0,0,0,309.5,0,0,0
1541.0,208,298.7,0,0,0,309.9,0,0,0
1889.0,6,299.9,1,0,0,309.4,0,0,0
1364.0,44,303.7,0,0,0,312.8,0,0,0
1559.0,23,298.4,0,0,0,310.0,0,0,0
1374.0,163,302.4,0,0,0,310.3,0,0,0
1887.0,120,300.0,0,0,0,309.3,0,0,0
1596.0,30,297.5,0,0,0,308.6,0,0,0
1702.0,135,301.5,0,0,0,310.5,0,0,0
1553.0,0,300.6,0,0,0,311.7,0,0,0
1479.0,144,298.4,0,0,0,309.6,0,0,0
1737.0,96,301.4,0,0,0,310.4,0,0,0
1497.0,150,299.9,0,0,0,310.4,0,0,0
1798.0,89,299.0,0,0,0,309.4,0,0,0
1397.0,164,299.8,1,0,0,310.0,0,0,0
1487.0,205,299.4,1,0,0,308.7,0,0,0
1463.0,145,300.2,0,0,0,311.4,0,0,0
1565.0,119,298.1,0,0,0,307.8,0,0,0
1514.0,113,303.8,1,0,0,313.0,0,0,0
1334.0,157,301.4,0,0,0,311.0,0,0,0
1519.0,92,299.1,0,0,0,310.4,0,0,0
1509.0,95,301.4,0,0,0,310.7,0,0,0
1601.0,69,303.0,0,0,0,311.2,0,0,0
1378.0,109,301.5,1,0,0,310.4,0,0,0
1647.0,14,302.6,0,0,0,310.3,0,0,0
1334.0,31,299.3,1,0,0,309.2,0,0,0
1792.0,121,301.1,2,0,0,310.8,0,0,0
1899.5,71,303.7,1,0,0,312.0,0,0,0
1668.0,183,300.9,2,0,0,311.3,0,0,0
1514.0,138,303.7,2,0,0,312.6,0,0,0
1321.0,73,301.6,0,0,0,310.6,0,0,0
1583.0,166,297.4,0,0,0,309.0,0,0,0
1513.0,157,300.2,1,0,0,311.6,0,0,0
1717.0,29,298.6,1,0,0,308.3,0,0,0
1783.0,190,302.0,1,0,0,310.8,0,0,0
1412.0,164,302.3,0,0,0,311.0,0,0,0
1535.0,92,300.1,0,0,0,311.3,0,0,0
1330.0,114,298.3,1,0,0,307.8,0,0,0
1418.0,127,296.8,1,0,0,307.9,0,0,0
1839.0,79,298.0,0,0,0,307.8,0,0,0
1435.0,98,302.3,0,0,0,311.8,0,0,0
1696.0,202,301.3,1,0,0,310.0,0,0,0
1479.0,70,298.0,2,0,0,308.0,0,0,0
1660.0,57,300.1,0,0,0,309.5,0,0,0
1561.0,9,296.8,0,0,0,308.0,0,0,0
1381.0,59,299.2,0,0,0,308.5,0,0,0
1368.0,171,300.3,0,0,0,309.1,0,0,0
1413.0,147,302.2,2,0,0,311.7,0,0,0
1695.0,145,298.7,0,0,0,309.8,0,0,0
1487.0,71,300.2,0,0,0,311.3,0,0,0
1565.0,213,301.3,1,0,0,309.9,0,0,0
1449.0,157,297.9,1,0,0,308.5,0,0,0
1769.0,91,302.2,0,0,0,310.7,0,0,0
1851.0,156,300.9,1,0,0,312.1,0,0,0
1456.0,0,297.8,0,0,0,309.0,0,0,0
1899.5,173,300.1,0,0,0,309.7,0,0,0
1707.0,56,298.8,2,0,0,310.2,0,0,0
1771.0,100,297.4,2,0,0,308.3,0,0,0
1666.0,19,301.8,1,0,0,310.3,0,0,0
1502.0,12,297.9,0,0,0,307.3,0,0,0
1543.0,73,298.1,1,0,0,308.0,0,0,0
1725.0,195,300.4,1,0,0,309.8,0,0,0
1419.0,179,300.7,0,0,0,311.9,0,0,0
1718.0,130,303.7,0,0,0,312.4,0,0,0
1477.0,196,302.1,0,0,0,311.3,0,0,0
1548.0,117,297.5,2,0,0,308.1,0,0,0
1812.0,138,302.0,2,0,0,310.5,0,0,0
1603.0,121,301.1,1,0,0,310.5,0,0,0
1282.0,24,300.6,2,0,0,311.5,0,0,0
1362.0,188,300.4,1,0,0,311.8,0,0,0
1481.0,40,297.9,0,0,0,307.6,0,0,0
1879.0,124,302.3,1,0,0,311.8,0,0,0
1662.0,19,297.7,0,0,0,308.9,0,0,0
1524.0,98,298.0,1,0,0,307.5,0,0,0
1489.0,214,297.2,0,0,0,308.6,0,0,0
1723.0,213,302.3,0,0,0,310.8,0,0,0
1457.0,201,299.4,1,0,0,308.9,0,0,0
1490.0,163,300.3,1,0,0,309.2,0,0,0
1489.0,123,296.8,0,0,0,307.9,0,0,0
1744.0,111,300.6,0,0,0,311.7,0,0,0
1318.0,0,298.2,2,0,0,307.6,0,0,0
1517.0,64,298.6,0,0,0,310.0,0,0,0
1486.0,75,297.4,0,0,0,308.5,0,0,0
1256.0,213,303.8,0,0,0,313.1,0,0,0
1424.0,109,299.4,0,0,0,310.8,0,0,0
1493.0,28,300.0,0,0,0,311.3,0,0,0
1471.0,8,301.7,0,0,0,310.2,0,0,0
1355.0,127,299.7,2,0,0,309.2,0,0,0
1289.0,185,299.3,1,0,0,308.7,0,0,0
1392.0,3,301.6,0,0,0,310.8,0,0,0
1323.0,79,301.5,0,0,0,310.7,0,0,0
1254.0,65,298.0,1,0,0,308.6,0,0,0
1402.0,186,297.1,0,0,0,308.2,0,0,0
1720.0,178,302.3,0,0,0,310.9,0,0,0
1899.5,18,299.5,0,0,0,309.3,0,0,0
1406.0,133,297.1,0,0,0,307.8,0,0,0
1420.0,70,296.8,0,0,0,307.9,0,0,0
1759.0,5,302.7,1,0,0,311.7,0,0,0
1470.0,197,297.5,0,0,0,309.3,0,0,0
1737.0,26,298.2,0,0,0,308.9,0,0,0
1446.0,171,297.2,0,0,0,308.5,0,0,0
1508.0,99,295.8,0,0,0,306.6,0,0,0
1412.0,67,303.3,0,0,0,311.5,0,0,0
1537.0,123,298.3,0,0,0,309.1,0,0,0
1274.0,159,300.8,1,0,0,312.0,0,0,0
1463.0,3,298.1,1,0,0,308.5,0,0,0
1286.0,101,303.6,0,0,0,312.5,0,0,0
1527.0,144,301.7,0,0,0,311.0,0,0,0
1411.0,161,299.8,2,0,0,310.2,0,0,0
1673.0,42,302.5,0,0,0,312.0,0,0,0
1349.0,105,303.7,0,0,0,312.3,0,0,0
1899.5,111,299.0,1,0,0,310.0,0,0,0
1542.0,134,298.3,0,0,0,309.5,0,0,0
1685.0,179,299.7,1,0,0,309.2,0,0,0
1565.0,124,296.8,0,0,0,307.8,0,0,0
1570.0,159,298.1,2,0,0,308.0,0,0,0
1286.0,46,300.4,0,0,0,310.4,0,0,0
1399.0,139,298.2,0,0,0,307.9,0,0,0
1458.0,28,299.7,0,0,0,310.2,0,0,0
1330.0,171,300.7,0,0,0,309.8,0,0,0
1479.0,24,302.0,1,0,0,310.6,0,0,0
1749.0,5,302.2,2,0,0,311.3,0,0,0
1494.0,214,299.7,2,0,0,309.3,0,0,0
1575.0,54,303.6,0,0,0,313.0,0,0,0
1449.0,16,298.6,2,0,0,309.6,0,0,0
1842.0,67,303.3,0,0,0,311.8,0,0,0
1573.0,9,297.7,1,0,0,308.9,0,0,0
1479.0,115,302.4,0,0,0,310.3,0,0,0
1580.0,70,298.6,1,0,0,309.5,0,0,0
1641.0,81,299.6,0,0,0,309.1,0,0,0
1630.0,116,298.5,0,0,0,309.3,0,0,0
1899.5,168,298.2,0,0,0,308.3,0,0,0
1899.5,74,302.5,1,0,0,311.8,0,0,0
1429.0,35,301.1,1,0,0,310.6,0,0,0
1491.0,26,303.4,0,0,0,311.9,0,0,0
1738.0,58,301.8,0,0,0,310.1,0,0,0
1899.5,43,301.1,2,0,0,311.3,0,0,0
1542.0,12,295.5,0,0,0,305.9,0,0,0
1460.0,204,298.2,2,0,0,307.6,0,0,0
1634.0,184,302.4,0,0,0,311.1,0,0,0
1444.0,46,303.7,1,0,0,312.9,0,0,0
1610.0,155,298.2,0,0,0,309.0,0,0,0
1533.0,189,298.1,1,0,0,309.0,0,0,0
1831.0,133,300.4,1,0,0,311.2,0,0,0
1456.0,150,298.2,1,0,0,308.8,0,0,0
1519.0,90,301.9,0,0,0,310.8,0,0,0
1899.5,165,299.9,0,0,0,309.5,0,0,0
1454.0,153,302.1,0,0,0,311.2,0,0,0
1297.0,211,297.4,0,0,0,308.2,0,0,0
1556.0,36,300.2,1,0,0,309.6,0,0,0
1864.0,47,300.7,2,0,0,311.7,0,0,0
1560.0,186,296.3,0,0,0,307.1,0,0,0
1414.0,25,300.6,0,0,0,310.3,0,0,0
1469.0,96,297.7,2,0,0,308.8,0,0,0
1474.0,156,295.6,0,0,0,306.1,0,0,0
1646.0,125,298.3,2,0,0,309.1,0,0,0
1394.0,70,298.1,1,0,0,308.8,0,0,0
1452.0,56,298.1,1,0,0,308.1,0,0,0
1419.0,196,303.9,0,0,0,312.8,0,0,0
1464.0,96,301.4,1,0,0,310.6,0,0,0
1523.0,181,301.7,0,0,0,310.5,0,0,0
1392.0,143,302.4,1,0,0,310.2,0,0,0
1396.0,5,301.2,1,0,0,310.8,0,0,0
1584.0,81,295.6,1,0,0,306.2,0,0,0
1538.0,63,297.7,2,0,0,307.6,0,0,0
1551.0,82,301.2,0,0,0,310.7,0,0,0
1545.0,68,301.7,0,0,0,310.6,0,0,0
1387.0,154,298.9,0,0,0,308.5,0,0,0
1365.0,174,297.1,2,0,0,307.9,0,0,0
1692.0,18,303.3,0,0,0,311.8,0,0,0
1493.0,149,301.1,0,0,0,309.8,0,0,0
1331.0,47,301.7,0,0,0,310.2,0,0,0
1474.0,175,300.9,2,0,0,310.9,0,0,0
1619.0,186,300.1,0,0,0,311.1,0,0,0
1717.0,17,298.9,0,0,0,310.5,0,0,0
1520.0,10,298.3,1,0,0,307.7,0,0,0
1718.0,148,296.8,0,0,0,307.9,0,0,0
1331.0,53,302.4,0,0,0,310.2,0,0,0
1581.0,101,298.9,1,0,0,309.2,0,0,0
1489.0,179,301.4,1,0,0,310.9,0,0,0
1560.0,14,300.1,2,0,0,309.1,0,0,0
1481.0,106,300.2,0,0,0,309.8,0,0,0
1371.0,159,299.1,0,0,0,308.5,0,0,0
1560.0,37,298.5,0,0,0,309.4,0,0,0
1447.0,185,298.2,0,0,0,309.4,0,0,0
1387.0,81,295.7,1,0,0,306.4,0,0,0
1401.0,163,300.2,0,0,0,309.8,0,0,0
1564.0,30,298.6,0,0,0,309.9,0,0,0
1584.0,215,297.1,0,0,0,308.1,0,0,0
1405.0,58,303.6,0,0,0,313.1,0,0,0
1469.0,143,302.8,1,0,0,312.2,0,0,0
1332.0,76,298.6,0,0,0,309.8,0,0,0
1418.0,207,297.9,2,0,0,307.6,0,0,0
1731.0,42,297.3,1,0,0,308.1,0,0,0
1589.0,118,301.5,0,0,0,310.5,0,0,0
1492.0,91,299.2,0,0,0,308.7,0,0,0
1260.0,29,301.9,1,0,0,310.6,0,0,0
1679.0,10,301.6,0,0,0,310.7,0,0,0
1449.0,182,298.7,2,0,0,309.2,0,0,0
1517.0,45,300.4,0,0,0,311.6,0,0,0
1525.0,191,300.5,0,0,0,311.6,0,0,0
1428.0,181,303.0,1,0,0,311.1,0,0,0
1450.0,63,298.6,0,0,0,309.5,0,0,0
1451.0,123,301.2,0,0,0,310.3,0,0,0
1274.0,121,297.4,0,0,0,309.2,0,0,0
1460.0,143,298.1,0,0,0,307.6,0,0,0
1374.0,180,301.9,0,0,0,309.9,0,0,0
1482.0,16,302.2,2,0,0,311.5,0,0,0
1445.0,66,300.5,0,0,0,311.4,0,0,0
1375.0,179,300.6,0,0,0,310.8,0,0,0
1507.0,74,300.6,0,0,0,311.7,0,0,0
1619.0,45,298.0,0,0,0,308.7,0,0,0
1331.0,121,298.9,1,0,0,310.2,0,0,0
1518.0,165,298.4,0,0,0,309.7,0,0,0
1426.0,67,301.2,1,0,0,310.7,0,0,0
1816.0,7,301.1,0,0,0,311.7,0,0,0
1423.0,189,300.4,0,0,0,310.0,0,0,0
1407.0,86,297.6,0,0,0,308.4,0,0,0
1426.0,54,301.3,0,0,0,310.6,0,0,0
1640.0,195,298.9,0,0,0,310.5,0,0,0
1701.0,199,299.4,0,0,0,309.4,0,0,0
1269.0,195,301.3,0,0,0,310.1,0,0,0
1899.5,190,299.8,0,0,0,311.1,0,0,0
1670.0,7,304.5,0,0,0,313.7,0,0,0
1387.0,110,299.0,2,0,0,310.0,0,0,0
1899.5,81,297.4,1,0,0,308.6,0,0,0
1542.0,25,300.0,0,0,0,309.7,0,0,0
1471.0,59,300.7,1,0,0,310.3,0,0,0
1583.0,94,302.0,0,0,0,310.6,0,0,0
1626.0,21,303.1,0,0,0,311.2,0,0,0
1416.0,152,300.9,1,0,0,310.3,0,0,0
1739.0,94,295.7,1,0,0,306.2,0,0,0
1505.0,215,297.5,1,0,0,308.4,0,0,0
1516.0,14,300.8,0,0,0,311.6,0,0,0
1484.0,28,298.3,2,0,0,309.1,0,0,0
1498.0,3,301.2,1,0,0,311.5,0,0,0
1512.0,153,300.7,0,0,0,312.1,0,0,0
1562.0,78,302.2,1,0,0,310.8,0,0,0
1414.0,197,301.6,2,0,0,310.7,0,0,0
1508.0,184,301.1,0,0,0,311.1,0,0,0
1398.0,12,297.3,0,0,0,308.5,0,0,0
1577.0,133,297.3,1,0,0,308.7,0,0,0
1356.0,185,298.9,0,0,0,308.7,0,0,0
1598.0,79,300.7,0,0,0,310.1,0,0,0
1669.0,72,297.2,0,0,0,308.7,0,0,0
1550.0,162,301.0,1,0,0,311.5,0,0,0
1545.0,18,299.8,0,0,0,309.5,0,0,0
1433.0,36,300.2,0,0,0,311.4,0,0,0
1687.0,47,298.6,0,0,0,309.5,0,0,0
1544.0,0,302.3,0,0,0,311.6,0,0,0
1575.0,150,301.0,1,0,0,310.9,0,0,0
1424.0,132,297.6,0,0,0,308.3,0,0,0
1597.0,160,302.2,2,0,0,311.9,0,0,0
1263.0,197,302.7,0,0,0,310.5,0,0,0
1512.0,172,299.7,0,0,0,309.6,0,0,0
1401.0,94,300.6,1,0,0,311.0,0,0,0
1676.0,151,300.1,0,0,0,311.3,0,0,0
1537.0,233,296.7,1,0,0,307.8,0,0,0
1463.0,189,302.5,0,0,0,310.5,0,0,0
1373.0,73,301.9,1,0,0,310.4,0,0,0
1530.0,93,297.5,0,0,0,308.5,0,0,0
1540.0,38,297.9,1,0,0,307.9,0,0,0
1368.0,140,296.8,0,0,0,307.6,0,0,0
1569.0,63,297.2,0,0,0,308.3,0,0,0
1899.5,10,297.6,1,0,0,308.2,0,0,0
1349.0,21,297.5,1,0,0,308.6,0,0,0
1301.0,155,298.0,1,0,0,307.6,0,0,0
1506.0,161,300.2,0,0,0,309.8,0,0,0
1445.0,10,297.8,2,0,0,309.4,0,0,0
1402.0,3,301.7,0,0,0,310.1,0,0,0
1899.5,98,298.9,1,0,0,310.2,0,0,0
1509.0,141,298.3,1,0,0,309.4,0,0,0
1554.0,99,300.3,1,0,0,311.4,0,0,0
1567.0,71,297.6,1,0,0,308.3,0,0,0
1645.0,155,299.7,1,0,0,309.0,0,0,0
1384.0,38,301.7,0,0,0,310.1,0,0,0
1762.0,91,299.4,2,0,0,308.9,0,0,0
1577.0,112,303.5,0,0,0,311.6,0,0,0
1615.0,15,298.0,0,0,0,308.0,0,0,0
1606.0,199,300.2,0,0,0,311.6,0,0,0
1386.0,172,302.8,0,0,0,312.3,0,0,0
1428.0,45,298.2,0,0,0,308.7,0,0,0
1473.0,184,302.6,0,0,0,312.1,0,0,0
1466.0,125,300.0,1,0,0,311.4,0,0,0
1371.0,167,299.9,0,0,0,311.3,0,0,0
1661.0,110,300.5,0,0,0,311.5,0,0,0
1485.0,181,300.9,1,0,0,310.7,0,0,0
1460.0,103,303.0,1,0,0,311.2,0,0,0
1487.0,183,298.7,1,0,0,309.5,0,0,0
1585.0,202,304.3,1,0,0,313.6,0,0,0
1568.0,82,300.7,1,0,0,309.6,0,0,0
1466.0,172,300.5,1,0,0,309.9,0,0,0
1420.0,138,296.7,0,0,0,307.9,0,0,0
1459.0,115,298.1,1,0,0,308.9,0,0,0
1521.0,84,298.3,2,0,0,309.5,0,0,0
1530.0,42,297.9,1,0,0,309.0,0,0,0
1519.0,198,298.7,1,0,0,310.0,0,0,0
1419.0,7,297.5,2,0,0,308.9,0,0,0
1822.0,202,297.6,0,0,0,309.0,0,0,0
1617.0,158,300.3,1,0,0,309.8,0,0,0
1202.0,129,297.9,1,0,0,307.6,0,0,0
1491.0,13,298.4,1,0,0,309.2,0,0,0
1425.0,35,298.9,1,0,0,308.6,0,0,0
1822.0,164,295.5,1,0,0,306.1,0,0,0
1703.0,5,298.6,0,0,0,309.7,0,0,0
1578.0,44,302.4,0,0,0,311.9,0,0,0
1519.0,41,298.3,0,0,0,309.0,0,0,0
1369.0,164,302.1,0,0,0,311.2,0,0,0
1553.0,187,302.5,0,0,0,311.9,0,0,0
1626.0,210,298.0,0,0,0,308.7,0,0,0
1578.0,34,300.7,0,0,0,309.5,0,0,0
1469.0,205,298.6,0,0,0,309.8,0,0,0
1399.0,190,301.0,0,0,0,311.0,0,0,0
1255.0,149,300.2,0,0,0,311.0,0,0,0
1471.0,26,300.6,0,0,0,311.1,0,0,0
1441.0,3,296.2,0,0,0,307.1,0,0,0
1502.0,197,299.1,0,0,0,308.8,0,0,0
1471.0,164,300.4,0,0,0,311.2,0,0,0
1612.0,174,298.5,2,0,0,308.4,0,0,0
1868.0,92,300.4,0,0,0,311.9,0,0,0
1899.5,104,298.3,0,0,0,307.8,0,0,0
1391.0,139,299.4,0,0,0,310.8,0,0,0
1654.0,155,298.1,1,0,0,308.2,0,0,0
1504.0,142,297.3,0,0,0,308.5,0,0,0
1361.0,174,302.0,0,0,0,310.1,0,0,0
1453.0,69,297.6,1,0,0,308.8,0,0,0
1525.0,113,297.9,1,0,0,309.0,0,0,0
1453.0,33,296.7,0,0,0,307.8,0,0,0
1327.0,24,297.5,1,0,0,308.6,0,0,0
1764.0,139,297.7,0,0,0,307.4,0,0,0
1654.0,161,300.5,2,0,0,310.7,0,0,0
1419.0,39,303.4,1,0,0,311.9,0,0,0
1590.0,5,303.9,0,0,0,313.2,0,0,0
1482.0,154,301.7,0,0,0,311.2,0,0,0
1282.0,10,301.1,0,0,0,310.9,0,0,0
1546.0,159,298.9,0,0,0,310.4,0,0,0
1606.0,14,297.9,0,0,0,307.4,0,0,0
1410.0,79,297.0,2,0,0,308.1,0,0,0
1521.0,152,302.4,1,0,0,310.7,0,0,0
1478.0,183,298.2,0,0,0,308.4,0,0,0
1304.0,45,298.2,0,0,0,308.3,0,0,0
1483.0,124,300.5,1,0,0,309.9,0,0,0
1707.0,103,298.8,1,0,0,308.6,0,0,0
1779.0,46,300.5,1,0,0,312.0,0,0,0
1561.0,45,303.4,1,0,0,312.2,0,0,0
1669.0,120,303.7,1,0,0,312.7,0,0,0
1413.0,43,300.6,0,0,0,311.9,0,0,0
1605.0,84,296.9,0,0,0,307.8,0,0,0
1568.0,135,301.9,1,0,0,309.7,0,0,0
1451.0,108,301.8,0,0,0,310.6,0,0,0
1899.5,110,302.4,0,0,0,310.1,0,0,0
1334.0,133,301.4,0,0,0,310.4,0,0,0
1547.0,217,300.2,2,0,0,311.6,0,0,0
1388.0,183,302.0,0,0,0,309.9,0,0,0
1350.0,96,299.2,0,0,0,308.4,0,0,0
1570.0,154,297.4,0,0,0,309.0,0,0,0
1375.0,59,299.0,0,0,0,310.1,0,0,0
1570.0,175,298.3,0,0,0,308.6,0,0,0
1899.5,198,298.4,2,0,0,308.2,0,0,0
1256.0,142,295.6,2,0,0,306.1,0,0,0
1533.0,182,296.7,1,0,0,307.4,0,0,0
1377.0,166,302.3,0,0,0,310.9,0,0,0
1463.0,214,301.3,1,0,0,311.0,0,0,0
1434.0,148,298.3,1,0,0,308.5,0,0,0
1336.0,52,300.3,0,0,0,310.4,0,0,0
1390.0,85,298.1,1,0,0,308.1,0,0,0
1880.0,156,302.4,0,0,0,311.1,0,0,0
1466.0,156,300.3,0,0,0,309.8,0,0,0
1478.0,185,300.4,1,0,0,311.7,0,0,0
1770.0,140,297.2,2,0,0,308.1,0,0,0
1699.0,178,300.3,0,0,0,309.1,0,0,0
1610.0,56,298.0,0,0,0,308.6,0,0,0
1549.0,67,300.2,0,0,0,311.5,0,0,0
1392.0,173,301.0,0,0,0,310.9,0,0,0
1433.0,178,303.9,0,0,0,313.0,0,0,0
1379.0,13,302.2,1,0,0,311.6,0,0,0
1555.0,205,302.4,0,0,0,311.0,0,0,0
1442.0,127,302.3,1,0,0,311.7,0,0,0
1603.0,104,302.1,0,0,0,311.4,0,0,0
1579.0,94,297.0,1,0,0,307.8,0,0,0
1652.0,108,302.3,0,0,0,311.3,0,0,0
1409.0,138,300.4,2,0,0,309.8,0,0,0
1490.0,127,298.8,1,0,0,309.8,0,0,0
1597.0,177,301.8,1,0,0,311.1,0,0,0
1423.0,63,300.9,0,0,0,312.1,0,0,0
1534.0,31,302.6,0,0,0,312.3,0,0,0
1474.0,198,300.2,1,0,0,310.1,0,0,0
1739.0,80,304.2,1,0,0,313.5,0,0,0
1899.5,96,298.2,0,0,0,307.8,0,0,0
1899.5,149,295.7,0,0,0,306.2,0,0,0
1383.0,108,302.1,1,0,0,311.5,0,0,0
1469.0,189,298.9,1,0,0,310.1,0,0,0
1350.0,153,301.5,1,0,0,310.4,0,0,0
1522.0,32,298.6,0,0,0,310.0,0,0,0
1765.0,179,301.0,1,0,0,310.9,0,0,0
1504.0,212,299.8,0,0,0,309.2,0,0,0
1724.0,76,300.7,1,0,0,310.8,0,0,0
1484.0,183,300.0,0,0,0,311.4,0,0,0
1899.5,133,300.9,0,0,0,310.1,0,0,0
1899.5,113,302.4,0,0,0,310.3,0,0,0
1505.0,102,301.2,1,0,0,312.4,0,0,0
1378.0,35,302.2,0,0,0,311.3,0,0,0
1547.0,73,303.5,0,0,0,313.0,0,0,0
1649.0,185,299.7,1,0,0,311.1,0,0,0
1501.0,59,301.9,0,0,0,311.3,0,0,0
1326.0,173,297.6,0,0,0,308.6,0,0,0
1610.0,17,302.9,0,0,0,310.8,0,0,0
1637.0,115,300.7,0,0,0,310.9,0,0,0
1694.0,44,300.1,0,0,0,309.4,0,0,0
1452.0,164,301.6,1,0,0,310.4,0,0,0
1284.0,50,297.4,0,0,0,308.3,0,0,0
1824.0,49,298.2,2,0,0,308.3,0,0,0
1570.0,192,301.0,0,0,0,310.9,0,0,0
1899.5,74,295.6,0,0,0,306.3,0,0,0
1394.0,36,303.8,0,0,0,313.1,0,0,0
1602.0,193,299.5,0,0,0,309.4,0,0,0
1305.0,66,300.1,0,0,0,311.3,0,0,0
1609.0,39,300.9,2,0,0,310.7,0,0,0
1426.0,157,302.9,1,0,0,312.3,0,0,0
1621.0,194,298.0,1,0,0,307.7,0,0,0
1578.0,181,301.4,0,0,0,310.6,0,0,0
1411.0,74,299.1,0,0,0,310.3,0,0,0
1899.5,204,299.0,0,0,0,308.7,0,0,0
1541.0,193,301.9,0,0,0,311.0,0,0,0
1482.0,15,298.5,0,0,0,309.9,0,0,0
1341.0,64,301.8,0,0,0,310.3,0,0,0
1323.0,106,298.9,1,0,0,310.0,0,0,0
1542.0,191,300.7,0,0,0,310.1,0,0,0
1482.0,187,297.2,2,0,0,308.5,0,0,0
1612.0,206,304.0,2,0,0,313.2,0,0,0
1454.0,90,300.1,0,0,0,311.5,0,0,0
1279.0,9,298.4,0,0,0,308.1,0,0,0
1503.0,90,297.3,0,0,0,308.5,0,0,0
1832.0,35,303.7,0,0,0,312.8,0,0,0
1306.0,57,300.1,0,0,0,310.1,0,0,0
1582.0,181,299.4,0,0,0,310.4,0,0,0
1397.0,47,298.6,1,0,0,309.6,0,0,0
1370.0,61,299.2,0,0,0,308.5,0,0,0
1382.0,67,301.5,1,0,0,310.6,0,0,0
1706.0,206,299.0,0,0,0,308.7,0,0,0
1418.0,106,300.7,1,0,0,311.0,0,0,0
1506.0,125,299.1,1,0,0,308.3,0,0,0
1470.0,191,297.5,0,0,0,309.0,0,0,0
1720.0,202,300.9,2,0,0,312.0,0,0,0
1468.0,94,297.4,0,0,0,308.7,0,0,0
1686.0,9,302.7,0,0,0,310.6,0,0,0
1350.0,88,304.0,0,0,0,313.0,0,0,0
1385.0,217,301.9,1,0,0,309.6,0,0,0
1521.0,40,299.1,2,0,0,308.3,0,0,0
1504.0,45,297.3,0,0,0,308.3,0,0,0
1495.0,214,298.8,1,0,0,309.9,0,0,0
1540.0,85,300.7,0,0,0,310.6,0,0,0
1686.0,128,300.8,1,0,0,310.1,0,0,0
1477.0,127,297.5,0,0,0,308.8,0,0,0
1498.0,9,297.2,1,0,0,308.6,0,0,0
1356.0,133,300.2,0,0,0,309.5,0,0,0
1430.0,130,300.6,0,0,0,312.0,0,0,0
1654.0,188,296.3,0,0,0,307.1,0,0,0
1527.0,165,297.3,0,0,0,308.0,0,0,0
1455.0,118,301.6,1,0,0,310.4,0,0,0
1405.0,152,302.5,0,0,0,310.3,0,0,0
1520.0,67,299.3,2,0,0,308.6,0,0,0
1496.0,161,298.9,0,0,0,310.3,0,0,0
1437.0,34,297.5,0,0,0,308.6,0,0,0
1460.0,162,300.4,0,0,0,311.7,0,0,0
1477.0,111,302.1,0,0,0,311.5,0,0,0
1582.0,107,299.2,1,0,0,308.3,0,0,0
1314.0,8,302.1,0,0,0,310.7,0,0,0
1894.0,188,300.9,0,0,0,310.5,0,0,0
1479.0,137,299.7,0,0,0,310.6,0,0,0
1626.0,50,298.0,0,0,0,308.6,0,0,0
1502.0,160,301.1,0,0,0,309.6,0,0,0
1531.0,60,302.2,0,0,0,310.9,0,0,0
1390.0,127,297.9,0,0,0,309.5,0,0,0
1714.0,128,299.6,2,0,0,311.0,0,0,0
1372.0,157,297.8,0,0,0,307.5,0,0,0
1689.0,192,299.1,0,0,0,308.5,0,0,0
1315.0,127,298.5,1,0,0,309.5,0,0,0
1545.0,90,298.3,0,0,0,310.1,0,0,0
1580.0,90,303.4,0,0,0,312.2,0,0,0
1453.0,124,301.5,2,0,0,310.5,0,0,0
1530.0,169,300.4,0,0,0,311.2,0,0,0
1551.0,0,298.1,1,0,0,308.6,0,0,0
1506.0,26,297.8,0,0,0,308.9,0,0,0
1582.0,180,297.4,1,0,0,309.1,0,0,0
1430.0,47,300.2,0,0,0,309.6,0,0,0
1463.0,102,300.3,2,0,0,311.6,0,0,0
1445.0,2,302.0,0,0,0,310.8,0,0,0
1458.0,34,302.6,1,0,0,312.2,0,0,0
1899.5,119,297.2,2,0,0,308.4,0,0,0
1508.0,164,300.4,1,0,0,311.7,0,0,0
1429.0,206,300.1,1,0,0,310.2,0,0,0
1388.0,188,301.4,0,0,0,310.4,0,0,0
1410.0,33,302.6,1,0,0,312.4,0,0,0
1685.0,27,300.7,0,0,0,309.5,0,0,0
1418.0,46,301.6,0,0,0,310.8,0,0,0
1802.0,151,299.9,0,0,0,311.3,0,0,0
1414.0,102,298.5,2,0,0,309.4,0,0,0
1466.0,188,300.8,2,0,0,310.8,0,0,0
1479.0,155,301.2,0,0,0,310.8,0,0,0
1534.0,115,303.6,0,0,0,313.0,0,0,0
1465.0,117,302.3,0,0,0,311.7,0,0,0
1751.0,162,300.2,1,0,0,311.6,0,0,0
1899.5,20,303.4,0,0,0,311.8,0,0,0
1471.0,140,302.2,0,0,0,311.7,0,0,0
1589.0,91,300.5,1,0,0,309.3,0,0,0
1651.0,163,297.4,0,0,0,308.8,0,0,0
1497.0,231,296.8,0,0,0,308.0,0,0,0
1899.5,32,297.3,0,0,0,308.3,0,0,0
1505.0,105,300.7,1,0,0,310.6,0,0,0
1694.0,169,298.0,0,0,0,307.6,0,0,0
1550.0,170,299.3,0,0,0,308.8,0,0,0
1707.0,158,300.3,0,0,0,311.7,0,0,0
1499.0,61,301.2,0,0,0,310.3,0,0,0
1743.0,170,302.2,0,0,0,310.4,0,0,0
1389.0,64,301.2,0,0,0,310.6,0,0,0
1591.0,68,298.8,0,0,0,308.7,0,0,0
1555.0,61,298.8,0,0,0,308.8,0,0,0
1511.0,120,297.3,0,0,0,308.6,0,0,0
1713.0,50,304.2,1,0,0,313.4,0,0,0
1560.0,172,302.4,0,0,0,310.9,0,0,0
1834.0,195,297.0,2,0,0,307.7,0,0,0
1564.0,11,300.7,0,0,0,311.8,0,0,0
1341.0,30,298.1,0,0,0,308.7,0,0,0
1647.0,140,301.3,0,0,0,311.1,0,0,0
1369.0,43,297.4,0,0,0,308.5,0,0,0
1680.0,22,300.8,0,0,0,309.6,0,0,0
1658.0,88,300.6,0,0,0,310.0,0,0,0
1324.0,159,300.5,2,0,0,309.8,0,0,0
1389.0,7,296.2,1,0,0,307.2,0,0,0
1521.0,215,303.4,0,0,0,312.0,0,0,0
1493.0,173,297.0,0,0,0,307.9,0,0,0
1393.0,38,298.6,0,0,0,309.9,0,0,0
1400.0,136,302.3,0,0,0,311.7,0,0,0
1847.0,69,298.2,0,0,0,307.9,0,0,0
1813.0,210,301.6,1,0,0,310.7,0,0,0
1475.0,94,300.5,0,0,0,309.3,0,0,0
1523.0,73,300.7,1,0,0,309.7,0,0,0
1366.0,200,303.4,0,0,0,311.8,0,0,0
1678.0,81,298.2,2,0,0,308.4,0,0,0
1454.0,33,301.0,0,0,0,311.9,0,0,0
1425.0,179,300.0,0,0,0,311.1,0,0,0
1583.0,189,297.0,0,0,0,307.8,0,0,0
1384.0,93,299.2,0,0,0,310.5,0,0,0
1339.0,145,302.9,1,0,0,312.3,0,0,0
1899.5,95,299.1,1,0,0,308.6,0,0,0
1280.0,106,301.4,0,0,0,310.7,0,0,0
1451.0,80,297.9,0,0,0,307.8,0,0,0
1363.0,183,300.7,0,0,0,309.8,0,0,0
1491.0,133,298.9,2,0,0,310.1,0,0,0
1534.0,41,302.2,2,0,0,311.6,0,0,0
1567.0,97,303.6,0,0,0,311.8,0,0,0
1479.0,147,301.5,0,0,0,310.5,0,0,0
1899.5,193,303.7,0,0,0,312.3,0,0,0
1486.0,55,298.8,1,0,0,310.0,0,0,0
1734.0,64,301.2,1,0,0,310.8,0,0,0
1478.0,165,300.7,0,0,0,311.1,0,0,0
1330.0,183,297.8,1,0,0,307.4,0,0,0
1786.0,123,301.4,0,0,0,310.7,0,0,0
1426.0,192,303.7,0,0,0,312.7,0,0,0
1417.0,231,300.5,0,0,0,309.3,0,0,0
1577.0,151,298.2,1,0,0,308.0,0,0,0
1899.5,132,298.2,0,0,0,309.2,0,0,0
1541.0,118,299.3,0,0,0,309.2,0,0,0
1425.0,102,300.5,0,0,0,311.6,0,0,0
1477.0,60,299.0,0,0,0,310.2,0,0,0
1877.0,31,300.5,1,0,0,309.4,0,0,0
1471.0,80,301.7,0,0,0,310.6,0,0,0
1207.0,66,299.4,0,0,0,309.1,0,0,0
1426.0,95,302.4,0,0,0,310.1,0,0,0
1497.0,83,300.6,0,0,0,310.6,0,0,0
1350.0,157,297.5,1,0,0,308.4,0,0,0
1448.0,196,299.6,0,0,0,310.9,0,0,0
1601.0,202,298.9,0,0,0,309.0,0,0,0
1637.0,27,296.3,0,0,0,307.2,0,0,0
1519.0,178,302.6,0,0,0,312.1,0,0,0
1653.0,111,300.7,0,0,0,310.8,0,0,0
1556.0,76,300.6,0,0,0,311.7,0,0,0
1472.0,125,298.8,1,0,0,309.1,0,0,0
1465.0,13,297.4,0,0,0,308.3,0,0,0
1645.0,41,296.1,2,0,0,306.8,0,0,0
1583.0,2,301.1,1,0,0,310.7,0,0,0
1567.0,129,300.7,2,0,0,310.5,0,0,0
1413.0,166,301.5,0,0,0,310.8,0,0,0
1617.0,223,299.1,0,0,0,308.9,0,0,0
1612.0,134,297.9,0,0,0,307.6,0,0,0
1544.0,87,303.5,0,0,0,312.9,0,0,0
1329.0,160,301.4,2,0,0,310.7,0,0,0
1462.0,124,298.2,1,0,0,307.9,0,0,0
1425.0,48,300.7,0,0,0,310.7,0,0,0
1612.0,34,300.1,1,0,0,309.0,0,0,0
1397.0,57,301.7,0,0,0,310.3,0,0,0
1420.0,5,299.5,1,0,0,309.1,0,0,0
1584.0,42,298.8,0,0,0,308.6,0,0,0
1374.0,154,300.8,0,0,0,312.0,0,0,0
1653.0,100,301.9,2,0,0,310.3,0,0,0
1508.0,60,302.4,1,0,0,311.4,0,0,0
1408.0,78,298.3,0,0,0,310.1,0,0,0
1438.0,22,303.4,0,0,0,311.8,0,0,0
1276.0,158,301.5,1,0,0,310.4,0,0,0
1607.0,104,296.5,0,0,0,307.6,0,0,0
1899.5,207,300.9,0,0,0,310.0,0,0,0
1398.0,50,300.8,0,0,0,310.9,0,0,0
1383.0,37,301.8,0,0,0,310.8,0,0,0
1246.0,165,300.5,1,0,0,311.6,0,0,0
1548.0,140,297.3,1,0,0,308.8,0,0,0
1369.0,138,298.8,0,0,0,308.4,0,0,0
1553.0,2,297.3,0,0,0,308.2,0,0,0
1877.0,64,300.7,2,0,0,310.2,0,0,0
1500.0,174,300.2,0,0,0,311.6,0,0,0
1486.0,192,302.4,0,0,0,311.0,0,0,0
1401.0,14,298.3,0,0,0,309.3,0,0,0
1638.0,38,298.1,0,0,0,308.0,0,0,0
1300.0,165,299.8,0,0,0,311.1,0,0,0
1361.0,193,296.8,0,0,0,308.2,0,0,0
1410.0,191,297.6,0,0,0,308.3,0,0,0
1899.5,125,299.0,0,0,0,310.4,0,0,0
1697.0,179,297.7,0,0,0,308.1,0,0,0
1666.0,203,302.1,0,0,0,310.9,0,0,0
1416.0,90,300.2,0,0,0,310.5,0,0,0
1438.0,78,300.6,0,0,0,310.7,0,0,0
1432.0,2,300.6,0,0,0,311.7,0,0,0
1429.0,203,298.4,1,0,0,309.4,0,0,0
1424.0,2,297.8,1,0,0,309.1,0,0,0
1466.0,53,297.4,0,0,0,309.4,0,0,0
1597.0,73,300.3,0,0,0,309.6,0,0,0
1510.0,146,299.8,0,0,0,309.4,0,0,0
1521.0,52,302.2,1,0,0,311.3,0,0,0
1899.5,11,301.2,1,0,0,310.1,0,0,0
1899.5,204,299.4,1,0,0,309.0,0,0,0
1451.0,68,297.2,0,0,0,308.8,0,0,0
1368.0,165,302.3,1,0,0,311.7,0,0,0
1567.0,124,302.0,0,0,0,310.5,0,0,0
1455.0,147,297.5,1,0,0,308.8,0,0,0
1554.0,84,301.3,0,0,0,311.0,0,0,0
1547.0,7,300.5,0,0,0,311.1,0,0,0
1289.0,199,296.8,0,0,0,308.1,0,0,0
1397.0,71,300.2,1,0,0,311.7,0,0,0
1476.0,101,299.2,1,0,0,308.4,0,0,0
1594.0,147,299.1,0,0,0,310.4,0,0,0
1522.0,202,301.5,0,0,0,310.6,0,0,0
1735.0,154,303.8,0,0,0,312.6,0,0,0
1850.0,44,301.1,1,0,0,310.2,0,0,0
1423.0,149,296.9,0,0,0,307.9,0,0,0
1470.0,85,304.1,1,0,0,313.5,0,0,0
1403.0,25,297.5,1,0,0,308.4,0,0,0
1462.0,24,299.3,1,0,0,310.5,0,0,0
1600.0,175,298.9,2,0,0,309.6,0,0,0
1601.0,69,300.6,0,0,0,309.3,0,0,0
1443.0,85,297.6,1,0,0,308.5,0,0,0
1705.0,190,300.3,0,0,0,309.4,0,0,0
1378.0,162,299.6,0,0,0,309.0,0,0,0
1430.0,15,297.3,0,0,0,308.4,0,0,0
1446.0,46,298.7,0,0,0,309.9,0,0,0
1477.0,19,299.2,0,0,0,310.7,0,0,0
1369.0,71,300.6,0,0,0,309.4,0,0,0
1429.0,123,301.1,0,0,0,311.1,0,0,0
1388.0,203,297.5,0,0,0,308.6,0,0,0
1532.0,32,303.5,1,0,0,312.3,0,0,0
1349.0,113,300.0,0,0,0,311.5,0,0,0
1639.0,31,300.2,0,0,0,311.5,0,0,0
1633.0,29,299.8,0,0,0,309.4,0,0,0
1338.0,29,299.0,1,0,0,310.0,0,0,0
1442.0,65,298.3,0,0,0,308.0,0,0,0
1424.0,182,300.6,1,0,0,311.7,0,0,0
1415.0,23,300.5,0,0,0,312.0,0,0,0
1339.0,36,297.3,0,0,0,308.4,0,0,0
1384.0,39,298.8,1,0,0,309.6,0,0,0
1692.0,136,298.4,0,0,0,309.5,0,0,0
1793.0,70,297.5,0,0,0,308.6,0,0,0
1667.0,160,303.1,1,0,0,312.5,0,0,0
1302.0,80,300.5,0,0,0,311.5,0,0,0
1309.0,75,301.6,1,0,0,310.6,0,0,0
1462.0,27,298.2,0,0,0,308.1,0,0,0
1856.0,189,301.3,0,0,0,311.0,0,0,0
1474.0,177,296.9,2,0,0,308.3,0,0,0
1377.0,4,300.3,0,0,0,309.9,0,0,0
1522.0,63,301.9,1,0,0,311.3,0,0,0
1715.0,146,300.7,0,0,0,312.3,0,0,0
1595.0,103,298.3,1,0,0,309.4,0,0,0
1301.0,219,303.3,0,0,0,311.6,0,0,0
1644.0,5,301.7,1,0,0,310.1,0,0,0
1448.0,21,300.4,1,0,0,310.6,0,0,0
1521.0,119,300.4,1,0,0,309.6,0,0,0
1348.0,161,302.2,0,0,0,310.6,0,0,0
1504.0,58,300.0,0,0,0,311.2,0,0,0
1314.0,160,300.4,0,0,0,311.7,0,0,0
1435.0,31,300.5,0,0,0,310.3,0,0,0
1456.0,52,297.9,0,0,0,309.0,0,0,0
1400.0,205,300.1,1,0,0,311.7,0,0,0
1460.0,102,300.0,0,0,0,309.4,0,0,0
1403.0,122,298.0,0,0,0,309.6,0,0,0
1432.0,51,300.5,0,0,0,311.4,0,0,0
1393.0,53,302.2,1,0,0,311.7,0,0,0
1556.0,114,297.3,0,0,0,308.7,0,0,0
1451.0,168,299.4,0,0,0,308.9,0,0,0
1753.0,33,298.9,0,0,0,308.9,0,0,0
1692.0,187,300.3,0,0,0,311.9,0,0,0
1620.0,196,299.9,0,0,0,309.3,0,0,0
1486.0,182,300.2,0,0,0,310.0,0,0,0
1469.0,214,302.9,0,0,0,312.2,0,0,0
1776.0,51,298.9,0,0,0,310.0,0,0,0
1454.0,88,300.2,2,0,0,311.5,0,0,0
1491.0,11,300.5,0,0,0,311.1,0,0,0
1460.0,41,300.8,0,0,0,310.8,0,0,0
1433.0,183,302.3,0,0,0,311.8,0,0,0
1735.0,66,301.9,0,0,0,310.8,0,0,0
1414.0,71,303.4,0,0,0,311.5,0,0,0
1344.0,93,303.5,0,0,0,311.9,0,0,0
1422.0,69,299.1,1,0,0,310.4,0,0,0
1276.0,50,298.0,1,0,0,309.4,0,0,0
1546.0,77,300.1,0,0,0,309.6,0,0,0
1899.5,79,299.6,0,0,0,309.1,0,0,0
1497.0,207,298.2,0,0,0,308.4,0,0,0
1774.0,188,297.0,0,0,0,307.8,0,0,0
1620.0,186,297.4,0,0,0,308.8,0,0,0
1473.0,189,295.3,1,0,0,305.7,0,0,0
1450.0,57,298.8,0,0,0,308.5,0,0,0
1899.5,161,301.3,0,0,0,310.6,0,0,0
1570.0,189,300.1,0,0,0,309.3,0,0,0
1758.0,116,300.9,1,0,0,309.5,0,0,0
1475.0,20,303.2,2,0,0,311.2,0,0,0
1396.0,112,301.5,1,0,0,311.1,0,0,0
1463.0,183,297.4,1,0,0,309.1,0,0,0
1473.0,107,298.0,0,0,0,308.3,0,0,0
1525.0,4,300.4,0,0,0,309.5,0,0,0
1351.0,102,298.1,0,0,0,308.9,0,0,0
1506.0,208,298.0,0,0,0,308.7,0,0,0
1281.0,61,302.3,0,0,0,311.8,0,0,0
1457.0,175,298.4,0,0,0,309.7,0,0,0
1488.0,148,299.2,0,0,0,308.5,0,0,0
1374.0,136,303.8,1,0,0,312.7,0,0,0
1605.0,86,302.9,0,0,0,312.2,0,0,0
1890.0,173,298.8,0,0,0,309.6,0,0,0
1391.0,101,303.6,0,0,0,312.0,0,0,0
1597.0,213,298.6,0,0,0,309.8,0,0,0
1365.0,73,297.9,0,0,0,307.8,0,0,0
1517.0,107,301.2,0,0,0,310.7,0,0,0
1530.0,184,298.1,2,0,0,308.3,0,0,0
1342.0,60,301.0,0,0,0,311.3,0,0,0
1899.5,181,297.7,0,0,0,308.2,0,0,0
1324.0,228,303.2,0,0,0,311.4,0,0,0
1582.0,161,297.4,1,0,0,308.7,0,0,0
1664.0,67,297.4,0,0,0,308.4,0,0,0
1471.0,141,298.6,0,0,0,309.4,0,0,0
1435.0,173,302.9,0,0,0,312.3,0,0,0
1526.0,160,298.0,2,0,0,308.6,0,0,0
1561.0,48,300.7,0,0,0,310.5,0,0,0
1449.0,169,300.6,1,0,0,309.9,0,0,0
1548.0,21,301.7,0,0,0,311.0,0,0,0
1539.0,13,302.0,0,0,0,310.9,0,0,0
1424.0,144,302.6,0,0,0,311.0,0,0,0
1483.0,96,299.0,0,0,0,310.4,0,0,0
1393.0,56,297.5,2,0,0,308.5,0,0,0
1559.0,54,298.1,0,0,0,309.0,0,0,0
1539.0,4,298.9,0,0,0,308.6,0,0,0
1316.0,197,303.7,1,0,0,312.7,0,0,0
1479.0,58,298.4,2,0,0,308.4,0,0,0
1594.0,143,301.0,1,0,0,309.8,0,0,0
1401.0,118,302.3,0,0,0,311.2,0,0,0
1676.0,22,298.1,0,0,0,308.5,0,0,0
1435.0,143,299.6,1,0,0,309.1,0,0,0
1743.0,134,298.4,0,0,0,307.9,0,0,0
1705.0,84,299.0,1,0,0,310.1,0,0,0
1605.0,128,296.7,0,0,0,307.8,0,0,0
1485.0,74,298.8,0,0,0,309.8,0,0,0
1362.0,70,301.6,0,0,0,310.1,0,0,0
1450.0,85,299.1,0,0,0,310.4,0,0,0
1493.0,137,302.5,0,0,0,311.1,0,0,0
1486.0,78,297.5,1,0,0,308.6,0,0,0
1468.0,0,297.3,0,0,0,308.1,0,0,0
1565.0,194,296.5,1,0,0,307.4,0,0,0
1899.5,158,298.1,1,0,0,309.0,0,0,0
1335.0,194,300.7,0,0,0,311.9,0,0,0
1183.0,170,300.2,1,0,0,309.7,0,0,0
1517.0,107,300.8,0,0,0,312.5,0,0,0
1371.0,201,298.7,0,0,0,309.9,0,0,0
1536.0,31,301.3,0,0,0,310.7,0,0,0
1376.0,119,300.8,0,0,0,312.6,0,0,0
1679.0,167,298.4,1,0,0,309.7,0,0,0
1461.0,49,301.8,0,0,0,310.7,0,0,0
1418.0,69,300.7,0,0,0,312.3,0,0,0
1476.0,31,297.5,1,0,0,308.3,0,0,0
1487.0,140,299.2,0,0,0,308.5,0,0,0
1491.0,115,299.3,0,0,0,309.0,0,0,0
1482.0,39,297.6,1,0,0,308.6,0,0,0
1460.0,181,300.9,0,0,0,309.7,0,0,0
1608.0,135,297.7,2,0,0,309.4,0,0,0
1610.0,194,298.4,0,0,0,309.2,0,0,0
1430.0,178,301.4,0,0,0,310.4,0,0,0
1563.0,19,299.3,1,0,0,310.5,0,0,0
1421.0,94,301.6,1,0,0,310.7,0,0,0
1766.0,96,298.3,1,0,0,308.0,0,0,0
1477.0,2,297.3,2,0,0,308.1,0,0,0
1614.0,62,297.9,1,0,0,309.1,0,0,0
1447.0,129,297.4,0,0,0,308.8,0,0,0
1740.0,136,297.7,0,0,0,308.4,0,0,0
1578.0,71,298.5,0,0,0,309.4,0,0,0
1458.0,14,297.7,0,0,0,308.9,0,0,0
1349.0,104,298.3,1,0,0,308.8,0,0,0
1706.0,111,296.8,0,0,0,307.9,0,0,0
1675.0,12,301.3,0,0,0,311.2,0,0,0
1899.5,53,300.6,0,0,0,310.6,0,0,0
1504.0,20,298.5,0,0,0,308.3,0,0,0
1587.0,30,298.0,1,0,0,308.1,0,0,0
1778.0,215,300.7,1,0,0,310.6,0,0,0
1359.0,146,300.9,0,0,0,312.1,0,0,0
1451.0,119,303.6,0,0,0,312.3,0,0,0
1386.0,35,297.4,0,0,0,308.2,0,0,0
1586.0,129,304.1,1,0,0,313.2,0,0,0
1404.0,33,298.6,1,0,0,309.5,0,0,0
1638.0,198,302.5,1,0,0,311.1,0,0,0
1373.0,201,299.0,0,0,0,309.9,0,0,0
1375.0,161,302.4,1,0,0,310.3,0,0,0
1566.0,7,304.1,0,0,0,313.0,0,0,0
1476.0,20,302.3,0,0,0,311.4,0,0,0
1410.0,99,300.6,0,0,0,309.4,0,0,0
1623.0,74,297.5,0,0,0,309.3,0,0,0
1412.0,218,298.3,0,0,0,308.1,0,0,0
1168.0,172,296.2,1,0,0,307.2,0,0,0
1532.0,194,300.3,0,0,0,309.2,0,0,0
1541.0,109,299.4,1,0,0,308.6,0,0,0
1598.0,139,299.8,0,0,0,309.6,0,0,0
1468.0,34,300.5,1,0,0,311.3,0,0,0
1511.0,107,303.1,0,0,0,312.9,0,0,0
1453.0,105,297.2,2,0,0,308.3,0,0,0
1498.0,101,299.5,0,0,0,309.0,0,0,0
1375.0,157,298.7,1,0,0,309.4,0,0,0
1298.0,57,302.5,1,0,0,311.9,0,0,0
1688.0,202,298.2,0,0,0,308.3,0,0,0
1367.0,47,298.5,1,0,0,308.7,0,0,0
1498.0,15,296.3,1,0,0,307.3,0,0,0
1336.0,187,302.8,2,0,0,312.3,0,0,0
1419.0,91,299.0,0,0,0,309.4,0,0,0
1345.0,71,300.1,1,0,0,310.3,0,0,0
1483.0,153,299.0,0,0,0,310.3,0,0,0
1544.0,109,296.9,1,0,0,307.8,0,0,0
1530.0,23,298.9,0,0,0,308.8,0,0,0
1576.0,188,299.9,1,0,0,310.4,0,0,0
1467.0,86,302.0,0,0,0,310.6,0,0,0
1694.0,195,298.7,0,0,0,308.4,0,0,0
1356.0,126,300.1,0,0,0,310.5,0,0,0
1704.0,159,300.9,1,0,0,311.5,0,0,0
1800.0,128,299.4,0,0,0,309.0,0,0,0
1521.0,174,302.5,1,0,0,312.0,0,0,0
1565.0,183,301.1,0,0,0,311.0,0,0,0
1258.0,139,297.6,0,0,0,308.0,0,0,0
1741.0,60,296.9,0,0,0,308.1,0,0,0
1496.0,79,302.6,1,0,0,312.0,0,0,0
1412.0,111,297.4,0,0,0,308.3,0,0,0
1517.0,18,297.4,1,0,0,308.4,0,0,0
1507.0,191,298.4,1,0,0,309.0,0,0,0
1557.0,86,298.5,1,0,0,309.7,0,0,0
1504.0,107,302.3,1,0,0,311.7,0,0,0
1597.0,112,297.5,0,0,0,308.5,0,0,0
1403.0,174,300.7,2,0,0,309.6,0,0,0
1598.0,44,299.0,1,0,0,310.2,0,0,0
1390.0,215,299.3,1,0,0,308.7,0,0,0
1483.0,108,300.2,2,0,0,309.7,0,0,0
1512.0,138,297.8,2,0,0,308.4,0,0,0
1335.0,168,298.4,0,0,0,309.2,0,0,0
1490.0,154,297.6,1,0,0,308.5,0,0,0
1812.0,174,298.9,1,0,0,309.0,0,0,0
1433.0,86,301.4,0,0,0,310.4,0,0,0
1462.0,68,300.6,1,0,0,310.5,0,0,0
1446.0,172,297.7,0,0,0,308.2,0,0,0
1472.0,73,301.0,0,0,0,311.3,0,0,0
1309.0,119,298.9,0,0,0,309.9,0,0,0
1515.0,170,301.0,1,0,0,310.9,0,0,0
1589.0,201,300.4,0,0,0,311.8,0,0,0
1899.5,166,297.2,2,0,0,308.5,0,0,0
1432.0,64,296.5,2,0,0,307.4,0,0,0
1406.0,14,300.3,0,0,0,311.7,0,0,0
1448.0,72,302.6,0,0,0,311.9,0,0,0
1620.0,5,298.0,0,0,0,308.2,0,0,0
1474.0,53,301.5,0,0,0,310.4,0,0,0
1467.0,193,299.8,2,0,0,309.0,0,0,0
1466.0,112,300.5,0,0,0,311.4,0,0,0
1361.0,172,298.6,0,0,0,308.2,0,0,0
1542.0,101,301.9,0,0,0,310.9,0,0,0
1456.0,208,302.5,0,0,0,312.0,0,0,0
1640.0,191,300.2,0,0,0,311.7,0,0,0
1453.0,9,295.5,1,0,0,305.9,0,0,0
1729.0,189,297.5,0,0,0,308.9,0,0,0
1445.0,55,298.0,1,0,0,309.9,0,0,0
1475.0,98,304.2,0,0,0,313.4,0,0,0
1679.0,181,298.9,1,0,0,308.9,0,0,0
1389.0,184,300.2,0,0,0,310.0,0,0,0
1440.0,140,300.9,0,0,0,310.3,0,0,0
1435.0,149,302.3,1,0,0,311.1,0,0,0
1629.0,74,302.9,0,0,0,312.5,0,0,0
1489.0,96,297.0,0,0,0,308.1,0,0,0
1620.0,143,297.4,1,0,0,308.1,0,0,0
1432.0,195,302.4,1,0,0,311.1,0,0,0
1458.0,15,298.4,2,0,0,308.3,0,0,0
1899.5,31,298.2,0,0,0,308.7,0,0,0
1560.0,181,298.2,1,0,0,308.3,0,0,0
1544.0,113,298.6,0,0,0,309.8,0,0,0
1570.0,31,300.3,0,0,0,309.9,0,0,0
1442.0,5,299.5,0,0,0,309.3,0,0,0
1558.0,207,302.3,1,0,0,310.9,0,0,0
1576.0,149,299.7,1,0,0,309.1,0,0,0
1497.0,28,302.1,1,0,0,311.3,0,0,0
1584.0,135,297.1,0,0,0,307.8,0,0,0
1268.0,161,300.9,1,0,0,310.7,0,0,0
1553.0,90,299.1,2,0,0,308.8,0,0,0
1899.5,86,298.2,1,0,0,308.5,0,0,0
1336.0,31,297.9,0,0,0,309.8,0,0,0
1613.0,97,301.6,0,0,0,310.6,0,0,0
1286.0,55,297.9,0,0,0,307.8,0,0,0
1557.0,174,297.4,0,0,0,307.9,0,0,0
1318.0,128,300.7,0,0,0,311.0,0,0,0
1446.0,5,302.4,0,0,0,311.1,0,0,0
1344.0,114,298.5,1,0,0,308.6,0,0,0
1618.0,59,301.8,1,0,0,310.8,0,0,0
1356.0,149,300.1,0,0,0,311.4,0,0,0
1494.0,198,302.8,0,0,0,312.3,0,0,0
1511.0,197,302.6,0,0,0,310.5,0,0,0
1372.0,142,300.9,0,0,0,312.4,0,0,0
1515.0,55,296.7,1,0,0,307.5,0,0,0
1496.0,60,299.1,0,0,0,310.5,0,0,0
1490.0,124,298.8,0,0,0,309.8,0,0,0
1377.0,61,304.0,1,0,0,313.0,0,0,0
1367.0,193,301.5,0,0,0,310.8,0,0,0
1481.0,197,303.9,0,0,0,313.2,0,0,0
1751.0,133,301.8,0,0,0,310.7,0,0,0
1418.0,221,300.1,1,0,0,309.2,0,0,0
1566.0,218,302.0,0,0,0,311.0,0,0,0
1617.0,207,302.8,0,0,0,310.6,0,0,0
1815.0,66,297.6,1,0,0,309.0,0,0,0
1609.0,103,298.4,0,0,0,308.6,0,0,0
1423.0,67,300.0,1,0,0,309.6,0,0,0
1305.0,155,297.9,0,0,0,308.5,0,0,0
1614.0,196,298.1,0,0,0,307.9,0,0,0
1462.0,7,299.5,0,0,0,309.3,0,0,0
1404.0,193,303.5,0,0,0,312.3,0,0,0
1504.0,129,300.9,0,0,0,310.6,0,0,0
1681.0,197,299.9,0,0,0,310.1,0,0,0
1568.0,49,301.2,0,0,0,310.7,0,0,0
1523.0,112,299.2,1,0,0,308.8,0,0,0
1321.0,134,302.3,0,0,0,310.1,0,0,0
1551.0,125,297.3,0,0,0,308.7,0,0,0
1367.0,45,300.6,1,0,0,309.4,0,0,0
1486.0,39,299.1,0,0,0,310.1,0,0,0
1681.0,84,298.2,1,0,0,307.7,0,0,0
1504.0,37,299.2,1,0,0,310.4,0,0,0
1404.0,90,304.0,0,0,0,313.1,0,0,0
1677.0,21,297.3,1,0,0,308.2,0,0,0
1701.0,46,302.1,2,0,0,311.6,0,0,0
1402.0,23,303.5,1,0,0,312.7,0,0,0
1717.0,27,301.9,0,0,0,310.7,0,0,0
1349.0,226,299.2,1,0,0,310.0,0,0,0
1784.0,163,298.0,1,0,0,307.5,0,0,0
1307.0,44,303.4,1,0,0,311.4,0,0,0
1821.0,202,300.3,0,0,0,311.7,0,0,0
1742.0,117,298.9,0,0,0,308.5,0,0,0
1633.0,213,297.5,0,0,0,308.4,0,0,0
1516.0,119,301.3,0,0,0,310.7,0,0,0
1654.0,13,298.5,0,0,0,308.2,0,0,0
1703.0,147,298.3,0,0,0,307.9,0,0,0
1684.0,44,298.6,1,0,0,309.5,0,0,0
1411.0,110,298.2,1,0,0,307.8,0,0,0
1585.0,33,298.2,1,0,0,308.9,0,0,0
1412.0,155,300.7,0,0,0,309.9,0,0,0
1585.0,127,298.3,0,0,0,308.4,0,0,0
1493.0,43,297.4,0,0,0,308.3,0,0,0
1899.5,81,300.4,2,0,0,309.9,0,0,0
1379.0,166,302.1,1,0,0,310.1,0,0,0
1428.0,87,298.5,0,0,0,309.5,0,0,0
1570.0,147,303.8,2,0,0,312.9,0,0,0
1541.0,131,300.7,0,0,0,309.6,0,0,0
1278.0,2,297.6,2,0,0,309.6,0,0,0
1712.0,141,300.1,0,0,0,309.3,0,0,0
1481.0,85,301.3,1,0,0,310.5,0,0,0
1536.0,120,298.0,0,0,0,309.6,0,0,0
1496.0,154,300.4,0,0,0,309.9,0,0,0
1464.0,6,296.9,0,0,0,307.7,0,0,0
1634.0,62,299.3,0,0,0,309.1,0,0,0
1583.0,116,298.8,1,0,0,310.2,0,0,0
1442.0,52,303.8,0,0,0,312.9,0,0,0
1528.0,197,298.7,1,0,0,309.8,0,0,0
1395.0,157,300.7,0,0,0,312.1,0,0,0
1867.0,138,299.2,0,0,0,308.5,0,0,0
1899.5,102,298.5,0,0,0,309.7,0,0,0
1508.0,150,300.5,1,0,0,309.8,0,0,0
1458.0,175,300.3,1,0,0,309.1,0,0,0
1457.0,23,302.4,2,0,0,312.0,0,0,0
1293.0,189,299.3,0,0,0,309.1,0,0,0
1350.0,130,300.3,1,0,0,311.1,0,0,0
1353.0,97,303.1,0,0,0,312.7,0,0,0
1646.0,106,300.5,0,0,0,312.0,0,0,0
1477.0,177,297.1,0,0,0,307.8,0,0,0
1899.5,155,298.9,0,0,0,310.2,0,0,0
1325.0,28,299.1,0,0,0,308.3,0,0,0
1479.0,93,297.7,0,0,0,308.7,0,0,0
1720.0,106,304.0,0,0,0,313.1,0,0,0
1515.0,162,302.8,0,0,0,312.2,0,0,0
1580.0,55,299.0,0,0,0,310.1,0,0,0
1668.0,137,303.9,1,0,0,313.1,0,0,0
1616.0,20,297.7,2,0,0,309.7,0,0,0
1382.0,89,299.0,0,0,0,310.4,0,0,0
1899.5,137,301.9,0,0,0,310.7,0,0,0
1538.0,181,297.1,1,0,0,307.8,0,0,0
1444.0,161,299.0,0,0,0,310.1,0,0,0
1286.0,42,300.2,0,0,0,311.7,0,0,0
1499.0,211,298.4,1,0,0,308.2,0,0,0
1447.0,140,299.3,0,0,0,309.0,0,0,0
1435.0,152,301.6,2,0,0,310.8,0,0,0
1472.0,97,299.0,0,0,0,310.3,0,0,0
1398.0,202,302.2,1,0,0,311.4,0,0,0
1555.0,176,298.9,1,0,0,310.1,0,0,0
1873.0,99,302.2,1,0,0,311.2,0,0,0
1431.0,22,300.7,0,0,0,310.7,0,0,0
1499.0,3,300.7,1,0,0,311.7,0,0,0
1699.0,199,297.8,0,0,0,308.5,0,0,0
1501.0,4,302.7,0,0,0,310.6,0,0,0
1578.0,49,301.0,0,0,0,310.9,0,0,0
1753.0,40,298.7,0,0,0,309.9,0,0,0
1380.0,59,300.1,0,0,0,310.1,0,0,0
1619.0,129,297.3,0,0,0,308.7,0,0,0
1558.0,223,299.0,1,0,0,310.3,0,0,0
1336.0,179,302.7,0,0,0,312.2,0,0,0
1513.0,160,298.8,0,0,0,309.1,0,0,0
1425.0,90,298.8,1,0,0,308.5,0,0,0
1819.0,46,301.3,1,0,0,310.7,0,0,0
1462.0,81,302.4,0,0,0,311.0,0,0,0
1655.0,142,302.5,2,0,0,311.5,0,0,0
1407.0,111,301.1,2,0,0,310.6,0,0,0
1451.0,70,301.8,2,0,0,311.2,0,0,0
1574.0,6,299.7,0,0,0,309.3,0,0,0
1475.0,53,300.1,0,0,0,310.2,0,0,0
1699.0,87,299.0,0,0,0,310.1,0,0,0
1501.0,55,298.8,0,0,0,308.6,0,0,0
1599.0,216,300.1,0,0,0,309.2,0,0,0
1432.0,202,301.1,0,0,0,311.6,0,0,0
1404.0,152,303.1,2,0,0,312.6,0,0,0
1548.0,87,301.2,1,0,0,312.3,0,0,0
1526.0,205,300.8,1,0,0,310.3,0,0,0
1417.0,143,298.3,0,0,0,309.1,0,0,0
1405.0,80,301.9,1,0,0,310.7,0,0,0
1483.0,78,303.9,0,0,0,313.0,0,0,0
1374.0,159,298.8,0,0,0,309.5,0,0,0
1565.0,140,298.1,1,0,0,307.6,0,0,0
1456.0,75,298.3,0,0,0,309.2,0,0,0
1542.0,141,299.8,0,0,0,309.5,0,0,0
1456.0,122,297.3,1,0,0,308.6,0,0,0
1673.0,210,302.4,0,0,0,311.8,0,0,0
1550.0,148,300.5,0,0,0,309.8,0,0,0
1389.0,34,297.6,1,0,0,308.6,0,0,0
1686.0,150,302.4,0,0,0,310.8,0,0,0
1534.0,88,295.8,0,0,0,306.5,0,0,0
1709.0,27,300.3,0,0,0,311.6,0,0,0
1444.0,17,297.7,0,0,0,307.2,0,0,0
1640.0,79,297.6,2,0,0,308.3,0,0,0
1629.0,45,298.1,0,0,0,309.9,0,0,0
1522.0,133,303.6,0,0,0,313.0,0,0,0
1632.0,189,301.6,0,0,0,310.9,0,0,0
1243.0,194,298.8,1,0,0,310.1,0,0,0
1557.0,113,295.9,0,0,0,306.6,0,0,0
1397.0,110,298.4,0,0,0,309.5,0,0,0
1459.0,193,297.5,0,0,0,308.9,0,0,0
1352.0,91,297.3,0,0,0,308.7,0,0,0
1545.0,165,302.5,0,0,0,311.2,0,0,0
1486.0,122,301.1,0,0,0,312.3,0,0,0
1595.0,112,302.5,2,0,0,311.9,0,0,0
1643.0,145,299.6,0,0,0,309.4,0,0,0
1535.0,113,300.7,0,0,0,310.9,0,0,0
1364.0,63,298.4,0,0,0,308.2,0,0,0
1597.0,114,296.7,1,0,0,307.7,0,0,0
1381.0,201,302.0,1,0,0,310.5,0,0,0
1355.0,104,302.3,1,0,0,311.8,0,0,0
1811.0,209,303.7,0,0,0,313.0,0,0,0
1330.0,33,300.5,0,0,0,311.9,0,0,0
1539.0,72,297.6,0,0,0,308.8,0,0,0
1459.0,3,300.4,0,0,0,311.7,0,0,0
1487.0,152,298.8,0,0,0,310.0,0,0,0
1615.0,159,302.8,1,0,0,312.2,0,0,0
1393.0,80,303.5,0,0,0,313.0,0,0,0
1510.0,124,300.6,2,0,0,310.4,0,0,0
1777.0,0,300.5,0,0,0,309.5,0,0,0
1452.0,25,300.9,1,0,0,310.7,0,0,0
1563.0,100,297.5,2,0,0,309.3,0,0,0
1525.0,132,298.1,1,0,0,307.8,0,0,0
1881.0,102,300.0,2,0,0,310.4,0,0,0
1802.0,197,300.4,0,0,0,311.0,0,0,0
1560.0,26,300.1,0,0,0,309.4,0,0,0
1434.0,2,299.2,0,0,0,308.4,0,0,0
1555.0,166,300.5,1,0,0,309.8,0,0,0
1838.0,99,297.7,0,0,0,308.9,0,0,0
1891.0,158,298.4,2,0,0,308.1,0,0,0
1562.0,162,302.2,1,0,0,311.5,0,0,0
1677.0,191,299.6,0,0,0,309.4,0,0,0
1404.0,20,298.9,1,0,0,309.9,0,0,0
1261.0,98,300.7,0,0,0,310.1,0,0,0
1377.0,183,301.7,0,0,0,310.5,0,0,0
1477.0,144,302.5,0,0,0,310.9,0,0,0
1710.0,190,303.8,1,0,0,313.2,0,0,0
1899.5,176,301.3,1,0,0,310.0,0,0,0
1403.0,185,298.8,0,0,0,310.0,0,0,0
1492.0,7,302.4,1,0,0,312.1,0,0,0
1331.0,167,300.5,1,0,0,311.8,0,0,0
1446.0,134,299.4,0,0,0,308.7,0,0,0
1395.0,4,303.3,1,0,0,311.4,0,0,0
1473.0,116,301.0,0,0,0,310.9,0,0,0
1690.0,189,303.4,1,0,0,311.7,0,0,0
1678.0,114,297.6,0,0,0,308.5,0,0,0
1613.0,231,300.4,1,0,0,310.2,0,0,0
1430.0,2,297.5,2,0,0,308.8,0,0,0
1486.0,105,297.3,0,0,0,308.6,0,0,0
1381.0,33,301.3,0,0,0,310.8,0,0,0
1394.0,206,301.5,0,0,0,310.6,0,0,0
1441.0,208,301.7,0,0,0,311.0,0,0,0
1624.0,175,300.3,0,0,0,309.6,0,0,0
1689.0,145,297.2,0,0,0,308.1,0,0,0
1816.0,106,297.6,0,0,0,308.3,0,0,0
1496.0,80,299.3,1,0,0,308.5,0,0,0
1388.0,94,299.5,0,0,0,310.0,0,0,0
1767.0,105,300.8,0,0,0,312.4,0,0,0
1504.0,193,301.3,0,0,0,310.4,0,0,0
1479.0,182,297.6,1,0,0,308.9,0,0,0
1465.0,217,300.5,0,0,0,309.6,0,0,0
1721.0,170,300.7,0,0,0,310.1,0,0,0
1611.0,210,302.6,1,0,0,312.1,0,0,0
1307.0,86,302.5,0,0,0,310.2,0,0,0
1366.0,11,297.4,0,0,0,308.3,0,0,0
1493.0,87,301.7,0,0,0,310.7,0,0,0
1376.0,159,299.8,0,0,0,310.8,0,0,0
1899.5,95,300.7,0,0,0,310.8,0,0,0
1685.0,193,300.2,0,0,0,311.5,0,0,0
1583.0,25,299.0,0,0,0,308.7,0,0,0
1827.0,9,302.2,0,0,0,310.8,0,0,0
1524.0,196,299.8,0,0,0,310.3,0,0,0
1310.0,189,298.2,0,0,0,308.4,0,0,0
1512.0,184,303.7,0,0,0,312.4,0,0,0
1483.0,47,297.4,1,0,0,308.3,0,0,0
1510.0,152,301.6,1,0,0,310.9,0,0,0
1368.0,191,300.5,0,0,0,311.8,0,0,0
1343.0,28,300.1,1,0,0,311.5,0,0,0
1403.0,150,303.1,0,0,0,311.3,0,0,0
1547.0,81,301.1,1,0,0,310.5,0,0,0
1899.5,79,301.1,1,0,0,310.7,0,0,0
1497.0,58,303.4,0,0,0,311.6,0,0,0
1393.0,127,297.6,0,0,0,308.6,0,0,0
1536.0,217,296.8,0,0,0,308.0,0,0,0
1427.0,29,299.4,0,0,0,309.2,0,0,0
1619.0,142,303.8,0,0,0,312.5,0,0,0
1544.0,97,298.4,1,0,0,309.0,0,0,0
1430.0,49,298.0,0,0,0,307.7,0,0,0
1540.0,151,300.3,1,0,0,311.5,0,0,0
1336.0,2,303.2,1,0,0,311.5,0,0,0
1359.0,194,303.7,0,0,0,312.7,0,0,0
1345.0,126,303.6,0,0,0,312.5,0,0,0
1573.0,97,298.5,2,0,0,309.4,0,0,0
1489.0,109,298.0,0,0,0,308.8,0,0,0
1654.0,158,298.9,0,0,0,310.2,0,0,0
1422.0,63,303.4,1,0,0,312.9,0,0,0
1398.0,82,300.3,1,0,0,309.6,0,0,0
1331.0,81,298.8,0,0,0,308.6,0,0,0
1499.0,111,300.9,0,0,0,311.0,0,0,0
1264.0,57,301.0,0,0,0,312.2,0,0,0
1899.5,213,296.4,0,0,0,307.4,0,0,0
1454.0,35,296.3,1,0,0,307.2,0,0,0
1452.0,157,301.5,1,0,0,310.8,0,0,0
1444.0,3,300.3,1,0,0,309.8,0,0,0
1521.0,173,296.6,0,0,0,307.4,0,0,0
1485.0,38,298.6,0,0,0,308.4,0,0,0
1625.0,131,299.0,1,0,0,310.4,0,0,0
1423.0,124,303.7,0,0,0,313.1,0,0,0
1800.0,158,303.9,0,0,0,312.7,0,0,0
1432.0,137,299.4,0,0,0,309.1,0,0,0
1455.0,204,297.0,0,0,0,307.9,0,0,0
1591.0,119,302.6,1,0,0,311.0,0,0,0
1635.0,110,301.3,1,0,0,310.4,0,0,0
1527.0,99,298.0,0,0,0,309.2,0,0,0
1446.0,49,298.8,1,0,0,308.7,0,0,0
1499.0,137,302.3,0,0,0,310.7,0,0,0
1899.5,64,300.1,0,0,0,311.3,0,0,0
1623.0,154,299.0,2,0,0,308.5,0,0,0
1607.0,92,303.5,0,0,0,312.8,0,0,0
1662.0,162,300.2,2,0,0,311.6,0,0,0
1526.0,194,303.9,0,0,0,312.9,0,0,0
1495.0,52,302.0,0,0,0,310.9,0,0,0
1828.0,63,302.7,0,0,0,312.0,0,0,0
1437.0,55,300.6,0,0,0,309.5,0,0,0
1555.0,139,301.6,2,0,0,310.6,0,0,0
1363.0,26,303.4,0,0,0,312.7,0,0,0
1492.0,111,300.1,0,0,0,310.5,0,0,0
1469.0,13,299.0,0,0,0,309.0,0,0,0
1415.0,106,296.5,0,0,0,307.6,0,0,0
1516.0,83,297.4,2,0,0,309.3,0,0,0
1798.0,210,300.2,0,0,0,311.8,0,0,0
1498.0,176,299.8,1,0,0,311.1,0,0,0
1465.0,187,296.6,0,0,0,307.4,0,0,0
1596.0,87,298.2,0,0,0,309.0,0,0,0
1873.0,7,303.6,0,0,0,312.9,0,0,0
1694.0,121,299.8,1,0,0,310.6,0,0,0
1596.0,77,297.5,0,0,0,308.3,0,0,0
1572.0,126,298.1,1,0,0,309.1,0,0,0
1899.5,31,301.9,0,0,0,311.0,0,0,0
1477.0,53,296.2,1,0,0,307.3,0,0,0
1321.0,150,300.9,0,0,0,310.3,0,0,0
1573.0,193,302.4,0,0,0,311.0,0,0,0
1578.0,153,298.0,0,0,0,308.9,0,0,0
1501.0,192,298.8,1,0,0,310.1,0,0,0
1416.0,101,297.6,1,0,0,308.8,0,0,0
1524.0,161,298.2,1,0,0,309.2,0,0,0
1510.0,92,297.4,0,0,0,308.7,0,0,0
1568.0,172,301.0,0,0,0,310.9,0,0,0
1451.0,24,297.3,1,0,0,308.7,0,0,0
1520.0,48,302.8,0,0,0,312.1,0,0,0
1492.0,195,301.4,0,0,0,310.3,0,0,0
1598.0,124,301.8,0,0,0,309.7,0,0,0
1568.0,25,304.2,0,0,0,313.4,0,0,0
1434.0,108,299.0,0,0,0,308.6,0,0,0
1459.0,128,301.8,1,0,0,310.6,0,0,0
1570.0,0,302.2,0,0,0,311.3,0,0,0
1503.0,175,300.5,0,0,0,309.9,0,0,0
1450.0,80,300.7,0,0,0,310.7,0,0,0
1629.0,170,298.3,1,0,0,308.5,0,0,0
1632.0,17,298.9,2,0,0,308.4,0,0,0
1358.0,198,300.8,0,0,0,310.7,0,0,0
1546.0,121,301.8,1,0,0,309.8,0,0,0
1667.0,75,300.2,0,0,0,309.2,0,0,0
1287.0,54,303.4,0,0,0,312.3,0,0,0
1743.0,210,301.7,1,0,0,310.1,0,0,0
1483.0,97,300.6,2,0,0,310.0,0,0,0
1408.0,0,300.2,2,0,0,310.3,0,0,0
1473.0,184,298.4,0,0,0,308.3,0,0,0
1838.0,235,299.1,1,0,0,310.3,0,0,0
1630.0,92,299.0,0,0,0,309.9,0,0,0
1779.0,129,299.7,0,0,0,309.3,0,0,0
1410.0,23,297.3,0,0,0,308.3,0,0,0
1618.0,130,303.5,1,0,0,312.9,0,0,0
1447.0,198,303.8,2,0,0,312.5,0,0,0
1769.0,63,300.7,1,0,0,311.2,0,0,0
1704.0,61,298.1,0,0,0,308.0,0,0,0
1415.0,27,298.1,1,0,0,308.6,0,0,0
1599.0,7,300.9,1,0,0,310.8,0,0,0
1430.0,44,300.1,0,0,0,309.8,0,0,0
1430.0,32,302.6,1,0,0,311.7,0,0,0
1395.0,85,300.7,0,0,0,310.0,0,0,0
1646.0,198,300.3,1,0,0,311.7,0,0,0
1416.0,69,301.5,1,0,0,310.7,0,0,0
1550.0,194,302.9,0,0,0,312.4,0,0,0
1899.5,2,302.7,1,0,0,311.6,0,0,0
1479.0,105,302.6,0,0,0,310.3,0,0,0
1566.0,170,300.2,0,0,0,309.9,0,0,0
1543.0,96,302.4,0,0,0,311.8,0,0,0
1576.0,171,298.3,0,0,0,307.7,0,0,0
1496.0,190,297.1,0,0,0,308.3,0,0,0
1899.5,45,298.2,0,0,0,309.0,0,0,0
1373.0,56,300.5,0,0,0,310.5,0,0,0
1405.0,77,300.3,1,0,0,309.5,0,0,0
1423.0,186,302.4,0,0,0,311.0,0,0,0
1899.5,202,298.1,0,0,0,307.6,0,0,0
1428.0,47,301.0,0,0,0,310.9,0,0,0
1485.0,46,299.1,0,0,0,310.5,0,0,0
1421.0,101,303.6,1,0,0,311.8,0,0,0
1515.0,38,296.2,0,0,0,307.2,0,0,0
1542.0,80,301.3,0,0,0,311.0,0,0,0
1899.5,68,297.7,0,0,0,307.6,0,0,0
1439.0,174,299.7,0,0,0,311.1,0,0,0
1428.0,175,299.0,0,0,0,310.3,0,0,0
1234.0,152,301.4,1,0,0,311.0,0,0,0
1481.0,136,304.2,1,0,0,313.8,0,0,0
1550.0,111,301.0,0,0,0,312.3,0,0,0
1271.0,125,296.8,0,0,0,307.9,0,0,0
1899.5,190,302.3,0,0,0,310.9,0,0,0
1497.0,147,298.8,2,0,0,309.0,0,0,0
1899.5,29,297.9,0,0,0,309.8,0,0,0
1429.0,140,298.9,0,0,0,308.5,0,0,0
1523.0,72,302.5,0,0,0,310.3,0,0,0
1396.0,5,299.2,1,0,0,308.4,0,0,0
1735.0,192,304.2,0,0,0,313.4,0,0,0
1334.0,88,302.9,0,0,0,312.1,0,0,0
1403.0,77,297.3,1,0,0,308.0,0,0,0
1432.0,17,297.8,1,0,0,309.1,0,0,0
1872.0,202,302.2,0,0,0,311.6,0,0,0
1531.0,159,303.8,0,0,0,313.2,0,0,0
1559.0,196,301.4,0,0,0,310.4,0,0,0
1430.0,47,298.0,1,0,0,308.7,0,0,0
1411.0,160,300.4,1,0,0,309.3,0,0,0
1504.0,42,302.1,1,0,0,310.8,0,0,0
1402.0,128,298.7,0,0,0,309.8,0,0,0
1870.0,170,298.4,1,0,0,309.7,0,0,0
1255.0,138,300.5,0,0,0,309.5,0,0,0
1583.0,104,297.9,0,0,0,309.0,0,0,0
1517.0,185,299.1,1,0,0,310.8,0,0,0
1389.0,69,298.9,0,0,0,308.7,0,0,0
1633.0,145,298.1,1,0,0,307.7,0,0,0
1459.0,96,296.6,0,0,0,307.6,0,0,0
1316.0,55,300.5,0,0,0,311.5,0,0,0
1615.0,56,303.4,1,0,0,312.2,0,0,0
1804.0,108,298.2,0,0,0,307.8,0,0,0
1654.0,123,298.0,0,0,0,307.6,0,0,0
1506.0,154,303.8,2,0,0,313.2,0,0,0
1415.0,82,304.0,1,0,0,313.3,0,0,0
1437.0,99,299.0,0,0,0,310.3,0,0,0
1438.0,41,300.4,2,0,0,311.9,0,0,0
1537.0,146,301.7,1,0,0,311.0,0,0,0
1505.0,30,299.3,0,0,0,310.5,0,0,0
1295.0,39,301.2,1,0,0,310.1,0,0,0
1738.0,14,302.5,0,0,0,312.2,0,0,0
1381.0,102,299.4,0,0,0,308.7,0,0,0
1619.0,33,297.9,0,0,0,309.1,0,0,0
1582.0,51,299.0,0,0,0,310.0,0,0,0
1558.0,193,302.0,1,0,0,310.9,0,0,0
1412.0,89,301.9,1,0,0,310.6,0,0,0
1515.0,81,297.1,1,0,0,308.5,0,0,0
1337.0,87,295.8,0,0,0,306.3,0,0,0
1401.0,143,299.8,1,0,0,309.4,0,0,0
1528.0,198,301.5,0,0,0,310.5,0,0,0
1329.0,121,300.7,2,0,0,311.9,0,0,0
1346.0,109,302.2,0,0,0,310.6,0,0,0
1569.0,141,297.0,1,0,0,307.9,0,0,0
1445.0,18,301.2,1,0,0,310.0,0,0,0
1446.0,86,300.7,2,0,0,312.3,0,0,0
1356.0,132,300.2,0,0,0,311.6,0,0,0
1543.0,89,300.6,0,0,0,311.0,0,0,0
1376.0,75,300.7,0,0,0,310.1,0,0,0
1689.0,110,301.4,0,0,0,310.4,0,0,0
1583.0,112,298.4,0,0,0,309.2,0,0,0
1333.0,131,300.0,0,0,0,310.4,0,0,0
1762.0,73,302.3,1,0,0,310.9,0,0,0
1429.0,203,300.3,1,0,0,310.2,0,0,0
1404.0,195,297.5,0,0,0,309.3,0,0,0
1558.0,137,300.0,2,0,0,310.5,0,0,0
1626.0,166,298.4,2,0,0,307.7,0,0,0
1296.0,201,298.3,1,0,0,309.1,0,0,0
1702.0,32,300.9,1,0,0,310.5,0,0,0
1550.0,54,297.3,0,0,0,308.3,0,0,0
1402.0,54,303.4,2,0,0,311.9,0,0,0
1395.0,120,303.6,0,0,0,313.1,0,0,0
1351.0,196,302.1,0,0,0,311.0,0,0,0
1735.0,82,300.0,2,0,0,309.5,0,0,0
1562.0,84,297.2,0,0,0,308.6,0,0,0
1899.5,232,300.7,1,0,0,311.7,0,0,0
1488.0,189,298.5,1,0,0,309.3,0,0,0
1439.0,7,302.1,0,0,0,310.6,0,0,0
1553.0,177,299.8,0,0,0,310.1,0,0,0
1425.0,100,300.7,0,0,0,309.3,0,0,0
1298.0,132,297.9,0,0,0,307.6,0,0,0
1604.0,14,298.8,1,0,0,308.4,0,0,0
1495.0,49,300.2,0,0,0,309.5,0,0,0
1863.0,79,299.5,0,0,0,309.1,0,0,0
1899.5,59,300.5,1,0,0,309.4,0,0,0
1606.0,195,298.0,2,0,0,307.4,0,0,0
1514.0,9,298.0,0,0,0,308.2,0,0,0
1899.5,244,302.9,0,0,0,312.4,0,0,0
1750.0,72,298.7,0,0,0,308.4,0,0,0
1435.0,139,296.9,0,0,0,307.9,0,0,0
1564.0,26,299.4,0,0,0,309.2,0,0,0
1317.0,7,300.3,0,0,0,311.7,0,0,0
1449.0,149,298.9,2,0,0,308.4,0,0,0
1532.0,54,298.0,0,0,0,308.6,0,0,0
1542.0,28,296.2,2,0,0,307.0,0,0,0
1352.0,172,299.4,1,0,0,309.1,0,0,0
1563.0,143,298.8,0,0,0,309.8,0,0,0
1379.0,91,298.3,0,0,0,308.9,0,0,0
1424.0,54,301.7,0,0,0,310.1,0,0,0
1676.0,70,298.7,0,0,0,310.1,0,0,0
1527.0,136,302.5,1,0,0,310.5,0,0,0
1384.0,11,299.6,0,0,0,310.1,0,0,0
1451.0,55,300.3,0,0,0,311.8,0,0,0
1612.0,158,300.3,0,0,0,309.3,0,0,0
1430.0,122,301.0,0,0,0,309.5,0,0,0
1616.0,25,300.9,0,0,0,310.5,0,0,0
1433.0,101,300.6,0,0,0,310.9,0,0,0
1469.0,179,301.3,2,0,0,310.1,0,0,0
1643.0,55,297.7,0,0,0,307.4,0,0,0
1468.0,197,297.1,0,0,0,308.4,0,0,0
1604.0,185,300.0,0,0,0,311.4,0,0,0
1574.0,128,298.9,1,0,0,308.6,0,0,0
1478.0,87,299.7,1,0,0,308.9,0,0,0
1445.0,201,300.7,0,0,0,310.5,0,0,0
1623.0,177,298.9,0,0,0,310.2,0,0,0
1410.0,71,298.1,0,0,0,308.1,0,0,0
1654.0,201,300.1,0,0,0,309.3,0,0,0
1393.0,208,301.8,0,0,0,310.0,0,0,0
1510.0,64,301.5,1,0,0,310.7,0,0,0
1408.0,147,297.6,1,0,0,308.7,0,0,0
1436.0,158,299.8,0,0,0,309.4,0,0,0
1405.0,205,300.3,2,0,0,309.9,0,0,0
1799.0,137,297.3,1,0,0,308.9,0,0,0
1481.0,57,301.3,0,0,0,310.6,0,0,0
1755.0,73,298.7,2,0,0,309.6,0,0,0
1497.0,162,299.9,2,0,0,311.4,0,0,0
1336.0,29,300.5,0,0,0,310.3,0,0,0
1767.0,11,302.0,0,0,0,310.8,0,0,0
1551.0,3,299.4,0,0,0,310.7,0,0,0
1457.0,213,301.8,0,0,0,310.2,0,0,0
1764.0,148,297.3,0,0,0,308.5,0,0,0
1434.0,180,298.9,1,0,0,309.6,0,0,0
1643.0,171,301.2,0,0,0,309.9,0,0,0
1444.0,76,295.8,1,0,0,306.3,0,0,0
1424.0,120,296.9,0,0,0,307.7,0,0,0
1413.0,145,298.2,0,0,0,309.0,0,0,0
1828.0,82,302.0,1,0,0,310.4,0,0,0
1406.0,119,300.5,1,0,0,310.0,0,0,0
1432.0,192,300.4,0,0,0,309.6,0,0,0
1779.0,169,299.9,0,0,0,309.5,0,0,0
1541.0,169,297.2,1,0,0,307.9,0,0,0
1427.0,136,297.1,0,0,0,308.2,0,0,0
1403.0,193,298.2,1,0,0,307.9,0,0,0
1510.0,94,302.9,0,0,0,312.2,0,0,0
1659.0,152,302.9,1,0,0,312.4,0,0,0
1420.0,171,297.9,1,0,0,307.3,0,0,0
1688.0,115,302.3,2,0,0,310.1,0,0,0
1508.0,18,300.0,0,0,0,311.4,0,0,0
1602.0,2,301.6,2,0,0,310.5,0,0,0
1611.0,195,298.0,0,0,0,308.2,0,0,0
1449.0,147,298.9,0,0,0,309.7,0,0,0
1462.0,132,297.4,0,0,0,308.8,0,0,0
1442.0,53,300.5,0,0,0,311.4,0,0,0
1545.0,128,302.7,0,0,0,311.2,0,0,0
1586.0,103,300.0,0,0,0,309.7,0,0,0
1441.0,195,297.2,0,0,0,307.9,0,0,0
1458.0,42,302.8,0,0,0,312.2,0,0,0
1592.0,174,302.5,0,0,0,310.3,0,0,0
1482.0,82,298.9,0,0,0,310.0,0,0,0
1899.5,154,302.4,0,0,0,310.2,0,0,0
1438.0,188,304.1,0,0,0,313.3,0,0,0
1577.0,100,300.7,0,0,0,312.3,0,0,0
1477.0,128,301.9,0,0,0,310.5,0,0,0
1521.0,37,302.5,0,0,0,311.5,0,0,0
1652.0,139,302.4,0,0,0,311.1,0,0,0
1294.0,104,298.6,0,0,0,309.7,0,0,0
1591.0,33,301.5,2,0,0,310.8,0,0,0
1339.0,86,299.1,1,0,0,309.5,0,0,0
1621.0,95,295.8,0,0,0,306.6,0,0,0
1456.0,160,304.0,1,0,0,312.7,0,0,0
1568.0,28,302.7,2,0,0,310.5,0,0,0
1441.0,131,304.1,1,0,0,313.6,0,0,0
1642.0,58,298.1,0,0,0,309.9,0,0,0
1479.0,176,298.0,1,0,0,308.7,0,0,0
1493.0,132,302.4,0,0,0,311.8,0,0,0
1544.0,88,303.6,2,0,0,311.9,0,0,0
1638.0,116,301.9,1,0,0,311.0,0,0,0
1477.0,101,298.4,0,0,0,309.6,0,0,0
1437.0,93,298.3,0,0,0,309.1,0,0,0
1611.0,211,297.5,0,0,0,309.1,0,0,0
1588.0,114,298.0,2,0,0,307.8,0,0,0
1377.0,27,298.8,1,0,0,309.8,0,0,0
1480.0,58,298.7,0,0,0,308.5,0,0,0
1565.0,94,298.7,2,0,0,309.7,0,0,0
1634.0,12,298.8,0,0,0,308.3,0,0,0
1555.0,35,302.7,1,0,0,310.8,0,0,0
1520.0,171,297.3,1,0,0,308.5,0,0,0
1398.0,0,298.8,0,0,0,308.9,0,0,0
1365.0,111,300.8,1,0,0,311.2,0,0,0
1446.0,64,302.0,0,0,0,310.9,0,0,0
1479.0,72,301.1,1,0,0,310.6,0,0,0
1465.0,92,300.7,1,0,0,310.8,0,0,0
1732.0,132,304.1,0,0,0,313.3,0,0,0
1288.0,91,297.7,2,0,0,308.4,0,0,0
1704.0,160,299.2,2,0,0,310.6,0,0,0
1729.0,210,302.1,2,0,0,311.0,0,0,0
1602.0,31,299.6,0,0,0,309.2,0,0,0
1510.0,72,299.3,0,0,0,308.5,0,0,0
1613.0,170,300.9,0,0,0,311.3,0,0,0
1422.0,103,299.5,1,0,0,309.1,0,0,0
1420.0,193,297.4,0,0,0,309.2,0,0,0
1531.0,84,297.7,1,0,0,308.9,0,0,0
1495.0,132,297.8,1,0,0,309.4,0,0,0
1681.0,221,300.8,0,0,0,311.7,0,0,0
1385.0,128,300.0,1,0,0,310.4,0,0,0
1717.0,61,297.1,1,0,0,308.6,0,0,0
1526.0,140,296.2,0,0,0,306.9,0,0,0
1390.0,40,302.2,0,0,0,311.4,0,0,0
1383.0,188,297.4,0,0,0,308.0,0,0,0
1366.0,162,302.4,2,0,0,311.9,0,0,0
1309.0,56,297.3,0,0,0,308.3,0,0,0
1380.0,70,301.7,1,0,0,310.6,0,0,0
1514.0,230,303.2,0,0,0,311.4,0,0,0
1357.0,106,299.5,0,0,0,309.1,0,0,0
1507.0,209,300.7,0,0,0,310.7,0,0,0
1395.0,76,299.2,1,0,0,310.4,0,0,0
1431.0,57,300.2,0,0,0,309.2,0,0,0
1722.0,64,298.7,1,0,0,308.6,0,0,0
1482.0,132,299.3,0,0,0,308.6,0,0,0
1465.0,72,298.7,0,0,0,309.9,0,0,0
1585.0,37,297.4,2,0,0,308.2,0,0,0
1481.0,230,302.8,0,0,0,312.2,0,0,0
1724.0,133,301.0,0,0,0,309.6,0,0,0
1899.5,207,303.4,1,0,0,311.8,0,0,0
1390.0,92,299.4,0,0,0,308.8,0,0,0
1475.0,93,299.0,0,0,0,310.3,0,0,0
1593.0,102,301.6,0,0,0,310.5,0,0,0
1380.0,216,301.6,0,0,0,310.7,0,0,0
1568.0,32,300.2,0,0,0,311.4,0,0,0
1483.0,23,297.4,0,0,0,308.3,0,0,0
1569.0,153,298.5,0,0,0,309.5,0,0,0
1212.0,79,302.0,1,0,0,310.4,0,0,0
1485.0,142,301.6,0,0,0,311.0,0,0,0
1390.0,140,297.5,0,0,0,308.9,0,0,0
1341.0,199,299.3,0,0,0,308.8,0,0,0
1623.0,101,303.1,1,0,0,312.3,0,0,0
1352.0,41,299.1,0,0,0,310.2,0,0,0
1579.0,50,296.7,2,0,0,307.9,0,0,0
1498.0,88,299.2,0,0,0,310.6,0,0,0
1899.5,67,296.3,1,0,0,307.4,0,0,0
1456.0,51,303.7,0,0,0,313.0,0,0,0
1535.0,51,297.4,1,0,0,308.3,0,0,0
1431.0,90,300.0,0,0,0,309.1,0,0,0
1405.0,78,301.9,0,0,0,310.7,0,0,0
1542.0,100,300.6,1,0,0,310.0,0,0,0
1899.5,25,302.3,1,0,0,311.4,0,0,0
1436.0,201,298.0,1,0,0,308.7,0,0,0
1618.0,173,298.8,1,0,0,309.3,0,0,0
1505.0,25,297.8,0,0,0,307.7,0,0,0
1416.0,209,300.7,0,0,0,310.4,0,0,0
1474.0,101,296.6,1,0,0,307.7,0,0,0
1367.0,143,300.4,1,0,0,309.7,0,0,0
1672.0,177,299.5,0,0,0,308.6,0,0,0
1899.5,148,301.6,0,0,0,310.8,0,0,0
1544.0,146,299.2,0,0,0,308.5,0,0,0
1452.0,33,300.7,0,0,0,311.2,0,0,0
1371.0,136,299.3,0,0,0,308.6,0,0,0
1500.0,161,297.2,0,0,0,308.6,0,0,0
1454.0,112,302.3,1,0,0,311.2,0,0,0
1602.0,210,299.5,1,0,0,309.0,0,0,0
1512.0,75,299.1,0,0,0,309.5,0,0,0
1592.0,60,298.9,0,0,0,309.9,0,0,0
1533.0,91,299.6,0,0,0,310.9,0,0,0
1653.0,119,298.8,0,0,0,310.1,0,0,0
1581.0,116,297.8,0,0,0,307.5,0,0,0
1668.0,5,297.7,0,0,0,307.2,0,0,0
1412.0,140,298.9,1,0,0,309.2,0,0,0
1473.0,125,299.7,0,0,0,309.1,0,0,0
1326.0,78,299.1,0,0,0,310.6,0,0,0
1443.0,175,302.3,1,0,0,311.8,0,0,0
1625.0,46,300.1,1,0,0,309.6,0,0,0
1368.0,5,298.2,0,0,0,307.6,0,0,0
1421.0,182,301.4,2,0,0,310.5,0,0,0
1487.0,173,297.2,1,0,0,308.5,0,0,0
1534.0,83,299.2,0,0,0,310.6,0,0,0
1590.0,43,301.4,0,0,0,310.7,0,0,0
1339.0,123,302.3,1,0,0,311.3,0,0,0
1571.0,61,298.8,1,0,0,308.6,0,0,0
1380.0,170,299.1,0,0,0,310.6,0,0,0
1576.0,92,300.9,1,0,0,310.4,0,0,0
1422.0,115,297.0,1,0,0,307.9,0,0,0
1362.0,155,302.4,0,0,0,310.7,0,0,0
1394.0,21,300.2,1,0,0,309.8,0,0,0
1366.0,35,304.1,0,0,0,313.2,0,0,0
1594.0,196,300.7,1,0,0,310.5,0,0,0
1565.0,179,303.8,0,0,0,312.6,0,0,0
1432.0,68,298.1,0,0,0,308.8,0,0,0
1564.0,15,302.0,0,0,0,310.9,0,0,0
1740.0,164,300.9,0,0,0,310.7,0,0,0
1612.0,148,301.5,1,0,0,310.5,0,0,0
1419.0,20,301.9,1,0,0,310.9,0,0,0
1501.0,203,298.4,0,0,0,308.9,0,0,0
1322.0,166,301.8,0,0,0,311.0,0,0,0
1371.0,86,296.8,0,0,0,308.0,0,0,0
1472.0,2,297.4,0,0,0,308.3,0,0,0
1448.0,53,302.4,0,0,0,311.2,0,0,0
1356.0,34,298.6,0,0,0,309.9,0,0,0
1593.0,36,300.2,1,0,0,310.3,0,0,0
1461.0,53,300.8,1,0,0,310.8,0,0,0
1711.0,197,299.2,0,0,0,308.4,0,0,0
1567.0,100,302.2,0,0,0,310.7,0,0,0
1899.5,99,301.4,0,0,0,310.6,0,0,0
1479.0,9,300.7,2,0,0,310.2,0,0,0
1509.0,153,300.5,0,0,0,310.8,0,0,0
1512.0,126,299.4,0,0,0,308.7,0,0,0
1538.0,13,301.6,0,0,0,310.9,0,0,0
1476.0,110,302.4,0,0,0,311.8,0,0,0
1397.0,11,302.2,2,0,0,310.8,0,0,0
1547.0,181,300.4,1,0,0,309.7,0,0,0
1577.0,0,298.4,2,0,0,308.9,0,0,0
1410.0,9,299.2,2,0,0,309.1,0,0,0
1383.0,19,300.8,0,0,0,310.3,0,0,0
1571.0,126,300.4,2,0,0,309.6,0,0,0
1523.0,137,297.6,0,0,0,308.3,0,0,0
1374.0,123,298.8,0,0,0,309.7,0,0,0
1384.0,131,300.9,0,0,0,309.6,0,0,0
1506.0,43,302.3,2,0,0,310.2,0,0,0
1573.0,15,301.9,0,0,0,310.6,0,0,0
1426.0,73,300.2,2,0,0,311.5,0,0,0
1571.0,50,298.4,0,0,0,308.0,0,0,0
1471.0,152,297.5,1,0,0,308.8,0,0,0
1401.0,118,299.7,0,0,0,309.2,0,0,0
1605.0,47,298.2,0,0,0,308.7,0,0,0
1680.0,76,301.8,0,0,0,310.7,0,0,0
1407.0,85,299.6,0,0,0,309.1,0,0,0
1818.0,173,299.1,0,0,0,310.6,0,0,0
1594.0,79,303.4,1,0,0,312.7,0,0,0
1663.0,78,303.4,0,0,0,312.3,0,0,0
1899.5,195,303.5,0,0,0,311.8,0,0,0
1480.0,125,303.0,0,0,0,312.3,0,0,0
1733.0,85,300.7,0,0,0,309.6,0,0,0
1435.0,165,297.7,0,0,0,309.1,0,0,0
1666.0,37,301.2,1,0,0,310.1,0,0,0
1422.0,37,299.3,1,0,0,308.5,0,0,0
1443.0,70,298.1,0,0,0,309.3,0,0,0
1392.0,97,300.9,0,0,0,310.7,0,0,0
1527.0,3,298.8,0,0,0,308.5,0,0,0
1521.0,72,302.3,1,0,0,311.0,0,0,0
1775.0,149,300.7,0,0,0,309.9,0,0,0
1299.0,48,301.8,1,0,0,310.9,0,0,0
1481.0,193,301.0,0,0,0,311.4,0,0,0
1347.0,132,297.5,1,0,0,308.6,0,0,0
1527.0,102,298.8,1,0,0,310.2,0,0,0
1525.0,86,298.4,1,0,0,309.1,0,0,0
1478.0,191,302.7,2,0,0,312.1,0,0,0
1483.0,28,300.8,1,0,0,310.7,0,0,0
1384.0,141,300.5,0,0,0,309.7,0,0,0
1441.0,0,301.9,1,0,0,310.9,0,0,0
1469.0,164,301.5,0,0,0,310.9,0,0,0
1899.5,27,298.9,0,0,0,308.6,0,0,0
1372.0,59,301.0,0,0,0,312.2,0,0,0
1626.0,130,297.6,0,0,0,308.4,0,0,0
1326.0,57,300.3,0,0,0,309.6,0,0,0
1371.0,109,300.3,1,0,0,311.4,0,0,0
1636.0,51,298.1,1,0,0,307.8,0,0,0
1445.0,24,300.7,1,0,0,309.5,0,0,0
1546.0,139,297.5,0,0,0,308.6,0,0,0
1469.0,133,301.4,0,0,0,311.1,0,0,0
1611.0,44,300.5,0,0,0,311.4,0,0,0
1480.0,21,301.0,0,0,0,310.0,0,0,0
1537.0,6,300.3,1,0,0,310.0,0,0,0
1629.0,151,301.5,0,0,0,310.4,0,0,0
1432.0,150,303.6,1,0,0,311.8,0,0,0
1504.0,109,303.6,1,0,0,312.4,0,0,0
1690.0,108,299.5,0,0,0,309.2,0,0,0
1721.0,87,302.8,0,0,0,311.1,0,0,0
1670.0,200,301.2,0,0,0,311.0,0,0,0
1894.0,106,299.1,0,0,0,310.1,0,0,0
1334.0,186,298.5,0,0,0,308.3,0,0,0
1395.0,171,301.8,1,0,0,311.1,0,0,0
1395.0,80,302.7,0,0,0,310.9,0,0,0
1567.0,9,301.9,0,0,0,310.8,0,0,0
1478.0,218,301.6,0,0,0,310.6,0,0,0
1624.0,107,303.9,1,0,0,313.2,0,0,0
1899.5,114,298.5,0,0,0,309.2,0,0,0
1372.0,203,301.5,0,0,0,310.5,0,0,0
1351.0,155,300.1,0,0,0,309.7,0,0,0
1507.0,201,302.5,1,0,0,310.5,0,0,0
1258.0,168,300.8,1,0,0,309.7,0,0,0
1525.0,160,299.6,0,0,0,309.0,0,0,0
1428.0,179,297.1,0,0,0,307.8,0,0,0
1549.0,105,296.8,0,0,0,307.4,0,0,0
1363.0,190,298.9,0,0,0,310.6,0,0,0
1390.0,184,296.9,0,0,0,308.4,0,0,0
1343.0,124,300.5,1,0,0,309.9,0,0,0
1698.0,156,300.8,2,0,0,311.1,0,0,0
1367.0,192,303.8,0,0,0,312.9,0,0,0
1528.0,196,298.4,0,0,0,308.2,0,0,0
1549.0,65,298.9,1,0,0,310.1,0,0,0
1419.0,51,301.6,2,0,0,310.9,0,0,0
1424.0,129,298.8,0,0,0,309.7,0,0,0
1491.0,101,298.9,0,0,0,310.2,0,0,0
1647.0,85,301.4,0,0,0,310.5,0,0,0
1374.0,119,300.1,0,0,0,310.6,0,0,0
1825.0,29,303.6,1,0,0,312.8,0,0,0
1400.0,2,301.5,0,0,0,310.9,0,0,0
1358.0,63,295.8,0,0,0,306.5,0,0,0
1292.0,136,302.9,1,0,0,312.2,0,0,0
1551.0,211,301.9,1,0,0,309.6,0,0,0
1477.0,31,300.9,2,0,0,310.8,0,0,0
1501.0,175,300.6,2,0,0,310.7,0,0,0
1594.0,82,302.2,2,0,0,311.6,0,0,0
1655.0,172,298.9,1,0,0,310.1,0,0,0
1405.0,108,297.4,1,0,0,308.3,0,0,0
1311.0,118,300.8,0,0,0,310.9,0,0,0
1841.0,40,299.2,0,0,0,308.4,0,0,0
1481.0,14,297.5,2,0,0,308.6,0,0,0
1461.0,208,301.2,0,0,0,311.6,0,0,0
1756.0,2,301.0,2,0,0,310.1,0,0,0
1543.0,40,301.2,1,0,0,310.7,0,0,0
1683.0,74,298.2,0,0,0,308.9,0,0,0
1569.0,20,300.7,1,0,0,311.5,0,0,0
1539.0,156,300.4,1,0,0,309.7,0,0,0
1455.0,29,301.9,0,0,0,311.0,0,0,0
1304.0,153,299.4,0,0,0,309.1,0,0,0
1701.0,12,303.6,0,0,0,312.8,0,0,0
1351.0,8,303.2,0,0,0,311.4,0,0,0
1507.0,134,299.0,0,0,0,308.7,0,0,0
1514.0,134,297.5,0,0,0,308.6,0,0,0
1746.0,107,299.4,0,0,0,308.6,0,0,0
1899.5,129,297.8,1,0,0,307.4,0,0,0
1432.0,38,298.9,0,0,0,308.3,0,0,0
1483.0,192,298.8,2,0,0,310.1,0,0,0
1448.0,80,299.7,1,0,0,311.0,0,0,0
1447.0,93,299.5,0,0,0,310.8,0,0,0
1363.0,28,298.7,0,0,0,310.2,0,0,0
1516.0,146,296.7,0,0,0,307.6,0,0,0
1347.0,136,300.5,1,0,0,309.7,0,0,0
1677.0,188,301.1,0,0,0,311.0,0,0,0
1405.0,207,301.7,0,0,0,310.9,0,0,0
1550.0,184,302.0,0,0,0,311.0,0,0,0
1774.0,154,296.3,2,0,0,307.1,0,0,0
1606.0,134,299.0,0,0,0,310.4,0,0,0
1378.0,94,298.0,0,0,0,309.2,0,0,0
1322.0,71,303.5,0,0,0,313.0,0,0,0
1439.0,149,298.6,2,0,0,309.4,0,0,0
1899.5,18,296.9,0,0,0,307.5,0,0,0
1419.0,27,299.0,1,0,0,309.0,0,0,0
1428.0,152,303.8,0,0,0,312.8,0,0,0
1510.0,33,302.2,0,0,0,311.4,0,0,0
1481.0,213,304.0,0,0,0,313.2,0,0,0
1423.0,123,300.8,0,0,0,312.5,0,0,0
1355.0,60,297.8,0,0,0,307.4,0,0,0
1676.0,97,300.5,1,0,0,311.9,0,0,0
1547.0,36,298.6,0,0,0,309.5,0,0,0
1525.0,188,303.7,0,0,0,312.4,0,0,0
1525.0,227,301.8,0,0,0,309.5,0,0,0
1727.0,43,299.1,0,0,0,310.3,0,0,0
1406.0,12,298.9,0,0,0,310.6,0,0,0
1643.0,191,296.8,0,0,0,308.2,0,0,0
1442.0,11,299.2,0,0,0,308.5,0,0,0
1374.0,96,300.0,0,0,0,311.4,0,0,0
1431.0,26,297.6,1,0,0,308.5,0,0,0
1375.0,108,296.7,1,0,0,307.8,0,0,0
1469.0,62,298.7,0,0,0,309.8,0,0,0
1509.0,205,304.4,0,0,0,313.7,0,0,0
1366.0,130,298.5,1,0,0,309.5,0,0,0
1494.0,144,299.0,1,0,0,310.3,0,0,0
1642.0,37,300.2,1,0,0,309.0,0,0,0
1379.0,178,303.8,2,0,0,313.2,0,0,0
1447.0,172,302.5,1,0,0,310.3,0,0,0
1470.0,133,301.0,0,0,0,311.6,0,0,0
1363.0,14,295.6,0,0,0,306.0,0,0,0
1487.0,123,299.0,1,0,0,310.1,0,0,0
1354.0,117,302.5,0,0,0,311.9,0,0,0
1392.0,117,298.4,0,0,0,309.4,0,0,0
1899.5,198,298.0,1,0,0,308.7,0,0,0
1631.0,110,300.0,0,0,0,309.1,0,0,0
1467.0,45,300.1,0,0,0,311.4,0,0,0
1436.0,26,298.2,0,0,0,308.7,0,0,0
1483.0,87,299.8,0,0,0,309.7,0,0,0
1534.0,129,301.1,0,0,0,312.3,0,0,0
1295.0,91,301.8,0,0,0,310.6,0,0,0
1480.0,8,302.7,0,0,0,311.7,0,0,0
1496.0,155,299.8,1,0,0,309.1,0,0,0
1282.0,216,298.4,0,0,0,308.2,0,0,0
1899.5,48,296.0,1,0,0,306.7,0,0,0
1626.0,87,303.0,0,0,0,312.5,0,0,0
1852.0,57,298.8,0,0,0,308.9,0,0,0
1877.0,4,299.2,0,0,0,308.4,0,0,0
1470.0,148,299.9,0,0,0,310.4,0,0,0
1472.0,71,298.3,0,0,0,308.2,0,0,0
1534.0,151,296.3,1,0,0,307.1,0,0,0
1573.0,143,302.0,1,0,0,310.5,0,0,0
1589.0,191,300.4,0,0,0,311.1,0,0,0
1534.0,121,298.9,1,0,0,308.5,0,0,0
1577.0,112,302.2,1,0,0,311.3,0,0,0
1419.0,39,302.5,0,0,0,311.6,0,0,0
1340.0,207,297.2,1,0,0,308.1,0,0,0
1525.0,209,303.8,2,0,0,312.5,0,0,0
1899.5,227,302.0,0,0,0,310.8,0,0,0
1504.0,229,300.7,1,0,0,311.7,0,0,0
1404.0,31,303.2,0,0,0,311.2,0,0,0
1266.0,81,298.0,0,0,0,307.8,0,0,0
1372.0,95,301.8,0,0,0,310.6,0,0,0
1392.0,174,297.4,0,0,0,308.4,0,0,0
1504.0,192,298.4,0,0,0,309.3,0,0,0
1461.0,105,298.8,0,0,0,310.2,0,0,0
1452.0,188,299.8,0,0,0,311.1,0,0,0
1584.0,27,298.6,2,0,0,309.5,0,0,0
1720.0,96,300.7,0,0,0,310.6,0,0,0
1359.0,160,300.4,1,0,0,311.6,0,0,0
1570.0,37,299.2,0,0,0,310.4,0,0,0
1403.0,10,303.9,0,0,0,313.0,0,0,0
1512.0,49,300.9,2,0,0,310.5,0,0,0
1487.0,94,303.7,0,0,0,312.2,0,0,0
1562.0,10,302.4,0,0,0,312.0,0,0,0
1350.0,13,301.5,0,0,0,310.8,0,0,0
1436.0,107,299.9,0,0,0,309.2,0,0,0
1539.0,119,302.5,0,0,0,310.3,0,0,0
1496.0,48,303.7,0,0,0,313.1,0,0,0
1331.0,30,300.2,0,0,0,310.3,0,0,0
1335.0,113,297.4,1,0,0,308.3,0,0,0
1591.0,109,299.8,0,0,0,309.2,0,0,0
1554.0,204,297.5,0,0,0,308.9,0,0,0
1452.0,126,304.1,0,0,0,313.2,0,0,0
1439.0,81,298.8,1,0,0,309.7,0,0,0
1508.0,5,302.4,0,0,0,312.0,0,0,0
1341.0,51,298.9,0,0,0,310.1,0,0,0
1389.0,210,300.6,1,0,0,311.7,0,0,0
1869.0,18,301.6,0,0,0,310.0,0,0,0
1324.0,85,300.7,0,0,0,311.1,0,0,0
1617.0,148,300.9,1,0,0,312.1,0,0,0
1899.5,126,297.9,2,0,0,308.5,0,0,0
1401.0,49,297.4,0,0,0,309.4,0,0,0
1383.0,147,295.6,0,0,0,306.1,0,0,0
1522.0,106,297.6,0,0,0,308.6,0,0,0
1844.0,44,298.0,1,0,0,307.6,0,0,0
1533.0,101,300.1,0,0,0,309.2,0,0,0
1772.0,69,300.7,0,0,0,310.8,0,0,0
1394.0,155,296.8,0,0,0,307.8,0,0,0
1379.0,204,301.0,0,0,0,310.5,0,0,0
1389.0,186,300.7,2,0,0,311.9,0,0,0
1425.0,103,300.6,0,0,0,309.4,0,0,0
1397.0,34,304.1,2,0,0,313.3,0,0,0
1639.0,171,301.4,0,0,0,310.3,0,0,0
1583.0,171,302.0,0,0,0,310.6,0,0,0
1418.0,170,303.5,0,0,0,312.5,0,0,0
1743.0,55,296.7,0,0,0,307.9,0,0,0
1380.0,202,295.5,1,0,0,305.9,0,0,0
1513.0,76,300.4,2,0,0,309.9,0,0,0
1617.0,122,303.6,0,0,0,313.0,0,0,0
1623.0,39,301.4,2,0,0,310.1,0,0,0
1330.0,7,297.6,1,0,0,309.6,0,0,0
1897.0,75,303.5,0,0,0,313.1,0,0,0
1475.0,46,302.4,1,0,0,311.4,0,0,0
1451.0,32,302.8,1,0,0,310.8,0,0,0
1397.0,155,300.7,1,0,0,309.7,0,0,0
1633.0,90,300.7,1,0,0,309.5,0,0,0
1675.0,110,297.8,1,0,0,309.0,0,0,0
1396.0,14,299.3,0,0,0,310.3,0,0,0
1547.0,50,299.4,2,0,0,309.1,0,0,0
1445.0,73,298.1,1,0,0,307.7,0,0,0
1540.0,53,296.7,0,0,0,307.6,0,0,0
1424.0,140,301.9,0,0,0,309.7,0,0,0
1501.0,91,299.0,0,0,0,310.3,0,0,0
1632.0,186,303.7,0,0,0,312.5,0,0,0
1899.5,110,303.5,0,0,0,311.6,0,0,0
1518.0,2,297.8,0,0,0,308.9,0,0,0
1450.0,135,300.3,0,0,0,309.8,0,0,0
1899.5,162,301.1,1,0,0,311.1,0,0,0
1442.0,61,300.2,2,0,0,309.6,0,0,0
1488.0,75,302.3,0,0,0,311.6,0,0,0
1452.0,190,300.1,1,0,0,311.2,0,0,0
1660.0,36,302.6,0,0,0,312.3,0,0,0
1426.0,0,299.3,0,0,0,310.8,0,0,0
1511.0,60,302.7,0,0,0,310.5,0,0,0
1563.0,78,302.8,0,0,0,311.1,0,0,0
1432.0,81,301.4,0,0,0,310.5,0,0,0
1657.0,108,301.4,0,0,0,310.7,0,0,0
1507.0,111,302.2,1,0,0,310.5,0,0,0
1665.0,22,298.0,0,0,0,309.2,0,0,0
1899.5,25,298.8,0,0,0,309.7,0,0,0
1422.0,139,298.6,1,0,0,309.7,0,0,0
1462.0,171,298.2,2,0,0,307.9,0,0,0
1510.0,152,304.1,1,0,0,313.2,0,0,0
1398.0,39,300.2,0,0,0,309.8,0,0,0
1633.0,164,302.4,0,0,0,310.2,0,0,0
1538.0,195,301.3,0,0,0,310.4,0,0,0
1360.0,176,302.2,1,0,0,311.2,0,0,0
1552.0,95,300.9,0,0,0,310.6,0,0,0
1576.0,92,301.3,0,0,0,310.6,0,0,0
1352.0,184,299.7,0,0,0,309.5,0,0,0
1391.0,100,298.4,0,0,0,308.9,0,0,0
1354.0,67,302.6,0,0,0,311.9,0,0,0
1432.0,61,300.3,2,0,0,311.7,0,0,0
1339.0,35,298.3,0,0,0,309.0,0,0,0
1526.0,20,298.3,1,0,0,309.0,0,0,0
1436.0,20,299.0,2,0,0,309.0,0,0,0
1627.0,40,303.7,0,0,0,312.8,0,0,0
1644.0,201,301.7,1,0,0,310.9,0,0,0
1570.0,160,297.7,2,0,0,309.7,0,0,0
1624.0,160,298.5,0,0,0,308.0,0,0,0
1555.0,109,300.9,1,0,0,312.6,0,0,0
1289.0,42,298.1,0,0,0,307.7,0,0,0
1520.0,76,299.3,0,0,0,308.6,0,0,0
1356.0,116,298.9,0,0,0,310.1,0,0,0
1367.0,201,299.9,1,0,0,310.4,0,0,0
1358.0,50,299.0,1,0,0,308.2,0,0,0
1363.0,57,299.9,0,0,0,309.4,0,0,0
1447.0,47,301.7,0,0,0,310.6,0,0,0
1551.0,64,301.8,0,0,0,310.7,0,0,0
1482.0,32,304.2,0,0,0,313.4,0,0,0
1549.0,208,299.9,2,0,0,310.5,0,0,0
1701.0,145,302.3,0,0,0,311.7,0,0,0
1537.0,187,300.3,0,0,0,309.6,0,0,0
1462.0,163,299.2,2,0,0,308.6,0,0,0
1386.0,100,296.6,2,0,0,307.7,0,0,0
1383.0,72,302.2,0,0,0,311.6,0,0,0
1489.0,188,300.1,0,0,0,311.2,0,0,0
1477.0,18,302.4,2,0,0,312.0,0,0,0
1423.0,124,299.8,1,0,0,309.4,0,0,0
1899.5,109,300.7,0,0,0,311.0,0,0,0
1584.0,154,297.4,0,0,0,308.7,0,0,0
1694.0,111,298.4,2,0,0,309.3,0,0,0
1316.0,52,298.6,0,0,0,309.4,0,0,0
1497.0,180,300.5,0,0,0,311.6,0,0,0
1393.0,130,302.5,2,0,0,311.3,0,0,0
1588.0,114,301.0,0,0,0,310.6,0,0,0
1404.0,87,300.3,0,0,0,309.6,0,0,0
1411.0,73,298.0,2,0,0,308.8,0,0,0
1342.0,179,297.1,0,0,0,307.9,0,0,0
1525.0,114,302.3,2,0,0,310.6,0,0,0
1428.0,132,298.8,0,0,0,309.9,0,0,0
1284.0,32,297.2,1,0,0,308.6,0,0,0
1413.0,114,302.2,2,0,0,310.7,0,0,0
1607.0,109,300.3,0,0,0,311.6,0,0,0
1801.0,97,300.3,2,0,0,311.6,0,0,0
1485.0,75,300.1,2,0,0,311.4,0,0,0
1369.0,63,300.7,1,0,0,310.9,0,0,0
1690.0,4,302.7,0,0,0,310.6,0,0,0
1483.0,8,302.3,1,0,0,311.7,0,0,0
1457.0,83,302.3,0,0,0,311.3,0,0,0
1415.0,156,299.3,0,0,0,309.0,0,0,0
1707.0,94,299.8,0,0,0,309.7,0,0,0
1544.0,63,302.2,1,0,0,311.2,0,0,0
1411.0,110,302.5,1,0,0,310.3,0,0,0
1541.0,98,296.5,0,0,0,307.6,0,0,0
1449.0,95,297.7,0,0,0,308.7,0,0,0
1884.0,100,299.0,2,0,0,309.9,0,0,0
1508.0,152,299.7,1,0,0,309.1,0,0,0
1490.0,171,295.6,1,0,0,306.1,0,0,0
1365.0,172,301.5,0,0,0,310.9,0,0,0
1683.0,122,298.0,0,0,0,307.6,0,0,0
1420.0,36,300.1,1,0,0,309.7,0,0,0
1329.0,143,300.1,2,0,0,309.4,0,0,0
1899.5,95,300.8,2,0,0,311.2,0,0,0
1345.0,196,298.4,0,0,0,309.2,0,0,0
1459.0,85,297.9,0,0,0,307.8,0,0,0
1663.0,145,300.5,0,0,0,309.8,0,0,0
1346.0,193,300.7,2,0,0,310.8,0,0,0
1406.0,3,299.3,0,0,0,308.4,0,0,0
1654.0,136,298.7,2,0,0,309.6,0,0,0
1556.0,129,304.1,0,0,0,313.6,0,0,0
1475.0,44,296.2,0,0,0,307.3,0,0,0
1529.0,165,297.4,0,0,0,308.8,0,0,0
1359.0,66,300.2,0,0,0,309.6,0,0,0
1517.0,66,297.6,0,0,0,308.4,0,0,0
1722.0,178,297.5,0,0,0,308.5,0,0,0
1535.0,120,303.5,0,0,0,311.5,0,0,0
1546.0,169,295.5,0,0,0,306.0,0,0,0
1469.0,67,298.7,0,0,0,308.5,0,0,0
1385.0,195,301.6,0,0,0,310.9,0,0,0
1428.0,109,300.6,0,0,0,309.9,0,0,0
1379.0,207,300.5,0,0,0,309.8,0,0,0
1324.0,169,297.4,2,0,0,308.8,0,0,0
1750.0,171,300.6,0,0,0,310.7,0,0,0
1326.0,18,295.5,1,0,0,306.0,0,0,0
1540.0,221,299.6,0,0,0,309.2,0,0,0
1479.0,201,300.9,0,0,0,310.7,0,0,0
1452.0,139,300.3,2,0,0,309.7,0,0,0
1370.0,107,300.9,0,0,0,310.9,0,0,0
1357.0,12,302.9,2,0,0,312.5,0,0,0
1466.0,184,298.8,2,0,0,308.9,0,0,0
1663.0,199,301.8,1,0,0,311.1,0,0,0
1499.0,163,301.3,1,0,0,310.6,0,0,0
1899.5,205,301.4,0,0,0,310.1,0,0,0
1598.0,20,299.1,0,0,0,310.2,0,0,0
1369.0,66,301.9,0,0,0,311.2,0,0,0
1528.0,85,301.2,0,0,0,312.3,0,0,0
1767.0,168,298.3,0,0,0,308.8,0,0,0
1489.0,11,298.0,0,0,0,308.2,0,0,0
1333.0,205,302.3,0,0,0,311.4,0,0,0
1867.0,103,300.5,1,0,0,312.0,0,0,0
1381.0,22,298.5,1,0,0,308.3,0,0,0
1347.0,43,297.4,0,0,0,308.3,0,0,0
1404.0,12,299.3,1,0,0,310.5,0,0,0
1408.0,0,299.2,0,0,0,309.0,0,0,0
1504.0,109,301.5,1,0,0,311.0,0,0,0
1436.0,135,300.2,0,0,0,309.5,0,0,0
1666.0,68,298.4,1,0,0,309.4,0,0,0
1330.0,30,301.6,2,0,0,310.4,0,0,0
1615.0,95,301.2,1,0,0,310.7,0,0,0
1418.0,87,298.2,0,0,0,309.0,0,0,0
1658.0,18,300.9,0,0,0,310.7,0,0,0
1360.0,91,300.8,0,0,0,310.6,0,0,0
1484.0,22,302.3,1,0,0,311.4,0,0,0
1303.0,42,301.7,0,0,0,310.6,0,0,0
1899.5,47,302.2,0,0,0,310.8,0,0,0
1651.0,197,298.2,0,0,0,309.0,0,0,0
1793.0,157,303.0,0,0,0,311.3,0,0,0
1359.0,176,297.1,2,0,0,308.4,0,0,0
1584.0,162,298.3,0,0,0,308.6,0,0,0
1429.0,220,298.0,0,0,0,308.5,0,0,0
1326.0,55,300.1,0,0,0,309.2,0,0,0
1584.0,165,300.1,1,0,0,309.6,0,0,0
1663.0,209,298.8,2,0,0,310.2,0,0,0
1598.0,52,298.8,1,0,0,308.6,0,0,0
1501.0,114,298.5,1,0,0,309.5,0,0,0
1449.0,34,297.3,1,0,0,308.4,0,0,0
1698.0,147,298.6,0,0,0,309.4,0,0,0
1386.0,147,298.0,0,0,0,307.8,0,0,0
1833.0,117,297.2,0,0,0,308.4,0,0,0
1479.0,18,300.8,0,0,0,311.7,0,0,0
1348.0,110,299.1,0,0,0,308.2,0,0,0
1539.0,80,300.2,0,0,0,309.5,0,0,0
1408.0,177,298.3,0,0,0,308.4,0,0,0
1489.0,212,299.0,1,0,0,309.7,0,0,0
1381.0,206,301.5,0,0,0,310.6,0,0,0
1442.0,89,301.7,1,0,0,310.7,0,0,0
1869.0,49,300.0,0,0,0,309.5,0,0,0
1417.0,5,301.5,0,0,0,310.8,0,0,0
1634.0,155,301.4,0,0,0,311.0,0,0,0
1899.5,55,299.4,0,0,0,309.1,0,0,0
1422.0,3,302.2,1,0,0,310.8,0,0,0
1360.0,119,300.3,0,0,0,311.8,0,0,0
1540.0,71,300.2,0,0,0,311.6,0,0,0
1407.0,218,300.7,1,0,0,310.6,0,0,0
1514.0,66,300.8,1,0,0,310.9,0,0,0
1424.0,22,301.5,0,0,0,310.7,0,0,0
1642.0,80,299.6,1,0,0,309.4,0,0,0
1460.0,150,297.6,0,0,0,308.7,0,0,0
1414.0,162,301.4,0,0,0,310.9,0,0,0
1428.0,88,301.3,0,0,0,310.8,0,0,0
1414.0,199,301.3,0,0,0,310.4,0,0,0
1478.0,141,301.8,2,0,0,310.5,0,0,0
1361.0,120,303.0,0,0,0,312.7,0,0,0
1509.0,166,297.6,1,0,0,308.6,0,0,0
1783.0,139,300.3,1,0,0,311.2,0,0,0
1650.0,138,298.1,0,0,0,307.7,0,0,0
1474.0,162,297.2,0,0,0,308.0,0,0,0
1363.0,91,302.6,1,0,0,312.0,0,0,0
1392.0,201,300.2,0,0,0,310.1,0,0,0
1563.0,183,299.5,0,0,0,309.4,0,0,0
1524.0,98,300.1,1,0,0,311.4,0,0,0
1436.0,8,301.1,0,0,0,310.7,0,0,0
1464.0,65,301.1,0,0,0,312.3,0,0,0
1444.0,46,297.6,1,0,0,308.6,0,0,0
1587.0,43,300.3,0,0,0,309.2,0,0,0
1431.0,97,298.8,0,0,0,308.6,0,0,0
1674.0,46,301.4,0,0,0,311.3,0,0,0
1480.0,18,297.7,0,0,0,309.6,0,0,0
1535.0,204,301.5,0,0,0,310.5,0,0,0
1603.0,17,300.7,0,0,0,311.8,0,0,0
1324.0,171,301.1,0,0,0,310.5,0,0,0
1542.0,84,298.1,2,0,0,307.6,0,0,0
1438.0,106,299.5,0,0,0,310.7,0,0,0
1440.0,188,299.2,2,0,0,308.8,0,0,0
1417.0,0,301.1,2,0,0,311.6,0,0,0
1452.0,116,297.6,0,0,0,308.5,0,0,0
1378.0,165,298.8,0,0,0,309.1,0,0,0
1492.0,171,297.1,0,0,0,307.9,0,0,0
1417.0,59,299.4,1,0,0,309.1,0,0,0
1544.0,25,299.0,0,0,0,309.0,0,0,0
1667.0,199,299.2,0,0,0,308.4,0,0,0
1408.0,98,298.3,0,0,0,309.0,0,0,0
1333.0,61,299.9,0,0,0,309.2,0,0,0
1568.0,42,300.1,0,0,0,309.4,0,0,0
1474.0,95,298.4,0,0,0,309.0,0,0,0
1438.0,101,298.0,1,0,0,309.2,0,0,0
1399.0,111,304.1,0,0,0,313.4,0,0,0
1822.0,122,298.0,0,0,0,309.1,0,0,0
1650.0,126,301.8,0,0,0,310.6,0,0,0
1790.0,128,297.1,2,0,0,308.2,0,0,0
1578.0,191,299.8,0,0,0,309.1,0,0,0
1590.0,5,300.0,0,0,0,311.4,0,0,0
1368.0,10,300.5,0,0,0,310.6,0,0,0
1646.0,46,298.3,1,0,0,308.9,0,0,0
1418.0,62,302.3,1,0,0,311.4,0,0,0
1538.0,123,297.9,0,0,0,307.8,0,0,0
1899.5,36,298.2,0,0,0,308.7,0,0,0
1554.0,147,297.2,1,0,0,308.1,0,0,0
1603.0,65,297.4,0,0,0,308.4,0,0,0
1506.0,182,296.8,0,0,0,308.3,0,0,0
1475.0,47,298.2,0,0,0,308.3,0,0,0
1629.0,191,298.0,0,0,0,308.7,0,0,0
1630.0,194,299.6,2,0,0,309.1,0,0,0
1462.0,37,295.7,1,0,0,306.3,0,0,0
1537.0,191,299.8,2,0,0,310.2,0,0,0
1809.0,192,301.0,0,0,0,310.9,0,0,0
1413.0,152,300.5,0,0,0,310.0,0,0,0
1351.0,207,302.1,1,0,0,311.0,0,0,0
1368.0,72,298.7,1,0,0,310.1,0,0,0
1490.0,173,300.7,1,0,0,309.8,0,0,0
1460.0,15,300.7,0,0,0,311.7,0,0,0
1514.0,19,297.7,2,0,0,307.3,0,0,0
1763.0,27,303.3,0,0,0,311.2,0,0,0
1555.0,19,300.6,0,0,0,310.2,0,0,0
1282.0,108,297.8,0,0,0,308.9,0,0,0
1505.0,236,296.7,0,0,0,307.8,0,0,0
1532.0,15,301.6,0,0,0,310.9,0,0,0
1284.0,114,302.6,0,0,0,311.0,0,0,0
1319.0,24,296.3,1,0,0,307.2,0,0,0
1384.0,27,298.5,0,0,0,308.0,0,0,0
1674.0,109,303.0,1,0,0,312.3,0,0,0
1899.5,40,302.6,1,0,0,310.5,0,0,0
1383.0,190,302.5,0,0,0,312.0,0,0,0
1671.0,137,301.7,1,0,0,310.8,0,0,0
1412.0,27,297.8,0,0,0,307.8,0,0,0
1448.0,195,302.4,0,0,0,311.1,0,0,0
1425.0,109,297.2,1,0,0,308.5,0,0,0
1555.0,175,296.9,0,0,0,308.3,0,0,0
1545.0,74,297.3,0,0,0,308.5,0,0,0
1547.0,72,297.9,1,0,0,308.9,0,0,0
1469.0,51,297.9,1,0,0,308.8,0,0,0
1752.0,52,300.4,0,0,0,309.2,0,0,0
1515.0,69,300.3,0,0,0,311.6,0,0,0
1394.0,168,301.2,1,0,0,310.7,0,0,0
1483.0,114,303.0,1,0,0,312.3,0,0,0
1469.0,124,302.4,1,0,0,310.9,0,0,0
1439.0,104,298.8,0,0,0,309.1,0,0,0
1573.0,37,301.5,1,0,0,310.6,0,0,0
1687.0,82,297.2,1,0,0,307.9,0,0,0
1493.0,119,299.1,0,0,0,308.2,0,0,0
1680.0,168,297.7,1,0,0,309.7,0,0,0
1696.0,214,298.9,0,0,0,310.2,0,0,0
1795.0,187,299.3,0,0,0,309.1,0,0,0
1543.0,190,301.4,0,0,0,310.4,0,0,0
1423.0,121,295.7,1,0,0,306.2,0,0,0
1526.0,101,300.3,0,0,0,311.4,0,0,0
1720.0,210,297.7,2,0,0,308.5,0,0,0
1641.0,63,303.0,0,0,0,311.2,0,0,0
1581.0,113,298.0,1,0,0,307.6,0,0,0
1691.0,154,298.7,0,0,0,309.0,0,0,0
1418.0,16,300.2,0,0,0,309.8,0,0,0
1393.0,20,299.5,0,0,0,309.2,0,0,0
1367.0,167,300.7,1,0,0,310.1,0,0,0
1387.0,188,301.1,0,0,0,311.1,0,0,0
1725.0,80,298.4,1,0,0,310.2,0,0,0
1593.0,50,301.5,1,0,0,310.4,0,0,0
1887.0,56,300.5,0,0,0,311.9,0,0,0
1737.0,97,295.7,0,0,0,306.5,0,0,0
1650.0,38,300.1,1,0,0,311.3,0,0,0
1520.0,88,302.6,1,0,0,311.1,0,0,0
1412.0,153,300.4,0,0,0,309.4,0,0,0
1720.0,174,297.7,1,0,0,308.2,0,0,0
1671.0,149,300.2,0,0,0,311.6,0,0,0
1452.0,123,302.9,2,0,0,311.0,0,0,0
1592.0,11,300.3,1,0,0,311.8,0,0,0
1565.0,59,302.3,0,0,0,311.8,0,0,0
1623.0,180,298.9,2,0,0,308.6,0,0,0
1470.0,204,301.8,2,0,0,310.8,0,0,0
1789.0,210,297.4,1,0,0,308.4,0,0,0
1680.0,185,298.1,1,0,0,308.3,0,0,0
1899.5,191,301.5,0,0,0,310.5,0,0,0
1459.0,163,298.0,1,0,0,307.6,0,0,0
1548.0,188,302.5,0,0,0,311.0,0,0,0
1506.0,97,300.7,1,0,0,310.8,0,0,0
1528.0,163,297.4,1,0,0,308.6,0,0,0
1483.0,71,303.9,1,0,0,313.1,0,0,0
1366.0,130,302.3,2,0,0,310.9,0,0,0
1655.0,170,303.8,2,0,0,312.5,0,0,0
1491.0,231,297.6,0,0,0,309.4,0,0,0
1411.0,63,297.3,0,0,0,308.3,0,0,0
1646.0,73,299.6,1,0,0,310.1,0,0,0
1517.0,105,299.8,1,0,0,311.3,0,0,0
1538.0,65,301.3,2,0,0,310.4,0,0,0
1429.0,35,299.7,1,0,0,310.3,0,0,0
1698.0,89,303.0,2,0,0,312.5,0,0,0
1398.0,119,302.3,0,0,0,311.6,0,0,0
1403.0,207,300.9,2,0,0,310.7,0,0,0
1621.0,182,303.7,0,0,0,312.6,0,0,0
1379.0,99,301.9,0,0,0,310.9,0,0,0
1556.0,98,300.6,0,0,0,309.4,0,0,0
1349.0,19,300.7,1,0,0,310.6,0,0,0
1490.0,108,303.0,1,0,0,311.1,0,0,0
1393.0,9,303.9,0,0,0,313.2,0,0,0
1465.0,60,300.0,0,0,0,310.1,0,0,0
1683.0,161,298.1,0,0,0,308.7,0,0,0
1444.0,176,298.3,0,0,0,308.3,0,0,0
1601.0,109,301.0,0,0,0,312.2,0,0,0
1382.0,136,300.9,0,0,0,311.0,0,0,0
1653.0,9,297.3,2,0,0,308.2,0,0,0
1751.0,10,299.4,0,0,0,310.9,0,0,0
1664.0,196,298.0,0,0,0,308.5,0,0,0
1534.0,210,303.4,2,0,0,311.9,0,0,0
1534.0,10,299.2,0,0,0,310.1,0,0,0
1899.5,186,297.2,0,0,0,307.9,0,0,0
1548.0,81,302.2,0,0,0,311.5,0,0,0
1548.0,31,300.1,1,0,0,308.9,0,0,0
1421.0,122,298.5,0,0,0,309.6,0,0,0
1376.0,163,299.3,0,0,0,308.9,0,0,0
1578.0,101,298.3,0,0,0,308.0,0,0,0
1449.0,150,298.8,2,0,0,308.6,0,0,0
1625.0,189,302.0,1,0,0,311.2,0,0,0
1489.0,98,301.4,0,0,0,310.5,0,0,0
1606.0,121,300.5,0,0,0,310.7,0,0,0
1384.0,7,300.0,1,0,0,311.4,0,0,0
1390.0,175,297.6,1,0,0,308.6,0,0,0
1867.0,242,300.6,0,0,0,309.5,0,0,0
1430.0,117,299.2,0,0,0,308.9,0,0,0
1372.0,140,296.8,0,0,0,307.9,0,0,0
1574.0,30,302.5,0,0,0,312.2,0,0,0
1333.0,40,299.6,0,0,0,310.2,0,0,0
1643.0,91,298.2,0,0,0,309.0,0,0,0
1576.0,182,302.6,0,0,0,311.6,0,0,0
1425.0,133,299.6,0,0,0,309.2,0,0,0
1356.0,214,300.8,1,0,0,311.9,0,0,0
1469.0,150,297.3,1,0,0,308.8,0,0,0
1444.0,18,297.4,1,0,0,308.3,0,0,0
1408.0,4,297.6,1,0,0,308.7,0,0,0
1489.0,33,302.7,0,0,0,310.4,0,0,0
1715.0,30,297.5,0,0,0,309.2,0,0,0
1392.0,94,303.0,1,0,0,312.6,0,0,0
1522.0,61,302.2,2,0,0,310.9,0,0,0
1662.0,0,298.0,0,0,0,308.3,0,0,0
1430.0,198,300.4,1,0,0,309.8,0,0,0
1342.0,147,299.2,2,0,0,308.5,0,0,0
1415.0,82,300.2,1,0,0,311.6,0,0,0
1748.0,42,300.1,1,0,0,311.3,0,0,0
1354.0,165,302.3,0,0,0,312.0,0,0,0
1588.0,39,302.2,0,0,0,311.5,0,0,0
1412.0,109,295.9,0,0,0,306.6,0,0,0
1462.0,22,301.9,0,0,0,310.6,0,0,0
1445.0,17,302.0,1,0,0,310.8,0,0,0
1751.0,90,302.5,1,0,0,310.2,0,0,0
1415.0,6,298.9,2,0,0,308.5,0,0,0
1733.0,8,298.5,0,0,0,308.4,0,0,0
1490.0,16,297.3,0,0,0,308.2,0,0,0
1706.0,170,301.4,0,0,0,310.7,0,0,0
1562.0,172,297.7,0,0,0,309.1,0,0,0
1550.0,9,304.1,0,0,0,313.1,0,0,0
1314.0,114,300.1,0,0,0,309.0,0,0,0
1559.0,24,300.1,0,0,0,309.4,0,0,0
1560.0,114,303.4,1,0,0,311.5,0,0,0
1369.0,93,302.6,0,0,0,311.0,0,0,0
1651.0,114,300.0,1,0,0,309.9,0,0,0
1441.0,200,300.5,0,0,0,309.8,0,0,0
1460.0,195,297.6,0,0,0,308.4,0,0,0
1636.0,7,300.4,0,0,0,311.8,0,0,0
1397.0,104,301.6,0,0,0,310.5,0,0,0
1899.5,55,300.0,0,0,0,309.4,0,0,0
1488.0,178,302.2,0,0,0,311.7,0,0,0
1366.0,177,300.4,1,0,0,311.2,0,0,0
1631.0,115,300.4,0,0,0,312.0,0,0,0
1368.0,129,297.5,2,0,0,309.4,0,0,0
1603.0,176,300.2,0,0,0,311.7,0,0,0
1480.0,122,296.8,0,0,0,307.8,0,0,0
1571.0,74,299.5,0,0,0,310.8,0,0,0
1449.0,113,302.2,1,0,0,311.5,0,0,0
1657.0,64,299.0,1,0,0,310.2,0,0,0
1486.0,91,301.4,1,0,0,311.0,0,0,0
1364.0,0,299.5,1,0,0,310.7,0,0,0
1424.0,155,302.9,0,0,0,312.4,0,0,0
1378.0,190,301.1,0,0,0,311.0,0,0,0
1416.0,110,300.5,1,0,0,309.8,0,0,0
1754.0,33,302.2,0,0,0,311.4,0,0,0
1498.0,160,297.8,0,0,0,308.3,0,0,0
1633.0,76,298.9,0,0,0,310.0,0,0,0
1820.0,79,297.4,0,0,0,308.6,0,0,0
1620.0,203,299.7,1,0,0,310.9,0,0,0
1530.0,206,297.5,1,0,0,309.2,0,0,0
1394.0,140,302.2,0,0,0,311.1,0,0,0
1529.0,91,301.1,0,0,0,310.5,0,0,0
1899.5,208,300.5,0,0,0,310.6,0,0,0
1605.0,152,302.3,0,0,0,311.8,0,0,0
1783.0,130,298.3,1,0,0,309.2,0,0,0
1548.0,35,299.2,1,0,0,310.5,0,0,0
1421.0,119,298.4,1,0,0,308.7,0,0,0
1317.0,179,302.4,0,0,0,311.0,0,0,0
1589.0,52,300.7,1,0,0,309.4,0,0,0
1601.0,77,301.0,0,0,0,310.5,0,0,0
1827.0,178,299.0,1,0,0,310.3,0,0,0
1346.0,106,302.4,0,0,0,310.2,0,0,0
1301.0,9,301.0,1,0,0,311.6,0,0,0
1348.0,201,297.4,1,0,0,308.9,0,0,0
1414.0,140,298.0,0,0,0,307.8,0,0,0
1346.0,90,301.3,0,0,0,310.4,0,0,0
1518.0,105,304.1,1,0,0,313.4,0,0,0
1348.0,50,300.7,0,0,0,310.2,0,0,0
1697.0,121,297.3,1,0,0,308.3,0,0,0
1547.0,179,296.8,0,0,0,307.6,0,0,0
1439.0,82,299.1,0,0,0,309.4,0,0,0
1396.0,12,301.1,1,0,0,310.9,0,0,0
1441.0,61,303.3,1,0,0,311.8,0,0,0
1777.0,151,300.2,2,0,0,311.0,0,0,0
1383.0,101,300.0,0,0,0,311.4,0,0,0
1504.0,48,299.0,0,0,0,310.4,0,0,0
1563.0,65,298.8,2,0,0,309.8,0,0,0
1695.0,174,298.3,0,0,0,308.9,0,0,0
1617.0,101,301.4,1,0,0,310.7,0,0,0
1826.0,203,302.5,1,0,0,312.0,0,0,0
1615.0,18,296.1,0,0,0,307.2,0,0,0
1490.0,94,300.6,1,0,0,312.0,0,0,0
1492.0,89,303.5,1,0,0,313.0,0,0,0
1434.0,16,301.3,0,0,0,311.3,0,0,0
1271.0,161,304.0,2,0,0,313.2,0,0,0
1683.0,26,298.0,2,0,0,307.5,0,0,0
1607.0,49,298.0,0,0,0,308.9,0,0,0
1638.0,152,299.9,0,0,0,310.3,0,0,0
1466.0,15,297.5,0,0,0,308.9,0,0,0
1842.0,142,298.6,0,0,0,309.8,0,0,0
1570.0,79,300.9,0,0,0,310.5,0,0,0
1636.0,2,300.5,1,0,0,311.8,0,0,0
1415.0,117,302.5,0,0,0,310.4,0,0,0
1682.0,49,299.0,0,0,0,310.2,0,0,0
1337.0,184,297.2,0,0,0,307.9,0,0,0
1564.0,0,302.7,0,0,0,310.6,0,0,0
1471.0,214,298.4,0,0,0,308.2,0,0,0
1450.0,151,297.2,2,0,0,307.9,0,0,0
1440.0,197,301.3,0,0,0,310.4,0,0,0
1377.0,35,299.0,1,0,0,308.3,0,0,0
1409.0,98,303.0,0,0,0,311.2,0,0,0
1362.0,113,298.8,0,0,0,309.1,0,0,0
1399.0,27,299.3,0,0,0,309.1,0,0,0
1676.0,98,301.2,0,0,0,310.7,0,0,0
1448.0,31,298.8,1,0,0,309.7,0,0,0
1402.0,58,299.5,0,0,0,309.9,0,0,0
1611.0,143,302.3,0,0,0,311.7,0,0,0
1629.0,26,297.9,0,0,0,309.0,0,0,0
1899.5,101,302.2,1,0,0,311.3,0,0,0
1359.0,115,301.5,1,0,0,310.7,0,0,0
1774.0,166,297.4,1,0,0,308.3,0,0,0
1473.0,7,299.4,1,0,0,310.9,0,0,0
1589.0,217,298.7,0,0,0,309.8,0,0,0
1462.0,19,299.7,2,0,0,310.3,0,0,0
1326.0,80,300.0,0,0,0,309.7,0,0,0
1332.0,72,298.1,2,0,0,309.3,0,0,0
1899.5,116,303.6,1,0,0,312.3,0,0,0
1532.0,178,301.3,1,0,0,310.7,0,0,0
1480.0,19,297.6,2,0,0,308.6,0,0,0
1899.5,89,298.4,0,0,0,309.0,0,0,0
1308.0,87,297.9,0,0,0,307.7,0,0,0
1332.0,112,300.3,0,0,0,311.3,0,0,0
1610.0,115,297.5,0,0,0,308.2,0,0,0
1362.0,158,298.1,1,0,0,308.7,0,0,0
1871.0,152,301.5,1,0,0,310.7,0,0,0
1452.0,197,297.4,1,0,0,308.6,0,0,0
1488.0,159,300.5,0,0,0,310.7,0,0,0
1399.0,194,297.1,0,0,0,308.2,0,0,0
1503.0,134,301.7,0,0,0,311.0,0,0,0
1603.0,148,302.7,2,0,0,312.1,0,0,0
1381.0,27,303.6,0,0,0,312.9,0,0,0
1440.0,148,300.7,0,0,0,311.1,0,0,0
1420.0,88,301.8,1,0,0,310.7,0,0,0
1670.0,68,299.4,0,0,0,309.1,0,0,0
1864.0,2,300.0,1,0,0,311.4,0,0,0
1416.0,156,303.8,0,0,0,312.8,0,0,0
1279.0,152,298.6,2,0,0,309.8,0,0,0
1484.0,213,299.3,0,0,0,308.7,0,0,0
1388.0,159,297.8,0,0,0,307.5,0,0,0
1560.0,126,299.7,1,0,0,311.2,0,0,0
1546.0,4,299.7,0,0,0,309.3,0,0,0
1567.0,74,297.9,0,0,0,307.7,0,0,0
1794.0,38,297.2,1,0,0,308.3,0,0,0
1479.0,151,297.0,0,0,0,307.9,0,0,0
1326.0,77,301.6,0,0,0,310.1,0,0,0
1384.0,185,301.1,1,0,0,311.1,0,0,0
1487.0,22,300.0,0,0,0,311.4,0,0,0
1623.0,56,301.6,0,0,0,310.9,0,0,0
1627.0,117,296.8,2,0,0,307.8,0,0,0
1404.0,29,300.1,0,0,0,309.0,0,0,0
1653.0,34,302.3,0,0,0,310.1,0,0,0
1431.0,113,297.4,0,0,0,308.3,0,0,0
1529.0,176,301.3,0,0,0,310.6,0,0,0
1490.0,158,299.2,0,0,0,308.5,0,0,0
1488.0,133,300.4,1,0,0,309.7,0,0,0
1602.0,59,297.9,1,0,0,308.8,0,0,0
1390.0,94,300.1,1,0,0,311.4,0,0,0
1885.0,24,297.6,2,0,0,309.0,0,0,0
1742.0,24,297.7,0,0,0,308.9,0,0,0
1859.0,178,297.8,0,0,0,307.3,0,0,0
1812.0,94,300.0,0,0,0,311.5,0,0,0
1584.0,191,298.4,1,0,0,308.2,0,0,0
1646.0,143,303.8,0,0,0,312.8,0,0,0
1496.0,99,300.7,0,0,0,311.0,0,0,0
1424.0,58,295.6,0,0,0,306.2,0,0,0
1635.0,47,298.8,0,0,0,308.7,0,0,0
1397.0,102,301.6,0,0,0,309.9,0,0,0
1711.0,140,298.8,1,0,0,308.5,0,0,0
1486.0,48,300.4,0,0,0,310.4,0,0,0
1513.0,0,303.2,0,0,0,311.5,0,0,0
1553.0,173,301.4,1,0,0,310.4,0,0,0
1822.0,168,301.0,0,0,0,310.9,0,0,0
1524.0,176,297.3,1,0,0,308.5,0,0,0
1462.0,68,297.4,0,0,0,308.5,0,0,0
1804.0,43,302.3,2,0,0,311.8,0,0,0
1613.0,178,299.4,0,0,0,309.0,0,0,0
1360.0,94,303.4,0,0,0,312.8,0,0,0
1574.0,95,297.2,0,0,0,308.5,0,0,0
1560.0,131,298.3,1,0,0,309.5,0,0,0
1453.0,105,302.4,1,0,0,311.8,0,0,0
1728.0,125,300.5,0,0,0,310.8,0,0,0
1393.0,18,303.3,0,0,0,311.3,0,0,0
1465.0,56,303.5,0,0,0,313.0,0,0,0
1622.0,3,300.6,0,0,0,310.2,0,0,0
1435.0,143,298.3,0,0,0,307.9,0,0,0
1892.0,177,301.9,0,0,0,310.5,0,0,0
1775.0,39,304.3,0,0,0,313.3,0,0,0
1646.0,76,301.1,1,0,0,310.5,0,0,0
1528.0,203,296.7,2,0,0,308.1,0,0,0
1453.0,56,302.3,1,0,0,311.7,0,0,0
1375.0,48,298.7,0,0,0,308.5,0,0,0
1417.0,13,302.1,0,0,0,311.2,0,0,0
1487.0,150,297.4,2,0,0,308.4,0,0,0
1473.0,84,303.6,0,0,0,311.9,0,0,0
1418.0,10,299.4,0,0,0,310.6,0,0,0
1827.0,103,303.6,0,0,0,312.0,0,0,0
1823.0,181,298.3,2,0,0,309.0,0,0,0
1606.0,130,298.1,0,0,0,307.8,0,0,0
1386.0,59,302.3,0,0,0,311.2,0,0,0
1418.0,141,302.4,0,0,0,310.1,0,0,0
1308.0,197,302.0,0,0,0,309.9,0,0,0
1350.0,76,302.2,0,0,0,310.8,0,0,0
1643.0,89,297.4,1,0,0,308.6,0,0,0
1458.0,156,298.9,2,0,0,310.1,0,0,0
1576.0,38,301.8,0,0,0,310.8,0,0,0
1593.0,175,298.8,0,0,0,308.6,0,0,0
1463.0,41,300.6,0,0,0,311.9,0,0,0
1899.5,180,299.0,0,0,0,310.3,0,0,0
1339.0,0,300.6,1,0,0,310.7,0,0,0
1832.0,70,302.2,0,0,0,311.0,0,0,0
1376.0,98,303.4,0,0,0,312.8,0,0,0
1704.0,103,300.4,0,0,0,311.5,0,0,0
1518.0,184,302.6,1,0,0,311.6,0,0,0
1357.0,31,303.4,1,0,0,312.7,0,0,0
1297.0,130,300.6,0,0,0,310.1,0,0,0
1578.0,3,297.2,1,0,0,308.3,0,0,0
1371.0,205,300.8,1,0,0,310.7,0,0,0
1434.0,102,302.2,1,0,0,311.1,0,0,0
1289.0,128,301.9,0,0,0,311.0,0,0,0
1552.0,126,301.1,1,0,0,310.9,0,0,0
1316.0,137,303.7,0,0,0,312.4,0,0,0
1420.0,42,303.5,1,0,0,312.7,0,0,0
1233.0,23,300.6,1,0,0,310.2,0,0,0
1202.0,40,300.2,0,0,0,310.3,0,0,0
1521.0,84,296.9,0,0,0,308.0,0,0,0
1524.0,49,298.0,0,0,0,308.0,0,0,0
1723.0,33,297.4,0,0,0,308.3,0,0,0
1539.0,101,302.4,1,0,0,311.8,0,0,0
1883.0,100,303.5,1,0,0,312.9,0,0,0
1450.0,9,298.9,0,0,0,308.9,0,0,0
1434.0,189,300.2,1,0,0,309.5,0,0,0
1605.0,181,299.2,0,0,0,308.8,0,0,0
1577.0,158,302.5,0,0,0,310.8,0,0,0
1518.0,155,301.9,0,0,0,310.4,0,0,0
1662.0,137,300.4,2,0,0,311.5,0,0,0
1556.0,86,304.1,0,0,0,313.1,0,0,0
1899.5,12,300.3,0,0,0,311.8,0,0,0
1535.0,107,303.7,0,0,0,312.4,0,0,0
1460.0,80,298.1,1,0,0,309.2,0,0,0
1657.0,23,301.9,0,0,0,311.2,0,0,0
1625.0,70,302.2,2,0,0,311.4,0,0,0
1499.0,7,303.9,0,0,0,313.2,0,0,0
1438.0,3,297.8,0,0,0,307.3,0,0,0
1491.0,52,301.1,2,0,0,312.2,0,0,0
1422.0,15,298.9,0,0,0,308.9,0,0,0
1490.0,71,298.8,0,0,0,308.7,0,0,0
1463.0,160,299.2,0,0,0,310.3,0,0,0
1316.0,191,298.1,1,0,0,307.8,0,0,0
1434.0,153,299.2,2,0,0,310.6,0,0,0
1899.5,178,301.6,1,0,0,310.7,0,0,0
1260.0,137,297.5,0,0,0,308.6,0,0,0
1658.0,16,299.9,0,0,0,309.2,0,0,0
1811.0,27,298.5,0,0,0,308.3,0,0,0
1469.0,5,297.5,1,0,0,308.1,0,0,0
1523.0,124,300.4,0,0,0,309.6,0,0,0
1508.0,113,301.0,1,0,0,311.0,0,0,0
1640.0,77,302.2,1,0,0,311.1,0,0,0
1390.0,5,298.4,1,0,0,309.3,0,0,0
1464.0,74,301.4,1,0,0,310.6,0,0,0
1397.0,80,303.5,2,0,0,312.0,0,0,0
1440.0,41,300.2,0,0,0,310.1,0,0,0
1664.0,145,298.1,0,0,0,307.7,0,0,0
1899.5,15,299.0,0,0,0,310.1,0,0,0
1657.0,3,302.3,0,0,0,311.0,0,0,0
1496.0,21,303.5,0,0,0,312.6,0,0,0
1346.0,138,299.7,0,0,0,309.2,0,0,0
1452.0,63,298.3,0,0,0,308.3,0,0,0
1510.0,134,298.2,1,0,0,308.4,0,0,0
1466.0,66,298.8,2,0,0,309.9,0,0,0
1427.0,75,300.6,1,0,0,310.6,0,0,0
1680.0,110,299.1,0,0,0,308.9,0,0,0
1419.0,125,301.3,0,0,0,310.3,0,0,0
1809.0,110,297.5,0,0,0,309.4,0,0,0
1625.0,121,301.7,1,0,0,310.5,0,0,0
1362.0,34,298.7,1,0,0,309.7,0,0,0
1466.0,80,303.5,2,0,0,311.6,0,0,0
1549.0,79,300.8,1,0,0,310.8,0,0,0
1421.0,101,297.8,0,0,0,308.8,0,0,0
1458.0,217,298.5,0,0,0,309.0,0,0,0
1456.0,101,299.1,1,0,0,310.2,0,0,0
1689.0,196,300.4,0,0,0,311.8,0,0,0
1758.0,200,302.1,0,0,0,311.3,0,0,0
1701.0,171,304.0,2,0,0,313.0,0,0,0
1678.0,63,300.8,1,0,0,310.9,0,0,0
1366.0,106,301.0,2,0,0,310.6,0,0,0
1596.0,40,299.4,0,0,0,309.3,0,0,0
1498.0,155,300.7,0,0,0,312.1,0,0,0
1450.0,183,300.8,1,0,0,312.0,0,0,0
1646.0,238,296.7,0,0,0,307.8,0,0,0
1229.0,209,299.6,0,0,0,310.9,0,0,0
1615.0,221,298.9,2,0,0,310.6,0,0,0
1611.0,117,302.0,0,0,0,310.4,0,0,0
1482.0,5,300.9,0,0,0,310.8,0,0,0
1473.0,121,300.5,1,0,0,309.8,0,0,0
1503.0,5,298.0,2,0,0,308.7,0,0,0
1443.0,52,298.0,0,0,0,308.7,0,0,0
1650.0,13,300.2,0,0,0,309.8,0,0,0
1773.0,30,302.6,0,0,0,311.7,0,0,0
1526.0,39,297.6,1,0,0,307.1,0,0,0
1806.0,88,300.3,0,0,0,310.6,0,0,0
1492.0,150,301.9,1,0,0,311.5,0,0,0
1401.0,114,300.6,0,0,0,310.4,0,0,0
1791.0,168,299.1,2,0,0,310.6,0,0,0
1634.0,178,300.8,1,0,0,311.2,0,0,0
1314.0,193,299.2,1,0,0,308.8,0,0,0
1530.0,0,298.7,0,0,0,309.8,0,0,0
1417.0,177,297.5,0,0,0,308.8,0,0,0
1445.0,222,299.2,0,0,0,308.5,0,0,0
1405.0,193,300.4,0,0,0,311.1,0,0,0
1521.0,74,297.5,1,0,0,308.3,0,0,0
1489.0,35,302.2,0,0,0,311.5,0,0,0
1483.0,50,300.3,0,0,0,310.3,0,0,0
1752.0,208,300.2,1,0,0,309.4,0,0,0
1576.0,28,303.4,1,0,0,312.7,0,0,0
1365.0,113,300.3,0,0,0,311.7,0,0,0
1490.0,41,304.2,0,0,0,313.4,0,0,0
1364.0,95,298.9,0,0,0,310.3,0,0,0
1598.0,186,300.9,0,0,0,310.6,0,0,0
1401.0,10,298.8,0,0,0,308.4,0,0,0
1601.0,160,300.1,0,0,0,309.7,0,0,0
1438.0,0,299.3,1,0,0,308.4,0,0,0
1486.0,126,298.8,0,0,0,309.9,0,0,0
1466.0,77,301.5,0,0,0,310.7,0,0,0
1265.0,119,302.5,0,0,0,311.9,0,0,0
1465.0,82,301.8,1,0,0,310.7,0,0,0
1412.0,16,300.9,0,0,0,310.7,0,0,0
1493.0,219,300.3,0,0,0,310.4,0,0,0
1899.5,170,300.7,0,0,0,311.1,0,0,0
1702.0,124,297.0,1,0,0,308.2,0,0,0
1416.0,136,301.8,1,0,0,311.5,0,0,0
1525.0,179,303.0,0,0,0,311.1,0,0,0
1336.0,172,303.1,0,0,0,311.3,0,0,0
1504.0,180,297.9,0,0,0,307.6,0,0,0
1426.0,99,303.0,1,0,0,312.7,0,0,0
1467.0,169,297.1,0,0,0,308.0,0,0,0
1447.0,11,302.1,0,0,0,311.2,0,0,0
1397.0,227,300.8,0,0,0,311.7,0,0,0
1365.0,70,300.6,1,0,0,309.6,0,0,0
1376.0,113,298.1,2,0,0,307.7,0,0,0
1411.0,157,298.2,1,0,0,309.1,0,0,0
1591.0,208,301.1,1,0,0,311.2,0,0,0
1470.0,101,301.4,1,0,0,310.7,0,0,0
1356.0,72,299.5,0,0,0,310.8,0,0,0
1899.5,18,302.6,0,0,0,310.2,0,0,0
1348.0,48,300.1,1,0,0,309.7,0,0,0
1517.0,4,298.6,0,0,0,310.0,0,0,0
1480.0,2,299.8,0,0,0,309.4,0,0,0
1641.0,12,301.0,0,0,0,310.6,0,0,0
1587.0,2,299.1,1,0,0,308.5,0,0,0
1569.0,47,303.3,1,0,0,311.5,0,0,0
1386.0,132,302.2,0,0,0,310.6,0,0,0
1611.0,177,300.3,1,0,0,309.9,0,0,0
1589.0,122,302.6,1,0,0,311.0,0,0,0
1455.0,162,298.7,1,0,0,309.6,0,0,0
1592.0,14,300.7,0,0,0,310.3,0,0,0
1899.5,157,300.6,2,0,0,309.8,0,0,0
1640.0,146,298.5,1,0,0,307.9,0,0,0
1369.0,145,297.5,1,0,0,308.4,0,0,0
1841.0,143,300.5,0,0,0,309.7,0,0,0
1603.0,179,299.8,0,0,0,311.1,0,0,0
1420.0,60,299.7,0,0,0,309.3,0,0,0
1381.0,54,299.2,1,0,0,308.4,0,0,0
1899.5,10,301.7,0,0,0,310.1,0,0,0
1694.0,14,301.6,0,0,0,310.1,0,0,0
1399.0,135,297.0,0,0,0,308.3,0,0,0
1529.0,183,297.1,1,0,0,308.2,0,0,0
1491.0,121,298.2,0,0,0,309.0,0,0,0
1735.0,41,297.6,2,0,0,309.0,0,0,0
1492.0,85,301.7,1,0,0,310.6,0,0,0
1574.0,215,302.3,0,0,0,311.8,0,0,0
1549.0,121,301.0,0,0,0,310.8,0,0,0
1459.0,148,302.0,2,0,0,310.5,0,0,0
1463.0,235,300.6,2,0,0,309.4,0,0,0
1362.0,46,299.0,0,0,0,310.1,0,0,0
1683.0,163,297.8,0,0,0,309.2,0,0,0
1419.0,90,300.6,2,0,0,310.0,0,0,0
1568.0,175,297.4,0,0,0,309.0,0,0,0
1636.0,107,298.4,1,0,0,308.5,0,0,0
1336.0,189,300.7,0,0,0,311.8,0,0,0
1471.0,48,300.3,0,0,0,310.2,0,0,0
1541.0,33,296.1,2,0,0,306.9,0,0,0
1312.0,60,300.5,1,0,0,311.4,0,0,0
1793.0,161,303.4,0,0,0,311.7,0,0,0
1507.0,112,298.3,0,0,0,309.9,0,0,0
1636.0,106,301.5,0,0,0,310.5,0,0,0
1407.0,165,301.1,1,0,0,311.2,0,0,0
1485.0,13,298.3,1,0,0,307.8,0,0,0
1448.0,145,300.3,1,0,0,309.5,0,0,0
1441.0,63,298.8,1,0,0,308.8,0,0,0
1496.0,67,299.3,1,0,0,309.0,0,0,0
1414.0,159,298.1,0,0,0,307.7,0,0,0
1581.0,31,297.7,0,0,0,307.7,0,0,0
1456.0,179,297.3,0,0,0,308.5,0,0,0
1385.0,156,297.3,0,0,0,308.6,0,0,0
1547.0,103,302.5,0,0,0,310.2,0,0,0
1762.0,154,297.3,0,0,0,308.1,0,0,0
1574.0,83,299.6,0,0,0,309.1,0,0,0
1430.0,124,301.1,0,0,0,312.4,0,0,0
1353.0,143,299.7,2,0,0,311.1,0,0,0
1426.0,67,299.1,0,0,0,308.4,0,0,0
1589.0,37,300.1,2,0,0,311.6,0,0,0
1369.0,11,302.7,0,0,0,310.7,0,0,0
1593.0,76,300.6,0,0,0,309.7,0,0,0
1495.0,211,297.4,0,0,0,308.5,0,0,0
1556.0,62,296.4,2,0,0,307.5,0,0,0
1450.0,63,298.8,0,0,0,309.7,0,0,0
1502.0,0,303.7,0,0,0,312.9,0,0,0
1553.0,88,299.9,0,0,0,309.0,0,0,0
1445.0,181,302.6,1,0,0,312.1,0,0,0
1463.0,197,302.3,1,0,0,311.8,0,0,0
1446.0,75,302.3,0,0,0,311.0,0,0,0
1734.0,154,299.3,0,0,0,309.0,0,0,0
1457.0,40,303.7,0,0,0,313.0,0,0,0
1445.0,105,300.4,2,0,0,311.4,0,0,0
1606.0,176,297.4,0,0,0,307.9,0,0,0
1642.0,3,298.1,0,0,0,308.7,0,0,0
1802.0,43,297.8,1,0,0,307.9,0,0,0
1507.0,19,301.0,0,0,0,309.9,0,0,0
1452.0,168,299.0,0,0,0,310.4,0,0,0
1635.0,211,301.2,0,0,0,311.2,0,0,0
1495.0,17,299.5,1,0,0,309.2,0,0,0
1538.0,173,298.3,0,0,0,308.5,0,0,0
1528.0,54,297.9,0,0,0,309.0,0,0,0
1738.0,79,298.7,1,0,0,309.6,0,0,0
1535.0,163,299.0,1,0,0,308.4,0,0,0
1373.0,28,300.7,1,0,0,310.2,0,0,0
1525.0,34,298.7,0,0,0,310.2,0,0,0
1472.0,70,297.9,0,0,0,308.5,0,0,0
1387.0,100,303.0,1,0,0,311.2,0,0,0
1899.5,176,297.4,0,0,0,308.5,0,0,0
1462.0,166,300.9,0,0,0,312.1,0,0,0
1370.0,153,301.9,0,0,0,310.4,0,0,0
1463.0,11,300.0,1,0,0,309.1,0,0,0
1362.0,179,299.9,1,0,0,310.1,0,0,0
1507.0,117,300.5,0,0,0,309.8,0,0,0
1512.0,79,299.6,0,0,0,310.2,0,0,0
1487.0,184,302.3,0,0,0,310.1,0,0,0
1568.0,85,300.3,0,0,0,309.6,0,0,0
1744.0,0,299.0,2,0,0,310.2,0,0,0
1384.0,165,300.8,0,0,0,310.6,0,0,0
1669.0,5,299.3,0,0,0,310.9,0,0,0
1352.0,238,299.2,0,0,0,310.3,0,0,0
1698.0,202,302.9,0,0,0,312.4,0,0,0
1899.5,149,301.7,0,0,0,310.5,0,0,0
1892.0,96,299.0,0,0,0,308.7,0,0,0
1437.0,37,297.2,0,0,0,308.6,0,0,0
1578.0,55,298.1,0,0,0,307.9,0,0,0
1864.0,103,297.2,0,0,0,308.6,0,0,0
1463.0,56,299.0,0,0,0,310.1,0,0,0
1749.0,40,300.9,0,0,0,310.9,0,0,0
1603.0,141,299.7,0,0,0,311.1,0,0,0
1378.0,100,299.2,0,0,0,308.5,0,0,0
1438.0,106,302.6,2,0,0,311.0,0,0,0
1370.0,143,300.5,1,0,0,309.8,0,0,0
1308.0,139,301.5,1,0,0,310.5,0,0,0
1899.5,5,300.8,0,0,0,309.7,0,0,0
1397.0,101,295.7,0,0,0,306.2,0,0,0
1427.0,101,298.0,1,0,0,307.5,0,0,0
1356.0,188,299.0,0,0,0,308.4,0,0,0
1550.0,20,301.2,0,0,0,311.1,0,0,0
1397.0,191,299.3,2,0,0,308.8,0,0,0
1496.0,162,299.5,0,0,0,310.9,0,0,0
1880.0,155,297.1,1,0,0,308.4,0,0,0
1448.0,163,300.1,2,0,0,309.3,0,0,0
1555.0,185,302.2,0,0,0,311.0,0,0,0
1336.0,111,301.9,2,0,0,311.0,0,0,0
1588.0,126,296.8,0,0,0,307.6,0,0,0
1458.0,221,299.0,2,0,0,310.0,0,0,0
1344.0,186,301.3,0,0,0,310.0,0,0,0
1710.0,180,303.6,0,0,0,312.5,0,0,0
1354.0,96,298.5,1,0,0,309.7,0,0,0
1747.0,177,299.9,0,0,0,311.0,0,0,0
1414.0,171,300.8,0,0,0,311.9,0,0,0
1636.0,23,299.2,2,0,0,310.7,0,0,0
1293.0,125,298.7,0,0,0,309.7,0,0,0
1401.0,117,297.4,1,0,0,308.2,0,0,0
1295.0,12,297.8,1,0,0,309.2,0,0,0
1439.0,57,299.8,1,0,0,309.4,0,0,0
1827.0,22,300.2,0,0,0,311.6,0,0,0
1563.0,53,297.8,0,0,0,307.8,0,0,0
1334.0,150,300.7,1,0,0,311.0,0,0,0
1398.0,76,298.2,2,0,0,308.4,0,0,0
1410.0,105,299.7,1,0,0,310.4,0,0,0
1899.5,84,298.3,2,0,0,308.1,0,0,0
1403.0,0,297.8,0,0,0,309.0,0,0,0
1853.0,166,299.6,0,0,0,310.9,0,0,0
1426.0,101,302.2,2,0,0,311.1,0,0,0
1421.0,85,301.7,0,0,0,311.3,0,0,0
1580.0,11,301.5,0,0,0,310.9,0,0,0
1636.0,180,299.3,2,0,0,308.8,0,0,0
1476.0,134,300.7,2,0,0,310.5,0,0,0
1290.0,119,300.6,0,0,0,309.6,0,0,0
1435.0,115,303.1,2,0,0,312.8,0,0,0
1539.0,2,298.7,0,0,0,309.8,0,0,0
1627.0,74,302.2,1,0,0,311.2,0,0,0
1583.0,2,297.1,0,0,0,308.4,0,0,0
1369.0,146,299.8,0,0,0,311.2,0,0,0
1490.0,168,301.4,0,0,0,310.8,0,0,0
1637.0,181,300.0,0,0,0,311.0,0,0,0
1365.0,75,298.9,0,0,0,309.9,0,0,0
1397.0,90,300.6,1,0,0,310.0,0,0,0
1638.0,196,301.6,0,0,0,310.7,0,0,0
1532.0,16,300.6,1,0,0,310.2,0,0,0
1694.0,150,302.7,0,0,0,311.0,0,0,0
1436.0,110,303.6,2,0,0,312.6,0,0,0
1524.0,214,300.5,0,0,0,311.8,0,0,0
1432.0,199,297.1,1,0,0,308.4,0,0,0
1547.0,148,299.9,2,0,0,309.5,0,0,0
1670.0,81,300.7,2,0,0,312.3,0,0,0
1435.0,76,300.7,1,0,0,309.7,0,0,0
1616.0,121,301.4,0,0,0,310.7,0,0,0
1398.0,65,301.9,0,0,0,310.3,0,0,0
1538.0,98,299.2,1,0,0,308.4,0,0,0
1400.0,23,303.6,1,0,0,312.8,0,0,0
1601.0,180,300.3,0,0,0,309.9,0,0,0
1409.0,154,299.8,0,0,0,310.8,0,0,0
1597.0,153,302.7,0,0,0,312.1,0,0,0
1899.5,131,301.4,0,0,0,311.1,0,0,0
1547.0,150,296.7,1,0,0,307.6,0,0,0
1631.0,100,302.6,1,0,0,310.2,0,0,0
1480.0,200,302.4,1,0,0,311.1,0,0,0
1481.0,90,299.5,0,0,0,310.0,0,0,0
1413.0,221,301.3,0,0,0,311.1,0,0,0
1445.0,70,298.8,0,0,0,308.7,0,0,0
1643.0,132,297.4,0,0,0,308.5,0,0,0
1466.0,88,297.8,1,0,0,308.5,0,0,0
1525.0,2,304.3,1,0,0,313.5,0,0,0
1389.0,0,299.9,1,0,0,309.3,0,0,0
1610.0,161,302.4,0,0,0,311.0,0,0,0
1556.0,110,296.6,0,0,0,307.7,0,0,0
1467.0,166,300.4,1,0,0,309.3,0,0,0
1471.0,114,300.3,0,0,0,311.4,0,0,0
1681.0,94,297.9,0,0,0,308.8,0,0,0
1628.0,15,302.6,0,0,0,312.4,0,0,0
1546.0,55,301.2,0,0,0,310.5,0,0,0
1693.0,51,298.7,1,0,0,310.1,0,0,0
1496.0,149,299.3,0,0,0,309.1,0,0,0
1387.0,94,301.3,0,0,0,310.6,0,0,0
1300.0,36,301.7,1,0,0,310.9,0,0,0
1450.0,29,303.6,0,0,0,312.9,0,0,0
1441.0,79,302.8,0,0,0,312.1,0,0,0
1899.5,29,297.5,1,0,0,308.2,0,0,0
1377.0,36,300.7,1,0,0,310.7,0,0,0
1380.0,130,298.4,0,0,0,308.0,0,0,0
1542.0,166,299.4,2,0,0,308.6,0,0,0
1498.0,176,297.7,0,0,0,309.7,0,0,0
1422.0,215,296.9,0,0,0,308.1,0,0,0
1544.0,217,301.2,0,0,0,311.0,0,0,0
1435.0,98,303.6,1,0,0,312.0,0,0,0
1899.5,5,300.4,2,0,0,311.8,0,0,0
1759.0,81,297.4,0,0,0,309.3,0,0,0
1389.0,75,298.3,1,0,0,310.1,0,0,0
1458.0,104,301.3,0,0,0,310.6,0,0,0
1541.0,192,302.4,0,0,0,311.9,0,0,0
1476.0,92,300.0,0,0,0,311.4,0,0,0
1899.5,180,301.7,2,0,0,311.0,0,0,0
1505.0,176,299.1,0,0,0,310.4,0,0,0
1443.0,13,296.8,1,0,0,307.5,0,0,0
1520.0,151,300.4,0,0,0,310.8,0,0,0
1578.0,34,300.5,1,0,0,309.3,0,0,0
1543.0,71,303.5,1,0,0,312.3,0,0,0
1393.0,162,299.3,2,0,0,310.4,0,0,0
1526.0,47,302.3,2,0,0,311.5,0,0,0
1631.0,177,299.7,0,0,0,309.2,0,0,0
1579.0,126,298.5,0,0,0,309.5,0,0,0
1776.0,30,301.4,0,0,0,310.0,0,0,0
1507.0,163,300.7,0,0,0,309.7,0,0,0
1567.0,214,301.9,0,0,0,310.9,0,0,0
1517.0,145,301.0,1,0,0,310.4,0,0,0
1653.0,207,297.2,2,0,0,308.5,0,0,0
1748.0,200,303.4,1,0,0,312.0,0,0,0
1457.0,215,301.1,0,0,0,310.1,0,0,0
1262.0,100,303.3,0,0,0,312.7,0,0,0
1395.0,181,300.0,0,0,0,309.4,0,0,0
1590.0,22,299.5,1,0,0,309.2,0,0,0
1591.0,182,300.5,1,0,0,311.8,0,0,0
1796.0,61,297.2,0,0,0,308.3,0,0,0
1654.0,28,301.1,1,0,0,311.3,0,0,0
1621.0,169,302.4,0,0,0,312.0,0,0,0
1815.0,49,300.4,0,0,0,311.6,0,0,0
1454.0,94,297.1,0,0,0,307.8,0,0,0
1735.0,107,300.5,1,0,0,309.9,0,0,0
1577.0,0,298.8,1,0,0,308.5,0,0,0
1514.0,98,300.0,0,0,0,309.6,0,0,0
1458.0,87,298.0,0,0,0,309.2,0,0,0
1557.0,65,298.0,2,0,0,309.1,0,0,0
1569.0,132,299.0,2,0,0,310.0,0,0,0
1379.0,149,298.2,0,0,0,308.1,0,0,0
1353.0,182,299.9,1,0,0,309.2,0,0,0
1601.0,10,303.3,0,0,0,311.5,0,0,0
1511.0,54,300.8,1,0,0,310.5,0,0,0
1471.0,91,300.9,0,0,0,311.1,0,0,0
1433.0,13,302.7,0,0,0,310.7,0,0,0
1642.0,46,302.5,1,0,0,312.0,0,0,0
1418.0,54,302.8,0,0,0,312.1,0,0,0
1520.0,158,300.1,2,0,0,309.3,0,0,0
1313.0,67,298.2,0,0,0,307.9,0,0,0
1830.0,78,300.6,2,0,0,310.6,0,0,0
1340.0,15,297.4,1,0,0,308.4,0,0,0
1700.0,133,302.5,0,0,0,311.5,0,0,0
1378.0,95,301.2,0,0,0,312.4,0,0,0
1899.5,185,303.7,1,0,0,313.1,0,0,0
1573.0,93,297.0,1,0,0,308.1,0,0,0
1420.0,176,298.3,2,0,0,307.9,0,0,0
1667.0,56,300.3,0,0,0,311.5,0,0,0
1899.5,137,303.0,0,0,0,311.1,0,0,0
1318.0,22,298.4,0,0,0,308.3,0,0,0
1673.0,166,303.4,0,0,0,311.7,0,0,0
1778.0,161,298.6,1,0,0,308.4,0,0,0
1395.0,92,298.4,0,0,0,308.1,0,0,0
1525.0,54,298.6,0,0,0,309.4,0,0,0
1882.0,97,297.0,1,0,0,307.9,0,0,0
1791.0,108,300.0,0,0,0,309.1,0,0,0
1377.0,91,302.2,1,0,0,311.2,0,0,0
1708.0,174,297.4,0,0,0,308.9,0,0,0
1506.0,95,302.6,0,0,0,311.0,0,0,0
1348.0,36,300.7,1,0,0,311.6,0,0,0
1830.0,35,298.9,0,0,0,308.9,0,0,0
1379.0,204,298.8,0,0,0,308.9,0,0,0
1521.0,86,300.5,0,0,0,310.0,0,0,0
1580.0,39,296.7,0,0,0,308.0,0,0,0
1581.0,73,298.0,0,0,0,308.8,0,0,0
1350.0,22,296.1,1,0,0,307.1,0,0,0
1588.0,0,299.6,2,0,0,309.1,0,0,0
1419.0,139,297.3,2,0,0,308.8,0,0,0
1390.0,21,298.9,0,0,0,309.8,0,0,0
1419.0,3,300.6,2,0,0,310.6,0,0,0
1548.0,93,301.8,0,0,0,310.5,0,0,0
1781.0,113,298.5,0,0,0,308.9,0,0,0
1518.0,142,300.7,2,0,0,310.8,0,0,0
1438.0,137,301.3,1,0,0,311.1,0,0,0
1480.0,176,300.8,0,0,0,311.1,0,0,0
1365.0,205,303.8,0,0,0,313.0,0,0,0
1561.0,201,298.6,0,0,0,309.8,0,0,0
1401.0,65,298.0,0,0,0,308.0,0,0,0
1319.0,26,300.4,0,0,0,309.6,0,0,0
1721.0,215,302.3,1,0,0,310.8,0,0,0
1899.5,100,301.1,1,0,0,310.7,0,0,0
1665.0,32,300.3,1,0,0,309.5,0,0,0
1325.0,104,301.6,0,0,0,311.1,0,0,0
1615.0,41,298.5,1,0,0,308.7,0,0,0
1306.0,215,303.4,0,0,0,311.8,0,0,0
1825.0,142,297.2,0,0,0,307.9,0,0,0
1363.0,196,297.0,1,0,0,308.1,0,0,0
1312.0,49,301.1,0,0,0,310.4,0,0,0
1861.0,130,298.5,0,0,0,309.6,0,0,0
1477.0,90,301.4,0,0,0,310.8,0,0,0
1507.0,51,297.6,1,0,0,308.4,0,0,0
1421.0,206,302.9,1,0,0,312.4,0,0,0
1493.0,161,297.9,2,0,0,307.6,0,0,0
1440.0,177,301.4,0,0,0,310.9,0,0,0
1515.0,6,301.0,0,0,0,310.9,0,0,0
1899.5,178,301.0,1,0,0,310.9,0,0,0
1444.0,174,300.4,0,0,0,311.7,0,0,0
1697.0,210,297.7,2,0,0,309.6,0,0,0
1723.0,73,300.7,0,0,0,310.9,0,0,0
1415.0,17,297.6,1,0,0,309.3,0,0,0
1337.0,62,300.6,0,0,0,310.1,0,0,0
1535.0,40,298.8,0,0,0,308.6,0,0,0
1434.0,175,304.2,0,0,0,313.4,0,0,0
1304.0,183,298.9,0,0,0,310.2,0,0,0
1463.0,204,301.2,0,0,0,311.7,0,0,0
1515.0,118,297.9,0,0,0,307.6,0,0,0
1634.0,149,300.8,0,0,0,310.8,0,0,0
1459.0,40,301.4,1,0,0,310.7,0,0,0
1504.0,182,298.5,0,0,0,309.2,0,0,0
1588.0,138,301.0,1,0,0,309.6,0,0,0
1535.0,148,301.6,0,0,0,310.8,0,0,0
1899.5,148,303.0,0,0,0,311.3,0,0,0
1899.5,85,300.9,0,0,0,310.5,0,0,0
1575.0,98,297.0,0,0,0,307.6,0,0,0
1485.0,9,300.7,0,0,0,311.9,0,0,0
1652.0,81,302.7,1,0,0,312.0,0,0,0
1496.0,27,300.0,0,0,0,309.6,0,0,0
1509.0,33,298.0,0,0,0,307.6,0,0,0
1391.0,169,298.6,1,0,0,308.4,0,0,0
1515.0,21,301.2,0,0,0,309.9,0,0,0
1499.0,147,297.3,2,0,0,308.6,0,0,0
1723.0,193,300.3,1,0,0,311.7,0,0,0
1417.0,185,301.7,1,0,0,310.6,0,0,0
1605.0,220,301.7,0,0,0,310.7,0,0,0
1533.0,138,298.9,0,0,0,310.2,0,0,0
1364.0,162,298.5,0,0,0,309.4,0,0,0
1200.0,3,300.4,0,0,0,311.6,0,0,0
1493.0,57,297.0,1,0,0,307.9,0,0,0
1728.0,133,300.4,0,0,0,311.4,0,0,0
1405.0,83,301.5,0,0,0,310.6,0,0,0
1790.0,191,300.9,1,0,0,310.8,0,0,0
1609.0,190,302.3,0,0,0,311.0,0,0,0
1499.0,175,299.5,0,0,0,309.2,0,0,0
1586.0,142,300.8,0,0,0,310.7,0,0,0
1552.0,27,297.6,0,0,0,308.7,0,0,0
1533.0,24,298.6,0,0,0,310.1,0,0,0
1312.0,73,300.6,1,0,0,309.4,0,0,0
1488.0,160,302.5,1,0,0,310.3,0,0,0
1526.0,175,300.2,0,0,0,309.8,0,0,0
1692.0,64,300.7,0,0,0,309.5,0,0,0
1540.0,28,301.1,0,0,0,310.1,0,0,0
1418.0,61,302.2,0,0,0,311.1,0,0,0
1373.0,157,302.0,0,0,0,311.1,0,0,0
1532.0,32,303.7,1,0,0,312.9,0,0,0
1401.0,208,303.4,0,0,0,311.8,0,0,0
1620.0,199,299.0,1,0,0,308.7,0,0,0
1364.0,45,300.3,1,0,0,309.2,0,0,0
1439.0,111,298.3,1,0,0,307.7,0,0,0
1346.0,196,302.0,2,0,0,310.6,0,0,0
1899.0,31,301.8,0,0,0,310.9,0,0,0
1422.0,25,299.3,0,0,0,309.0,0,0,0
1551.0,153,300.8,0,0,0,310.6,0,0,0
1690.0,148,299.7,0,0,0,311.1,0,0,0
1776.0,138,301.0,0,0,0,312.2,0,0,0
1372.0,49,301.3,1,0,0,310.8,0,0,0
1447.0,173,298.6,0,0,0,309.4,0,0,0
1467.0,55,300.7,0,0,0,309.5,0,0,0
1391.0,164,301.6,0,0,0,310.6,0,0,0
1464.0,171,303.9,1,0,0,313.4,0,0,0
1506.0,53,298.7,1,0,0,310.1,0,0,0
1594.0,55,295.9,2,0,0,306.5,0,0,0
1429.0,118,297.4,2,0,0,308.7,0,0,0
1582.0,177,299.0,1,0,0,310.3,0,0,0
1643.0,44,301.6,0,0,0,310.9,0,0,0
1899.5,205,298.7,1,0,0,309.9,0,0,0
1381.0,70,301.4,0,0,0,310.6,0,0,0
1622.0,103,300.0,2,0,0,309.0,0,0,0
1416.0,74,297.5,2,0,0,308.7,0,0,0
1539.0,190,299.1,0,0,0,308.5,0,0,0
1899.5,55,302.3,0,0,0,311.2,0,0,0
1622.0,79,297.6,0,0,0,308.7,0,0,0
1529.0,136,298.8,0,0,0,309.7,0,0,0
1472.0,15,298.0,0,0,0,308.4,0,0,0
1304.0,118,300.3,1,0,0,311.6,0,0,0
1446.0,163,303.4,1,0,0,311.6,0,0,0
1450.0,154,302.4,0,0,0,311.2,0,0,0
1511.0,209,297.5,0,0,0,308.4,0,0,0
1399.0,61,297.4,0,0,0,308.5,0,0,0
1558.0,196,301.0,0,0,0,310.8,0,0,0
1353.0,9,298.6,0,0,0,309.6,0,0,0
1375.0,89,303.5,1,0,0,312.8,0,0,0
1429.0,201,297.5,0,0,0,308.7,0,0,0
1575.0,105,298.3,0,0,0,308.5,0,0,0
1485.0,169,296.1,1,0,0,307.1,0,0,0
1434.0,93,298.1,1,0,0,308.8,0,0,0
1442.0,204,298.0,0,0,0,308.2,0,0,0
1899.5,9,300.5,0,0,0,311.0,0,0,0
1583.0,202,298.9,0,0,0,309.6,0,0,0
1645.0,157,298.8,0,0,0,309.5,0,0,0
1505.0,78,301.2,2,0,0,310.5,0,0,0
1368.0,148,299.8,2,0,0,309.7,0,0,0
1711.0,17,299.1,1,0,0,310.2,0,0,0
1501.0,70,298.9,1,0,0,309.9,0,0,0
1685.0,179,297.8,0,0,0,308.4,0,0,0
1367.0,92,298.4,0,0,0,308.1,0,0,0
1452.0,167,299.8,1,0,0,311.1,0,0,0
1294.0,102,304.0,0,0,0,313.3,0,0,0
1472.0,31,298.3,0,0,0,309.1,0,0,0
1489.0,96,297.5,0,0,0,308.4,0,0,0
1310.0,103,301.1,1,0,0,310.6,0,0,0
1377.0,48,301.0,0,0,0,312.1,0,0,0
1412.0,56,299.5,0,0,0,310.0,0,0,0
1583.0,150,297.1,1,0,0,308.4,0,0,0
1447.0,31,301.0,0,0,0,312.0,0,0,0
1540.0,83,301.9,0,0,0,310.8,0,0,0
1365.0,218,298.0,0,0,0,308.2,0,0,0
1532.0,154,298.2,0,0,0,308.1,0,0,0
1376.0,147,300.1,1,0,0,309.6,0,0,0
1329.0,207,299.1,0,0,0,308.8,0,0,0
1575.0,47,299.0,1,0,0,309.0,0,0,0
1579.0,220,301.5,0,0,0,310.6,0,0,0
1534.0,69,300.7,0,0,0,310.8,0,0,0
1646.0,192,296.3,0,0,0,307.2,0,0,0
1451.0,0,301.5,0,0,0,310.9,0,0,0
1584.0,83,299.0,0,0,0,310.3,0,0,0
1507.0,149,298.3,0,0,0,307.9,0,0,0
1502.0,38,303.3,2,0,0,311.3,0,0,0
1708.0,122,299.6,0,0,0,311.0,0,0,0
1477.0,138,299.5,0,0,0,309.3,0,0,0
1445.0,34,300.2,0,0,0,310.3,0,0,0
1616.0,46,301.9,0,0,0,310.9,0,0,0
1749.0,8,297.4,0,0,0,308.1,0,0,0
1510.0,72,297.7,0,0,0,308.4,0,0,0
1421.0,165,300.7,1,0,0,309.6,0,0,0
1591.0,196,297.7,0,0,0,309.7,0,0,0
1621.0,0,297.5,0,0,0,308.6,0,0,0
1425.0,152,297.4,1,0,0,308.7,0,0,0
1473.0,164,298.9,0,0,0,310.1,0,0,0
1675.0,92,301.4,0,0,0,310.7,0,0,0
1520.0,94,302.5,0,0,0,311.9,0,0,0
1666.0,144,300.8,0,0,0,310.6,0,0,0
1507.0,156,299.5,1,0,0,310.8,0,0,0
1478.0,207,300.7,0,0,0,311.8,0,0,0
1500.0,30,299.0,1,0,0,308.7,0,0,0
1899.5,144,297.6,2,0,0,308.2,0,0,0
1700.0,19,301.7,0,0,0,311.0,0,0,0
1551.0,190,298.2,0,0,0,307.9,0,0,0
1315.0,42,303.3,0,0,0,311.8,0,0,0
1413.0,30,301.1,1,0,0,311.0,0,0,0
1597.0,164,301.2,0,0,0,310.9,0,0,0
1656.0,200,300.9,2,0,0,310.7,0,0,0
1620.0,51,297.4,0,0,0,309.4,0,0,0
1486.0,69,300.0,0,0,0,310.0,0,0,0
1487.0,129,298.9,1,0,0,310.0,0,0,0
1642.0,206,303.7,1,0,0,312.4,0,0,0
1437.0,164,298.8,2,0,0,309.8,0,0,0
1759.0,13,300.5,0,0,0,311.0,0,0,0
1416.0,66,301.2,0,0,0,310.9,0,0,0
1462.0,48,300.3,0,0,0,309.2,0,0,0
1586.0,155,297.3,0,0,0,308.6,0,0,0
1492.0,19,298.5,0,0,0,310.0,0,0,0
1450.0,40,299.1,0,0,0,309.0,0,0,0
1471.0,166,302.2,1,0,0,311.2,0,0,0
1375.0,168,301.4,1,0,0,310.7,0,0,0
1363.0,5,298.3,1,0,0,308.9,0,0,0
1899.5,40,298.6,0,0,0,309.2,0,0,0
1397.0,82,302.6,0,0,0,311.9,0,0,0
1440.0,191,297.7,2,0,0,309.7,0,0,0
1544.0,213,298.0,0,0,0,308.3,0,0,0
1529.0,105,298.2,1,0,0,307.9,0,0,0
1369.0,174,302.7,0,0,0,312.2,0,0,0
1339.0,194,301.1,2,0,0,311.0,0,0,0
1533.0,204,301.9,1,0,0,309.7,0,0,0
1418.0,128,303.6,0,0,0,312.4,0,0,0
1462.0,68,302.8,0,0,0,312.5,0,0,0
1819.0,16,303.8,0,0,0,312.9,0,0,0
1899.5,188,302.0,0,0,0,310.8,0,0,0
1693.0,170,298.8,1,0,0,309.6,0,0,0
1588.0,114,300.8,1,0,0,312.6,0,0,0
1588.0,99,298.4,0,0,0,308.7,0,0,0
1493.0,151,299.3,0,0,0,309.1,0,0,0
1457.0,61,300.7,0,0,0,311.2,0,0,0
1414.0,128,298.4,1,0,0,309.2,0,0,0
1289.0,104,299.4,1,0,0,308.7,0,0,0
1568.0,182,298.6,1,0,0,309.5,0,0,0
1459.0,93,302.1,0,0,0,310.6,0,0,0
1761.0,115,299.9,0,0,0,309.2,0,0,0
1629.0,177,299.3,0,0,0,310.4,0,0,0
1611.0,23,298.6,0,0,0,309.6,0,0,0
1546.0,123,297.5,1,0,0,308.7,0,0,0
1533.0,106,301.7,1,0,0,309.9,0,0,0
1761.0,113,300.8,1,0,0,311.9,0,0,0
1637.0,68,299.0,2,0,0,310.2,0,0,0
1541.0,52,301.5,0,0,0,310.1,0,0,0
1567.0,72,300.4,0,0,0,309.9,0,0,0
1398.0,88,297.2,1,0,0,308.7,0,0,0
1343.0,140,301.6,1,0,0,310.8,0,0,0
1556.0,164,302.7,2,0,0,311.5,0,0,0
1326.0,114,303.5,0,0,0,312.1,0,0,0
1428.0,23,300.6,1,0,0,309.7,0,0,0
1379.0,122,300.4,0,0,0,309.6,0,0,0
1610.0,212,298.0,0,0,0,308.8,0,0,0
1682.0,178,300.3,0,0,0,311.7,0,0,0
1494.0,24,301.6,0,0,0,310.7,0,0,0
1349.0,92,299.5,0,0,0,310.0,0,0,0
1509.0,95,300.3,1,0,0,309.6,0,0,0
1283.0,83,299.6,1,0,0,309.4,0,0,0
1705.0,63,298.9,0,0,0,310.2,0,0,0
1639.0,94,301.4,0,0,0,310.4,0,0,0
1674.0,70,302.6,0,0,0,312.0,0,0,0
1382.0,27,300.5,1,0,0,312.0,0,0,0
1580.0,109,300.8,1,0,0,311.0,0,0,0
1573.0,126,296.8,0,0,0,307.8,0,0,0
1899.5,139,298.2,0,0,0,308.3,0,0,0
1513.0,124,297.0,0,0,0,307.6,0,0,0
1544.0,128,302.3,0,0,0,311.7,0,0,0
1507.0,73,298.3,0,0,0,310.0,0,0,0
1899.5,50,302.5,0,0,0,310.4,0,0,0
1444.0,27,300.9,1,0,0,310.5,0,0,0
1642.0,206,297.3,0,0,0,308.1,0,0,0
1557.0,174,301.4,1,0,0,310.9,0,0,0
1563.0,150,302.5,0,0,0,310.2,0,0,0
1434.0,78,303.4,0,0,0,311.9,0,0,0
1305.0,44,299.3,1,0,0,308.5,0,0,0
1899.5,42,301.0,2,0,0,310.9,0,0,0
1526.0,150,300.0,0,0,0,309.6,0,0,0
1448.0,31,296.8,0,0,0,307.9,0,0,0
1416.0,151,298.3,0,0,0,308.5,0,0,0
1347.0,33,298.5,1,0,0,308.7,0,0,0
1288.0,162,301.0,1,0,0,309.7,0,0,0
1624.0,105,299.9,0,0,0,309.2,0,0,0
1546.0,29,301.8,0,0,0,310.8,0,0,0
1899.5,15,301.5,0,0,0,310.9,0,0,0
1465.0,173,298.5,1,0,0,309.3,0,0,0
1715.0,90,298.6,0,0,0,309.6,0,0,0
1899.5,131,300.4,0,0,0,311.4,0,0,0
1580.0,181,300.5,1,0,0,310.0,0,0,0
1520.0,208,302.6,0,0,0,312.2,0,0,0
1566.0,164,296.5,0,0,0,307.3,0,0,0
1520.0,148,302.6,0,0,0,311.0,0,0,0
1744.0,172,302.2,0,0,0,311.5,0,0,0
1446.0,23,298.4,0,0,0,307.9,0,0,0
1429.0,148,297.5,1,0,0,308.0,0,0,0
1485.0,19,300.6,0,0,0,310.1,0,0,0
1409.0,172,302.0,0,0,0,310.1,0,0,0
1569.0,176,300.2,1,0,0,309.9,0,0,0
1263.0,146,300.5,1,0,0,312.0,0,0,0
1367.0,129,300.5,0,0,0,309.8,0,0,0
1668.0,200,299.8,0,0,0,309.1,0,0,0
1391.0,218,297.6,1,0,0,308.4,0,0,0
1426.0,70,297.4,0,0,0,308.4,0,0,0
1520.0,51,298.0,2,0,0,308.0,0,0,0
1527.0,199,297.1,2,0,0,308.2,0,0,0
1522.0,153,299.9,0,0,0,311.3,0,0,0
1651.0,195,301.8,0,0,0,311.0,0,0,0
1406.0,151,300.7,0,0,0,309.8,0,0,0
1392.0,197,297.7,0,0,0,307.2,0,0,0
1702.0,71,300.5,0,0,0,310.4,0,0,0
1522.0,62,303.4,2,0,0,312.3,0,0,0
1760.0,63,299.8,0,0,0,309.2,0,0,0
1659.0,6,300.7,1,0,0,310.3,0,0,0
1420.0,119,300.7,0,0,0,311.8,0,0,0
1503.0,120,302.4,0,0,0,311.3,0,0,0
1899.5,45,298.1,1,0,0,308.0,0,0,0
1322.0,215,300.2,0,0,0,311.6,0,0,0
1440.0,134,299.4,1,0,0,309.1,0,0,0
1488.0,30,297.9,1,0,0,309.1,0,0,0
1559.0,220,300.8,2,0,0,310.5,0,0,0
1391.0,13,298.3,1,0,0,308.8,0,0,0
1538.0,59,298.2,0,0,0,308.0,0,0,0
1326.0,172,297.2,0,0,0,307.9,0,0,0
1899.5,44,301.2,0,0,0,310.7,0,0,0
1536.0,205,303.3,1,0,0,311.8,0,0,0
1403.0,57,303.6,2,0,0,312.7,0,0,0
1506.0,210,297.1,1,0,0,308.1,0,0,0
1543.0,8,297.6,0,0,0,309.3,0,0,0
1348.0,152,303.7,0,0,0,312.4,0,0,0
1565.0,152,298.7,0,0,0,309.0,0,0,0
1637.0,191,297.9,2,0,0,308.4,0,0,0
1459.0,89,298.2,0,0,0,307.7,0,0,0
1411.0,173,299.7,0,0,0,309.2,0,0,0
1796.0,90,299.1,0,0,0,310.6,0,0,0
1330.0,31,302.2,2,0,0,311.8,0,0,0
1626.0,20,298.2,1,0,0,308.8,0,0,0
1409.0,73,300.5,0,0,0,310.5,0,0,0
1610.0,150,300.0,0,0,0,309.2,0,0,0
1542.0,5,299.2,2,0,0,310.1,0,0,0
1522.0,70,301.8,0,0,0,310.6,0,0,0
1487.0,42,299.6,0,0,0,310.1,0,0,0
1536.0,96,301.4,2,0,0,310.7,0,0,0
1686.0,135,301.5,0,0,0,310.7,0,0,0
1628.0,23,303.1,0,0,0,311.2,0,0,0
1455.0,130,300.0,0,0,0,311.5,0,0,0
1527.0,125,297.9,1,0,0,307.7,0,0,0
1628.0,105,302.2,2,0,0,311.1,0,0,0
1660.0,139,299.4,0,0,0,309.0,0,0,0
1392.0,70,302.8,0,0,0,312.4,0,0,0
1521.0,60,298.2,0,0,0,307.8,0,0,0
1694.0,102,297.7,0,0,0,308.7,0,0,0
1809.0,180,302.9,1,0,0,312.3,0,0,0
1388.0,190,300.6,1,0,0,310.7,0,0,0
1498.0,47,300.8,0,0,0,309.6,0,0,0
1376.0,112,297.3,2,0,0,308.6,0,0,0
1615.0,127,304.0,0,0,0,313.2,0,0,0
1525.0,62,301.9,0,0,0,310.8,0,0,0
1592.0,85,298.1,0,0,0,309.0,0,0,0
1596.0,160,299.9,0,0,0,311.4,0,0,0
1426.0,53,295.6,1,0,0,306.3,0,0,0
1602.0,211,298.8,0,0,0,310.6,0,0,0
1553.0,18,298.5,1,0,0,308.8,0,0,0
1451.0,18,298.5,0,0,0,308.2,0,0,0
1473.0,232,302.8,0,0,0,312.3,0,0,0
1427.0,122,300.4,2,0,0,311.4,0,0,0
1416.0,48,302.2,0,0,0,311.6,0,0,0
1666.0,30,298.2,0,0,0,308.8,0,0,0
1309.0,100,301.1,1,0,0,310.5,0,0,0
1444.0,92,300.5,0,0,0,311.6,0,0,0
1899.5,148,298.8,0,0,0,310.0,0,0,0
1715.0,203,300.4,2,0,0,311.6,0,0,0
1425.0,154,299.1,0,0,0,310.2,0,0,0
1355.0,188,303.7,0,0,0,313.1,0,0,0
1488.0,87,300.8,1,0,0,311.2,0,0,0
1627.0,118,299.9,0,0,0,311.4,0,0,0
1402.0,98,301.0,0,0,0,311.0,0,0,0
1838.0,215,301.3,1,0,0,311.4,0,0,0
1280.0,19,297.5,1,0,0,308.9,0,0,0
1497.0,72,298.8,1,0,0,308.8,0,0,0
1525.0,30,299.4,0,0,0,309.3,0,0,0
1788.0,90,300.9,0,0,0,310.4,0,0,0
1736.0,146,299.6,1,0,0,309.0,0,0,0
1498.0,37,300.0,2,0,0,309.4,0,0,0
1814.0,204,298.8,0,0,0,310.2,0,0,0
1440.0,136,298.6,0,0,0,309.4,0,0,0
1590.0,23,299.8,0,0,0,309.5,0,0,0
1547.0,131,300.4,2,0,0,309.5,0,0,0
1521.0,94,298.5,1,0,0,309.4,0,0,0
1899.5,98,298.4,0,0,0,309.5,0,0,0
1899.5,166,303.7,0,0,0,312.7,0,0,0
1443.0,51,302.3,2,0,0,311.4,0,0,0
1411.0,44,304.2,1,0,0,313.4,0,0,0
1434.0,173,302.3,0,0,0,311.9,0,0,0
1424.0,127,300.4,0,0,0,311.4,0,0,0
1429.0,117,298.2,0,0,0,307.8,0,0,0
1665.0,17,297.3,1,0,0,308.4,0,0,0
1680.0,67,303.4,0,0,0,312.3,0,0,0
1468.0,157,298.5,0,0,0,309.8,0,0,0
1533.0,137,300.9,1,0,0,310.2,0,0,0
1423.0,200,298.7,1,0,0,309.1,0,0,0
1295.0,77,300.9,2,0,0,311.3,0,0,0
1472.0,198,297.5,1,0,0,308.6,0,0,0
1372.0,173,299.4,0,0,0,310.5,0,0,0
1741.0,50,298.8,1,0,0,309.9,0,0,0
1573.0,14,303.8,0,0,0,312.9,0,0,0
1447.0,193,300.9,1,0,0,312.0,0,0,0
1561.0,180,302.3,0,0,0,311.0,0,0,0
1698.0,14,301.0,1,0,0,310.6,0,0,0
1436.0,32,298.9,0,0,0,310.3,0,0,0
1532.0,109,300.1,0,0,0,310.5,0,0,0
1627.0,17,299.6,0,0,0,310.2,0,0,0
1329.0,148,302.5,0,0,0,310.2,0,0,0
1475.0,49,300.5,0,0,0,311.3,0,0,0
1646.0,63,300.5,0,0,0,310.5,0,0,0
1509.0,168,299.0,0,0,0,310.0,0,0,0
1334.0,68,301.8,0,0,0,311.2,0,0,0
1678.0,180,297.4,0,0,0,308.6,0,0,0
1466.0,34,297.6,1,0,0,308.5,0,0,0
1413.0,153,299.6,0,0,0,309.0,0,0,0
1899.5,125,297.9,0,0,0,308.6,0,0,0
1465.0,109,303.1,0,0,0,312.8,0,0,0
1656.0,195,303.4,0,0,0,312.2,0,0,0
1817.0,125,303.4,1,0,0,311.5,0,0,0
1670.0,150,301.0,0,0,0,311.7,0,0,0
1616.0,110,298.9,0,0,0,309.8,0,0,0
1899.5,195,298.1,1,0,0,308.8,0,0,0
1346.0,157,302.2,0,0,0,311.5,0,0,0
1355.0,209,298.2,0,0,0,308.4,0,0,0
1469.0,126,300.9,2,0,0,309.5,0,0,0
1472.0,28,298.8,0,0,0,308.1,0,0,0
1899.5,45,304.1,1,0,0,313.2,0,0,0
1408.0,202,301.0,0,0,0,310.5,0,0,0
1636.0,56,295.6,0,0,0,306.3,0,0,0
1580.0,140,297.2,0,0,0,307.9,0,0,0
1556.0,132,302.4,0,0,0,310.1,0,0,0
1422.0,85,298.7,2,0,0,309.8,0,0,0
1804.0,174,301.0,0,0,0,311.0,0,0,0
1899.5,21,302.7,0,0,0,310.7,0,0,0
1899.5,9,300.0,0,0,0,309.5,0,0,0
1425.0,135,298.8,2,0,0,309.2,0,0,0
1736.0,27,298.1,1,0,0,308.2,0,0,0
1515.0,228,299.2,0,0,0,309.0,0,0,0
1596.0,219,301.2,0,0,0,311.0,0,0,0
1495.0,215,302.4,0,0,0,311.7,0,0,0
1212.0,30,301.0,2,0,0,310.0,0,0,0
1675.0,64,300.0,0,0,0,310.2,0,0,0
1478.0,45,300.2,1,0,0,310.3,0,0,0
1436.0,43,298.2,0,0,0,308.2,0,0,0
1474.0,35,300.3,0,0,0,309.5,0,0,0
1649.0,43,300.2,0,0,0,310.1,0,0,0
1767.0,196,299.3,1,0,0,308.9,0,0,0
1548.0,25,300.3,0,0,0,311.5,0,0,0
1899.5,116,300.6,0,0,0,310.4,0,0,0
1721.0,112,302.4,0,0,0,311.7,0,0,0
1641.0,178,300.7,1,0,0,310.0,0,0,0
1680.0,111,301.6,0,0,0,311.1,0,0,0
1409.0,9,300.3,1,0,0,310.0,0,0,0
1593.0,162,301.5,0,0,0,310.8,0,0,0
1519.0,61,297.9,0,0,0,308.5,0,0,0
1343.0,211,300.7,1,0,0,310.7,0,0,0
1771.0,202,303.4,0,0,0,311.9,0,0,0
1899.5,57,298.3,0,0,0,308.0,0,0,0
1379.0,85,299.5,0,0,0,310.0,0,0,0
1594.0,69,303.8,1,0,0,312.9,0,0,0
1474.0,107,296.8,0,0,0,307.5,0,0,0
1357.0,125,298.4,0,0,0,309.5,0,0,0
1538.0,3,300.9,0,0,0,310.6,0,0,0
1642.0,104,303.3,1,0,0,312.7,0,0,0
1425.0,163,296.9,0,0,0,307.8,0,0,0
1439.0,40,298.8,2,0,0,309.9,0,0,0
1492.0,131,299.7,1,0,0,310.5,0,0,0
1478.0,75,301.0,0,0,0,311.4,0,0,0
1571.0,139,302.9,0,0,0,312.2,0,0,0
1378.0,93,300.7,1,0,0,311.0,0,0,0
1491.0,209,299.1,1,0,0,308.8,0,0,0
1476.0,85,303.6,2,0,0,311.7,0,0,0
1334.0,42,298.6,0,0,0,310.0,0,0,0
1432.0,51,301.9,1,0,0,311.0,0,0,0
1388.0,190,297.7,1,0,0,308.8,0,0,0
1606.0,126,303.5,0,0,0,313.0,0,0,0
1731.0,186,297.0,0,0,0,307.7,0,0,0
1376.0,0,301.1,0,0,0,310.7,0,0,0
1364.0,125,300.9,0,0,0,312.4,0,0,0
1365.0,76,297.4,2,0,0,309.3,0,0,0
1704.0,150,298.8,2,0,0,310.1,0,0,0
1573.0,212,299.2,1,0,0,308.9,0,0,0
1332.0,148,299.1,2,0,0,310.6,0,0,0
1506.0,10,300.5,2,0,0,311.6,0,0,0
1525.0,62,297.4,0,0,0,308.4,0,0,0
1622.0,34,301.1,0,0,0,311.3,0,0,0
1481.0,77,301.4,0,0,0,310.6,0,0,0
1611.0,197,297.2,1,0,0,308.5,0,0,0
1497.0,169,299.5,1,0,0,309.2,0,0,0
1318.0,194,301.7,0,0,0,310.7,0,0,0
1491.0,181,298.2,2,0,0,307.9,0,0,0
1547.0,0,298.1,1,0,0,308.7,0,0,0
1471.0,146,299.1,0,0,0,310.5,0,0,0
1326.0,71,299.7,0,0,0,309.2,0,0,0
1548.0,16,300.3,0,0,0,311.8,0,0,0
1899.5,124,301.5,0,0,0,310.6,0,0,0
1375.0,98,302.2,1,0,0,311.3,0,0,0
1832.0,178,302.0,0,0,0,310.0,0,0,0
1598.0,36,298.7,1,0,0,310.2,0,0,0
1569.0,160,298.4,0,0,0,308.6,0,0,0
1692.0,5,301.4,1,0,0,310.7,0,0,0
1301.0,112,301.4,0,0,0,310.4,0,0,0
1515.0,82,297.7,0,0,0,308.8,0,0,0
1391.0,109,297.8,0,0,0,307.5,0,0,0
1486.0,160,302.6,0,0,0,310.8,0,0,0
1608.0,212,300.2,1,0,0,311.6,0,0,0
1553.0,75,300.4,0,0,0,309.6,0,0,0
1569.0,73,299.4,0,0,0,309.2,0,0,0
1404.0,57,302.4,0,0,0,311.2,0,0,0
1537.0,15,297.9,0,0,0,307.7,0,0,0
1610.0,166,301.4,1,0,0,310.3,0,0,0
1533.0,194,301.0,1,0,0,310.8,0,0,0
1344.0,200,298.6,1,0,0,309.6,0,0,0
1341.0,134,301.3,2,0,0,311.0,0,0,0
1730.0,106,300.5,0,0,0,311.6,0,0,0
1556.0,36,298.6,0,0,0,309.9,0,0,0
1686.0,59,301.7,0,0,0,310.2,0,0,0
1455.0,85,301.9,2,0,0,310.8,0,0,0
1727.0,102,300.9,1,0,0,310.9,0,0,0
1393.0,78,299.6,0,0,0,310.8,0,0,0
1529.0,77,298.8,1,0,0,310.0,0,0,0
1728.0,12,302.7,1,0,0,311.8,0,0,0
1549.0,66,302.3,0,0,0,311.2,0,0,0
1489.0,128,298.8,0,0,0,309.1,0,0,0
1492.0,59,297.9,0,0,0,307.7,0,0,0
1618.0,32,301.2,0,0,0,310.0,0,0,0
1693.0,73,298.2,1,0,0,309.4,0,0,0
1468.0,132,299.7,2,0,0,309.2,0,0,0
1587.0,98,297.5,2,0,0,308.4,0,0,0
1645.0,33,298.3,0,0,0,308.8,0,0,0
1604.0,85,297.4,1,0,0,308.6,0,0,0
1447.0,0,300.3,1,0,0,311.7,0,0,0
1487.0,64,297.6,0,0,0,309.0,0,0,0
1671.0,201,302.8,0,0,0,310.6,0,0,0
1387.0,98,299.2,0,0,0,308.5,0,0,0
1844.0,61,297.7,0,0,0,307.6,0,0,0
1807.0,169,300.3,0,0,0,309.2,0,0,0
1344.0,133,300.6,0,0,0,310.9,0,0,0
1491.0,114,301.7,0,0,0,309.8,0,0,0
1333.0,177,296.6,2,0,0,307.4,0,0,0
1742.0,13,297.6,0,0,0,308.3,0,0,0
1520.0,97,302.4,1,0,0,310.1,0,0,0
1468.0,38,302.2,2,0,0,310.0,0,0,0
1335.0,48,296.3,1,0,0,307.4,0,0,0
1614.0,161,300.4,1,0,0,309.6,0,0,0
1405.0,2,297.7,1,0,0,307.2,0,0,0
1316.0,43,300.8,0,0,0,311.4,0,0,0
1542.0,38,302.7,0,0,0,310.4,0,0,0
1498.0,171,298.1,0,0,0,307.6,0,0,0
1578.0,219,300.8,0,0,0,311.7,0,0,0
1389.0,9,300.5,1,0,0,309.7,0,0,0
1761.0,164,297.5,0,0,0,308.7,0,0,0
1296.0,153,297.0,0,0,0,307.9,0,0,0
1418.0,73,300.1,0,0,0,311.4,0,0,0
1355.0,193,301.3,0,0,0,310.1,0,0,0
1357.0,96,299.6,1,0,0,310.1,0,0,0
1526.0,176,303.0,1,0,0,311.1,0,0,0
1396.0,0,299.0,0,0,0,308.7,0,0,0
1728.0,146,302.7,0,0,0,312.1,0,0,0
1397.0,48,301.4,0,0,0,311.3,0,0,0
1420.0,208,299.3,1,0,0,308.7,0,0,0
1359.0,118,301.2,1,0,0,310.9,0,0,0
1561.0,58,298.9,1,0,0,310.0,0,0,0
1519.0,29,298.5,1,0,0,308.0,0,0,0
1536.0,192,300.7,0,0,0,310.5,0,0,0
1740.0,110,301.4,0,0,0,310.8,0,0,0
1461.0,121,298.4,0,0,0,309.4,0,0,0
1530.0,110,303.5,1,0,0,312.9,0,0,0
1599.0,57,300.9,0,0,0,310.5,0,0,0
1499.0,166,298.2,0,0,0,308.0,0,0,0
1455.0,203,300.6,0,0,0,311.6,0,0,0
1708.0,57,300.5,0,0,0,311.5,0,0,0
1601.0,148,303.2,0,0,0,312.6,0,0,0
1672.0,39,300.3,0,0,0,310.4,0,0,0
1412.0,205,299.7,1,0,0,309.2,0,0,0
1730.0,209,300.5,1,0,0,311.9,0,0,0
1705.0,177,298.6,0,0,0,308.2,0,0,0
1482.0,112,297.5,1,0,0,309.4,0,0,0
1747.0,35,301.2,2,0,0,310.7,0,0,0
1786.0,35,301.6,2,0,0,310.5,0,0,0
1835.0,183,299.7,0,0,0,311.2,0,0,0
1396.0,96,297.0,0,0,0,307.8,0,0,0
1760.0,193,300.0,0,0,0,310.2,0,0,0
1655.0,12,300.8,0,0,0,311.7,0,0,0
1263.0,90,302.0,0,0,0,310.5,0,0,0
1517.0,222,297.0,2,0,0,308.1,0,0,0
1631.0,64,299.2,1,0,0,308.6,0,0,0
1311.0,40,301.7,0,0,0,310.2,0,0,0
1405.0,103,299.0,0,0,0,308.8,0,0,0
1555.0,172,301.1,0,0,0,311.2,0,0,0
1454.0,17,301.5,1,0,0,310.7,0,0,0
1765.0,29,301.8,0,0,0,310.3,0,0,0
1715.0,193,297.7,0,0,0,308.9,0,0,0
1705.0,109,298.1,0,0,0,307.7,0,0,0
1899.5,30,300.9,0,0,0,310.4,0,0,0
1436.0,47,302.8,2,0,0,311.0,0,0,0
1435.0,189,297.8,0,0,0,308.3,0,0,0
1665.0,177,301.0,1,0,0,310.4,0,0,0
1689.0,101,299.0,1,0,0,310.3,0,0,0
1813.0,197,301.0,0,0,0,310.9,0,0,0
1724.0,119,300.9,1,0,0,309.4,0,0,0
1402.0,52,302.9,1,0,0,311.0,0,0,0
1429.0,103,299.9,0,0,0,311.3,0,0,0
1426.0,89,297.9,0,0,0,307.9,0,0,0
1477.0,163,299.7,1,0,0,309.6,0,0,0
1474.0,20,297.4,0,0,0,308.1,0,0,0
1431.0,158,301.6,0,0,0,311.0,0,0,0
1423.0,116,299.8,2,0,0,310.6,0,0,0
1606.0,98,303.5,1,0,0,312.4,0,0,0
1226.0,129,297.8,1,0,0,309.4,0,0,0
1450.0,68,302.6,0,0,0,310.5,0,0,0
1899.5,84,302.6,1,0,0,310.2,0,0,0
1566.0,82,301.3,0,0,0,310.9,0,0,0
1674.0,12,302.3,1,0,0,311.5,0,0,0
1462.0,118,303.4,0,0,0,312.6,0,0,0
1525.0,27,298.9,1,0,0,310.5,0,0,0
1442.0,4,300.3,1,0,0,310.2,0,0,0
1435.0,25,298.5,0,0,0,310.0,0,0,0
1303.0,2,303.7,1,0,0,313.0,0,0,0
1635.0,99,302.0,0,0,0,310.5,0,0,0
1493.0,217,300.9,0,0,0,312.0,0,0,0
1505.0,173,300.8,0,0,0,312.1,0,0,0
1500.0,116,298.7,1,0,0,309.5,0,0,0
1450.0,101,304.0,1,0,0,313.1,0,0,0
1427.0,179,297.6,1,0,0,309.0,0,0,0
1512.0,9,301.5,0,0,0,310.8,0,0,0
1424.0,68,301.2,1,0,0,310.9,0,0,0
1464.0,207,298.8,0,0,0,310.5,0,0,0
1705.0,200,297.2,0,0,0,308.0,0,0,0
1342.0,195,299.2,0,0,0,308.9,0,0,0
1525.0,202,300.4,0,0,0,309.3,0,0,0
1270.0,54,300.8,1,0,0,310.3,0,0,0
1810.0,195,300.7,0,0,0,309.6,0,0,0
1899.5,205,299.6,0,0,0,310.7,0,0,0
1386.0,170,300.4,0,0,0,309.6,0,0,0
1387.0,32,299.5,1,0,0,309.4,0,0,0
1604.0,106,297.5,0,0,0,308.4,0,0,0
1517.0,215,298.6,1,0,0,309.9,0,0,0
1393.0,168,301.8,1,0,0,311.0,0,0,0
1328.0,11,298.9,1,0,0,308.2,0,0,0
1543.0,61,303.7,0,0,0,312.8,0,0,0
1408.0,76,303.9,0,0,0,313.0,0,0,0
1580.0,176,302.5,1,0,0,310.4,0,0,0
1386.0,116,299.8,0,0,0,309.3,0,0,0
1583.0,72,303.3,1,0,0,311.8,0,0,0
1297.0,109,302.3,0,0,0,311.2,0,0,0
1858.0,26,300.1,0,0,0,309.4,0,0,0
1665.0,139,302.3,0,0,0,311.6,0,0,0
1453.0,119,298.0,0,0,0,307.8,0,0,0
1508.0,92,298.0,0,0,0,308.9,0,0,0
1323.0,207,297.1,0,0,0,308.5,0,0,0
1600.0,160,301.5,0,0,0,310.9,0,0,0
1361.0,167,299.8,0,0,0,310.0,0,0,0
1674.0,76,303.3,1,0,0,312.5,0,0,0
1404.0,32,298.5,0,0,0,308.0,0,0,0
1899.5,78,298.1,0,0,0,308.9,0,0,0
1362.0,206,300.3,0,0,0,310.3,0,0,0
1476.0,173,301.0,0,0,0,310.4,0,0,0
1366.0,221,302.8,0,0,0,312.3,0,0,0
1487.0,206,298.6,1,0,0,309.1,0,0,0
1304.0,153,297.1,0,0,0,308.4,0,0,0
1515.0,54,300.5,0,0,0,310.5,0,0,0
1449.0,83,298.5,1,0,0,309.2,0,0,0
1634.0,71,302.9,0,0,0,311.2,0,0,0
1407.0,107,303.1,0,0,0,312.4,0,0,0
1589.0,116,303.4,0,0,0,312.7,0,0,0
1573.0,33,297.8,0,0,0,307.8,0,0,0
1454.0,19,297.5,0,0,0,308.7,0,0,0
1514.0,155,300.8,0,0,0,310.2,0,0,0
1874.0,28,297.7,0,0,0,309.0,0,0,0
1663.0,71,303.2,0,0,0,312.4,0,0,0
1365.0,170,297.7,0,0,0,309.2,0,0,0
1754.0,206,297.1,0,0,0,308.1,0,0,0
1488.0,5,301.1,0,0,0,311.6,0,0,0
1331.0,13,298.1,0,0,0,308.3,0,0,0
1544.0,150,296.9,1,0,0,307.8,0,0,0
1397.0,165,299.1,1,0,0,310.6,0,0,0
1559.0,195,301.0,0,0,0,311.5,0,0,0
1439.0,188,297.4,0,0,0,308.6,0,0,0
1635.0,23,302.1,1,0,0,311.5,0,0,0
1486.0,66,300.0,0,0,0,310.2,0,0,0
1435.0,184,298.0,0,0,0,307.7,0,0,0
1402.0,157,302.3,0,0,0,310.7,0,0,0
1445.0,144,301.4,2,0,0,311.1,0,0,0
1629.0,55,300.0,1,0,0,311.3,0,0,0
1403.0,64,300.6,1,0,0,310.6,0,0,0
1552.0,90,297.6,1,0,0,308.5,0,0,0
1324.0,173,297.4,0,0,0,309.0,0,0,0
1636.0,157,302.5,1,0,0,311.4,0,0,0
1393.0,190,300.0,1,0,0,310.2,0,0,0
1594.0,204,301.7,1,0,0,310.8,0,0,0
1502.0,181,297.1,1,0,0,308.4,0,0,0
1379.0,2,300.5,0,0,0,309.5,0,0,0
1683.0,46,303.7,0,0,0,313.1,0,0,0
1490.0,126,299.7,1,0,0,310.5,0,0,0
1651.0,42,298.7,0,0,0,309.9,0,0,0
1580.0,64,302.4,1,0,0,311.0,0,0,0
1555.0,190,297.8,2,0,0,307.3,0,0,0
1596.0,174,300.7,0,0,0,311.0,0,0,0
1510.0,35,298.8,2,0,0,309.8,0,0,0
1367.0,44,299.1,0,0,0,310.1,0,0,0
1375.0,128,297.5,0,0,0,308.5,0,0,0
1899.5,131,302.5,1,0,0,310.5,0,0,0
1693.0,100,297.1,0,0,0,308.4,0,0,0
1358.0,56,301.8,1,0,0,310.9,0,0,0
1865.0,129,302.4,0,0,0,310.4,0,0,0
1590.0,52,304.1,2,0,0,313.2,0,0,0
1451.0,18,299.9,0,0,0,309.5,0,0,0
1358.0,139,302.5,1,0,0,311.5,0,0,0
1335.0,110,298.1,1,0,0,308.9,0,0,0
1294.0,202,298.8,2,0,0,310.5,0,0,0
1296.0,202,300.5,1,0,0,311.1,0,0,0
1436.0,184,302.5,1,0,0,312.0,0,0,0
1794.0,211,300.6,0,0,0,310.3,0,0,0
1617.0,95,303.6,1,0,0,311.9,0,0,0
1456.0,89,302.8,0,0,0,311.1,0,0,0
1899.5,164,300.5,0,0,0,309.8,0,0,0
1535.0,160,299.9,0,0,0,311.3,0,0,0
1540.0,75,296.4,2,0,0,307.3,0,0,0
1590.0,59,297.3,0,0,0,308.3,0,0,0
1691.0,36,300.6,2,0,0,309.4,0,0,0
1744.0,42,297.6,0,0,0,308.6,0,0,0
1743.0,0,299.4,2,0,0,309.3,0,0,0
1493.0,167,300.2,0,0,0,311.7,0,0,0
1512.0,44,302.6,0,0,0,312.3,0,0,0
1496.0,22,297.5,1,0,0,308.5,0,0,0
1557.0,135,296.9,0,0,0,307.8,0,0,0
1349.0,9,303.2,0,0,0,311.4,0,0,0
1625.0,173,301.2,1,0,0,310.0,0,0,0
1413.0,137,300.2,1,0,0,309.7,0,0,0
1339.0,123,300.3,2,0,0,311.6,0,0,0
1672.0,13,301.9,2,0,0,311.0,0,0,0
1622.0,103,297.5,1,0,0,308.3,0,0,0
1559.0,119,302.3,1,0,0,310.7,0,0,0
1465.0,89,300.5,0,0,0,309.3,0,0,0
1436.0,214,301.8,1,0,0,309.6,0,0,0
1513.0,64,301.7,0,0,0,310.6,0,0,0
1456.0,15,301.2,1,0,0,309.9,0,0,0
1438.0,64,298.9,0,0,0,308.7,0,0,0
1593.0,210,301.3,1,0,0,310.0,0,0,0
1571.0,51,300.9,0,0,0,310.8,0,0,0
1653.0,2,302.2,1,0,0,311.7,0,0,0
1446.0,88,297.4,0,0,0,308.6,0,0,0
1657.0,156,297.4,1,0,0,308.6,0,0,0
1899.5,199,302.8,0,0,0,310.6,0,0,0
1504.0,51,298.8,0,0,0,310.2,0,0,0
1899.5,59,298.5,2,0,0,309.4,0,0,0
1734.0,161,299.0,0,0,0,308.6,0,0,0
1748.0,2,302.6,0,0,0,310.5,0,0,0
1367.0,50,302.9,0,0,0,312.2,0,0,0
1377.0,42,298.1,1,0,0,307.9,0,0,0
1303.0,52,298.1,1,0,0,307.9,0,0,0
1490.0,110,298.4,0,0,0,308.5,0,0,0
1510.0,36,303.3,0,0,0,311.4,0,0,0
1506.0,204,302.4,2,0,0,311.2,0,0,0
1432.0,87,299.0,0,0,0,310.2,0,0,0
1547.0,107,295.9,0,0,0,306.7,0,0,0
1459.0,201,297.5,2,0,0,309.3,0,0,0
1519.0,45,297.3,0,0,0,308.3,0,0,0
1899.5,190,301.3,1,0,0,310.4,0,0,0
1763.0,54,297.3,0,0,0,308.1,0,0,0
1502.0,88,299.1,0,0,0,308.8,0,0,0
1623.0,102,303.3,0,0,0,312.6,0,0,0
1644.0,186,301.5,0,0,0,310.5,0,0,0
1665.0,7,298.1,0,0,0,307.9,0,0,0
1761.0,76,298.1,0,0,0,307.8,0,0,0
1769.0,40,303.4,2,0,0,312.3,0,0,0
1468.0,179,300.3,0,0,0,309.6,0,0,0
1488.0,146,297.1,0,0,0,308.4,0,0,0
1583.0,176,299.4,0,0,0,308.9,0,0,0
1421.0,95,302.1,1,0,0,310.6,0,0,0
1457.0,120,300.6,0,0,0,310.4,0,0,0
1283.0,112,299.5,0,0,0,310.8,0,0,0
1507.0,108,299.6,0,0,0,310.8,0,0,0
1556.0,75,299.4,0,0,0,309.2,0,0,0
1560.0,139,300.5,0,0,0,309.7,0,0,0
1495.0,184,300.5,2,0,0,310.0,0,0,0
1577.0,4,300.5,1,0,0,311.6,0,0,0
1493.0,131,302.5,0,0,0,311.5,0,0,0
1586.0,129,299.3,1,0,0,309.2,0,0,0
1472.0,166,304.0,2,0,0,313.1,0,0,0
1619.0,92,303.7,0,0,0,312.2,0,0,0
1408.0,49,302.2,1,0,0,310.8,0,0,0
1596.0,193,302.6,0,0,0,310.5,0,0,0
1480.0,72,304.1,1,0,0,313.3,0,0,0
1675.0,59,297.4,1,0,0,308.4,0,0,0
1517.0,67,297.9,0,0,0,307.7,0,0,0
1677.0,48,300.3,1,0,0,311.9,0,0,0
1442.0,49,300.7,0,0,0,310.7,0,0,0
1450.0,138,298.0,0,0,0,307.6,0,0,0
1690.0,119,296.7,0,0,0,307.9,0,0,0
1622.0,42,299.0,0,0,0,308.9,0,0,0
1709.0,79,300.0,0,0,0,309.0,0,0,0
1612.0,183,297.8,0,0,0,308.4,0,0,0
1523.0,25,300.2,0,0,0,310.1,0,0,0
1609.0,41,302.2,0,0,0,311.4,0,0,0
1396.0,64,297.3,0,0,0,308.3,0,0,0
1450.0,118,297.9,0,0,0,309.0,0,0,0
1627.0,78,301.7,1,0,0,310.7,0,0,0
1437.0,117,297.4,0,0,0,309.2,0,0,0
1420.0,133,300.9,1,0,0,310.7,0,0,0
1222.0,148,303.6,0,0,0,311.8,0,0,0
1611.0,155,297.6,0,0,0,309.2,0,0,0
1671.0,136,297.5,0,0,0,308.6,0,0,0
1512.0,86,301.0,2,0,0,310.4,0,0,0
1378.0,176,302.7,1,0,0,312.1,0,0,0
1503.0,154,303.8,0,0,0,312.8,0,0,0
1350.0,2,303.9,1,0,0,313.2,0,0,0
1499.0,135,302.5,0,0,0,311.1,0,0,0
1500.0,17,300.6,2,0,0,311.7,0,0,0
1651.0,146,302.0,0,0,0,310.5,0,0,0
1485.0,57,298.1,0,0,0,308.2,0,0,0
1693.0,80,303.3,1,0,0,312.1,0,0,0
1366.0,0,302.4,1,0,0,311.1,0,0,0
1513.0,92,302.9,0,0,0,312.2,0,0,0
1234.0,160,300.7,0,0,0,310.4,0,0,0
1637.0,2,298.3,2,0,0,308.0,0,0,0
1448.0,167,302.0,0,0,0,310.4,0,0,0
1585.0,2,297.5,0,0,0,308.6,0,0,0
1490.0,217,300.8,0,0,0,311.7,0,0,0
1884.0,163,301.9,0,0,0,310.4,0,0,0
1629.0,73,303.5,2,0,0,311.5,0,0,0
1532.0,136,297.4,0,0,0,308.6,0,0,0
1587.0,162,298.9,0,0,0,310.1,0,0,0
1584.0,117,298.4,1,0,0,308.7,0,0,0
1444.0,123,300.0,0,0,0,309.2,0,0,0
1577.0,5,297.9,2,0,0,309.2,0,0,0
1614.0,191,300.4,0,0,0,310.1,0,0,0
1555.0,24,300.6,2,0,0,309.4,0,0,0
1509.0,2,298.5,1,0,0,309.6,0,0,0
1452.0,185,298.9,0,0,0,310.0,0,0,0
1662.0,26,297.5,1,0,0,308.5,0,0,0
1311.0,39,301.7,1,0,0,311.0,0,0,0
1434.0,82,300.8,1,0,0,311.2,0,0,0
1629.0,89,300.0,2,0,0,309.6,0,0,0
1456.0,193,300.5,1,0,0,311.6,0,0,0
1388.0,76,298.2,0,0,0,307.8,0,0,0
1596.0,141,297.5,0,0,0,308.6,0,0,0
1724.0,101,301.1,0,0,0,310.8,0,0,0
1553.0,209,300.4,1,0,0,311.8,0,0,0
1454.0,58,300.6,2,0,0,310.5,0,0,0
1463.0,116,298.3,0,0,0,309.9,0,0,0
1363.0,149,298.5,1,0,0,308.0,0,0,0
1771.0,162,301.8,0,0,0,311.0,0,0,0
1642.0,126,301.9,0,0,0,311.0,0,0,0
1475.0,54,297.6,1,0,0,308.7,0,0,0
1318.0,11,301.5,0,0,0,310.9,0,0,0
1396.0,142,300.4,0,0,0,310.8,0,0,0
1673.0,171,300.4,0,0,0,311.2,0,0,0
1533.0,159,299.0,0,0,0,310.2,0,0,0
1570.0,200,298.7,1,0,0,309.8,0,0,0
1592.0,14,303.3,0,0,0,311.3,0,0,0
1589.0,190,299.7,0,0,0,310.8,0,0,0
1527.0,159,303.8,1,0,0,312.6,0,0,0
1593.0,83,297.9,0,0,0,307.7,0,0,0
1388.0,59,299.2,2,0,0,308.4,0,0,0
1420.0,57,302.6,1,0,0,310.5,0,0,0
1545.0,152,302.2,0,0,0,311.6,0,0,0
1465.0,9,300.0,0,0,0,309.1,0,0,0
1582.0,121,298.7,2,0,0,309.8,0,0,0
1534.0,47,298.8,1,0,0,309.8,0,0,0
1476.0,161,302.2,1,0,0,311.0,0,0,0
1619.0,242,299.1,0,0,0,310.3,0,0,0
1393.0,79,298.0,1,0,0,309.0,0,0,0
1601.0,181,300.9,0,0,0,310.9,0,0,0
1716.0,117,299.9,0,0,0,309.8,0,0,0
1602.0,108,303.5,0,0,0,312.6,0,0,0
1670.0,13,298.5,0,0,0,308.8,0,0,0
1685.0,161,299.6,1,0,0,308.9,0,0,0
1435.0,8,297.9,2,0,0,309.1,0,0,0
1899.5,2,302.2,0,0,0,311.2,0,0,0
1662.0,129,300.4,0,0,0,311.4,0,0,0
1828.0,26,298.9,0,0,0,308.2,0,0,0
1657.0,129,299.1,0,0,0,310.4,0,0,0
1586.0,64,302.5,0,0,0,310.2,0,0,0
1899.5,170,300.0,1,0,0,309.3,0,0,0
1501.0,86,297.2,0,0,0,308.7,0,0,0
1638.0,160,302.6,0,0,0,311.6,0,0,0
1791.0,213,300.0,1,0,0,311.4,0,0,0
1491.0,148,300.4,1,0,0,310.8,0,0,0
1585.0,89,298.5,0,0,0,309.6,0,0,0
1477.0,59,298.8,1,0,0,309.8,0,0,0
1795.0,117,300.5,0,0,0,309.5,0,0,0
1585.0,24,298.0,1,0,0,308.5,0,0,0
1774.0,30,297.2,0,0,0,308.6,0,0,0
1425.0,84,300.2,0,0,0,311.4,0,0,0
1525.0,175,300.8,0,0,0,310.7,0,0,0
1439.0,35,302.6,0,0,0,312.1,0,0,0
1876.0,99,301.7,1,0,0,310.6,0,0,0
1463.0,113,300.1,2,0,0,309.6,0,0,0
1390.0,7,300.7,2,0,0,309.6,0,0,0
1898.0,60,300.7,0,0,0,312.3,0,0,0
1550.0,185,297.8,2,0,0,308.4,0,0,0
1606.0,4,301.8,0,0,0,311.0,0,0,0
1389.0,88,300.6,1,0,0,310.8,0,0,0
1414.0,165,297.0,1,0,0,307.9,0,0,0
1697.0,107,297.5,1,0,0,308.7,0,0,0
1402.0,41,297.4,0,0,0,308.2,0,0,0
1899.5,194,300.7,0,0,0,310.5,0,0,0
1614.0,207,303.0,1,0,0,311.2,0,0,0
1495.0,201,301.4,1,0,0,310.5,0,0,0
1484.0,13,300.1,0,0,0,311.4,0,0,0
1446.0,146,302.5,0,0,0,310.3,0,0,0
1556.0,168,297.3,1,0,0,309.0,0,0,0
1551.0,82,299.7,1,0,0,308.9,0,0,0
1560.0,113,301.3,0,0,0,310.6,0,0,0
1439.0,201,301.9,1,0,0,309.6,0,0,0
1625.0,137,302.3,1,0,0,311.3,0,0,0
1305.0,20,302.7,2,0,0,310.4,0,0,0
1811.0,136,300.8,1,0,0,312.4,0,0,0
1404.0,15,298.3,1,0,0,309.1,0,0,0
1350.0,105,297.7,1,0,0,308.8,0,0,0
1413.0,182,300.3,0,0,0,311.8,0,0,0
1505.0,68,303.3,1,0,0,312.4,0,0,0
1698.0,40,298.1,0,0,0,307.9,0,0,0
1679.0,90,298.0,0,0,0,309.0,0,0,0
1427.0,87,300.6,2,0,0,311.7,0,0,0
1500.0,164,302.4,1,0,0,310.5,0,0,0
1306.0,35,298.2,0,0,0,308.1,0,0,0
1649.0,133,299.6,1,0,0,311.1,0,0,0
1428.0,26,297.4,0,0,0,309.2,0,0,0
1338.0,63,302.3,1,0,0,311.1,0,0,0
1869.0,211,303.8,0,0,0,313.1,0,0,0
1567.0,168,303.9,1,0,0,313.3,0,0,0
1461.0,173,300.8,0,0,0,310.7,0,0,0
1629.0,49,298.8,0,0,0,309.9,0,0,0
1506.0,87,300.0,0,0,0,309.5,0,0,0
1604.0,191,300.1,0,0,0,311.4,0,0,0
1451.0,42,301.3,0,0,0,310.6,0,0,0
1899.5,205,301.8,1,0,0,310.1,0,0,0
1899.5,102,299.0,0,0,0,308.6,0,0,0
1366.0,161,298.9,2,0,0,310.1,0,0,0
1473.0,124,298.0,0,0,0,309.1,0,0,0
1384.0,24,300.4,0,0,0,310.6,0,0,0
1495.0,148,301.3,1,0,0,311.0,0,0,0
1464.0,218,297.6,1,0,0,309.3,0,0,0
1436.0,9,303.6,2,0,0,312.4,0,0,0
1543.0,97,301.4,0,0,0,310.8,0,0,0
1674.0,85,300.1,2,0,0,311.6,0,0,0
1523.0,239,302.8,0,0,0,312.4,0,0,0
1664.0,58,301.6,1,0,0,310.8,0,0,0
1510.0,52,298.9,0,0,0,310.1,0,0,0
1341.0,171,298.2,0,0,0,309.0,0,0,0
1393.0,45,297.9,0,0,0,308.9,0,0,0
1570.0,131,298.5,0,0,0,309.3,0,0,0
1412.0,184,301.5,1,0,0,310.5,0,0,0
1505.0,144,298.6,0,0,0,309.8,0,0,0
1344.0,122,298.4,1,0,0,309.5,0,0,0
1348.0,66,297.4,0,0,0,308.1,0,0,0
1430.0,80,298.6,1,0,0,309.8,0,0,0
1454.0,37,302.5,1,0,0,312.1,0,0,0
1639.0,24,300.4,0,0,0,311.3,0,0,0
1502.0,103,298.3,0,0,0,307.9,0,0,0
1389.0,39,303.3,0,0,0,311.3,0,0,0
1713.0,167,299.6,0,0,0,309.2,0,0,0
1445.0,55,299.7,0,0,0,309.4,0,0,0
1502.0,126,297.0,0,0,0,307.7,0,0,0
1490.0,29,298.8,0,0,0,308.5,0,0,0
1564.0,188,302.7,1,0,0,312.1,0,0,0
1486.0,91,299.0,1,0,0,310.0,0,0,0
1556.0,48,301.5,0,0,0,310.5,0,0,0
1491.0,166,299.1,1,0,0,308.6,0,0,0
1490.0,159,300.7,2,0,0,312.1,0,0,0
1436.0,191,297.0,0,0,0,307.9,0,0,0
1357.0,176,298.8,0,0,0,309.3,0,0,0
1327.0,189,297.5,0,0,0,308.2,0,0,0
1843.0,130,298.7,1,0,0,309.0,0,0,0
1710.0,218,302.3,1,0,0,310.9,0,0,0
1433.0,17,302.7,0,0,0,312.4,0,0,0
1825.0,127,300.8,0,0,0,312.4,0,0,0
1380.0,184,301.9,1,0,0,311.1,0,0,0
1740.0,113,300.4,0,0,0,309.7,0,0,0
1361.0,81,298.3,0,0,0,308.0,0,0,0
1654.0,89,300.7,0,0,0,310.6,0,0,0
1425.0,123,299.3,2,0,0,309.0,0,0,0
1593.0,29,303.5,1,0,0,312.3,0,0,0
1542.0,108,300.5,0,0,0,309.5,0,0,0
1364.0,89,297.9,1,0,0,307.7,0,0,0
1828.0,91,296.9,1,0,0,307.8,0,0,0
1706.0,148,299.8,1,0,0,311.2,0,0,0
1426.0,24,297.5,0,0,0,309.2,0,0,0
1242.0,98,298.3,0,0,0,308.0,0,0,0
1446.0,105,297.8,0,0,0,307.6,0,0,0
1630.0,206,299.6,1,0,0,310.9,0,0,0
1332.0,66,303.7,2,0,0,311.9,0,0,0
1711.0,215,300.4,0,0,0,309.5,0,0,0
1570.0,163,302.2,1,0,0,310.6,0,0,0
1899.5,163,300.7,0,0,0,311.1,0,0,0
1419.0,52,297.4,0,0,0,308.2,0,0,0
1583.0,116,300.8,1,0,0,311.1,0,0,0
1607.0,199,300.3,1,0,0,311.8,0,0,0
1407.0,49,298.2,0,0,0,308.7,0,0,0
1407.0,5,304.0,0,0,0,313.0,0,0,0
1329.0,30,299.2,2,0,0,310.5,0,0,0
1429.0,176,301.6,0,0,0,310.7,0,0,0
1523.0,152,303.8,0,0,0,312.5,0,0,0
1462.0,75,300.8,0,0,0,311.3,0,0,0
1457.0,48,303.3,0,0,0,312.2,0,0,0
1574.0,121,297.6,0,0,0,308.5,0,0,0
1565.0,163,302.4,0,0,0,311.1,0,0,0
1539.0,168,298.3,0,0,0,308.5,0,0,0
1563.0,56,297.7,0,0,0,309.1,0,0,0
1361.0,182,302.0,0,0,0,310.6,0,0,0
1462.0,115,298.5,0,0,0,309.6,0,0,0
1445.0,105,301.0,0,0,0,312.3,0,0,0
1521.0,27,296.9,1,0,0,307.4,0,0,0
1683.0,79,297.6,1,0,0,308.8,0,0,0
1442.0,181,298.9,0,0,0,310.1,0,0,0
1496.0,134,298.6,0,0,0,309.8,0,0,0
1434.0,52,301.4,1,0,0,311.2,0,0,0
1414.0,205,302.5,1,0,0,311.9,0,0,0
1543.0,55,301.5,0,0,0,310.4,0,0,0
1899.5,146,303.8,1,0,0,312.5,0,0,0
1484.0,198,300.4,2,0,0,310.1,0,0,0
1694.0,66,302.8,0,0,0,312.5,0,0,0
1366.0,57,301.9,0,0,0,311.3,0,0,0
1659.0,94,303.6,1,0,0,311.8,0,0,0
1682.0,78,300.6,0,0,0,309.6,0,0,0
1632.0,55,298.9,1,0,0,309.3,0,0,0
1545.0,12,302.4,0,0,0,312.0,0,0,0
1449.0,209,297.6,0,0,0,308.9,0,0,0
1424.0,196,296.3,2,0,0,307.2,0,0,0
1404.0,86,299.4,0,0,0,309.0,0,0,0
1616.0,19,302.2,0,0,0,311.5,0,0,0
1566.0,41,303.3,1,0,0,311.3,0,0,0
1410.0,23,297.8,2,0,0,309.0,0,0,0
1394.0,121,300.1,0,0,0,310.5,0,0,0
1571.0,102,296.9,0,0,0,307.8,0,0,0
1366.0,95,299.6,1,0,0,309.1,0,0,0
1333.0,18,300.3,0,0,0,311.7,0,0,0
1467.0,219,299.8,0,0,0,309.4,0,0,0
1603.0,203,299.3,0,0,0,308.8,0,0,0
1465.0,143,302.4,0,0,0,311.8,0,0,0
1545.0,160,300.3,0,0,0,311.7,0,0,0
1899.5,159,297.1,1,0,0,307.9,0,0,0
1402.0,10,300.1,1,0,0,310.1,0,0,0
1523.0,85,296.5,0,0,0,307.4,0,0,0
1616.0,114,297.7,0,0,0,308.8,0,0,0
1422.0,120,299.6,0,0,0,308.9,0,0,0
1549.0,139,298.4,0,0,0,309.3,0,0,0
1561.0,106,302.2,1,0,0,311.2,0,0,0
1650.0,67,295.5,0,0,0,306.1,0,0,0
1357.0,121,298.9,1,0,0,309.9,0,0,0
1362.0,25,301.2,2,0,0,309.9,0,0,0
1603.0,184,297.5,0,0,0,308.8,0,0,0
1585.0,167,302.7,1,0,0,312.2,0,0,0
1374.0,154,299.5,0,0,0,310.8,0,0,0
1329.0,166,298.3,0,0,0,308.4,0,0,0
1550.0,53,298.8,0,0,0,309.9,0,0,0
1603.0,202,299.6,1,0,0,310.8,0,0,0
1492.0,155,301.6,0,0,0,310.9,0,0,0
1642.0,82,302.6,0,0,0,310.3,0,0,0
1535.0,87,298.5,1,0,0,309.5,0,0,0
1608.0,76,300.0,0,0,0,309.9,0,0,0
1574.0,175,303.5,0,0,0,312.4,0,0,0
1757.0,6,301.2,0,0,0,311.4,0,0,0
1377.0,22,302.3,0,0,0,310.8,0,0,0
1495.0,16,299.3,0,0,0,310.2,0,0,0
1353.0,13,297.9,0,0,0,307.7,0,0,0
1418.0,60,300.0,0,0,0,311.2,0,0,0
1635.0,62,300.5,2,0,0,309.5,0,0,0
1899.5,65,303.4,1,0,0,312.6,0,0,0
1465.0,13,302.1,0,0,0,310.7,0,0,0
1727.0,50,302.1,0,0,0,311.5,0,0,0
1309.0,86,303.6,0,0,0,312.0,0,0,0
1417.0,35,301.1,0,0,0,310.1,0,0,0
1581.0,109,302.3,1,0,0,310.9,0,0,0
1510.0,16,303.1,1,0,0,311.0,0,0,0
1464.0,106,302.4,1,0,0,311.0,0,0,0
1469.0,183,297.7,1,0,0,308.1,0,0,0
1331.0,98,299.8,1,0,0,309.6,0,0,0
1426.0,124,295.6,0,0,0,306.2,0,0,0
1333.0,11,297.3,0,0,0,308.3,0,0,0
1532.0,77,302.6,1,0,0,310.4,0,0,0
1670.0,134,300.6,0,0,0,312.0,0,0,0
1674.0,223,302.5,0,0,0,311.4,0,0,0
1732.0,147,303.8,1,0,0,313.2,0,0,0
1478.0,116,300.1,0,0,0,309.1,0,0,0
1716.0,66,298.4,0,0,0,309.3,0,0,0
1439.0,30,303.2,0,0,0,311.2,0,0,0
1287.0,216,298.9,0,0,0,309.8,0,0,0
1432.0,198,298.1,0,0,0,307.8,0,0,0
1552.0,205,298.5,1,0,0,309.7,0,0,0
1463.0,206,298.1,1,0,0,307.9,0,0,0
1793.0,200,302.3,0,0,0,311.7,0,0,0
1716.0,9,298.0,0,0,0,307.8,0,0,0
1515.0,170,298.9,0,0,0,310.0,0,0,0
1579.0,166,296.5,0,0,0,307.3,0,0,0
1281.0,144,303.2,0,0,0,312.6,0,0,0
1376.0,202,298.4,0,0,0,309.5,0,0,0
1370.0,85,302.0,0,0,0,310.5,0,0,0
1481.0,93,302.2,0,0,0,311.5,0,0,0
1393.0,110,299.6,0,0,0,310.7,0,0,0
1469.0,93,298.9,1,0,0,308.6,0,0,0
1443.0,122,300.5,0,0,0,309.9,0,0,0
1454.0,43,300.9,0,0,0,310.4,0,0,0
1676.0,69,299.1,0,0,0,308.5,0,0,0
1511.0,200,300.4,1,0,0,311.7,0,0,0
1405.0,79,301.0,0,0,0,312.1,0,0,0
1510.0,46,298.9,0,0,0,308.2,0,0,0
1398.0,63,297.6,1,0,0,308.4,0,0,0
1612.0,129,301.2,0,0,0,311.0,0,0,0
1899.5,15,300.6,1,0,0,309.7,0,0,0
1495.0,144,299.3,0,0,0,310.7,0,0,0
1523.0,205,300.9,0,0,0,310.7,0,0,0
1596.0,156,302.2,0,0,0,311.9,0,0,0
1529.0,17,299.3,0,0,0,310.5,0,0,0
1655.0,30,300.0,0,0,0,311.4,0,0,0
1479.0,59,302.3,1,0,0,311.4,0,0,0
1368.0,115,298.8,0,0,0,309.1,0,0,0
1351.0,73,298.8,0,0,0,309.9,0,0,0
1511.0,186,300.1,0,0,0,310.0,0,0,0
1529.0,157,297.0,0,0,0,307.9,0,0,0
1249.0,47,297.7,2,0,0,307.3,0,0,0
1615.0,217,297.3,0,0,0,308.1,0,0,0
1332.0,66,303.5,0,0,0,312.9,0,0,0
1466.0,41,300.2,1,0,0,309.8,0,0,0
1680.0,200,297.4,0,0,0,308.6,0,0,0
1566.0,100,298.2,1,0,0,307.8,0,0,0
1577.0,136,302.4,1,0,0,310.1,0,0,0
1442.0,165,299.3,1,0,0,308.8,0,0,0
1464.0,48,304.2,0,0,0,313.3,0,0,0
1511.0,205,300.5,0,0,0,311.9,0,0,0
1513.0,172,298.5,0,0,0,308.4,0,0,0
1364.0,104,299.2,1,0,0,308.3,0,0,0
1549.0,233,300.6,0,0,0,309.4,0,0,0
1666.0,40,301.1,0,0,0,310.1,0,0,0
1354.0,157,300.5,0,0,0,310.8,0,0,0
1475.0,179,301.9,1,0,0,310.6,0,0,0
1633.0,24,299.7,0,0,0,310.2,0,0,0
1357.0,104,297.6,1,0,0,308.8,0,0,0
1418.0,197,299.7,2,0,0,310.8,0,0,0
1268.0,155,298.8,0,0,0,308.6,0,0,0
1483.0,117,303.4,1,0,0,311.5,0,0,0
1420.0,113,303.1,0,0,0,311.1,0,0,0
1458.0,151,295.7,2,0,0,306.2,0,0,0
1899.5,198,302.5,2,0,0,311.8,0,0,0
1570.0,138,298.3,0,0,0,309.4,0,0,0
1423.0,205,295.5,1,0,0,306.0,0,0,0
1599.0,101,298.8,0,0,0,308.6,0,0,0
1476.0,196,300.7,0,0,0,311.9,0,0,0
1426.0,60,299.1,0,0,0,308.3,0,0,0
1663.0,115,302.2,1,0,0,311.2,0,0,0
1371.0,102,300.7,1,0,0,312.4,0,0,0
1419.0,105,298.5,0,0,0,309.6,0,0,0
1566.0,187,300.6,1,0,0,310.7,0,0,0
1899.5,218,298.6,0,0,0,309.8,0,0,0
1448.0,195,303.8,1,0,0,312.5,0,0,0
1630.0,2,301.4,1,0,0,310.6,0,0,0
1615.0,176,302.1,2,0,0,310.1,0,0,0
1621.0,36,300.3,0,0,0,309.9,0,0,0
1251.0,120,300.7,0,0,0,309.5,0,0,0
1466.0,50,298.9,0,0,0,310.1,0,0,0
1347.0,183,300.7,1,0,0,310.7,0,0,0
1688.0,155,302.7,0,0,0,312.1,0,0,0
1514.0,177,297.3,0,0,0,308.5,0,0,0
1622.0,134,297.8,0,0,0,308.4,0,0,0
1579.0,70,297.8,0,0,0,308.8,0,0,0
1565.0,81,300.7,0,0,0,310.1,0,0,0
1386.0,154,299.5,2,0,0,309.4,0,0,0
1612.0,200,303.7,1,0,0,312.7,0,0,0
1547.0,201,300.1,0,0,0,311.3,0,0,0
1457.0,7,301.6,1,0,0,310.7,0,0,0
1531.0,161,302.1,1,0,0,310.0,0,0,0
1522.0,53,298.5,0,0,0,308.6,0,0,0
1464.0,74,298.7,0,0,0,309.9,0,0,0
1685.0,140,300.5,1,0,0,309.7,0,0,0
1634.0,63,303.7,1,0,0,312.8,0,0,0
1434.0,18,301.3,2,0,0,310.8,0,0,0
1607.0,2,298.7,0,0,0,309.1,0,0,0
1693.0,175,303.4,2,0,0,311.8,0,0,0
1474.0,132,299.2,1,0,0,308.5,0,0,0
1527.0,2,300.3,0,0,0,309.9,0,0,0
1634.0,0,300.0,0,0,0,311.4,0,0,0
1615.0,23,298.5,1,0,0,309.3,0,0,0
1526.0,20,299.0,1,0,0,308.9,0,0,0
1497.0,57,296.9,1,0,0,308.0,0,0,0
1317.0,40,301.9,1,0,0,310.9,0,0,0
1567.0,95,299.8,0,0,0,309.0,0,0,0
1312.0,40,302.8,0,0,0,310.9,0,0,0
1406.0,136,300.6,0,0,0,312.0,0,0,0
1693.0,84,299.0,0,0,0,309.4,0,0,0
1376.0,45,301.3,0,0,0,310.6,0,0,0
1501.0,192,301.3,0,0,0,310.4,0,0,0
1515.0,213,297.5,0,0,0,309.1,0,0,0
1548.0,143,301.6,1,0,0,310.8,0,0,0
1560.0,129,301.3,0,0,0,310.3,0,0,0
1507.0,51,297.0,1,0,0,308.1,0,0,0
1456.0,127,302.4,0,0,0,310.4,0,0,0
1316.0,200,297.0,0,0,0,307.8,0,0,0
1549.0,189,300.1,0,0,0,311.5,0,0,0
1348.0,162,297.1,0,0,0,308.0,0,0,0
1400.0,43,297.6,2,0,0,308.3,0,0,0
1486.0,56,300.7,0,0,0,311.2,0,0,0
1671.0,41,298.1,0,0,0,308.7,0,0,0
1430.0,29,302.2,0,0,0,311.4,0,0,0
1418.0,155,297.8,0,0,0,307.4,0,0,0
1491.0,29,297.3,0,0,0,308.4,0,0,0
1341.0,99,302.1,1,0,0,311.5,0,0,0
1363.0,115,298.9,1,0,0,309.8,0,0,0
1409.0,104,300.5,0,0,0,311.7,0,0,0
1506.0,11,301.3,0,0,0,310.0,0,0,0
1541.0,17,300.9,0,0,0,310.4,0,0,0
1360.0,69,298.7,1,0,0,308.5,0,0,0
1329.0,186,300.2,1,0,0,309.4,0,0,0
1582.0,68,297.4,0,0,0,308.4,0,0,0
1365.0,111,298.7,0,0,0,309.8,0,0,0
1459.0,207,297.3,1,0,0,308.3,0,0,0
1416.0,241,302.8,1,0,0,312.3,0,0,0
1698.0,119,297.4,0,0,0,309.2,0,0,0
1564.0,172,299.8,0,0,0,311.2,0,0,0
1757.0,151,302.6,1,0,0,311.4,0,0,0
1529.0,5,298.3,2,0,0,309.3,0,0,0
1336.0,82,297.9,1,0,0,307.9,0,0,0
1444.0,115,302.3,1,0,0,311.3,0,0,0
1383.0,98,297.8,0,0,0,307.8,0,0,0
1362.0,212,300.9,1,0,0,310.7,0,0,0
1579.0,152,297.8,1,0,0,308.4,0,0,0
1899.5,185,299.8,1,0,0,311.0,0,0,0
1899.5,112,300.0,0,0,0,309.0,0,0,0
1342.0,68,300.2,2,0,0,309.3,0,0,0
1374.0,156,298.1,1,0,0,308.0,0,0,0
1376.0,214,298.0,1,0,0,308.6,0,0,0
1499.0,205,300.7,0,0,0,311.7,0,0,0
1804.0,17,299.0,1,0,0,309.0,0,0,0
1666.0,125,302.4,0,0,0,310.4,0,0,0
1701.0,55,300.9,0,0,0,310.8,0,0,0
1621.0,130,298.7,0,0,0,309.9,0,0,0
1532.0,2,302.0,0,0,0,309.8,0,0,0
1465.0,153,297.4,1,0,0,308.5,0,0,0
1568.0,92,298.2,0,0,0,308.3,0,0,0
1492.0,144,300.6,1,0,0,309.5,0,0,0
1396.0,0,295.6,2,0,0,306.0,0,0,0
1603.0,170,299.7,1,0,0,309.1,0,0,0
1701.0,98,299.5,1,0,0,309.0,0,0,0
1595.0,183,299.8,2,0,0,309.3,0,0,0
1614.0,74,302.6,2,0,0,310.4,0,0,0
1899.5,133,302.0,0,0,0,310.5,0,0,0
1899.5,137,299.0,2,0,0,310.1,0,0,0
1403.0,151,301.8,0,0,0,310.6,0,0,0
1754.0,123,297.3,0,0,0,308.2,0,0,0
1804.0,215,297.5,1,0,0,309.2,0,0,0
1501.0,201,297.7,0,0,0,308.5,0,0,0
1370.0,20,301.9,0,0,0,310.7,0,0,0
1623.0,210,295.6,2,0,0,306.1,0,0,0
1541.0,48,300.7,0,0,0,309.5,0,0,0
1424.0,26,301.5,1,0,0,310.6,0,0,0
1403.0,34,301.5,1,0,0,310.6,0,0,0
1899.5,115,304.0,0,0,0,313.0,0,0,0
1639.0,94,302.0,1,0,0,310.5,0,0,0
1365.0,143,297.6,0,0,0,308.7,0,0,0
1739.0,128,299.8,0,0,0,309.5,0,0,0
1427.0,25,303.2,0,0,0,311.2,0,0,0
1665.0,0,301.3,0,0,0,310.0,0,0,0
1829.0,159,303.1,0,0,0,311.4,0,0,0
1677.0,180,298.6,0,0,0,309.3,0,0,0
1500.0,187,298.9,2,0,0,308.7,0,0,0
1494.0,49,304.1,1,0,0,313.3,0,0,0
1899.5,2,303.6,1,0,0,312.1,0,0,0
1703.0,120,299.3,1,0,0,309.1,0,0,0
1519.0,155,302.1,0,0,0,311.2,0,0,0
1383.0,231,302.0,0,0,0,310.8,0,0,0
1347.0,94,302.2,1,0,0,311.2,0,0,0
1418.0,17,302.0,1,0,0,311.2,0,0,0
1811.0,147,298.1,1,0,0,308.8,0,0,0
1645.0,57,299.4,0,0,0,309.1,0,0,0
1439.0,212,302.4,1,0,0,311.9,0,0,0
1470.0,83,299.0,0,0,0,310.1,0,0,0
1561.0,35,298.5,0,0,0,309.5,0,0,0
1457.0,114,301.2,2,0,0,310.6,0,0,0
1899.5,79,295.7,0,0,0,306.3,0,0,0
1431.0,38,299.1,0,0,0,308.3,0,0,0
1619.0,240,299.1,0,0,0,310.3,0,0,0
1517.0,186,300.0,0,0,0,310.5,0,0,0
1385.0,173,300.5,0,0,0,311.6,0,0,0
1379.0,65,298.2,0,0,0,308.4,0,0,0
1408.0,54,297.0,1,0,0,308.0,0,0,0
1363.0,200,304.0,0,0,0,312.9,0,0,0
1401.0,76,298.9,0,0,0,310.1,0,0,0
1715.0,192,299.7,0,0,0,309.1,0,0,0
1519.0,16,300.8,1,0,0,309.7,0,0,0
1443.0,68,300.0,1,0,0,310.2,0,0,0
1416.0,66,300.4,2,0,0,309.6,0,0,0
1419.0,170,299.7,0,0,0,309.6,0,0,0
1583.0,230,298.9,0,0,0,310.3,0,0,0
1648.0,188,299.3,1,0,0,308.8,0,0,0
1863.0,85,302.2,1,0,0,311.5,0,0,0
1477.0,83,299.7,0,0,0,310.9,0,0,0
1615.0,193,299.2,0,0,0,309.0,0,0,0
1709.0,196,297.3,1,0,0,308.1,0,0,0
1600.0,205,301.5,1,0,0,310.5,0,0,0
1671.0,199,300.9,0,0,0,310.0,0,0,0
1476.0,223,299.5,0,0,0,309.1,0,0,0
1391.0,161,298.1,0,0,0,307.5,0,0,0
1687.0,30,301.2,0,0,0,309.9,0,0,0
1564.0,165,301.1,0,0,0,311.2,0,0,0
1739.0,72,299.1,0,0,0,310.5,0,0,0
1483.0,46,298.7,0,0,0,308.5,0,0,0
1551.0,15,298.8,1,0,0,309.8,0,0,0
1598.0,149,300.7,0,0,0,309.7,0,0,0
1899.5,89,298.9,1,0,0,309.8,0,0,0
1642.0,53,300.1,0,0,0,309.6,0,0,0
1514.0,87,300.6,0,0,0,310.6,0,0,0
1720.0,197,298.9,1,0,0,310.6,0,0,0
1467.0,218,299.1,0,0,0,308.9,0,0,0
1888.0,133,300.6,2,0,0,309.6,0,0,0
1314.0,146,300.4,0,0,0,309.8,0,0,0
1474.0,171,300.9,0,0,0,312.1,0,0,0
1369.0,198,298.9,0,0,0,309.1,0,0,0
1899.5,193,298.9,1,0,0,309.0,0,0,0
1520.0,143,302.4,0,0,0,311.1,0,0,0
1589.0,120,297.9,0,0,0,307.6,0,0,0
1629.0,62,300.0,0,0,0,311.2,0,0,0
1340.0,144,299.2,0,0,0,308.5,0,0,0
1387.0,50,298.6,0,0,0,309.6,0,0,0
1899.5,117,304.0,0,0,0,313.0,0,0,0
1504.0,4,297.9,0,0,0,309.1,0,0,0
1468.0,178,300.8,0,0,0,310.0,0,0,0
1526.0,57,297.6,0,0,0,308.6,0,0,0
1429.0,6,297.2,1,0,0,308.3,0,0,0
1613.0,57,297.9,0,0,0,308.8,0,0,0
1365.0,146,303.0,0,0,0,311.3,0,0,0
1725.0,170,302.2,0,0,0,311.5,0,0,0
1423.0,222,301.5,0,0,0,310.7,0,0,0
1530.0,165,301.0,1,0,0,311.5,0,0,0
1494.0,67,303.0,0,0,0,311.2,0,0,0
1378.0,163,299.0,0,0,0,308.6,0,0,0
1708.0,17,301.9,0,0,0,310.4,0,0,0
1522.0,2,298.9,0,0,0,308.6,0,0,0
1597.0,116,298.4,1,0,0,309.2,0,0,0
1461.0,188,303.8,0,0,0,312.7,0,0,0
1529.0,153,297.7,0,0,0,309.6,0,0,0
1418.0,118,303.6,0,0,0,312.7,0,0,0
1360.0,77,297.6,1,0,0,308.5,0,0,0
1787.0,33,301.7,1,0,0,310.3,0,0,0
1430.0,178,297.9,0,0,0,307.6,0,0,0
1669.0,79,300.8,1,0,0,310.6,0,0,0
1447.0,174,302.2,0,0,0,311.1,0,0,0
1899.5,189,300.5,1,0,0,309.9,0,0,0
1450.0,28,298.5,2,0,0,308.7,0,0,0
1654.0,195,298.7,1,0,0,309.9,0,0,0
1391.0,17,296.8,0,0,0,308.0,0,0,0
1455.0,9,301.1,0,0,0,310.2,0,0,0
1593.0,139,301.8,0,0,0,310.5,0,0,0
1519.0,91,300.6,2,0,0,310.5,0,0,0
1563.0,8,302.0,0,0,0,311.0,0,0,0
1341.0,208,297.8,0,0,0,309.7,0,0,0
1509.0,57,298.8,0,0,0,309.8,0,0,0
1587.0,166,297.5,0,0,0,308.8,0,0,0
1488.0,57,297.8,1,0,0,307.4,0,0,0
1446.0,80,298.2,1,0,0,309.0,0,0,0
1493.0,57,300.9,0,0,0,310.8,0,0,0
1273.0,182,297.3,0,0,0,308.6,0,0,0
1448.0,218,300.7,0,0,0,310.5,0,0,0
1389.0,149,298.8,0,0,0,310.0,0,0,0
1459.0,191,297.4,0,0,0,309.2,0,0,0
1410.0,191,298.9,0,0,0,309.0,0,0,0
1335.0,135,302.5,0,0,0,311.8,0,0,0
1583.0,185,298.2,1,0,0,307.8,0,0,0
1446.0,61,298.2,0,0,0,308.2,0,0,0
1437.0,102,304.2,1,0,0,313.5,0,0,0
1436.0,173,300.4,0,0,0,311.2,0,0,0
1882.0,84,300.0,0,0,0,309.1,0,0,0
1382.0,131,300.9,0,0,0,310.2,0,0,0
1781.0,196,302.6,0,0,0,312.0,0,0,0
1465.0,201,299.2,0,0,0,308.4,0,0,0
1192.0,135,301.8,0,0,0,310.6,0,0,0
1467.0,216,297.3,0,0,0,308.7,0,0,0
1433.0,129,299.7,2,0,0,309.6,0,0,0
1544.0,170,296.6,1,0,0,307.4,0,0,0
1573.0,103,301.0,0,0,0,311.4,0,0,0
1411.0,138,297.4,0,0,0,308.6,0,0,0
1382.0,151,297.4,1,0,0,308.7,0,0,0
1673.0,141,298.7,0,0,0,309.5,0,0,0
1438.0,100,304.2,0,0,0,313.5,0,0,0
1373.0,211,300.5,0,0,0,309.3,0,0,0
1484.0,169,302.4,0,0,0,311.1,0,0,0
1527.0,16,298.1,0,0,0,308.6,0,0,0
1437.0,195,298.7,1,0,0,309.2,0,0,0
1340.0,76,303.5,0,0,0,312.4,0,0,0
1759.0,34,300.3,0,0,0,311.4,0,0,0
1408.0,156,299.8,0,0,0,309.4,0,0,0
1378.0,220,299.2,0,0,0,308.5,0,0,0
1725.0,172,299.1,1,0,0,308.8,0,0,0
1453.0,11,298.9,0,0,0,308.9,0,0,0
1443.0,0,299.1,2,0,0,309.9,0,0,0
1644.0,115,295.8,0,0,0,306.6,0,0,0
1576.0,55,298.4,1,0,0,308.5,0,0,0
1596.0,43,302.1,0,0,0,310.8,0,0,0
1664.0,150,300.8,1,0,0,312.2,0,0,0
1344.0,130,298.4,2,0,0,308.7,0,0,0
1379.0,111,297.7,0,0,0,307.5,0,0,0
1348.0,102,298.3,0,0,0,308.9,0,0,0
1432.0,59,300.9,0,0,0,311.0,0,0,0
1526.0,177,299.2,0,0,0,308.9,0,0,0
1435.0,134,300.8,0,0,0,312.3,0,0,0
1515.0,168,303.4,1,0,0,311.7,0,0,0
1410.0,223,301.9,0,0,0,309.6,0,0,0
1361.0,0,298.2,1,0,0,308.7,0,0,0
1436.0,32,298.7,0,0,0,310.2,0,0,0
1534.0,41,302.4,1,0,0,311.4,0,0,0
1543.0,60,300.6,0,0,0,310.7,0,0,0
1395.0,21,297.4,0,0,0,308.3,0,0,0
1551.0,6,302.7,0,0,0,310.5,0,0,0
1518.0,103,303.4,1,0,0,312.8,0,0,0
1551.0,72,298.3,0,0,0,307.9,0,0,0
1514.0,78,298.1,1,0,0,307.8,0,0,0
1899.5,143,300.5,1,0,0,312.0,0,0,0
1440.0,37,298.0,2,0,0,308.1,0,0,0
1530.0,27,302.0,1,0,0,311.3,0,0,0
1576.0,167,298.4,1,0,0,309.1,0,0,0
1801.0,11,297.4,0,0,0,308.3,0,0,0
1352.0,24,298.4,0,0,0,308.8,0,0,0
1401.0,129,303.9,2,0,0,312.7,0,0,0
1639.0,48,300.7,0,0,0,310.2,0,0,0
1498.0,116,299.6,0,0,0,310.8,0,0,0
1785.0,181,298.2,0,0,0,307.9,0,0,0
1388.0,160,300.7,1,0,0,309.6,0,0,0
1475.0,22,299.2,0,0,0,308.4,0,0,0
1520.0,48,298.9,1,0,0,310.0,0,0,0
1517.0,210,300.9,0,0,0,310.7,0,0,0
1701.0,127,301.4,0,0,0,311.0,0,0,0
1641.0,192,301.7,0,0,0,310.7,0,0,0
1393.0,80,299.3,0,0,0,308.7,0,0,0
1438.0,60,298.1,2,0,0,309.0,0,0,0
1429.0,96,299.1,2,0,0,310.1,0,0,0
1538.0,43,301.5,2,0,0,310.5,0,0,0
1506.0,54,297.3,2,0,0,308.3,0,0,0
1469.0,191,298.3,1,0,0,309.6,0,0,0
1373.0,130,297.9,0,0,0,307.8,0,0,0
1527.0,56,298.1,1,0,0,308.7,0,0,0
1470.0,132,296.8,1,0,0,307.5,0,0,0
1462.0,126,300.7,0,0,0,311.0,0,0,0
1752.0,52,297.8,1,0,0,307.4,0,0,0
1394.0,62,297.6,0,0,0,309.1,0,0,0
1593.0,47,298.6,0,0,0,309.9,0,0,0
1492.0,197,298.0,1,0,0,307.8,0,0,0
1629.0,136,298.7,1,0,0,309.7,0,0,0
1597.0,15,302.7,0,0,0,310.7,0,0,0
1473.0,128,298.8,0,0,0,308.4,0,0,0
1503.0,109,299.2,1,0,0,308.8,0,0,0
1474.0,64,299.6,1,0,0,310.9,0,0,0
1538.0,198,300.8,0,0,0,310.3,0,0,0
1399.0,125,298.4,1,0,0,309.2,0,0,0
1501.0,2,297.3,1,0,0,308.3,0,0,0
1459.0,87,299.3,1,0,0,308.7,0,0,0
1729.0,131,300.2,0,0,0,309.5,0,0,0
1754.0,125,297.3,0,0,0,308.2,0,0,0
1672.0,144,299.0,0,0,0,310.0,0,0,0
1816.0,138,298.3,1,0,0,309.4,0,0,0
1899.5,176,298.3,0,0,0,307.6,0,0,0
1352.0,12,297.5,0,0,0,308.6,0,0,0
1550.0,79,299.1,0,0,0,310.4,0,0,0
1576.0,28,302.2,1,0,0,311.7,0,0,0
1422.0,156,302.5,2,0,0,310.4,0,0,0
1639.0,63,304.2,0,0,0,313.4,0,0,0
1372.0,212,300.6,0,0,0,311.9,0,0,0
1458.0,153,301.7,1,0,0,310.5,0,0,0
1313.0,108,298.1,0,0,0,308.9,0,0,0
1597.0,11,297.8,0,0,0,307.8,0,0,0
1477.0,100,300.9,0,0,0,310.9,0,0,0
1470.0,148,300.3,0,0,0,309.4,0,0,0
1684.0,167,303.8,1,0,0,312.6,0,0,0
1336.0,44,298.8,0,0,0,309.7,0,0,0
1413.0,83,302.2,0,0,0,311.5,0,0,0
1435.0,70,300.4,0,0,0,309.9,0,0,0
1721.0,79,302.6,2,0,0,310.3,0,0,0
1352.0,176,299.7,0,0,0,311.2,0,0,0
1511.0,33,303.7,1,0,0,312.9,0,0,0
1694.0,36,297.5,0,0,0,308.6,0,0,0
1513.0,22,302.3,0,0,0,310.1,0,0,0
1483.0,26,298.0,1,0,0,307.8,0,0,0
1394.0,57,302.3,0,0,0,310.2,0,0,0
1435.0,135,301.5,0,0,0,310.5,0,0,0
1740.0,78,304.2,0,0,0,313.4,0,0,0
1626.0,177,296.9,0,0,0,307.9,0,0,0
1449.0,94,303.4,0,0,0,312.8,0,0,0
1527.0,149,299.1,0,0,0,310.4,0,0,0
1379.0,135,298.1,0,0,0,307.8,0,0,0
1512.0,46,296.4,0,0,0,307.4,0,0,0
1455.0,102,296.8,1,0,0,307.4,0,0,0
1415.0,82,301.6,1,0,0,311.2,0,0,0
1666.0,128,300.0,0,0,0,311.5,0,0,0
1630.0,169,302.2,0,0,0,311.2,0,0,0
1631.0,144,297.8,0,0,0,307.5,0,0,0
1385.0,169,297.3,0,0,0,307.8,0,0,0
1731.0,92,300.1,1,0,0,309.1,0,0,0
1397.0,135,301.0,1,0,0,309.6,0,0,0
1352.0,0,297.1,1,0,0,308.1,0,0,0
1592.0,158,297.3,0,0,0,308.7,0,0,0
1619.0,17,296.1,1,0,0,307.2,0,0,0
1470.0,86,301.4,0,0,0,311.0,0,0,0
1629.0,162,300.6,0,0,0,309.8,0,0,0
1561.0,156,301.6,0,0,0,310.4,0,0,0
1899.5,126,298.8,2,0,0,309.8,0,0,0
1382.0,186,298.7,1,0,0,309.6,0,0,0
1357.0,212,301.5,0,0,0,310.6,0,0,0
1471.0,244,300.6,0,0,0,309.4,0,0,0
1461.0,49,298.6,0,0,0,309.9,0,0,0
1468.0,168,303.7,0,0,0,312.7,0,0,0
1602.0,144,299.1,0,0,0,310.6,0,0,0
1591.0,105,302.0,0,0,0,310.4,0,0,0
1318.0,88,296.9,2,0,0,308.0,0,0,0
1444.0,180,300.8,1,0,0,309.9,0,0,0
1427.0,123,304.1,1,0,0,313.2,0,0,0
1489.0,64,303.3,1,0,0,311.8,0,0,0
1551.0,61,301.8,0,0,0,311.3,0,0,0
1577.0,227,300.8,0,0,0,310.6,0,0,0
1899.5,39,297.7,1,0,0,309.5,0,0,0
1384.0,218,299.3,0,0,0,308.6,0,0,0
1755.0,148,300.9,0,0,0,310.9,0,0,0
1409.0,91,299.3,0,0,0,308.5,0,0,0
1481.0,54,298.0,0,0,0,308.6,0,0,0
1599.0,131,298.8,0,0,0,309.8,0,0,0
1505.0,7,300.7,0,0,0,309.6,0,0,0
1364.0,129,298.1,0,0,0,307.6,0,0,0
1597.0,179,302.4,2,0,0,310.1,0,0,0
1512.0,47,299.4,1,0,0,310.0,0,0,0
1486.0,92,298.8,1,0,0,308.6,0,0,0
1400.0,196,302.5,0,0,0,311.6,0,0,0
1704.0,0,300.3,0,0,0,310.3,0,0,0
1564.0,122,302.4,0,0,0,311.4,0,0,0
1326.0,199,297.6,0,0,0,309.4,0,0,0
1434.0,2,297.4,0,0,0,308.4,0,0,0
1395.0,201,300.4,0,0,0,309.8,0,0,0
1772.0,167,299.9,0,0,0,309.5,0,0,0
1753.0,176,302.1,0,0,0,310.1,0,0,0
1899.5,102,303.0,0,0,0,312.7,0,0,0
1845.0,45,302.0,0,0,0,311.2,0,0,0
1628.0,64,299.0,1,0,0,310.2,0,0,0
1564.0,183,300.2,1,0,0,309.5,0,0,0
1533.0,198,300.7,0,0,0,310.3,0,0,0
1282.0,40,300.4,0,0,0,310.0,0,0,0
1867.0,225,299.6,1,0,0,309.2,0,0,0
1591.0,122,298.4,0,0,0,308.6,0,0,0
1368.0,123,303.8,0,0,0,312.5,0,0,0
1352.0,212,300.9,0,0,0,310.7,0,0,0
1373.0,108,298.9,0,0,0,309.9,0,0,0
1427.0,179,302.5,0,0,0,310.4,0,0,0
1495.0,0,304.0,2,0,0,312.9,0,0,0
1451.0,35,302.6,1,0,0,310.4,0,0,0
1512.0,146,304.2,1,0,0,313.6,0,0,0
1526.0,96,298.9,0,0,0,309.9,0,0,0
1590.0,57,297.9,0,0,0,307.7,0,0,0
1850.0,203,302.5,2,0,0,311.1,0,0,0
1756.0,28,303.5,0,0,0,312.0,0,0,0
1489.0,196,304.3,1,0,0,313.6,0,0,0
1439.0,164,302.7,1,0,0,312.2,0,0,0
1343.0,14,303.9,1,0,0,313.1,0,0,0
1345.0,191,299.2,0,0,0,309.1,0,0,0
1314.0,45,299.5,1,0,0,309.2,0,0,0
1335.0,9,300.4,1,0,0,311.9,0,0,0
1464.0,194,304.3,0,0,0,313.5,0,0,0
1372.0,86,302.3,2,0,0,311.4,0,0,0
1607.0,5,304.4,0,0,0,313.7,0,0,0
1740.0,86,304.2,0,0,0,313.4,0,0,0
1666.0,74,298.2,0,0,0,308.4,0,0,0
1301.0,42,298.5,0,0,0,308.2,0,0,0
1458.0,207,300.7,0,0,0,310.3,0,0,0
1468.0,32,301.5,1,0,0,310.1,0,0,0
1760.0,56,296.3,0,0,0,307.4,0,0,0
1350.0,69,296.5,1,0,0,307.4,0,0,0
1669.0,155,297.6,2,0,0,309.6,0,0,0
1597.0,66,301.0,2,0,0,311.3,0,0,0
1637.0,42,298.7,0,0,0,310.0,0,0,0
1342.0,54,298.1,1,0,0,308.2,0,0,0
1628.0,167,301.5,1,0,0,310.8,0,0,0
1375.0,87,300.9,1,0,0,310.4,0,0,0
1382.0,177,300.8,0,0,0,312.0,0,0,0
1655.0,146,298.4,0,0,0,309.6,0,0,0
1444.0,83,298.2,0,0,0,308.9,0,0,0
1481.0,49,300.8,1,0,0,309.5,0,0,0
1470.0,61,298.2,2,0,0,308.8,0,0,0
1397.0,36,298.6,0,0,0,308.4,0,0,0
1503.0,144,297.5,0,0,0,309.4,0,0,0
1464.0,179,298.6,1,0,0,309.4,0,0,0
1511.0,129,299.3,0,0,0,309.2,0,0,0
1628.0,111,299.4,1,0,0,310.8,0,0,0
1562.0,36,298.2,2,0,0,309.0,0,0,0
1393.0,167,298.8,0,0,0,309.1,0,0,0
1416.0,47,299.0,0,0,0,310.1,0,0,0
1494.0,142,301.4,0,0,0,311.1,0,0,0
1665.0,102,297.9,0,0,0,307.8,0,0,0
1505.0,179,300.7,2,0,0,310.6,0,0,0
1861.0,73,299.0,0,0,0,309.5,0,0,0
1510.0,36,303.4,1,0,0,311.9,0,0,0
1809.0,86,296.6,0,0,0,307.6,0,0,0
1665.0,20,298.1,0,0,0,308.5,0,0,0
1699.0,105,303.6,1,0,0,312.7,0,0,0
1388.0,91,304.0,2,0,0,313.1,0,0,0
1589.0,174,298.6,1,0,0,308.3,0,0,0
1703.0,205,297.6,2,0,0,308.4,0,0,0
1692.0,216,300.0,1,0,0,311.4,0,0,0
1496.0,60,300.2,2,0,0,311.6,0,0,0
1899.5,186,297.7,1,0,0,308.1,0,0,0
1365.0,199,301.8,1,0,0,310.8,0,0,0
1809.0,97,300.1,0,0,0,310.6,0,0,0
1434.0,127,299.7,0,0,0,309.3,0,0,0
1467.0,20,299.9,0,0,0,309.4,0,0,0
1694.0,115,296.8,1,0,0,307.8,0,0,0
1445.0,83,300.5,0,0,0,311.7,0,0,0
1703.0,85,300.0,0,0,0,311.3,0,0,0
1372.0,195,300.2,0,0,0,311.6,0,0,0
1872.0,82,298.8,0,0,0,308.6,0,0,0
1495.0,10,299.8,0,0,0,309.5,0,0,0
1609.0,117,298.5,0,0,0,308.7,0,0,0
1899.5,17,301.0,0,0,0,310.8,0,0,0
1389.0,169,302.1,0,0,0,310.5,0,0,0
1345.0,67,302.3,1,0,0,311.4,0,0,0
1572.0,127,298.5,1,0,0,309.6,0,0,0
1377.0,124,300.7,0,0,0,311.0,0,0,0
1345.0,50,300.3,0,0,0,310.3,0,0,0
1477.0,160,296.9,1,0,0,307.8,0,0,0
1527.0,114,301.3,2,0,0,310.6,0,0,0
1520.0,121,302.4,0,0,0,310.3,0,0,0
1811.0,72,300.9,0,0,0,312.2,0,0,0
1410.0,47,304.2,0,0,0,313.3,0,0,0
1366.0,54,302.0,1,0,0,311.5,0,0,0
1562.0,155,298.0,1,0,0,309.0,0,0,0
1435.0,202,297.2,2,0,0,308.0,0,0,0
1601.0,0,300.4,0,0,0,311.8,0,0,0
1653.0,100,299.0,0,0,0,308.6,0,0,0
1494.0,117,300.1,0,0,0,310.5,0,0,0
1521.0,166,301.3,0,0,0,310.6,0,0,0
1549.0,218,297.3,0,0,0,308.7,0,0,0
1405.0,62,303.5,1,0,0,312.6,0,0,0
1597.0,135,299.7,1,0,0,309.2,0,0,0
1417.0,187,299.7,0,0,0,309.1,0,0,0
1466.0,27,297.3,1,0,0,308.7,0,0,0
1548.0,64,297.8,0,0,0,308.8,0,0,0
1563.0,104,300.7,0,0,0,310.8,0,0,0
1552.0,120,299.3,2,0,0,309.1,0,0,0
1633.0,192,297.1,0,0,0,308.1,0,0,0
1682.0,58,302.8,0,0,0,312.2,0,0,0
1551.0,166,301.5,2,0,0,310.5,0,0,0
1370.0,115,295.6,0,0,0,306.0,0,0,0
1501.0,222,297.6,0,0,0,309.6,0,0,0
1503.0,124,297.9,0,0,0,307.6,0,0,0
1574.0,101,300.5,0,0,0,309.3,0,0,0
1608.0,114,300.4,0,0,0,311.3,0,0,0
1520.0,89,298.0,2,0,0,309.2,0,0,0
1498.0,155,303.6,2,0,0,312.6,0,0,0
1529.0,11,298.0,0,0,0,307.7,0,0,0
1254.0,31,297.6,1,0,0,308.6,0,0,0
1438.0,103,300.7,1,0,0,311.1,0,0,0
1541.0,104,299.2,1,0,0,309.0,0,0,0
1434.0,82,299.8,1,0,0,309.6,0,0,0
1471.0,39,300.6,0,0,0,311.8,0,0,0
1398.0,198,300.3,0,0,0,309.2,0,0,0
1441.0,94,299.1,1,0,0,310.3,0,0,0
1429.0,164,298.2,0,0,0,309.1,0,0,0
1413.0,101,300.4,0,0,0,309.3,0,0,0
1410.0,47,298.7,1,0,0,309.2,0,0,0
1475.0,119,297.6,0,0,0,308.8,0,0,0
1449.0,23,301.2,0,0,0,309.9,0,0,0
1523.0,80,298.1,0,0,0,307.7,0,0,0
1374.0,32,301.5,0,0,0,310.6,0,0,0
1595.0,41,297.6,0,0,0,308.3,0,0,0
1513.0,130,296.8,0,0,0,307.6,0,0,0
1410.0,47,297.4,0,0,0,308.5,0,0,0
1404.0,54,298.7,0,0,0,310.2,0,0,0
1468.0,112,300.7,1,0,0,310.9,0,0,0
1576.0,113,297.2,0,0,0,308.3,0,0,0
1532.0,47,297.9,0,0,0,309.0,0,0,0
1551.0,186,298.2,0,0,0,307.9,0,0,0
1364.0,106,298.7,0,0,0,309.6,0,0,0
1568.0,194,297.3,0,0,0,308.1,0,0,0
1560.0,73,299.6,1,0,0,309.1,0,0,0
1608.0,20,304.2,1,0,0,313.1,0,0,0
1531.0,57,301.3,0,0,0,310.8,0,0,0
1725.0,21,298.4,0,0,0,309.9,0,0,0
1757.0,71,298.0,0,0,0,308.8,0,0,0
1427.0,8,300.3,2,0,0,311.6,0,0,0
1540.0,32,300.4,1,0,0,310.5,0,0,0
1479.0,105,298.1,1,0,0,308.9,0,0,0
1620.0,215,297.4,1,0,0,308.4,0,0,0
1729.0,204,297.4,0,0,0,308.1,0,0,0
1409.0,85,298.0,1,0,0,309.0,0,0,0
1581.0,51,298.1,1,0,0,308.7,0,0,0
1402.0,182,302.0,0,0,0,311.1,0,0,0
1638.0,109,298.4,0,0,0,308.9,0,0,0
1325.0,88,300.9,1,0,0,311.1,0,0,0
1368.0,12,302.2,1,0,0,310.1,0,0,0
1450.0,59,301.3,0,0,0,310.8,0,0,0
1481.0,132,300.6,0,0,0,312.0,0,0,0
1375.0,94,298.4,0,0,0,308.1,0,0,0
1611.0,72,296.8,0,0,0,307.9,0,0,0
1563.0,163,298.5,2,0,0,308.2,0,0,0
1529.0,165,297.1,0,0,0,308.4,0,0,0
1584.0,17,301.4,0,0,0,310.7,0,0,0
1607.0,145,299.4,0,0,0,309.2,0,0,0
1418.0,83,303.3,0,0,0,312.1,0,0,0
1567.0,180,300.3,0,0,0,311.8,0,0,0
1571.0,59,299.3,1,0,0,309.1,0,0,0
1476.0,225,299.1,1,0,0,308.9,0,0,0
1505.0,166,297.9,1,0,0,307.6,0,0,0
1499.0,38,303.8,0,0,0,313.0,0,0,0
1441.0,62,298.8,0,0,0,309.9,0,0,0
1649.0,62,302.6,2,0,0,310.4,0,0,0
1665.0,0,303.9,0,0,0,313.1,0,0,0
1438.0,61,300.9,0,0,0,311.0,0,0,0
1557.0,185,302.3,1,0,0,311.8,0,0,0
1705.0,181,300.6,1,0,0,310.7,0,0,0
1498.0,47,299.3,2,0,0,308.6,0,0,0
1536.0,108,297.5,0,0,0,308.5,0,0,0
1748.0,144,296.4,0,0,0,307.2,0,0,0
1356.0,66,300.7,0,0,0,310.9,0,0,0
1899.5,99,300.7,2,0,0,311.0,0,0,0
1373.0,221,299.3,2,0,0,310.0,0,0,0
1519.0,37,297.9,1,0,0,307.6,0,0,0
1401.0,198,299.2,1,0,0,308.7,0,0,0
1366.0,117,300.4,0,0,0,312.0,0,0,0
1622.0,45,302.1,0,0,0,310.8,0,0,0
1363.0,187,298.1,1,0,0,307.4,0,0,0
1460.0,214,303.6,2,0,0,312.4,0,0,0
1609.0,193,297.0,0,0,0,307.8,0,0,0
1399.0,156,301.7,0,0,0,311.1,0,0,0
1470.0,159,301.1,1,0,0,311.1,0,0,0
1452.0,151,299.1,0,0,0,310.4,0,0,0
1726.0,150,301.6,0,0,0,310.8,0,0,0
1427.0,17,297.5,0,0,0,308.9,0,0,0
1899.5,107,300.9,0,0,0,311.3,0,0,0
1561.0,16,297.9,0,0,0,307.5,0,0,0
1502.0,171,302.6,0,0,0,312.1,0,0,0
1375.0,108,300.5,2,0,0,312.0,0,0,0
1574.0,113,299.8,1,0,0,310.6,0,0,0
1491.0,7,297.6,0,0,0,309.0,0,0,0
1680.0,189,300.8,1,0,0,309.7,0,0,0
1385.0,203,298.5,0,0,0,309.5,0,0,0
1658.0,74,296.9,0,0,0,308.0,0,0,0
1743.0,18,300.2,1,0,0,309.8,0,0,0
1610.0,219,297.9,1,0,0,307.4,0,0,0
1254.0,124,299.9,0,0,0,309.6,0,0,0
1390.0,33,298.1,0,0,0,308.2,0,0,0
1406.0,189,296.6,2,0,0,307.4,0,0,0
1461.0,10,302.7,0,0,0,311.8,0,0,0
1683.0,63,297.9,0,0,0,308.5,0,0,0
1530.0,71,300.0,1,0,0,309.9,0,0,0
1581.0,150,298.4,0,0,0,309.7,0,0,0
1524.0,128,299.1,0,0,0,308.3,0,0,0
1389.0,113,295.6,0,0,0,306.1,0,0,0
1566.0,175,296.3,0,0,0,307.3,0,0,0
1477.0,15,302.2,0,0,0,311.4,0,0,0
1459.0,39,300.2,1,0,0,309.4,0,0,0
1899.5,42,301.9,1,0,0,310.9,0,0,0
1368.0,147,298.8,0,0,0,309.5,0,0,0
1499.0,84,298.7,2,0,0,308.6,0,0,0
1400.0,118,299.6,0,0,0,310.8,0,0,0
1588.0,190,297.2,0,0,0,308.5,0,0,0
1447.0,12,299.8,0,0,0,309.6,0,0,0
1488.0,172,300.3,1,0,0,309.6,0,0,0
1516.0,166,297.8,2,0,0,307.3,0,0,0
1708.0,42,298.3,0,0,0,308.9,0,0,0
1886.0,117,299.5,1,0,0,308.8,0,0,0
1881.0,137,299.2,1,0,0,309.0,0,0,0
1314.0,198,300.7,0,0,0,310.7,0,0,0
1899.5,17,302.0,1,0,0,310.7,0,0,0
1418.0,133,298.8,0,0,0,309.1,0,0,0
1675.0,72,297.5,0,0,0,309.3,0,0,0
1595.0,34,298.8,1,0,0,310.2,0,0,0
1899.5,111,300.8,0,0,0,309.4,0,0,0
1372.0,120,298.8,2,0,0,309.2,0,0,0
1565.0,127,299.0,0,0,0,310.4,0,0,0
1385.0,98,298.2,2,0,0,308.4,0,0,0
1447.0,134,297.3,1,0,0,308.8,0,0,0
1785.0,139,299.8,2,0,0,311.3,0,0,0
1450.0,199,298.5,0,0,0,309.0,0,0,0
1585.0,7,298.9,0,0,0,310.6,0,0,0
1512.0,28,298.2,1,0,0,308.9,0,0,0
1410.0,118,300.1,0,0,0,309.7,0,0,0
1524.0,192,297.2,2,0,0,308.5,0,0,0
1446.0,12,299.4,1,0,0,310.9,0,0,0
1642.0,42,302.2,1,0,0,311.4,0,0,0
1667.0,59,298.2,0,0,0,308.2,0,0,0
1402.0,204,299.9,0,0,0,310.0,0,0,0
1474.0,148,296.7,0,0,0,307.6,0,0,0
1612.0,124,300.9,0,0,0,309.5,0,0,0
1669.0,200,300.6,1,0,0,311.6,0,0,0
1485.0,100,300.1,0,0,0,309.7,0,0,0
1341.0,194,302.3,1,0,0,311.7,0,0,0
1838.0,181,303.8,0,0,0,312.7,0,0,0
1479.0,22,297.5,0,0,0,309.3,0,0,0
1644.0,166,301.2,0,0,0,310.7,0,0,0
1374.0,65,303.0,0,0,0,311.2,0,0,0
1469.0,128,301.7,0,0,0,311.1,0,0,0
1378.0,83,301.0,0,0,0,310.5,0,0,0
1350.0,31,300.4,1,0,0,311.3,0,0,0
1648.0,157,302.0,0,0,0,310.3,0,0,0
1415.0,12,302.6,0,0,0,310.4,0,0,0
1422.0,186,299.3,1,0,0,308.5,0,0,0
1349.0,120,297.4,2,0,0,308.7,0,0,0
1518.0,196,301.0,0,0,0,312.0,0,0,0
1366.0,94,298.8,1,0,0,310.3,0,0,0
1459.0,69,297.5,0,0,0,308.5,0,0,0
1354.0,16,296.9,0,0,0,307.5,0,0,0
1628.0,144,297.4,1,0,0,308.8,0,0,0
1416.0,105,296.9,2,0,0,308.0,0,0,0
1651.0,200,302.8,0,0,0,312.4,0,0,0
1611.0,161,299.1,0,0,0,308.6,0,0,0
1548.0,111,298.0,0,0,0,307.6,0,0,0
1325.0,127,298.6,0,0,0,309.5,0,0,0
1238.0,226,303.2,0,0,0,311.4,0,0,0
1511.0,16,299.0,0,0,0,308.9,0,0,0
1696.0,65,304.1,2,0,0,313.4,0,0,0
1457.0,14,301.3,0,0,0,311.2,0,0,0
1427.0,135,297.5,0,0,0,308.9,0,0,0
1375.0,182,300.9,1,0,0,312.0,0,0,0
1578.0,46,297.1,0,0,0,308.5,0,0,0
1496.0,153,301.4,0,0,0,310.4,0,0,0
1403.0,24,300.5,2,0,0,310.5,0,0,0
1412.0,200,300.3,0,0,0,309.2,0,0,0
1468.0,148,304.1,0,0,0,313.2,0,0,0
1476.0,129,298.2,1,0,0,308.3,0,0,0
1423.0,82,298.6,0,0,0,309.6,0,0,0
1416.0,46,296.0,0,0,0,306.7,0,0,0
1661.0,158,300.5,0,0,0,311.6,0,0,0
1242.0,117,299.0,0,0,0,308.1,0,0,0
1891.0,122,301.5,0,0,0,310.9,0,0,0
1510.0,87,300.6,1,0,0,309.3,0,0,0
1443.0,110,297.5,0,0,0,308.7,0,0,0
1595.0,154,300.3,0,0,0,311.6,0,0,0
1590.0,148,300.7,0,0,0,312.2,0,0,0
1482.0,87,302.2,0,0,0,311.5,0,0,0
1777.0,38,300.8,2,0,0,310.3,0,0,0
1508.0,25,298.4,0,0,0,308.0,0,0,0
1711.0,83,302.1,1,0,0,311.0,0,0,0
1899.5,127,297.2,0,0,0,308.5,0,0,0
1660.0,50,298.7,1,0,0,308.5,0,0,0
1824.0,179,297.5,2,0,0,308.8,0,0,0
1533.0,162,300.9,0,0,0,312.0,0,0,0
1370.0,71,297.3,1,0,0,308.4,0,0,0
1627.0,104,303.6,1,0,0,311.8,0,0,0
1540.0,203,298.1,0,0,0,307.8,0,0,0
1606.0,67,298.3,0,0,0,308.5,0,0,0
1545.0,3,298.4,0,0,0,309.3,0,0,0
1617.0,47,300.1,1,0,0,311.4,0,0,0
1372.0,105,300.0,0,0,0,309.8,0,0,0
1685.0,84,295.7,1,0,0,306.3,0,0,0
1425.0,224,300.6,0,0,0,311.9,0,0,0
1576.0,17,297.8,1,0,0,309.0,0,0,0
1358.0,61,302.4,1,0,0,310.1,0,0,0
1627.0,124,299.4,0,0,0,308.8,0,0,0
1441.0,58,301.8,0,0,0,310.7,0,0,0
1671.0,209,300.4,0,0,0,309.3,0,0,0
1480.0,199,302.0,0,0,0,309.8,0,0,0
1421.0,211,300.5,0,0,0,309.8,0,0,0
1465.0,78,300.2,1,0,0,311.6,0,0,0
1885.0,147,302.6,0,0,0,311.5,0,0,0
1386.0,26,299.2,0,0,0,308.4,0,0,0
1464.0,179,300.2,0,0,0,311.8,0,0,0
1552.0,97,301.8,1,0,0,310.6,0,0,0
1899.5,111,297.7,1,0,0,308.8,0,0,0
1415.0,43,302.1,0,0,0,311.3,0,0,0
1495.0,60,298.8,1,0,0,309.9,0,0,0
1441.0,189,298.9,1,0,0,310.1,0,0,0
1460.0,22,301.4,2,0,0,309.9,0,0,0
1457.0,77,298.2,1,0,0,309.1,0,0,0
1411.0,51,298.7,1,0,0,309.9,0,0,0
1208.0,28,297.5,0,0,0,308.6,0,0,0
1567.0,132,303.1,1,0,0,312.6,0,0,0
1481.0,83,298.7,1,0,0,310.3,0,0,0
1297.0,148,298.7,0,0,0,308.6,0,0,0
1434.0,193,297.4,1,0,0,308.6,0,0,0
1755.0,205,303.0,0,0,0,311.2,0,0,0
1457.0,104,299.3,1,0,0,310.6,0,0,0
1701.0,4,302.0,0,0,0,309.8,0,0,0
1435.0,203,300.4,1,0,0,309.8,0,0,0
1565.0,81,300.9,0,0,0,310.5,0,0,0
1561.0,67,300.9,0,0,0,310.4,0,0,0
1605.0,171,302.1,1,0,0,311.1,0,0,0
1467.0,23,300.2,1,0,0,311.6,0,0,0
1525.0,105,300.3,0,0,0,311.3,0,0,0
1440.0,84,297.5,2,0,0,308.6,0,0,0
1321.0,42,302.6,0,0,0,312.3,0,0,0
1537.0,169,298.1,0,0,0,307.7,0,0,0
1772.0,89,299.3,0,0,0,308.8,0,0,0
1847.0,212,303.1,1,0,0,311.3,0,0,0
1357.0,127,296.9,1,0,0,308.1,0,0,0
1481.0,117,297.4,1,0,0,308.7,0,0,0
1517.0,233,297.5,0,0,0,309.4,0,0,0
1407.0,192,295.4,0,0,0,305.8,0,0,0
1566.0,46,302.6,1,0,0,312.3,0,0,0
1437.0,65,302.5,0,0,0,311.9,0,0,0
1418.0,77,297.7,2,0,0,308.4,0,0,0
1438.0,211,300.1,1,0,0,309.2,0,0,0
1329.0,24,301.5,0,0,0,310.4,0,0,0
1563.0,15,297.5,0,0,0,308.2,0,0,0
1899.5,79,301.0,0,0,0,310.5,0,0,0
1470.0,219,300.5,0,0,0,309.3,0,0,0
1290.0,63,301.6,1,0,0,310.8,0,0,0
1595.0,35,302.5,0,0,0,311.6,0,0,0
1662.0,76,298.1,1,0,0,307.9,0,0,0
1751.0,173,299.8,1,0,0,309.4,0,0,0
1487.0,198,299.9,1,0,0,309.4,0,0,0
1593.0,95,298.6,2,0,0,309.6,0,0,0
1351.0,206,300.0,0,0,0,311.2,0,0,0
1557.0,52,300.8,1,0,0,310.9,0,0,0
1818.0,14,300.4,0,0,0,310.5,0,0,0
1590.0,113,303.4,1,0,0,312.8,0,0,0
1461.0,47,301.2,0,0,0,310.8,0,0,0
1523.0,135,300.1,1,0,0,311.3,0,0,0
1434.0,127,300.1,0,0,0,309.4,0,0,0
1468.0,35,296.7,0,0,0,307.8,0,0,0
1609.0,151,298.3,1,0,0,307.9,0,0,0
1780.0,35,298.2,0,0,0,308.7,0,0,0
1409.0,126,302.5,0,0,0,311.4,0,0,0
1537.0,91,302.6,0,0,0,311.0,0,0,0
1391.0,61,301.3,1,0,0,310.7,0,0,0
1443.0,196,300.1,1,0,0,309.3,0,0,0
1601.0,176,298.7,0,0,0,309.7,0,0,0
1497.0,44,297.5,0,0,0,309.4,0,0,0
1657.0,179,298.3,0,0,0,309.0,0,0,0
1391.0,135,299.4,0,0,0,309.0,0,0,0
1348.0,31,299.9,0,0,0,309.4,0,0,0
1534.0,75,298.3,2,0,0,308.2,0,0,0
1528.0,221,300.5,0,0,0,309.3,0,0,0
1470.0,44,297.6,1,0,0,307.2,0,0,0
1445.0,169,299.9,1,0,0,311.3,0,0,0
1391.0,38,299.2,0,0,0,310.5,0,0,0
1384.0,68,301.6,0,0,0,310.2,0,0,0
1530.0,163,299.8,1,0,0,310.8,0,0,0
1435.0,18,297.9,1,0,0,307.4,0,0,0
1712.0,136,297.5,0,0,0,308.5,0,0,0
1899.5,200,302.2,0,0,0,311.4,0,0,0
1675.0,115,298.6,1,0,0,309.7,0,0,0
1383.0,198,303.0,0,0,0,311.2,0,0,0
1433.0,16,297.7,1,0,0,309.0,0,0,0
1357.0,137,297.5,0,0,0,309.4,0,0,0
1372.0,149,299.6,0,0,0,309.0,0,0,0
1497.0,91,297.5,0,0,0,308.6,0,0,0
1486.0,186,300.7,0,0,0,310.8,0,0,0
1557.0,2,301.7,0,0,0,310.9,0,0,0
1417.0,31,297.3,0,0,0,308.4,0,0,0
1487.0,185,300.4,2,0,0,309.4,0,0,0
1364.0,16,300.0,0,0,0,309.6,0,0,0
1537.0,33,300.4,1,0,0,310.3,0,0,0
1899.5,16,298.4,0,0,0,307.9,0,0,0
1743.0,191,302.6,0,0,0,310.4,0,0,0
1438.0,119,302.3,2,0,0,310.8,0,0,0
1467.0,73,302.9,1,0,0,311.2,0,0,0
1322.0,33,299.9,0,0,0,309.4,0,0,0
1396.0,11,304.2,1,0,0,313.2,0,0,0
1304.0,158,298.4,0,0,0,308.6,0,0,0
1479.0,58,297.7,0,0,0,309.1,0,0,0
1769.0,10,302.0,1,0,0,311.1,0,0,0
1569.0,155,299.1,0,0,0,310.2,0,0,0
1630.0,51,300.2,1,0,0,309.5,0,0,0
1718.0,154,302.6,1,0,0,311.4,0,0,0
1584.0,63,302.2,1,0,0,311.7,0,0,0
1433.0,216,302.8,0,0,0,312.2,0,0,0
1534.0,119,301.5,0,0,0,310.5,0,0,0
1480.0,135,303.6,0,0,0,312.9,0,0,0
1668.0,136,298.3,0,0,0,309.4,0,0,0
1791.0,166,298.9,0,0,0,310.0,0,0,0
1532.0,115,300.1,0,0,0,309.8,0,0,0
1584.0,186,297.4,0,0,0,309.2,0,0,0
1495.0,79,300.6,2,0,0,309.5,0,0,0
1730.0,59,298.8,0,0,0,308.6,0,0,0
1572.0,202,298.7,2,0,0,308.5,0,0,0
1517.0,69,297.9,1,0,0,307.7,0,0,0
1644.0,148,300.6,0,0,0,310.5,0,0,0
1452.0,56,302.2,0,0,0,310.9,0,0,0
1651.0,6,299.3,0,0,0,308.3,0,0,0
1488.0,157,298.1,0,0,0,307.6,0,0,0
1566.0,156,297.3,0,0,0,308.1,0,0,0
1499.0,46,300.0,0,0,0,309.4,0,0,0
1618.0,61,298.4,0,0,0,308.2,0,0,0
1559.0,135,301.7,0,0,0,310.8,0,0,0
1356.0,184,297.4,0,0,0,308.0,0,0,0
1288.0,216,300.7,0,0,0,310.6,0,0,0
1501.0,27,301.3,1,0,0,309.9,0,0,0
1377.0,34,303.4,0,0,0,311.9,0,0,0
1413.0,9,301.8,1,0,0,311.1,0,0,0
1405.0,18,299.1,0,0,0,309.0,0,0,0
1586.0,142,302.1,0,0,0,311.0,0,0,0
1524.0,222,300.7,0,0,0,311.7,0,0,0
1725.0,167,299.3,0,0,0,310.4,0,0,0
1605.0,142,299.6,1,0,0,309.4,0,0,0
1370.0,42,299.2,0,0,0,310.6,0,0,0
1899.5,94,302.6,1,0,0,310.2,0,0,0
1473.0,87,300.7,1,0,0,309.6,0,0,0
1258.0,119,299.3,0,0,0,308.9,0,0,0
1489.0,7,300.0,0,0,0,309.1,0,0,0
1471.0,45,297.4,0,0,0,308.5,0,0,0
1343.0,134,298.7,1,0,0,309.8,0,0,0
1534.0,47,298.1,0,0,0,310.0,0,0,0
1365.0,183,298.9,0,0,0,309.6,0,0,0
1389.0,106,302.2,0,0,0,311.3,0,0,0
1895.0,129,303.1,1,0,0,312.6,0,0,0
1402.0,201,298.4,0,0,0,308.9,0,0,0
1368.0,10,302.8,0,0,0,312.4,0,0,0
1554.0,70,297.3,0,0,0,308.8,0,0,0
1555.0,36,298.6,2,0,0,308.2,0,0,0
1706.0,93,301.6,0,0,0,311.3,0,0,0
1608.0,167,300.7,1,0,0,311.1,0,0,0
1372.0,180,303.8,0,0,0,312.5,0,0,0
1774.0,121,301.5,1,0,0,310.5,0,0,0
1355.0,37,301.4,0,0,0,311.2,0,0,0
1400.0,0,300.3,1,0,0,311.5,0,0,0
1585.0,212,297.9,0,0,0,308.1,0,0,0
1309.0,124,301.9,0,0,0,310.9,0,0,0
1531.0,213,297.4,0,0,0,308.4,0,0,0
1542.0,88,296.6,0,0,0,307.6,0,0,0
1301.0,63,298.1,0,0,0,308.3,0,0,0
1293.0,49,300.6,1,0,0,312.1,0,0,0
1332.0,115,297.4,0,0,0,309.3,0,0,0
1707.0,124,299.8,0,0,0,310.6,0,0,0
1412.0,130,299.8,1,0,0,309.4,0,0,0
1630.0,183,302.3,0,0,0,311.1,0,0,0
1745.0,98,302.9,1,0,0,312.2,0,0,0
1295.0,146,302.3,1,0,0,311.1,0,0,0
1692.0,118,298.5,1,0,0,309.3,0,0,0
1363.0,7,303.6,0,0,0,312.4,0,0,0
1576.0,124,300.6,0,0,0,309.5,0,0,0
1269.0,163,298.2,1,0,0,308.7,0,0,0
1355.0,70,298.2,0,0,0,307.8,0,0,0
1622.0,0,301.7,0,0,0,310.8,0,0,0
1684.0,156,304.2,2,0,0,313.5,0,0,0
1592.0,8,299.7,0,0,0,309.3,0,0,0
1422.0,140,299.7,0,0,0,309.2,0,0,0
1408.0,85,299.3,0,0,0,308.7,0,0,0
1899.5,24,297.3,2,0,0,308.3,0,0,0
1549.0,43,298.1,1,0,0,309.6,0,0,0
1724.0,100,298.5,0,0,0,309.6,0,0,0
1430.0,153,297.3,2,0,0,308.7,0,0,0
1434.0,121,300.8,0,0,0,312.5,0,0,0
1899.5,68,296.9,1,0,0,307.9,0,0,0
1451.0,196,298.3,0,0,0,308.0,0,0,0
1502.0,52,299.5,0,0,0,310.0,0,0,0
1428.0,87,299.1,0,0,0,310.4,0,0,0
1827.0,194,299.7,0,0,0,311.0,0,0,0
1459.0,147,298.9,0,0,0,308.5,0,0,0
1457.0,74,300.7,2,0,0,312.4,0,0,0
1469.0,214,298.0,0,0,0,308.2,0,0,0
1634.0,53,298.1,0,0,0,309.9,0,0,0
1349.0,71,301.0,0,0,0,311.3,0,0,0
1376.0,126,301.9,0,0,0,310.4,0,0,0
1362.0,164,298.3,0,0,0,308.5,0,0,0
1685.0,177,297.4,1,0,0,309.0,0,0,0
1621.0,135,302.3,0,0,0,311.3,0,0,0
1586.0,180,298.7,0,0,0,309.2,0,0,0
1447.0,146,298.3,0,0,0,308.6,0,0,0
1363.0,119,302.3,1,0,0,311.8,0,0,0
1555.0,122,299.8,0,0,0,309.4,0,0,0
1538.0,47,297.3,0,0,0,308.3,0,0,0
1355.0,7,299.8,1,0,0,309.1,0,0,0
1426.0,81,301.5,0,0,0,310.7,0,0,0
1781.0,198,301.8,1,0,0,310.0,0,0,0
1614.0,0,300.6,1,0,0,310.3,0,0,0
1661.0,82,298.1,1,0,0,309.0,0,0,0
1503.0,157,297.6,0,0,0,309.1,0,0,0
1568.0,112,302.0,0,0,0,310.4,0,0,0
1571.0,78,298.9,0,0,0,310.1,0,0,0
1310.0,112,299.0,0,0,0,308.8,0,0,0
1615.0,200,300.9,0,0,0,310.4,0,0,0
1582.0,202,301.3,0,0,0,311.0,0,0,0
1596.0,104,302.3,0,0,0,310.9,0,0,0
1484.0,158,300.0,0,0,0,311.3,0,0,0
1529.0,21,300.2,0,0,0,311.6,0,0,0
1400.0,3,296.7,0,0,0,307.8,0,0,0
1549.0,170,302.5,0,0,0,310.3,0,0,0
1552.0,77,297.5,0,0,0,308.6,0,0,0
1899.5,175,300.0,0,0,0,309.3,0,0,0
1362.0,213,297.0,0,0,0,308.1,0,0,0
1364.0,50,299.9,2,0,0,311.2,0,0,0
1403.0,173,302.3,0,0,0,310.9,0,0,0
1726.0,202,297.1,0,0,0,308.4,0,0,0
1454.0,108,302.5,0,0,0,310.2,0,0,0
1899.5,28,301.1,0,0,0,311.0,0,0,0
1425.0,76,302.0,1,0,0,310.5,0,0,0
1478.0,193,297.6,0,0,0,308.3,0,0,0
1549.0,199,302.6,0,0,0,310.6,0,0,0
1855.0,43,302.3,1,0,0,311.4,0,0,0
1801.0,100,300.9,1,0,0,311.3,0,0,0
1543.0,120,301.8,2,0,0,311.1,0,0,0
1372.0,33,296.3,0,0,0,307.3,0,0,0
1376.0,8,302.8,0,0,0,312.4,0,0,0
1431.0,92,298.0,1,0,0,307.5,0,0,0
1554.0,103,298.4,0,0,0,310.0,0,0,0
1753.0,8,300.8,0,0,0,311.7,0,0,0
1553.0,89,302.2,2,0,0,311.1,0,0,0
1668.0,18,301.3,0,0,0,311.2,0,0,0
1464.0,30,300.1,0,0,0,309.4,0,0,0
1516.0,219,299.2,0,0,0,309.9,0,0,0
1528.0,22,297.6,0,0,0,309.0,0,0,0
1424.0,136,301.0,0,0,0,312.3,0,0,0
1749.0,179,299.4,0,0,0,310.5,0,0,0
1452.0,196,298.9,0,0,0,309.1,0,0,0
1502.0,133,300.6,0,0,0,309.8,0,0,0
1708.0,170,298.3,0,0,0,308.9,0,0,0
1505.0,190,301.7,1,0,0,311.0,0,0,0
1562.0,107,303.5,1,0,0,311.6,0,0,0
1548.0,214,299.0,0,0,0,309.9,0,0,0
1402.0,2,298.8,0,0,0,308.9,0,0,0
1553.0,44,300.2,0,0,0,311.7,0,0,0
1406.0,213,303.4,0,0,0,311.7,0,0,0
1611.0,169,302.3,1,0,0,310.8,0,0,0
1442.0,24,297.9,0,0,0,309.1,0,0,0
1899.5,132,303.0,0,0,0,312.3,0,0,0
1494.0,14,297.3,0,0,0,308.3,0,0,0
1501.0,48,300.2,1,0,0,309.4,0,0,0
1438.0,84,297.6,0,0,0,308.3,0,0,0
1385.0,133,301.7,0,0,0,310.8,0,0,0
1421.0,33,298.3,0,0,0,309.1,0,0,0
1398.0,144,296.8,0,0,0,307.6,0,0,0
1588.0,150,299.2,0,0,0,308.9,0,0,0
1632.0,122,302.2,0,0,0,310.6,0,0,0
1422.0,179,299.5,0,0,0,309.3,0,0,0
1416.0,88,301.3,0,0,0,310.6,0,0,0
1642.0,126,297.9,1,0,0,307.5,0,0,0
1564.0,119,304.0,0,0,0,313.1,0,0,0
1498.0,5,298.1,0,0,0,308.5,0,0,0
1453.0,151,300.5,0,0,0,312.0,0,0,0
1506.0,50,303.3,0,0,0,312.2,0,0,0
1686.0,176,300.9,2,0,0,310.6,0,0,0
1546.0,156,302.3,0,0,0,311.1,0,0,0
1442.0,0,297.6,1,0,0,309.2,0,0,0
1507.0,131,301.9,0,0,0,309.8,0,0,0
1372.0,144,302.4,1,0,0,310.5,0,0,0
1518.0,90,300.9,2,0,0,311.2,0,0,0
1587.0,108,304.1,1,0,0,313.5,0,0,0
1340.0,143,297.5,0,0,0,308.5,0,0,0
1370.0,7,300.5,1,0,0,311.5,0,0,0
1263.0,27,295.6,0,0,0,306.2,0,0,0
1573.0,91,298.8,1,0,0,310.3,0,0,0
1436.0,90,301.4,0,0,0,310.7,0,0,0
1297.0,76,300.9,1,0,0,312.1,0,0,0
1899.5,64,300.6,0,0,0,309.5,0,0,0
1351.0,44,299.0,1,0,0,309.0,0,0,0
1563.0,51,298.1,0,0,0,309.9,0,0,0
1454.0,191,301.3,0,0,0,311.1,0,0,0
1490.0,34,297.5,2,0,0,308.4,0,0,0
1412.0,112,297.0,1,0,0,307.9,0,0,0
1674.0,49,301.4,2,0,0,310.6,0,0,0
1427.0,0,303.8,0,0,0,313.0,0,0,0
1436.0,175,300.2,0,0,0,311.8,0,0,0
1899.5,165,300.2,2,0,0,309.9,0,0,0
1414.0,138,297.6,1,0,0,308.6,0,0,0
1555.0,96,302.9,0,0,0,311.1,0,0,0
1899.5,139,304.2,1,0,0,313.7,0,0,0
1476.0,96,302.2,2,0,0,311.1,0,0,0
1663.0,67,298.8,0,0,0,309.8,0,0,0
1531.0,0,300.6,0,0,0,311.3,0,0,0
1462.0,158,295.6,1,0,0,306.1,0,0,0
1529.0,107,300.0,2,0,0,309.7,0,0,0
1336.0,0,301.5,1,0,0,310.7,0,0,0
1422.0,146,302.1,0,0,0,311.2,0,0,0
1899.5,143,301.3,0,0,0,310.9,0,0,0
1899.5,196,298.5,1,0,0,309.0,0,0,0
1276.0,103,297.4,0,0,0,308.6,0,0,0
1456.0,209,299.8,1,0,0,309.1,0,0,0
1351.0,116,301.5,0,0,0,310.5,0,0,0
1601.0,181,297.4,1,0,0,308.0,0,0,0
1899.5,125,298.1,0,0,0,307.7,0,0,0
1422.0,78,298.9,0,0,0,310.0,0,0,0
1334.0,42,298.8,0,0,0,309.8,0,0,0
1505.0,131,298.8,0,0,0,309.7,0,0,0
1455.0,28,302.4,0,0,0,312.1,0,0,0
1495.0,88,298.7,1,0,0,310.3,0,0,0
1477.0,195,300.0,0,0,0,310.1,0,0,0
1526.0,162,298.4,0,0,0,308.0,0,0,0
1478.0,95,297.4,1,0,0,308.4,0,0,0
1577.0,118,301.5,1,0,0,311.0,0,0,0
1530.0,112,300.4,2,0,0,309.4,0,0,0
1612.0,139,302.3,0,0,0,310.7,0,0,0
1382.0,37,298.2,0,0,0,308.1,0,0,0
1434.0,189,301.7,1,0,0,309.9,0,0,0
1636.0,42,301.7,0,0,0,310.9,0,0,0
1477.0,60,297.7,0,0,0,309.1,0,0,0
1546.0,93,299.8,0,0,0,309.1,0,0,0
1463.0,150,302.2,0,0,0,311.0,0,0,0
1662.0,183,297.1,1,0,0,307.9,0,0,0
1450.0,86,302.1,1,0,0,311.1,0,0,0
1374.0,143,299.2,0,0,0,308.5,0,0,0
1386.0,135,298.4,0,0,0,308.7,0,0,0
1737.0,114,301.5,1,0,0,310.5,0,0,0
1425.0,11,298.4,0,0,0,309.2,0,0,0
1448.0,173,299.2,2,0,0,308.7,0,0,0
1426.0,16,299.0,0,0,0,308.7,0,0,0
1472.0,30,296.8,1,0,0,307.4,0,0,0
1574.0,27,301.9,0,0,0,310.9,0,0,0
1539.0,123,300.3,0,0,0,310.7,0,0,0
1490.0,54,299.0,0,0,0,310.2,0,0,0
1485.0,24,301.9,0,0,0,310.3,0,0,0
1472.0,159,301.4,0,0,0,311.1,0,0,0
1452.0,185,300.9,1,0,0,310.8,0,0,0
1453.0,108,298.7,2,0,0,309.5,0,0,0
1454.0,67,300.6,0,0,0,310.6,0,0,0
1459.0,141,298.8,1,0,0,309.7,0,0,0
1710.0,186,302.5,1,0,0,310.3,0,0,0
1397.0,22,296.9,2,0,0,307.5,0,0,0
1608.0,81,302.1,1,0,0,310.7,0,0,0
1626.0,44,302.5,2,0,0,311.5,0,0,0
1618.0,62,299.0,0,0,0,310.1,0,0,0
1334.0,159,302.2,0,0,0,310.6,0,0,0
1443.0,61,300.1,1,0,0,310.1,0,0,0
1501.0,162,296.5,0,0,0,307.3,0,0,0
1432.0,65,298.3,0,0,0,308.3,0,0,0
1469.0,63,297.4,2,0,0,308.5,0,0,0
1629.0,228,302.6,2,0,0,311.5,0,0,0
1539.0,69,298.3,1,0,0,308.4,0,0,0
1624.0,155,300.0,1,0,0,309.1,0,0,0
1537.0,202,299.0,0,0,0,308.7,0,0,0
1402.0,167,298.9,1,0,0,308.7,0,0,0
1426.0,61,298.1,0,0,0,308.0,0,0,0
1511.0,114,298.0,0,0,0,308.7,0,0,0
1435.0,126,295.6,1,0,0,306.2,0,0,0
1791.0,81,301.6,1,0,0,310.7,0,0,0
1629.0,0,300.6,1,0,0,311.9,0,0,0
1514.0,180,303.8,0,0,0,312.9,0,0,0
1899.5,106,302.0,0,0,0,310.5,0,0,0
1635.0,110,298.6,1,0,0,309.7,0,0,0
1627.0,209,297.9,1,0,0,308.1,0,0,0
1564.0,171,303.4,0,0,0,311.8,0,0,0
1435.0,229,299.1,0,0,0,310.1,0,0,0
1396.0,54,300.4,2,0,0,309.3,0,0,0
1874.0,47,301.1,0,0,0,310.4,0,0,0
1433.0,87,298.0,0,0,0,308.0,0,0,0
1407.0,138,300.0,1,0,0,309.3,0,0,0
1475.0,180,302.3,1,0,0,311.8,0,0,0
1516.0,23,302.8,0,0,0,310.8,0,0,0
1559.0,30,299.1,0,0,0,308.3,0,0,0
1337.0,146,299.0,1,0,0,310.0,0,0,0
1390.0,68,300.5,1,0,0,311.4,0,0,0
1540.0,146,303.7,1,0,0,312.4,0,0,0
1432.0,218,302.8,1,0,0,312.3,0,0,0
1563.0,31,302.3,1,0,0,310.1,0,0,0
1436.0,187,302.2,1,0,0,311.0,0,0,0
1497.0,58,298.1,0,0,0,309.0,0,0,0
1579.0,193,297.3,0,0,0,307.9,0,0,0
1638.0,84,302.6,0,0,0,310.4,0,0,0
1364.0,205,302.1,0,0,0,311.0,0,0,0
1412.0,64,301.0,0,0,0,311.2,0,0,0
1556.0,116,296.9,1,0,0,307.5,0,0,0
1408.0,20,298.2,1,0,0,308.9,0,0,0
1492.0,141,297.1,2,0,0,308.3,0,0,0
1570.0,15,302.3,0,0,0,311.4,0,0,0
1500.0,115,298.9,0,0,0,309.9,0,0,0
1899.5,164,298.5,0,0,0,309.4,0,0,0
1899.5,192,298.9,0,0,0,310.1,0,0,0
1575.0,168,300.5,0,0,0,311.6,0,0,0
1340.0,204,301.9,0,0,0,310.5,0,0,0
1430.0,162,298.3,2,0,0,309.1,0,0,0
1748.0,175,303.8,2,0,0,312.5,0,0,0
1546.0,72,297.9,0,0,0,307.7,0,0,0
1468.0,208,300.9,0,0,0,310.7,0,0,0
1446.0,11,298.8,0,0,0,308.5,0,0,0
1476.0,10,300.9,0,0,0,310.8,0,0,0
1461.0,127,303.0,0,0,0,312.5,0,0,0
1408.0,132,304.0,2,0,0,313.1,0,0,0
1899.5,103,301.5,0,0,0,311.1,0,0,0
1473.0,69,300.6,1,0,0,311.6,0,0,0
1404.0,160,297.2,1,0,0,308.6,0,0,0
1364.0,167,303.8,1,0,0,312.7,0,0,0
1453.0,112,297.5,0,0,0,308.7,0,0,0
1540.0,96,303.4,0,0,0,312.3,0,0,0
1356.0,22,296.2,0,0,0,307.2,0,0,0
1445.0,164,300.5,0,0,0,309.8,0,0,0
1555.0,0,297.1,0,0,0,308.5,0,0,0
1623.0,224,297.6,2,0,0,309.5,0,0,0
1659.0,127,300.6,1,0,0,309.8,0,0,0
1654.0,91,296.6,2,0,0,307.7,0,0,0
1522.0,56,300.8,1,0,0,310.9,0,0,0
1321.0,114,299.5,1,0,0,308.7,0,0,0
1451.0,173,303.5,0,0,0,311.8,0,0,0
1610.0,63,303.2,0,0,0,311.4,0,0,0
1353.0,173,298.1,1,0,0,308.9,0,0,0
1550.0,35,297.9,0,0,0,307.6,0,0,0
1382.0,117,301.2,1,0,0,310.4,0,0,0
1541.0,28,301.4,1,0,0,311.2,0,0,0
1542.0,137,302.6,0,0,0,311.7,0,0,0
1899.5,137,302.6,0,0,0,311.0,0,0,0
1556.0,127,300.9,1,0,0,311.0,0,0,0
1429.0,189,303.7,1,0,0,312.6,0,0,0
1747.0,188,297.2,1,0,0,307.9,0,0,0
1257.0,122,303.0,1,0,0,312.2,0,0,0
1431.0,101,299.8,0,0,0,309.7,0,0,0
1709.0,158,300.9,1,0,0,310.6,0,0,0
1460.0,2,303.7,2,0,0,312.9,0,0,0
1443.0,0,297.5,0,0,0,308.9,0,0,0
1508.0,57,300.3,0,0,0,311.8,0,0,0
1657.0,8,297.3,1,0,0,308.3,0,0,0
1544.0,37,297.5,0,0,0,308.3,0,0,0
1459.0,59,297.3,0,0,0,308.4,0,0,0
1394.0,27,299.1,0,0,0,310.0,0,0,0
1553.0,179,299.7,2,0,0,309.6,0,0,0
1711.0,38,301.2,0,0,0,310.8,0,0,0
1487.0,83,296.4,0,0,0,307.3,0,0,0
1558.0,204,301.2,0,0,0,311.2,0,0,0
1561.0,150,302.9,0,0,0,312.4,0,0,0
1429.0,84,299.1,0,0,0,308.8,0,0,0
1447.0,204,300.5,0,0,0,311.6,0,0,0
1302.0,58,302.2,1,0,0,310.9,0,0,0
1449.0,33,301.8,0,0,0,310.9,0,0,0
1457.0,96,304.2,0,0,0,313.4,0,0,0
1594.0,134,299.7,1,0,0,310.5,0,0,0
1553.0,0,301.6,1,0,0,310.6,0,0,0
1650.0,93,299.7,0,0,0,309.4,0,0,0
1522.0,20,298.5,1,0,0,309.4,0,0,0
1435.0,66,301.7,1,0,0,310.9,0,0,0
1507.0,147,302.5,0,0,0,310.5,0,0,0
1540.0,91,299.7,1,0,0,309.6,0,0,0
1463.0,66,298.6,2,0,0,309.7,0,0,0
1624.0,96,299.8,0,0,0,309.7,0,0,0
1371.0,228,299.0,0,0,0,310.4,0,0,0
1507.0,161,303.9,1,0,0,313.3,0,0,0
1698.0,100,303.6,1,0,0,312.3,0,0,0
1507.0,149,301.5,1,0,0,311.1,0,0,0
1358.0,110,297.3,0,0,0,308.6,0,0,0
1767.0,20,300.2,0,0,0,311.6,0,0,0
1896.0,186,297.7,0,0,0,308.8,0,0,0
1380.0,152,297.4,0,0,0,309.1,0,0,0
1555.0,197,298.7,0,0,0,310.0,0,0,0
1481.0,187,298.8,0,0,0,310.1,0,0,0
1794.0,7,302.3,0,0,0,311.5,0,0,0
1498.0,89,298.8,1,0,0,308.7,0,0,0
1440.0,21,299.2,0,0,0,310.3,0,0,0
1764.0,162,302.8,0,0,0,312.3,0,0,0
1387.0,171,298.8,0,0,0,309.4,0,0,0
1551.0,50,298.9,1,0,0,310.3,0,0,0
1648.0,122,302.4,0,0,0,311.8,0,0,0
1539.0,221,303.3,0,0,0,311.7,0,0,0
1899.5,60,299.6,0,0,0,310.1,0,0,0
1729.0,53,300.9,0,0,0,310.8,0,0,0
1608.0,160,301.7,0,0,0,310.9,0,0,0
1563.0,21,298.6,0,0,0,309.6,0,0,0
1493.0,153,298.1,0,0,0,307.5,0,0,0
1517.0,114,298.9,1,0,0,308.6,0,0,0
1797.0,75,297.3,0,0,0,307.9,0,0,0
1899.5,27,297.9,0,0,0,309.7,0,0,0
1617.0,185,300.6,0,0,0,309.7,0,0,0
1609.0,156,301.0,1,0,0,311.6,0,0,0
1544.0,21,300.4,1,0,0,310.4,0,0,0
1662.0,15,298.5,1,0,0,308.7,0,0,0
1692.0,115,300.4,0,0,0,309.7,0,0,0
1633.0,89,302.6,0,0,0,311.9,0,0,0
1324.0,118,297.4,0,0,0,308.6,0,0,0
1543.0,37,302.2,0,0,0,311.5,0,0,0
1818.0,109,303.5,1,0,0,312.2,0,0,0
1621.0,211,300.8,1,0,0,311.9,0,0,0
1445.0,210,301.4,0,0,0,310.6,0,0,0
1590.0,64,302.8,0,0,0,312.4,0,0,0
1442.0,59,297.1,0,0,0,308.6,0,0,0
1868.0,221,299.0,0,0,0,310.3,0,0,0
1425.0,199,303.9,0,0,0,313.1,0,0,0
1328.0,24,302.9,0,0,0,312.6,0,0,0
1531.0,55,301.1,0,0,0,311.4,0,0,0
1637.0,19,303.6,0,0,0,312.7,0,0,0
1600.0,177,300.3,0,0,0,309.6,0,0,0
1448.0,209,300.2,1,0,0,310.3,0,0,0
1743.0,99,299.6,0,0,0,310.2,0,0,0
1401.0,142,304.2,0,0,0,313.8,0,0,0
1685.0,15,297.5,1,0,0,308.4,0,0,0
1405.0,189,300.8,0,0,0,310.1,0,0,0
1693.0,56,298.9,0,0,0,310.0,0,0,0
1706.0,103,298.9,0,0,0,310.2,0,0,0
1575.0,128,298.5,0,0,0,308.7,0,0,0
1617.0,126,301.0,0,0,0,310.3,0,0,0
1460.0,197,301.3,0,0,0,310.3,0,0,0
1309.0,0,297.5,0,0,0,308.8,0,0,0
1352.0,143,301.0,0,0,0,311.6,0,0,0
1488.0,57,302.2,1,0,0,310.9,0,0,0
1658.0,186,302.1,0,0,0,310.9,0,0,0
1537.0,190,298.8,0,0,0,310.0,0,0,0
1334.0,26,300.1,0,0,0,311.5,0,0,0
1501.0,157,300.1,1,0,0,309.6,0,0,0
1642.0,103,300.5,2,0,0,309.4,0,0,0
1235.0,89,295.8,1,0,0,306.3,0,0,0
1603.0,194,302.5,0,0,0,311.5,0,0,0
1475.0,187,295.3,0,0,0,305.7,0,0,0
1418.0,166,301.7,0,0,0,311.2,0,0,0
1831.0,105,297.5,1,0,0,309.4,0,0,0
1440.0,5,298.5,1,0,0,308.3,0,0,0
1285.0,183,301.4,0,0,0,310.8,0,0,0
1386.0,69,302.2,1,0,0,311.6,0,0,0
1528.0,185,300.6,0,0,0,311.7,0,0,0
1400.0,147,297.7,2,0,0,309.3,0,0,0
1408.0,117,295.7,0,0,0,306.1,0,0,0
1532.0,104,295.9,1,0,0,306.6,0,0,0
1712.0,204,297.2,0,0,0,308.1,0,0,0
1514.0,169,299.4,0,0,0,310.5,0,0,0
1774.0,186,301.1,0,0,0,311.2,0,0,0
1278.0,18,298.2,0,0,0,308.9,0,0,0
1382.0,165,301.5,0,0,0,310.8,0,0,0
1443.0,85,299.2,1,0,0,310.6,0,0,0
1555.0,229,296.9,0,0,0,308.1,0,0,0
1393.0,12,303.2,0,0,0,311.3,0,0,0
1630.0,2,303.3,0,0,0,311.4,0,0,0
1478.0,98,297.3,2,0,0,308.7,0,0,0
1675.0,46,296.8,0,0,0,308.0,0,0,0
1386.0,25,298.6,0,0,0,309.6,0,0,0
1668.0,180,302.6,0,0,0,312.1,0,0,0
1457.0,98,300.1,1,0,0,309.2,0,0,0
1679.0,25,303.1,0,0,0,311.2,0,0,0
1587.0,148,297.3,0,0,0,308.7,0,0,0
1458.0,25,303.8,0,0,0,313.1,0,0,0
1899.5,126,301.5,1,0,0,310.6,0,0,0
1416.0,202,302.4,0,0,0,311.8,0,0,0
1288.0,0,302.6,0,0,0,312.1,0,0,0
1402.0,76,303.7,1,0,0,312.0,0,0,0
1482.0,171,300.8,1,0,0,309.7,0,0,0
1649.0,168,300.1,0,0,0,309.6,0,0,0
1453.0,86,297.7,0,0,0,308.5,0,0,0
1483.0,35,301.9,1,0,0,310.9,0,0,0
1536.0,19,300.7,1,0,0,309.6,0,0,0
1504.0,112,299.4,0,0,0,308.7,0,0,0
1510.0,199,304.4,1,0,0,313.6,0,0,0
1668.0,6,298.6,1,0,0,309.9,0,0,0
1380.0,192,297.5,0,0,0,308.6,0,0,0
1236.0,177,301.0,0,0,0,311.1,0,0,0
1821.0,171,301.6,2,0,0,310.6,0,0,0
1456.0,142,303.0,0,0,0,311.2,0,0,0
1899.5,24,300.6,0,0,0,310.6,0,0,0
1725.0,205,298.5,0,0,0,308.9,0,0,0
1465.0,139,300.8,1,0,0,312.4,0,0,0
1541.0,82,300.7,0,0,0,310.7,0,0,0
1415.0,62,299.4,2,0,0,309.0,0,0,0
1562.0,58,300.7,1,0,0,311.3,0,0,0
1447.0,78,299.0,1,0,0,310.3,0,0,0
1385.0,132,301.6,0,0,0,310.9,0,0,0
1452.0,73,298.4,0,0,0,308.3,0,0,0
1714.0,177,297.8,0,0,0,308.4,0,0,0
1491.0,152,297.6,0,0,0,308.6,0,0,0
1447.0,188,297.2,0,0,0,308.5,0,0,0
1501.0,187,301.3,1,0,0,310.4,0,0,0
1360.0,190,297.5,0,0,0,308.8,0,0,0
1635.0,107,300.6,0,0,0,310.0,0,0,0
1541.0,166,300.6,2,0,0,309.8,0,0,0
1490.0,168,302.4,1,0,0,311.0,0,0,0
1402.0,185,300.9,1,0,0,312.0,0,0,0
1433.0,7,298.2,0,0,0,308.6,0,0,0
1427.0,106,299.8,1,0,0,309.8,0,0,0
1509.0,12,300.9,0,0,0,310.7,0,0,0
1510.0,177,298.6,1,0,0,309.3,0,0,0
1493.0,10,300.7,0,0,0,310.2,0,0,0
1641.0,125,303.7,0,0,0,312.5,0,0,0
1385.0,5,302.1,0,0,0,310.6,0,0,0
1434.0,118,300.9,1,0,0,311.4,0,0,0
1543.0,33,302.7,0,0,0,312.1,0,0,0
1525.0,204,301.5,0,0,0,310.6,0,0,0
1380.0,5,300.4,1,0,0,310.2,0,0,0
1741.0,39,300.8,0,0,0,310.8,0,0,0
1508.0,96,301.8,1,0,0,310.8,0,0,0
1440.0,12,303.9,0,0,0,313.1,0,0,0
1454.0,30,304.0,1,0,0,313.0,0,0,0
1403.0,70,300.7,0,0,0,311.0,0,0,0
1413.0,72,300.7,1,0,0,311.0,0,0,0
1430.0,102,300.2,0,0,0,309.8,0,0,0
1596.0,150,301.5,0,0,0,310.7,0,0,0
1762.0,127,302.3,1,0,0,310.8,0,0,0
1606.0,156,300.3,0,0,0,311.1,0,0,0
1516.0,53,301.2,0,0,0,310.4,0,0,0
1531.0,2,297.9,0,0,0,308.1,0,0,0
1460.0,138,298.6,1,0,0,309.4,0,0,0
1366.0,219,300.5,0,0,0,309.6,0,0,0
1315.0,128,297.0,0,0,0,307.7,0,0,0
1436.0,32,303.5,0,0,0,312.0,0,0,0
1505.0,95,300.6,0,0,0,310.0,0,0,0
1732.0,32,297.5,0,0,0,309.3,0,0,0
1413.0,91,300.7,0,0,0,311.0,0,0,0
1359.0,110,296.9,0,0,0,307.9,0,0,0
1399.0,80,300.7,0,0,0,311.2,0,0,0
1571.0,5,299.0,0,0,0,308.4,0,0,0
1467.0,33,302.1,1,0,0,311.4,0,0,0
1441.0,33,300.7,1,0,0,311.5,0,0,0
1329.0,111,302.6,1,0,0,311.0,0,0,0
1471.0,157,297.3,1,0,0,308.6,0,0,0
1391.0,204,300.3,1,0,0,309.3,0,0,0
1427.0,213,302.6,0,0,0,311.5,0,0,0
1580.0,195,299.1,1,0,0,310.0,0,0,0
1575.0,42,299.0,0,0,0,310.2,0,0,0
1418.0,130,302.7,2,0,0,311.1,0,0,0
1474.0,215,303.1,0,0,0,311.3,0,0,0
1378.0,130,300.7,1,0,0,311.0,0,0,0
1374.0,115,304.1,0,0,0,313.4,0,0,0
1661.0,162,298.8,1,0,0,309.0,0,0,0
1322.0,18,300.8,0,0,0,311.4,0,0,0
1433.0,206,297.6,1,0,0,308.9,0,0,0
1661.0,106,299.0,0,0,0,308.6,0,0,0
1401.0,79,300.4,1,0,0,311.6,0,0,0
1408.0,76,298.2,1,0,0,309.4,0,0,0
1364.0,20,299.9,1,0,0,309.6,0,0,0
1605.0,151,299.7,0,0,0,309.0,0,0,0
1534.0,176,299.7,1,0,0,309.6,0,0,0
1899.5,173,300.9,2,0,0,312.0,0,0,0
1854.0,19,303.1,0,0,0,311.1,0,0,0
1688.0,135,300.6,0,0,0,309.8,0,0,0
1772.0,177,298.9,1,0,0,308.7,0,0,0
1433.0,206,301.2,0,0,0,311.7,0,0,0
1625.0,89,299.0,1,0,0,310.2,0,0,0
1786.0,47,302.1,0,0,0,310.8,0,0,0
1851.0,189,299.7,1,0,0,309.1,0,0,0
1660.0,9,298.9,0,0,0,308.3,0,0,0
1376.0,32,298.9,2,0,0,309.9,0,0,0
1589.0,11,298.5,0,0,0,308.8,0,0,0
1559.0,124,302.1,0,0,0,310.5,0,0,0
1786.0,114,298.7,0,0,0,310.1,0,0,0
1899.5,53,303.4,2,0,0,311.7,0,0,0
1616.0,16,298.2,0,0,0,308.8,0,0,0
1525.0,91,301.6,0,0,0,311.2,0,0,0
1330.0,154,302.2,0,0,0,311.7,0,0,0
1667.0,18,298.3,1,0,0,308.7,0,0,0
1479.0,92,303.4,0,0,0,312.3,0,0,0
1758.0,68,299.0,0,0,0,309.4,0,0,0
1270.0,208,300.5,0,0,0,311.2,0,0,0
1474.0,189,298.5,0,0,0,309.1,0,0,0
1624.0,145,301.8,1,0,0,311.3,0,0,0
1453.0,38,300.8,2,0,0,311.4,0,0,0
1592.0,17,300.7,0,0,0,309.5,0,0,0
1500.0,122,300.7,0,0,0,309.6,0,0,0
1446.0,211,302.7,0,0,0,310.5,0,0,0
1492.0,223,301.3,1,0,0,311.1,0,0,0
1651.0,141,298.4,0,0,0,309.2,0,0,0
1452.0,28,300.6,2,0,0,311.1,0,0,0
1409.0,19,304.3,0,0,0,313.6,0,0,0
1656.0,120,300.2,0,0,0,309.7,0,0,0
1480.0,108,299.9,1,0,0,311.4,0,0,0
1639.0,159,299.9,1,0,0,309.9,0,0,0
1626.0,180,301.3,0,0,0,310.3,0,0,0
1390.0,164,303.5,0,0,0,312.4,0,0,0
1446.0,155,300.6,0,0,0,310.4,0,0,0
1668.0,7,298.6,1,0,0,310.2,0,0,0
1868.0,118,298.7,1,0,0,309.7,0,0,0
1422.0,134,300.1,2,0,0,311.5,0,0,0
1491.0,192,298.6,0,0,0,309.6,0,0,0
1875.0,155,300.4,1,0,0,309.4,0,0,0
1514.0,60,295.8,1,0,0,306.5,0,0,0
1488.0,54,303.7,2,0,0,312.8,0,0,0
1449.0,18,299.0,0,0,0,308.7,0,0,0
1899.5,151,298.9,0,0,0,310.0,0,0,0
1477.0,138,298.8,1,0,0,309.7,0,0,0
1348.0,78,301.3,0,0,0,311.0,0,0,0
1710.0,14,303.6,0,0,0,312.8,0,0,0
1641.0,41,300.1,0,0,0,309.7,0,0,0
1397.0,17,302.2,0,0,0,311.4,0,0,0
1531.0,57,299.0,0,0,0,310.1,0,0,0
1502.0,13,299.5,0,0,0,309.1,0,0,0
1461.0,31,303.7,0,0,0,312.9,0,0,0
1467.0,131,300.4,0,0,0,309.7,0,0,0
1574.0,151,297.6,0,0,0,309.5,0,0,0
1894.0,22,299.1,0,0,0,310.1,0,0,0
1489.0,21,300.6,0,0,0,310.2,0,0,0
1452.0,158,298.2,0,0,0,308.4,0,0,0
1524.0,76,303.0,1,0,0,312.5,0,0,0
1419.0,81,297.6,1,0,0,308.7,0,0,0
1433.0,116,297.4,0,0,0,308.7,0,0,0
1363.0,96,298.3,0,0,0,308.0,0,0,0
1398.0,109,301.7,0,0,0,309.8,0,0,0
1881.0,98,300.5,1,0,0,309.3,0,0,0
1486.0,30,300.8,0,0,0,311.9,0,0,0
1309.0,77,302.3,0,0,0,311.6,0,0,0
1606.0,22,303.5,1,0,0,312.4,0,0,0
1807.0,77,300.7,0,0,0,310.2,0,0,0
1899.5,5,303.2,1,0,0,311.4,0,0,0
1725.0,209,302.7,0,0,0,310.5,0,0,0
1625.0,92,297.3,1,0,0,308.5,0,0,0
1605.0,69,302.5,1,0,0,310.4,0,0,0
1490.0,125,300.9,0,0,0,310.8,0,0,0
1681.0,181,297.1,0,0,0,307.8,0,0,0
1471.0,91,298.3,0,0,0,309.0,0,0,0
1392.0,133,298.8,1,0,0,309.7,0,0,0
1530.0,10,297.6,1,0,0,309.6,0,0,0
1554.0,59,301.0,1,0,0,310.9,0,0,0
1899.5,5,295.6,0,0,0,306.0,0,0,0
1535.0,77,302.3,0,0,0,311.4,0,0,0
1624.0,186,297.5,1,0,0,308.2,0,0,0
1541.0,165,297.6,1,0,0,309.7,0,0,0
1314.0,199,300.0,1,0,0,310.1,0,0,0
1616.0,142,299.7,0,0,0,310.6,0,0,0
1650.0,94,301.9,0,0,0,310.8,0,0,0
1458.0,183,299.2,0,0,0,310.2,0,0,0
1411.0,168,298.2,1,0,0,308.0,0,0,0
1547.0,66,300.2,1,0,0,311.5,0,0,0
1688.0,125,297.7,0,0,0,308.7,0,0,0
1681.0,206,300.4,0,0,0,309.9,0,0,0
1589.0,141,302.3,0,0,0,311.1,0,0,0
1619.0,38,300.2,1,0,0,310.1,0,0,0
1605.0,78,299.3,0,0,0,308.6,0,0,0
1383.0,44,301.8,1,0,0,310.7,0,0,0
1404.0,127,303.1,0,0,0,312.4,0,0,0
1596.0,87,300.5,0,0,0,311.8,0,0,0
1533.0,137,299.8,0,0,0,311.2,0,0,0
1492.0,100,301.5,1,0,0,310.6,0,0,0
1755.0,19,299.2,1,0,0,308.3,0,0,0
1550.0,174,299.4,0,0,0,308.9,0,0,0
1433.0,22,299.4,0,0,0,309.2,0,0,0
1544.0,97,300.3,0,0,0,311.4,0,0,0
1713.0,17,297.5,1,0,0,308.2,0,0,0
1458.0,91,299.2,0,0,0,310.5,0,0,0
1569.0,63,297.6,0,0,0,309.5,0,0,0
1899.5,80,296.4,1,0,0,307.3,0,0,0
1487.0,152,302.5,0,0,0,310.4,0,0,0
1372.0,116,298.1,1,0,0,308.5,0,0,0
1404.0,119,303.7,0,0,0,312.4,0,0,0
1719.0,206,298.8,1,0,0,310.1,0,0,0
1451.0,21,299.1,2,0,0,308.3,0,0,0
1500.0,104,298.0,0,0,0,308.9,0,0,0
1512.0,143,301.5,2,0,0,310.6,0,0,0
1481.0,52,302.5,0,0,0,311.9,0,0,0
1512.0,169,300.8,0,0,0,312.1,0,0,0
1392.0,108,297.2,0,0,0,308.6,0,0,0
1461.0,38,297.9,0,0,0,309.8,0,0,0
1453.0,92,302.0,0,0,0,310.7,0,0,0
1654.0,57,300.6,0,0,0,309.4,0,0,0
1586.0,0,298.3,0,0,0,308.1,0,0,0
1466.0,184,300.4,1,0,0,309.7,0,0,0
1416.0,7,300.8,0,0,0,312.0,0,0,0
1886.0,44,300.8,1,0,0,310.7,0,0,0
1899.5,16,300.6,1,0,0,310.5,0,0,0
1378.0,173,301.3,1,0,0,310.6,0,0,0
1334.0,106,301.1,0,0,0,310.7,0,0,0
1495.0,193,300.1,1,0,0,311.3,0,0,0
1326.0,55,302.5,0,0,0,310.3,0,0,0
1270.0,182,302.0,0,0,0,311.2,0,0,0
1508.0,89,298.0,1,0,0,307.6,0,0,0
1471.0,14,297.6,1,0,0,307.1,0,0,0
1465.0,140,302.2,1,0,0,310.9,0,0,0
1427.0,65,300.9,0,0,0,310.4,0,0,0
1348.0,83,302.0,0,0,0,310.7,0,0,0
1547.0,152,301.0,0,0,0,311.7,0,0,0
1414.0,10,300.8,0,0,0,311.7,0,0,0
1430.0,174,301.9,2,0,0,311.0,0,0,0
1546.0,186,300.8,1,0,0,309.6,0,0,0
1425.0,7,301.4,0,0,0,310.7,0,0,0
1421.0,182,302.3,1,0,0,311.0,0,0,0
1423.0,93,302.3,1,0,0,311.7,0,0,0
1687.0,33,299.8,0,0,0,310.3,0,0,0
1454.0,57,301.0,1,0,0,311.3,0,0,0
1686.0,35,298.1,1,0,0,308.0,0,0,0
1515.0,24,303.5,0,0,0,311.9,0,0,0
1443.0,87,296.5,0,0,0,307.5,0,0,0
1531.0,203,303.4,0,0,0,311.9,0,0,0
1582.0,160,299.9,1,0,0,309.5,0,0,0
1494.0,35,300.8,1,0,0,310.3,0,0,0
1899.5,196,300.5,1,0,0,311.7,0,0,0
1348.0,87,301.7,0,0,0,311.3,0,0,0
1542.0,184,297.3,1,0,0,308.7,0,0,0
1425.0,57,298.1,0,0,0,307.9,0,0,0
1528.0,140,297.3,0,0,0,308.5,0,0,0
1433.0,76,300.1,1,0,0,311.6,0,0,0
1736.0,74,299.1,0,0,0,310.5,0,0,0
1319.0,15,300.2,2,0,0,311.4,0,0,0
1352.0,102,299.7,1,0,0,309.1,0,0,0
1310.0,35,300.9,1,0,0,311.9,0,0,0
1899.5,118,297.4,0,0,0,308.7,0,0,0
1374.0,8,300.2,2,0,0,309.8,0,0,0
1457.0,206,302.4,0,0,0,312.0,0,0,0
1578.0,174,301.7,1,0,0,311.1,0,0,0
1364.0,163,297.2,1,0,0,308.5,0,0,0
1491.0,92,303.6,0,0,0,311.7,0,0,0
1433.0,199,300.4,1,0,0,311.0,0,0,0
1732.0,109,300.8,0,0,0,310.9,0,0,0
1702.0,141,303.7,0,0,0,312.6,0,0,0
1604.0,200,297.2,1,0,0,308.5,0,0,0
1806.0,64,298.4,0,0,0,309.3,0,0,0
1397.0,173,300.0,0,0,0,309.3,0,0,0
1416.0,128,304.0,0,0,0,313.2,0,0,0
1698.0,39,302.0,0,0,0,310.7,0,0,0
1642.0,37,300.5,0,0,0,311.4,0,0,0
1800.0,44,297.9,2,0,0,308.0,0,0,0
1393.0,28,299.6,1,0,0,309.2,0,0,0
1899.5,159,303.5,0,0,0,311.8,0,0,0
1513.0,92,303.4,0,0,0,312.8,0,0,0
1449.0,168,300.9,0,0,0,311.3,0,0,0
1579.0,167,302.5,2,0,0,312.0,0,0,0
1672.0,150,298.8,0,0,0,310.0,0,0,0
1384.0,73,297.5,0,0,0,308.4,0,0,0
1562.0,137,298.3,0,0,0,309.2,0,0,0
1559.0,191,302.3,1,0,0,311.8,0,0,0
1824.0,186,304.1,0,0,0,313.2,0,0,0
1447.0,118,297.5,1,0,0,308.5,0,0,0
1611.0,183,298.8,0,0,0,310.0,0,0,0
1648.0,119,304.0,0,0,0,313.1,0,0,0
1554.0,117,300.0,0,0,0,309.7,0,0,0
1491.0,98,302.1,0,0,0,310.7,0,0,0
1899.5,179,299.5,0,0,0,308.7,0,0,0
1391.0,34,297.5,1,0,0,309.4,0,0,0
1623.0,61,297.6,0,0,0,308.3,0,0,0
1605.0,154,298.4,0,0,0,308.0,0,0,0
1601.0,31,302.7,0,0,0,312.1,0,0,0
1899.5,44,298.6,0,0,0,309.4,0,0,0
1403.0,58,300.3,0,0,0,311.5,0,0,0
1313.0,186,299.7,1,0,0,309.6,0,0,0
1671.0,163,303.7,1,0,0,312.6,0,0,0
1704.0,42,300.2,1,0,0,310.3,0,0,0
1427.0,180,300.8,0,0,0,311.8,0,0,0
1442.0,194,298.7,0,0,0,309.6,0,0,0
1479.0,133,300.1,0,0,0,311.3,0,0,0
1862.0,172,298.3,0,0,0,308.9,0,0,0
1536.0,22,300.8,0,0,0,311.4,0,0,0
1899.5,184,298.5,2,0,0,309.1,0,0,0
1345.0,172,296.9,2,0,0,307.8,0,0,0
1704.0,221,300.2,1,0,0,310.3,0,0,0
1549.0,31,302.1,0,0,0,311.4,0,0,0
1384.0,200,298.1,1,0,0,307.8,0,0,0
1482.0,82,303.5,0,0,0,313.0,0,0,0
1439.0,62,298.2,0,0,0,307.8,0,0,0
1353.0,71,298.9,1,0,0,309.8,0,0,0
1479.0,10,299.1,0,0,0,308.1,0,0,0
1435.0,110,297.4,0,0,0,308.1,0,0,0
1567.0,64,301.2,0,0,0,311.0,0,0,0
1463.0,149,301.8,2,0,0,311.1,0,0,0
1786.0,100,299.3,0,0,0,309.0,0,0,0
1413.0,12,297.2,0,0,0,308.6,0,0,0
1495.0,188,298.1,0,0,0,308.3,0,0,0
1899.5,0,303.6,0,0,0,312.4,0,0,0
1899.5,38,301.1,1,0,0,311.3,0,0,0
1620.0,89,299.2,0,0,0,308.4,0,0,0
1858.0,144,300.8,0,0,0,312.3,0,0,0
1402.0,114,297.4,0,0,0,308.7,0,0,0
1431.0,61,301.7,1,0,0,310.1,0,0,0
1585.0,78,298.2,0,0,0,307.8,0,0,0
1406.0,162,303.8,1,0,0,312.6,0,0,0
1823.0,29,295.6,0,0,0,306.2,0,0,0
1464.0,37,304.2,0,0,0,313.2,0,0,0
1644.0,195,302.4,1,0,0,311.8,0,0,0
1669.0,161,295.6,1,0,0,306.1,0,0,0
1656.0,124,297.2,0,0,0,308.3,0,0,0
1373.0,215,298.0,1,0,0,308.2,0,0,0
1557.0,56,298.1,0,0,0,309.0,0,0,0
1566.0,89,298.6,1,0,0,309.5,0,0,0
1842.0,111,302.3,1,0,0,311.2,0,0,0
1518.0,102,302.1,0,0,0,311.4,0,0,0
1427.0,196,300.2,1,0,0,311.4,0,0,0
1559.0,199,301.4,0,0,0,310.4,0,0,0
1587.0,57,301.5,2,0,0,310.5,0,0,0
1407.0,87,300.7,0,0,0,310.6,0,0,0
1483.0,187,300.0,0,0,0,311.4,0,0,0
1837.0,34,298.2,2,0,0,308.8,0,0,0
1448.0,206,300.6,0,0,0,311.7,0,0,0
1457.0,28,297.9,0,0,0,309.1,0,0,0
1679.0,120,299.6,2,0,0,310.9,0,0,0
1428.0,103,301.1,0,0,0,310.5,0,0,0
1558.0,59,297.9,1,0,0,309.1,0,0,0
1565.0,40,298.0,1,0,0,309.9,0,0,0
1670.0,40,301.2,0,0,0,310.6,0,0,0
1286.0,177,296.3,1,0,0,307.2,0,0,0
1790.0,72,296.6,1,0,0,307.4,0,0,0
1465.0,136,300.8,2,0,0,310.6,0,0,0
1315.0,180,297.8,1,0,0,307.3,0,0,0
1624.0,216,301.7,0,0,0,310.6,0,0,0
1455.0,103,301.0,1,0,0,310.7,0,0,0
1664.0,89,299.0,0,0,0,310.1,0,0,0
1524.0,73,297.4,0,0,0,308.6,0,0,0
1505.0,33,301.8,0,0,0,310.8,0,0,0
1531.0,16,297.3,2,0,0,308.4,0,0,0
1705.0,103,299.8,1,0,0,309.7,0,0,0
1782.0,6,301.4,1,0,0,310.8,0,0,0
1603.0,126,298.9,1,0,0,310.2,0,0,0
1525.0,2,298.6,1,0,0,309.6,0,0,0
1459.0,34,297.5,1,0,0,308.3,0,0,0
1453.0,89,298.3,0,0,0,308.5,0,0,0
1758.0,88,301.4,1,0,0,311.1,0,0,0
1599.0,173,298.2,1,0,0,307.8,0,0,0
1337.0,187,303.3,0,0,0,311.6,0,0,0
1861.0,84,301.7,1,0,0,310.7,0,0,0
1833.0,161,297.4,0,0,0,309.0,0,0,0
1624.0,146,302.5,0,0,0,310.9,0,0,0
1842.0,133,297.5,1,0,0,308.6,0,0,0
1554.0,115,300.1,0,0,0,310.4,0,0,0
1555.0,111,298.0,1,0,0,308.0,0,0,0
1448.0,172,297.0,2,0,0,307.9,0,0,0
1899.5,143,298.9,0,0,0,309.1,0,0,0
1438.0,7,300.2,1,0,0,310.2,0,0,0
1631.0,0,298.3,2,0,0,309.4,0,0,0
1455.0,125,300.6,0,0,0,309.8,0,0,0
1476.0,166,299.6,0,0,0,309.1,0,0,0
1710.0,158,300.5,0,0,0,311.9,0,0,0
1448.0,173,300.2,0,0,0,311.7,0,0,0
1662.0,55,299.0,2,0,0,308.2,0,0,0
1541.0,105,300.6,1,0,0,309.4,0,0,0
1554.0,118,302.2,0,0,0,311.3,0,0,0
1443.0,217,300.7,0,0,0,311.8,0,0,0
1831.0,81,298.9,0,0,0,310.4,0,0,0
1379.0,152,298.5,0,0,0,308.0,0,0,0
1414.0,209,302.0,0,0,0,309.7,0,0,0
1394.0,206,297.8,0,0,0,309.7,0,0,0
1369.0,214,297.3,1,0,0,308.1,0,0,0
1793.0,142,301.0,1,0,0,310.4,0,0,0
1620.0,139,302.6,0,0,0,311.0,0,0,0
1581.0,117,300.6,1,0,0,309.4,0,0,0
1548.0,43,298.5,0,0,0,309.4,0,0,0
1899.5,151,299.5,1,0,0,309.3,0,0,0
1502.0,177,299.2,1,0,0,310.8,0,0,0
1414.0,168,297.0,0,0,0,307.8,0,0,0
1746.0,83,301.6,1,0,0,309.9,0,0,0
1373.0,60,303.3,1,0,0,311.5,0,0,0
1413.0,57,299.3,0,0,0,308.5,0,0,0
1484.0,173,298.3,0,0,0,309.7,0,0,0
1453.0,147,302.3,0,0,0,311.7,0,0,0
1513.0,212,299.4,2,0,0,309.2,0,0,0
1502.0,150,297.5,0,0,0,308.8,0,0,0
1421.0,165,297.1,1,0,0,308.4,0,0,0
1485.0,188,300.2,1,0,0,310.1,0,0,0
1380.0,166,303.5,0,0,0,312.5,0,0,0
1487.0,48,302.5,0,0,0,310.4,0,0,0
1450.0,112,299.1,2,0,0,308.2,0,0,0
1404.0,44,300.8,1,0,0,309.6,0,0,0
1375.0,39,298.6,2,0,0,309.5,0,0,0
1532.0,2,301.3,2,0,0,310.0,0,0,0
1551.0,112,296.8,1,0,0,307.8,0,0,0
1388.0,68,301.1,2,0,0,310.6,0,0,0
1448.0,55,303.7,0,0,0,312.8,0,0,0
1442.0,23,304.2,2,0,0,313.0,0,0,0
1494.0,161,297.4,0,0,0,308.6,0,0,0
1407.0,205,298.0,0,0,0,307.7,0,0,0
1383.0,24,302.3,2,0,0,310.1,0,0,0
1625.0,27,304.2,2,0,0,313.3,0,0,0
1523.0,141,299.3,1,0,0,310.8,0,0,0
1601.0,121,299.1,0,0,0,308.3,0,0,0
1548.0,97,299.9,1,0,0,309.2,0,0,0
1827.0,132,303.3,2,0,0,312.6,0,0,0
1412.0,24,299.1,1,0,0,310.1,0,0,0
1548.0,170,302.3,0,0,0,310.2,0,0,0
1531.0,16,298.4,0,0,0,309.3,0,0,0
1452.0,182,304.1,0,0,0,313.3,0,0,0
1460.0,166,301.2,1,0,0,310.9,0,0,0
1568.0,77,299.6,1,0,0,308.9,0,0,0
1463.0,140,303.3,0,0,0,312.6,0,0,0
1459.0,96,299.4,0,0,0,308.7,0,0,0
1899.5,174,302.6,1,0,0,311.6,0,0,0
1577.0,48,299.6,1,0,0,309.3,0,0,0
1670.0,89,300.5,1,0,0,311.9,0,0,0
1511.0,117,303.7,0,0,0,312.3,0,0,0
1519.0,96,298.3,0,0,0,309.0,0,0,0
1505.0,0,300.8,1,0,0,310.6,0,0,0
1892.0,34,299.1,0,0,0,308.3,0,0,0
1316.0,69,303.4,1,0,0,311.8,0,0,0
1589.0,94,298.2,0,0,0,308.3,0,0,0
1665.0,93,298.9,0,0,0,309.3,0,0,0
1567.0,109,298.0,0,0,0,307.8,0,0,0
1674.0,14,299.2,1,0,0,308.2,0,0,0
1528.0,30,302.3,0,0,0,311.0,0,0,0
1452.0,34,300.2,0,0,0,311.4,0,0,0
1500.0,125,303.8,1,0,0,312.7,0,0,0
1609.0,202,301.8,0,0,0,310.9,0,0,0
1416.0,167,304.3,1,0,0,313.5,0,0,0
1379.0,56,301.2,1,0,0,310.3,0,0,0
1367.0,204,296.9,0,0,0,307.9,0,0,0
1315.0,59,298.1,1,0,0,308.7,0,0,0
1550.0,96,300.6,1,0,0,309.5,0,0,0
1463.0,90,298.8,0,0,0,309.8,0,0,0
1323.0,163,297.4,1,0,0,308.9,0,0,0
1628.0,43,301.3,0,0,0,310.8,0,0,0
1608.0,119,301.1,0,0,0,310.8,0,0,0
1443.0,70,297.5,0,0,0,309.4,0,0,0
1568.0,39,298.5,2,0,0,309.2,0,0,0
1254.0,19,302.6,0,0,0,311.7,0,0,0
1899.5,62,299.9,1,0,0,309.5,0,0,0
1388.0,176,301.7,2,0,0,310.5,0,0,0
1630.0,53,299.8,0,0,0,309.4,0,0,0
1651.0,65,300.5,0,0,0,311.5,0,0,0
1416.0,214,300.7,0,0,0,310.7,0,0,0
1782.0,24,298.4,2,0,0,308.9,0,0,0
1617.0,39,297.6,0,0,0,308.3,0,0,0
1704.0,65,297.4,0,0,0,308.3,0,0,0
1540.0,206,300.5,0,0,0,310.6,0,0,0
1329.0,176,302.4,0,0,0,311.0,0,0,0
1659.0,49,297.6,2,0,0,308.7,0,0,0
1490.0,53,298.0,2,0,0,309.4,0,0,0
1469.0,147,303.7,1,0,0,312.7,0,0,0
1412.0,28,302.3,0,0,0,310.9,0,0,0
1627.0,64,298.2,0,0,0,307.8,0,0,0
1362.0,70,298.1,1,0,0,309.4,0,0,0
1444.0,9,302.7,0,0,0,312.4,0,0,0
1611.0,32,299.2,0,0,0,310.4,0,0,0
1457.0,193,300.4,1,0,0,310.1,0,0,0
1681.0,25,303.5,0,0,0,312.3,0,0,0
1457.0,182,300.8,2,0,0,310.3,0,0,0
1642.0,127,303.9,0,0,0,312.6,0,0,0
1331.0,16,299.6,0,0,0,309.4,0,0,0
1596.0,154,300.4,0,0,0,311.5,0,0,0
1467.0,136,298.9,0,0,0,308.5,0,0,0
1536.0,94,299.3,0,0,0,308.7,0,0,0
1435.0,104,297.3,2,0,0,308.5,0,0,0
1427.0,21,302.6,0,0,0,311.8,0,0,0
1494.0,67,299.0,0,0,0,310.2,0,0,0
1712.0,182,303.4,0,0,0,311.6,0,0,0
1564.0,191,297.3,2,0,0,308.8,0,0,0
1496.0,104,298.1,2,0,0,307.6,0,0,0
1724.0,126,301.9,2,0,0,309.8,0,0,0
1591.0,171,302.3,0,0,0,311.0,0,0,0
1395.0,122,298.0,0,0,0,308.5,0,0,0
1553.0,52,298.3,2,0,0,308.0,0,0,0
1341.0,21,300.6,0,0,0,310.2,0,0,0
1488.0,22,300.6,0,0,0,311.7,0,0,0
1711.0,74,300.9,0,0,0,312.1,0,0,0
1899.5,41,298.2,0,0,0,308.2,0,0,0
1396.0,158,303.7,1,0,0,312.7,0,0,0
1899.5,177,299.5,0,0,0,309.3,0,0,0
1320.0,168,300.4,0,0,0,311.8,0,0,0
1424.0,133,296.7,2,0,0,307.9,0,0,0
1658.0,89,302.2,0,0,0,311.6,0,0,0
1708.0,42,302.8,0,0,0,310.9,0,0,0
1555.0,142,298.9,1,0,0,308.5,0,0,0
1695.0,33,296.8,2,0,0,307.5,0,0,0
1350.0,2,302.7,1,0,0,312.2,0,0,0
1403.0,148,298.0,1,0,0,308.1,0,0,0
1747.0,45,297.5,0,0,0,308.4,0,0,0
1316.0,120,300.9,0,0,0,311.0,0,0,0
1507.0,194,301.3,0,0,0,310.4,0,0,0
1414.0,51,295.9,0,0,0,306.6,0,0,0
1447.0,137,300.5,2,0,0,310.9,0,0,0
1477.0,124,298.4,0,0,0,308.6,0,0,0
1399.0,174,301.7,0,0,0,310.5,0,0,0
1409.0,39,302.1,1,0,0,310.8,0,0,0
1688.0,166,297.3,2,0,0,308.6,0,0,0
1609.0,27,299.8,0,0,0,309.4,0,0,0
1525.0,199,301.3,1,0,0,310.1,0,0,0
1560.0,182,300.3,0,0,0,310.0,0,0,0
1447.0,110,300.4,0,0,0,309.5,0,0,0
1526.0,181,295.4,1,0,0,305.8,0,0,0
1497.0,118,298.6,0,0,0,309.8,0,0,0
1899.5,175,301.0,0,0,0,310.4,0,0,0
1899.5,59,304.1,0,0,0,313.1,0,0,0
1474.0,152,300.0,1,0,0,309.1,0,0,0
1305.0,17,299.1,0,0,0,308.3,0,0,0
1376.0,172,300.8,0,0,0,311.2,0,0,0
1418.0,209,299.0,1,0,0,309.7,0,0,0
1462.0,181,300.7,0,0,0,311.9,0,0,0
1655.0,21,297.3,1,0,0,308.7,0,0,0
1377.0,181,298.0,1,0,0,308.7,0,0,0
1610.0,87,301.9,0,0,0,310.6,0,0,0
1467.0,78,298.4,1,0,0,309.1,0,0,0
1602.0,135,303.0,1,0,0,312.5,0,0,0
1379.0,39,299.2,0,0,0,310.4,0,0,0
1453.0,165,298.0,1,0,0,308.6,0,0,0
1449.0,152,302.3,2,0,0,311.7,0,0,0
1763.0,171,299.8,1,0,0,311.1,0,0,0
1899.5,98,297.0,2,0,0,308.1,0,0,0
1605.0,59,301.3,2,0,0,310.6,0,0,0
1899.5,5,301.7,0,0,0,310.7,0,0,0
1742.0,7,300.3,0,0,0,310.4,0,0,0
1465.0,127,299.3,0,0,0,309.2,0,0,0
1899.5,190,302.5,0,0,0,311.5,0,0,0
1586.0,149,302.4,1,0,0,310.4,0,0,0
1604.0,159,299.0,0,0,0,308.5,0,0,0
1492.0,219,299.4,1,0,0,310.7,0,0,0
1736.0,56,301.8,0,0,0,310.8,0,0,0
1459.0,39,304.1,0,0,0,313.3,0,0,0
1436.0,2,297.5,1,0,0,308.9,0,0,0
1433.0,42,299.3,0,0,0,308.6,0,0,0
1809.0,175,302.0,0,0,0,310.5,0,0,0
1509.0,172,300.8,0,0,0,311.1,0,0,0
1313.0,202,304.0,0,0,0,312.9,0,0,0
1399.0,125,301.8,1,0,0,311.1,0,0,0
1444.0,13,296.3,0,0,0,307.3,0,0,0
1471.0,201,300.1,0,0,0,311.5,0,0,0
1438.0,66,302.2,0,0,0,310.8,0,0,0
1528.0,76,300.3,1,0,0,311.5,0,0,0
1447.0,82,300.7,0,0,0,310.6,0,0,0
1549.0,68,297.6,0,0,0,309.5,0,0,0
1378.0,82,300.5,1,0,0,311.5,0,0,0
1388.0,109,298.1,0,0,0,307.7,0,0,0
1635.0,156,300.3,0,0,0,311.7,0,0,0
1567.0,26,302.0,0,0,0,311.3,0,0,0
1450.0,66,298.8,0,0,0,308.7,0,0,0
1579.0,211,299.3,0,0,0,308.7,0,0,0
1502.0,37,301.4,0,0,0,310.1,0,0,0
1775.0,56,302.5,0,0,0,312.2,0,0,0
1500.0,124,304.0,1,0,0,313.2,0,0,0
1445.0,40,300.3,1,0,0,311.5,0,0,0
1560.0,21,300.8,0,0,0,311.9,0,0,0
1554.0,58,302.6,0,0,0,312.3,0,0,0
1435.0,127,302.4,2,0,0,310.2,0,0,0
1893.0,15,297.7,0,0,0,309.3,0,0,0
1397.0,111,300.8,0,0,0,311.2,0,0,0
1889.0,92,301.9,0,0,0,310.4,0,0,0
1558.0,39,297.9,0,0,0,309.4,0,0,0
1466.0,164,298.2,0,0,0,308.2,0,0,0
1899.5,93,298.2,1,0,0,307.7,0,0,0
1530.0,197,297.2,1,0,0,307.9,0,0,0
1469.0,137,303.7,1,0,0,313.0,0,0,0
1386.0,110,302.3,0,0,0,311.2,0,0,0
1592.0,142,298.2,1,0,0,308.9,0,0,0
1743.0,71,301.7,0,0,0,310.6,0,0,0
1440.0,104,300.4,1,0,0,309.7,0,0,0
1722.0,89,298.3,1,0,0,308.1,0,0,0
1381.0,193,299.2,0,0,0,308.6,0,0,0
1543.0,130,299.1,0,0,0,308.4,0,0,0
1348.0,35,300.7,1,0,0,311.3,0,0,0
1883.0,190,304.1,0,0,0,313.3,0,0,0
1420.0,200,303.8,1,0,0,312.8,0,0,0
1435.0,111,299.8,2,0,0,309.2,0,0,0
1383.0,145,298.9,0,0,0,309.1,0,0,0
1563.0,139,301.7,1,0,0,311.2,0,0,0
1380.0,56,298.8,2,0,0,310.1,0,0,0
1329.0,58,299.1,0,0,0,310.5,0,0,0
1408.0,196,299.1,0,0,0,308.6,0,0,0
1696.0,162,300.8,1,0,0,310.5,0,0,0
1454.0,19,300.1,1,0,0,309.2,0,0,0
1392.0,23,301.2,0,0,0,310.8,0,0,0
1532.0,53,300.2,0,0,0,309.3,0,0,0
1715.0,0,297.7,0,0,0,307.1,0,0,0
1438.0,12,302.0,2,0,0,310.6,0,0,0
1539.0,24,302.2,1,0,0,311.4,0,0,0
1510.0,27,301.7,1,0,0,311.0,0,0,0
1462.0,165,303.7,0,0,0,312.5,0,0,0
1899.5,37,301.0,1,0,0,310.9,0,0,0
1514.0,120,296.9,0,0,0,308.0,0,0,0
1658.0,76,299.6,0,0,0,310.9,0,0,0
1564.0,97,299.0,1,0,0,310.2,0,0,0
1511.0,24,302.3,0,0,0,310.8,0,0,0
1728.0,37,300.0,0,0,0,309.5,0,0,0
1396.0,178,298.7,0,0,0,309.2,0,0,0
1459.0,17,303.6,1,0,0,312.5,0,0,0
1677.0,46,302.9,0,0,0,312.2,0,0,0
1533.0,223,297.5,0,0,0,308.8,0,0,0
1280.0,147,302.0,2,0,0,309.8,0,0,0
1439.0,185,297.9,1,0,0,310.0,0,0,0
1419.0,7,295.6,0,0,0,306.0,0,0,0
1759.0,5,300.0,0,0,0,309.2,0,0,0
1899.5,210,301.5,0,0,0,310.6,0,0,0
1658.0,150,302.3,0,0,0,311.6,0,0,0
1577.0,130,297.0,0,0,0,308.2,0,0,0
1413.0,64,298.8,1,0,0,309.8,0,0,0
1296.0,41,297.9,0,0,0,308.0,0,0,0
1268.0,146,299.9,0,0,0,310.3,0,0,0
1358.0,194,302.0,0,0,0,310.6,0,0,0
1572.0,199,300.1,0,0,0,311.4,0,0,0
1657.0,151,300.8,0,0,0,309.8,0,0,0
1545.0,166,299.8,0,0,0,310.9,0,0,0
1846.0,179,297.0,2,0,0,307.9,0,0,0
1493.0,14,303.5,0,0,0,311.9,0,0,0
1577.0,160,299.3,1,0,0,308.9,0,0,0
1697.0,191,300.7,1,0,0,311.9,0,0,0
1389.0,15,302.7,0,0,0,311.9,0,0,0
1465.0,69,304.0,0,0,0,313.1,0,0,0
1474.0,18,301.9,2,0,0,311.2,0,0,0
1631.0,43,300.7,2,0,0,310.6,0,0,0
1538.0,0,297.6,1,0,0,308.3,0,0,0
1445.0,15,300.3,0,0,0,311.7,0,0,0
1428.0,119,300.5,0,0,0,309.8,0,0,0
1553.0,155,297.0,0,0,0,307.8,0,0,0
1475.0,222,297.4,0,0,0,308.3,0,0,0
1588.0,38,299.6,0,0,0,310.2,0,0,0
1638.0,218,298.9,1,0,0,310.7,0,0,0
1399.0,99,298.3,0,0,0,307.9,0,0,0
1418.0,12,300.8,0,0,0,309.7,0,0,0
1408.0,25,299.0,2,0,0,308.7,0,0,0
1423.0,7,299.5,1,0,0,310.7,0,0,0
1535.0,133,296.9,0,0,0,307.9,0,0,0
1486.0,32,300.7,0,0,0,311.9,0,0,0
1832.0,129,302.2,1,0,0,310.5,0,0,0
1592.0,211,298.1,0,0,0,308.4,0,0,0
1608.0,57,298.1,1,0,0,307.8,0,0,0
1384.0,121,301.9,1,0,0,311.0,0,0,0
1436.0,119,300.7,0,0,0,311.0,0,0,0
1368.0,185,296.6,0,0,0,307.4,0,0,0
1542.0,33,297.9,0,0,0,309.9,0,0,0
1658.0,69,299.0,2,0,0,310.3,0,0,0
1899.5,21,301.5,1,0,0,310.4,0,0,0
1411.0,140,300.6,0,0,0,309.6,0,0,0
1592.0,200,299.0,0,0,0,309.1,0,0,0
1452.0,110,301.8,0,0,0,310.6,0,0,0
1639.0,121,302.3,1,0,0,311.7,0,0,0
1600.0,13,297.8,2,0,0,307.9,0,0,0
1555.0,212,301.4,0,0,0,310.6,0,0,0
1413.0,122,298.9,0,0,0,308.6,0,0,0
1413.0,121,296.8,0,0,0,307.9,0,0,0
1248.0,77,301.0,0,0,0,310.5,0,0,0
1432.0,127,300.2,2,0,0,311.5,0,0,0
1419.0,158,299.3,0,0,0,309.0,0,0,0
1456.0,167,302.2,1,0,0,310.4,0,0,0
1473.0,94,297.4,0,0,0,309.4,0,0,0
1355.0,63,297.4,1,0,0,308.0,0,0,0
1382.0,13,301.2,0,0,0,309.9,0,0,0
1619.0,85,300.5,0,0,0,311.7,0,0,0
1410.0,111,300.5,1,0,0,309.8,0,0,0
1865.0,48,302.0,0,0,0,311.0,0,0,0
1448.0,65,295.5,0,0,0,306.2,0,0,0
1691.0,9,297.5,0,0,0,308.5,0,0,0
1438.0,139,300.1,0,0,0,311.4,0,0,0
1899.5,201,300.9,0,0,0,309.7,0,0,0
1607.0,43,303.2,2,0,0,311.4,0,0,0
1662.0,37,301.3,0,0,0,310.1,0,0,0
1616.0,155,300.5,0,0,0,309.7,0,0,0
1692.0,201,299.4,1,0,0,309.3,0,0,0
1642.0,201,301.8,0,0,0,310.0,0,0,0
1629.0,41,300.1,0,0,0,311.4,0,0,0
1633.0,0,301.4,0,0,0,310.5,0,0,0
1899.5,13,302.7,0,0,0,312.4,0,0,0
1417.0,131,299.7,0,0,0,309.3,0,0,0
1405.0,192,299.7,1,0,0,310.8,0,0,0
1609.0,177,300.3,0,0,0,311.9,0,0,0
1448.0,145,301.0,1,0,0,311.6,0,0,0
1568.0,96,303.7,0,0,0,312.2,0,0,0
1602.0,165,303.9,0,0,0,312.7,0,0,0
1599.0,116,301.6,0,0,0,310.4,0,0,0
1738.0,96,297.7,2,0,0,308.4,0,0,0
1828.0,166,301.0,0,0,0,310.9,0,0,0
1473.0,35,300.0,0,0,0,309.3,0,0,0
1484.0,212,299.0,0,0,0,310.0,0,0,0
1753.0,130,298.8,0,0,0,309.8,0,0,0
1804.0,118,298.1,1,0,0,308.9,0,0,0
1298.0,229,301.7,0,0,0,309.5,0,0,0
1501.0,127,298.5,1,0,0,308.1,0,0,0
1899.5,105,300.9,0,0,0,310.9,0,0,0
1727.0,116,298.9,0,0,0,308.7,0,0,0
1528.0,125,300.2,0,0,0,311.5,0,0,0
1512.0,137,297.8,0,0,0,307.4,0,0,0
1544.0,132,298.4,0,0,0,307.9,0,0,0
1631.0,124,297.8,2,0,0,307.5,0,0,0
1355.0,13,297.6,0,0,0,308.6,0,0,0
1326.0,142,299.4,1,0,0,309.1,0,0,0
1614.0,155,303.6,0,0,0,311.8,0,0,0
1568.0,38,301.5,0,0,0,310.7,0,0,0
1509.0,190,299.9,1,0,0,309.4,0,0,0
1497.0,144,297.4,1,0,0,309.0,0,0,0
1509.0,25,302.0,0,0,0,311.3,0,0,0
1478.0,56,297.2,1,0,0,308.0,0,0,0
1568.0,140,298.3,0,0,0,309.4,0,0,0
1454.0,35,298.0,0,0,0,308.1,0,0,0
1395.0,90,301.2,2,0,0,312.4,0,0,0
1546.0,133,300.9,1,0,0,311.1,0,0,0
1433.0,101,298.4,0,0,0,308.6,0,0,0
1506.0,187,297.3,0,0,0,308.7,0,0,0
1641.0,35,300.0,0,0,0,309.5,0,0,0
1489.0,108,301.7,1,0,0,311.1,0,0,0
1448.0,107,300.4,2,0,0,309.8,0,0,0
1600.0,67,299.5,2,0,0,310.8,0,0,0
1717.0,7,298.3,1,0,0,307.7,0,0,0
1490.0,164,297.4,0,0,0,308.3,0,0,0
1468.0,141,301.0,0,0,0,309.7,0,0,0
1314.0,65,299.3,0,0,0,308.6,0,0,0
1500.0,9,300.4,1,0,0,310.5,0,0,0
1572.0,50,300.7,1,0,0,310.6,0,0,0
1740.0,176,300.7,1,0,0,311.0,0,0,0
1546.0,58,304.2,2,0,0,313.5,0,0,0
1601.0,33,299.6,0,0,0,309.2,0,0,0
1462.0,69,298.2,0,0,0,308.1,0,0,0
1406.0,40,300.2,1,0,0,309.1,0,0,0
1233.0,81,299.1,1,0,0,310.3,0,0,0
1470.0,118,299.3,0,0,0,309.1,0,0,0
1866.0,159,302.1,1,0,0,311.5,0,0,0
1527.0,189,298.3,0,0,0,309.6,0,0,0
1790.0,193,298.0,0,0,0,308.8,0,0,0
1632.0,0,298.3,1,0,0,309.1,0,0,0
1446.0,160,298.7,0,0,0,309.5,0,0,0
1899.5,208,299.0,0,0,0,308.7,0,0,0
1278.0,32,298.6,0,0,0,308.3,0,0,0
1411.0,48,298.2,0,0,0,308.0,0,0,0
1344.0,151,297.9,0,0,0,307.6,0,0,0
1593.0,18,298.3,0,0,0,309.1,0,0,0
1465.0,215,296.3,0,0,0,307.4,0,0,0
1737.0,225,299.2,0,0,0,310.7,0,0,0
1410.0,26,299.2,0,0,0,308.3,0,0,0
1540.0,5,298.6,0,0,0,309.6,0,0,0
1512.0,18,298.4,0,0,0,309.3,0,0,0
1491.0,214,299.9,0,0,0,309.2,0,0,0
1298.0,19,300.4,0,0,0,310.4,0,0,0
1455.0,145,302.3,2,0,0,311.1,0,0,0
1559.0,66,297.8,0,0,0,308.8,0,0,0
1673.0,52,302.2,0,0,0,310.8,0,0,0
1501.0,77,302.7,0,0,0,312.0,0,0,0
1648.0,197,302.3,0,0,0,311.7,0,0,0
1585.0,90,297.6,1,0,0,308.6,0,0,0
1889.0,148,302.9,0,0,0,312.3,0,0,0
1805.0,198,299.8,1,0,0,310.3,0,0,0
1401.0,38,299.4,0,0,0,309.3,0,0,0
1899.5,23,298.9,1,0,0,308.2,0,0,0
1462.0,148,297.5,0,0,0,308.5,0,0,0
1450.0,213,302.7,0,0,0,312.2,0,0,0
1488.0,189,300.7,1,0,0,310.6,0,0,0
1475.0,104,302.2,0,0,0,311.3,0,0,0
1524.0,66,299.1,1,0,0,310.4,0,0,0
1664.0,179,300.2,1,0,0,310.0,0,0,0
1260.0,152,299.1,0,0,0,308.6,0,0,0
1294.0,12,298.5,0,0,0,309.5,0,0,0
1511.0,148,299.3,0,0,0,309.0,0,0,0
1559.0,110,299.6,0,0,0,309.2,0,0,0
1746.0,167,302.3,0,0,0,312.0,0,0,0
1567.0,171,299.9,0,0,0,309.5,0,0,0
1383.0,75,297.6,0,0,0,308.6,0,0,0
1899.5,66,302.0,0,0,0,310.8,0,0,0
1357.0,49,301.2,1,0,0,310.3,0,0,0
1567.0,172,299.2,0,0,0,310.6,0,0,0
1573.0,205,297.4,0,0,0,308.4,0,0,0
1595.0,25,297.6,1,0,0,308.6,0,0,0
1899.5,22,303.8,1,0,0,313.1,0,0,0
1476.0,91,297.9,0,0,0,307.9,0,0,0
1430.0,95,297.3,0,0,0,308.3,0,0,0
1899.5,182,297.9,0,0,0,307.6,0,0,0
1376.0,215,299.4,0,0,0,310.8,0,0,0
1393.0,45,300.0,2,0,0,311.2,0,0,0
1418.0,53,300.3,0,0,0,311.8,0,0,0
1523.0,204,299.3,1,0,0,309.3,0,0,0
1507.0,94,297.7,0,0,0,309.0,0,0,0
1437.0,183,299.1,0,0,0,308.6,0,0,0
1511.0,105,300.6,0,0,0,310.0,0,0,0
1479.0,197,300.7,0,0,0,309.5,0,0,0
1378.0,119,299.5,1,0,0,310.9,0,0,0
1457.0,82,300.8,0,0,0,310.9,0,0,0
1488.0,196,297.8,1,0,0,308.5,0,0,0
1386.0,119,300.3,1,0,0,311.4,0,0,0
1526.0,165,297.7,2,0,0,308.2,0,0,0
1684.0,53,300.6,0,0,0,309.6,0,0,0
1447.0,46,297.8,0,0,0,307.9,0,0,0
1694.0,116,304.0,1,0,0,313.1,0,0,0
1440.0,111,299.3,1,0,0,309.2,0,0,0
1400.0,202,296.9,0,0,0,307.8,0,0,0
1686.0,53,298.9,0,0,0,308.2,0,0,0
1334.0,5,302.9,1,0,0,312.4,0,0,0
1433.0,20,298.4,0,0,0,308.3,0,0,0
1342.0,113,300.8,1,0,0,309.4,0,0,0
1461.0,157,298.5,1,0,0,308.0,0,0,0
1647.0,26,299.9,0,0,0,311.3,0,0,0
1268.0,53,301.1,0,0,0,311.3,0,0,0
1429.0,184,300.3,1,0,0,311.9,0,0,0
1539.0,29,302.4,0,0,0,310.2,0,0,0
1374.0,176,301.4,0,0,0,310.3,0,0,0
1735.0,192,302.0,2,0,0,309.9,0,0,0
1395.0,133,298.3,0,0,0,309.1,0,0,0
1407.0,176,298.6,1,0,0,309.4,0,0,0
1446.0,168,297.5,1,0,0,308.7,0,0,0
1563.0,97,302.6,1,0,0,310.2,0,0,0
1899.5,223,300.6,0,0,0,310.3,0,0,0
1685.0,152,300.4,0,0,0,309.7,0,0,0
1441.0,34,300.7,0,0,0,311.8,0,0,0
1509.0,202,300.5,0,0,0,311.6,0,0,0
1438.0,124,298.5,1,0,0,309.6,0,0,0
1392.0,218,298.9,1,0,0,309.8,0,0,0
1676.0,178,297.8,1,0,0,309.8,0,0,0
1360.0,36,302.2,1,0,0,311.5,0,0,0
1840.0,202,301.8,0,0,0,311.2,0,0,0
1518.0,5,300.2,0,0,0,310.4,0,0,0
1546.0,129,297.5,0,0,0,308.5,0,0,0
1551.0,20,302.9,1,0,0,312.5,0,0,0
1616.0,57,302.1,1,0,0,311.2,0,0,0
1410.0,189,300.2,0,0,0,311.8,0,0,0
1457.0,213,301.6,0,0,0,310.7,0,0,0
1404.0,184,297.0,2,0,0,307.8,0,0,0
1454.0,108,300.5,1,0,0,311.6,0,0,0
1412.0,198,299.9,0,0,0,309.1,0,0,0
1403.0,138,298.3,0,0,0,309.1,0,0,0
1604.0,68,302.2,0,0,0,310.9,0,0,0
1716.0,156,302.5,0,0,0,310.2,0,0,0
1525.0,71,300.7,1,0,0,309.6,0,0,0
1615.0,153,301.1,1,0,0,311.1,0,0,0
1385.0,42,301.2,0,0,0,310.2,0,0,0
1472.0,157,299.1,0,0,0,310.3,0,0,0
1405.0,183,299.2,0,0,0,308.8,0,0,0
1657.0,148,301.0,1,0,0,310.7,0,0,0
1566.0,50,297.9,0,0,0,308.9,0,0,0
1432.0,68,302.3,1,0,0,311.2,0,0,0
1479.0,71,300.7,0,0,0,310.8,0,0,0
1530.0,108,297.7,1,0,0,308.9,0,0,0
1515.0,27,300.2,2,0,0,311.5,0,0,0
1617.0,115,300.3,1,0,0,311.6,0,0,0
1441.0,74,302.3,2,0,0,311.6,0,0,0
1437.0,23,298.8,0,0,0,309.8,0,0,0
1397.0,189,300.4,0,0,0,311.1,0,0,0
1474.0,64,297.1,0,0,0,308.7,0,0,0
1490.0,39,300.5,0,0,0,311.3,0,0,0
1415.0,53,299.2,1,0,0,308.4,0,0,0
1477.0,16,302.5,0,0,0,310.2,0,0,0
1652.0,52,297.2,0,0,0,308.6,0,0,0
1309.0,188,299.1,0,0,0,310.7,0,0,0
1744.0,16,302.2,0,0,0,310.8,0,0,0
1479.0,194,301.0,0,0,0,310.9,0,0,0
1539.0,96,302.0,1,0,0,310.6,0,0,0
1346.0,170,302.7,0,0,0,312.3,0,0,0
1405.0,88,302.3,1,0,0,311.2,0,0,0
1375.0,188,298.2,0,0,0,307.8,0,0,0
1858.0,114,298.3,0,0,0,310.0,0,0,0
1362.0,117,299.7,0,0,0,309.4,0,0,0
1615.0,158,301.0,0,0,0,311.1,0,0,0
1281.0,77,298.9,0,0,0,308.8,0,0,0
1452.0,172,300.3,0,0,0,311.7,0,0,0
1599.0,28,298.2,1,0,0,308.7,0,0,0
1517.0,117,298.9,0,0,0,309.9,0,0,0
1634.0,27,298.8,0,0,0,309.8,0,0,0
1498.0,188,297.8,0,0,0,307.2,0,0,0
1634.0,171,301.4,0,0,0,310.6,0,0,0
1706.0,153,300.7,1,0,0,311.0,0,0,0
1651.0,167,296.1,0,0,0,307.1,0,0,0
1508.0,108,302.4,0,0,0,311.8,0,0,0
1390.0,156,297.4,0,0,0,307.9,0,0,0
1442.0,174,303.9,0,0,0,313.4,0,0,0
1610.0,6,297.6,0,0,0,309.3,0,0,0
1530.0,22,297.4,1,0,0,308.2,0,0,0
1455.0,82,300.6,0,0,0,310.7,0,0,0
1818.0,102,299.3,0,0,0,310.5,0,0,0
1312.0,107,300.7,0,0,0,311.0,0,0,0
1510.0,162,298.7,0,0,0,309.7,0,0,0
1527.0,26,302.7,2,0,0,312.5,0,0,0
1288.0,62,299.9,0,0,0,310.2,0,0,0
1522.0,22,298.2,1,0,0,308.3,0,0,0
1667.0,185,298.6,0,0,0,309.4,0,0,0
1472.0,91,301.6,0,0,0,309.8,0,0,0
1640.0,142,297.4,0,0,0,308.8,0,0,0
1749.0,153,299.8,0,0,0,309.8,0,0,0
1385.0,201,298.4,0,0,0,309.4,0,0,0
1565.0,150,298.5,1,0,0,309.4,0,0,0
1371.0,52,297.4,0,0,0,308.4,0,0,0
1899.5,33,300.1,0,0,0,309.4,0,0,0
1393.0,29,297.8,0,0,0,307.7,0,0,0
1560.0,178,299.8,0,0,0,311.3,0,0,0
1502.0,139,297.6,0,0,0,308.3,0,0,0
1590.0,17,304.3,0,0,0,313.5,0,0,0
1469.0,113,304.1,0,0,0,313.5,0,0,0
1664.0,173,299.8,0,0,0,311.2,0,0,0
1390.0,221,297.6,0,0,0,309.2,0,0,0
1479.0,44,301.2,1,0,0,310.1,0,0,0
1362.0,23,300.1,0,0,0,309.7,0,0,0
1644.0,114,299.6,0,0,0,310.8,0,0,0
1347.0,188,297.5,1,0,0,309.2,0,0,0
1484.0,213,300.6,0,0,0,310.3,0,0,0
1899.5,111,300.6,0,0,0,309.4,0,0,0
1595.0,15,300.4,1,0,0,311.0,0,0,0
1243.0,163,298.9,2,0,0,310.3,0,0,0
1433.0,86,300.3,0,0,0,310.6,0,0,0
1524.0,71,300.8,0,0,0,311.3,0,0,0
1587.0,30,302.0,1,0,0,311.4,0,0,0
1635.0,213,300.7,0,0,0,311.7,0,0,0
1560.0,53,298.7,2,0,0,308.4,0,0,0
1406.0,183,303.7,0,0,0,313.1,0,0,0
1811.0,183,303.8,2,0,0,312.6,0,0,0
1448.0,71,299.3,1,0,0,308.6,0,0,0
1619.0,76,301.8,1,0,0,310.8,0,0,0
1654.0,159,299.8,0,0,0,310.2,0,0,0
1540.0,81,302.4,2,0,0,311.5,0,0,0
1520.0,171,299.0,0,0,0,310.3,0,0,0
1462.0,102,297.2,0,0,0,308.4,0,0,0
1486.0,13,298.8,1,0,0,308.6,0,0,0
1630.0,83,298.3,1,0,0,308.1,0,0,0
1390.0,131,300.9,2,0,0,310.8,0,0,0
1559.0,95,298.8,1,0,0,309.1,0,0,0
1700.0,200,297.8,1,0,0,309.7,0,0,0
1498.0,39,298.2,0,0,0,308.8,0,0,0
1706.0,193,301.6,0,0,0,310.9,0,0,0
1516.0,48,301.7,1,0,0,310.8,0,0,0
1381.0,136,300.3,1,0,0,311.2,0,0,0
1761.0,128,297.8,0,0,0,307.8,0,0,0
1452.0,187,298.9,2,0,0,310.1,0,0,0
1688.0,91,298.2,0,0,0,307.7,0,0,0
1453.0,62,302.7,0,0,0,312.4,0,0,0
1458.0,202,297.3,0,0,0,308.1,0,0,0
1428.0,26,300.7,2,0,0,310.7,0,0,0
1563.0,28,300.1,2,0,0,309.4,0,0,0
1448.0,44,299.4,0,0,0,309.3,0,0,0
1580.0,161,301.5,2,0,0,310.4,0,0,0
1421.0,56,304.2,0,0,0,313.4,0,0,0
1409.0,115,300.6,0,0,0,309.3,0,0,0
1447.0,105,297.3,1,0,0,308.7,0,0,0
1448.0,55,300.6,2,0,0,310.6,0,0,0
1318.0,177,303.5,1,0,0,312.4,0,0,0
1552.0,114,299.0,0,0,0,310.3,0,0,0
1899.5,181,301.6,1,0,0,310.6,0,0,0
1487.0,208,297.1,0,0,0,308.1,0,0,0
1651.0,0,298.8,0,0,0,310.6,0,0,0
1585.0,50,301.0,0,0,0,312.1,0,0,0
1429.0,96,297.4,0,0,0,308.7,0,0,0
1433.0,191,300.2,1,0,0,309.4,0,0,0
1387.0,160,298.3,0,0,0,309.1,0,0,0
1404.0,71,301.0,0,0,0,310.9,0,0,0
1426.0,121,301.5,0,0,0,311.1,0,0,0
1420.0,19,298.1,1,0,0,308.2,0,0,0
1424.0,214,301.6,0,0,0,310.7,0,0,0
1280.0,163,299.9,0,0,0,309.6,0,0,0
1325.0,171,299.2,0,0,0,308.7,0,0,0
1530.0,198,299.6,1,0,0,310.9,0,0,0
1507.0,225,303.2,0,0,0,311.5,0,0,0
1572.0,158,299.8,0,0,0,309.2,0,0,0
1423.0,114,300.5,0,0,0,309.9,0,0,0
1899.5,105,295.7,2,0,0,306.2,0,0,0
1758.0,68,302.3,0,0,0,311.2,0,0,0
1584.0,158,302.5,0,0,0,310.3,0,0,0
1419.0,31,300.6,0,0,0,311.5,0,0,0
1608.0,202,300.7,0,0,0,310.8,0,0,0
1381.0,115,301.2,0,0,0,310.4,0,0,0
1353.0,26,300.2,0,0,0,309.8,0,0,0
1671.0,234,300.4,1,0,0,310.2,0,0,0
1430.0,93,300.1,0,0,0,311.4,0,0,0
1413.0,79,301.7,1,0,0,311.2,0,0,0
1852.0,77,299.5,0,0,0,309.1,0,0,0
1426.0,64,300.1,2,0,0,310.1,0,0,0
1366.0,49,303.7,1,0,0,312.8,0,0,0
1856.0,86,299.2,1,0,0,308.4,0,0,0
1704.0,64,298.6,0,0,0,309.8,0,0,0
1427.0,88,302.2,0,0,0,311.5,0,0,0
1436.0,156,301.1,1,0,0,311.1,0,0,0
1559.0,58,298.9,0,0,0,310.0,0,0,0
1805.0,103,297.2,0,0,0,308.3,0,0,0
1899.5,113,303.1,0,0,0,312.8,0,0,0
1417.0,19,302.7,1,0,0,312.5,0,0,0
1350.0,131,300.9,0,0,0,310.6,0,0,0
1790.0,17,303.9,2,0,0,313.1,0,0,0
1663.0,81,302.0,0,0,0,310.9,0,0,0
1648.0,70,299.6,0,0,0,309.0,0,0,0
1571.0,0,297.4,0,0,0,308.4,0,0,0
1818.0,9,298.6,1,0,0,309.9,0,0,0
1586.0,138,299.2,1,0,0,308.6,0,0,0
1754.0,209,302.9,2,0,0,312.3,0,0,0
1717.0,26,298.7,0,0,0,310.2,0,0,0
1899.5,32,300.3,0,0,0,310.3,0,0,0
1332.0,7,296.9,0,0,0,308.0,0,0,0
1432.0,11,298.0,0,0,0,308.4,0,0,0
1802.0,130,299.3,0,0,0,308.7,0,0,0
1846.0,41,297.3,1,0,0,308.2,0,0,0
1472.0,75,300.6,0,0,0,310.9,0,0,0
1452.0,106,299.9,1,0,0,309.3,0,0,0
1606.0,53,298.2,2,0,0,308.8,0,0,0
1496.0,46,298.0,0,0,0,309.5,0,0,0
1899.5,15,300.1,1,0,0,311.4,0,0,0
1696.0,107,302.1,0,0,0,310.5,0,0,0
1328.0,120,303.3,2,0,0,312.5,0,0,0
1562.0,25,298.6,0,0,0,308.4,0,0,0
1411.0,201,300.5,2,0,0,310.6,0,0,0
1541.0,23,300.6,0,0,0,310.1,0,0,0
1585.0,32,297.5,0,0,0,308.3,0,0,0
1363.0,29,303.2,0,0,0,311.2,0,0,0
1733.0,182,301.4,0,0,0,311.0,0,0,0
1607.0,34,303.3,2,0,0,311.2,0,0,0
1312.0,151,300.3,1,0,0,311.6,0,0,0
1555.0,169,300.2,1,0,0,311.7,0,0,0
1695.0,108,301.3,0,0,0,310.4,0,0,0
1899.5,95,300.6,1,0,0,312.2,0,0,0
1583.0,142,299.0,0,0,0,310.1,0,0,0
1602.0,19,301.0,2,0,0,311.2,0,0,0
1850.0,19,300.7,0,0,0,309.5,0,0,0
1488.0,134,302.5,0,0,0,310.4,0,0,0
1498.0,181,299.1,0,0,0,308.7,0,0,0
1466.0,56,301.5,0,0,0,310.7,0,0,0
1483.0,193,299.9,1,0,0,309.4,0,0,0
1450.0,168,301.1,0,0,0,311.1,0,0,0
1473.0,125,299.3,0,0,0,309.1,0,0,0
1538.0,208,302.5,0,0,0,311.1,0,0,0
1671.0,148,300.9,0,0,0,311.6,0,0,0
1382.0,11,297.6,0,0,0,308.6,0,0,0
1435.0,168,299.7,1,0,0,311.0,0,0,0
1590.0,107,298.5,0,0,0,309.3,0,0,0
1526.0,142,303.0,1,0,0,312.4,0,0,0
1379.0,0,298.3,2,0,0,309.0,0,0,0
1631.0,132,303.7,1,0,0,312.4,0,0,0
1494.0,99,301.5,0,0,0,311.0,0,0,0
1809.0,131,297.4,0,0,0,308.9,0,0,0
1691.0,62,301.8,1,0,0,310.8,0,0,0
1645.0,86,298.9,1,0,0,309.9,0,0,0
1330.0,190,300.8,1,0,0,310.5,0,0,0
1436.0,75,299.4,0,0,0,309.0,0,0,0
1899.5,83,298.4,0,0,0,310.1,0,0,0
1525.0,145,303.8,0,0,0,313.2,0,0,0
1599.0,72,301.5,2,0,0,310.7,0,0,0
1476.0,206,301.4,0,0,0,310.5,0,0,0
1483.0,92,298.6,0,0,0,309.5,0,0,0
1424.0,103,298.1,1,0,0,307.7,0,0,0
1625.0,109,299.9,1,0,0,309.8,0,0,0
1669.0,191,301.9,0,0,0,311.0,0,0,0
1819.0,78,298.0,0,0,0,308.1,0,0,0
1286.0,160,300.7,0,0,0,310.2,0,0,0
1346.0,134,302.2,1,0,0,310.6,0,0,0
1479.0,214,299.8,0,0,0,309.2,0,0,0
1415.0,194,298.8,1,0,0,309.9,0,0,0
1566.0,54,302.5,1,0,0,311.8,0,0,0
1491.0,102,300.2,1,0,0,311.3,0,0,0
1657.0,116,300.7,1,0,0,311.9,0,0,0
1823.0,131,298.9,0,0,0,310.1,0,0,0
1899.5,144,299.0,1,0,0,309.8,0,0,0
1307.0,68,303.4,1,0,0,312.9,0,0,0
1737.0,146,297.8,0,0,0,308.4,0,0,0
1330.0,62,299.1,1,0,0,308.4,0,0,0
1899.5,59,302.4,0,0,0,310.1,0,0,0
1561.0,0,297.4,0,0,0,308.3,0,0,0
1899.5,20,300.2,1,0,0,311.4,0,0,0
1430.0,131,300.7,1,0,0,312.3,0,0,0
1441.0,60,296.9,1,0,0,307.9,0,0,0
1480.0,123,302.4,0,0,0,310.3,0,0,0
1686.0,108,299.1,0,0,0,308.9,0,0,0
1400.0,20,302.0,1,0,0,311.2,0,0,0
1450.0,165,302.0,0,0,0,310.4,0,0,0
1470.0,119,299.8,1,0,0,309.3,0,0,0
1619.0,182,303.8,0,0,0,312.9,0,0,0
1409.0,66,301.2,0,0,0,310.6,0,0,0
1697.0,164,298.1,0,0,0,308.0,0,0,0
1461.0,118,298.8,2,0,0,309.7,0,0,0
1535.0,71,300.8,1,0,0,312.3,0,0,0
1641.0,145,301.3,1,0,0,311.0,0,0,0
1742.0,137,302.3,1,0,0,310.9,0,0,0
1412.0,49,297.4,1,0,0,308.5,0,0,0
1324.0,185,298.9,2,0,0,310.1,0,0,0
1787.0,192,299.0,1,0,0,310.6,0,0,0
1792.0,119,298.0,1,0,0,307.6,0,0,0
1642.0,26,300.7,0,0,0,310.2,0,0,0
1899.5,0,303.3,0,0,0,311.4,0,0,0
1375.0,20,301.0,0,0,0,310.8,0,0,0
1443.0,74,303.7,0,0,0,312.1,0,0,0
1480.0,28,300.9,1,0,0,311.9,0,0,0
1875.0,100,300.5,1,0,0,311.9,0,0,0
1605.0,183,297.2,0,0,0,308.4,0,0,0
1531.0,81,298.3,1,0,0,309.6,0,0,0
1320.0,20,299.1,0,0,0,308.8,0,0,0
1700.0,176,297.7,1,0,0,309.2,0,0,0
1509.0,25,301.3,1,0,0,310.8,0,0,0
1359.0,41,302.1,0,0,0,310.7,0,0,0
1443.0,187,298.2,0,0,0,309.4,0,0,0
1538.0,37,302.2,1,0,0,311.4,0,0,0
1766.0,7,297.2,0,0,0,308.5,0,0,0
1539.0,187,300.6,0,0,0,311.8,0,0,0
1683.0,13,299.9,1,0,0,309.2,0,0,0
1450.0,175,302.3,1,0,0,311.0,0,0,0
1490.0,81,301.5,0,0,0,310.6,0,0,0
1605.0,94,301.4,0,0,0,310.7,0,0,0
1456.0,59,298.1,0,0,0,308.0,0,0,0
1683.0,76,296.8,1,0,0,307.9,0,0,0
1631.0,168,296.6,0,0,0,307.4,0,0,0
1519.0,55,300.7,0,0,0,310.8,0,0,0
1402.0,22,300.9,1,0,0,310.8,0,0,0
1803.0,159,299.6,0,0,0,309.5,0,0,0
1365.0,226,299.0,0,0,0,310.4,0,0,0
1270.0,44,298.3,0,0,0,308.9,0,0,0
1309.0,193,303.8,0,0,0,313.1,0,0,0
1768.0,149,303.8,1,0,0,312.6,0,0,0
1899.5,9,301.5,0,0,0,310.4,0,0,0
1694.0,204,299.8,0,0,0,310.4,0,0,0
1780.0,101,300.5,1,0,0,309.9,0,0,0
1376.0,74,297.6,1,0,0,308.7,0,0,0
1899.5,157,303.5,0,0,0,311.7,0,0,0
1899.5,5,298.1,0,0,0,307.9,0,0,0
1445.0,20,296.2,0,0,0,307.2,0,0,0
1460.0,101,298.3,0,0,0,310.0,0,0,0
1891.0,86,300.2,0,0,0,311.4,0,0,0
1672.0,0,298.3,0,0,0,308.1,0,0,0
1306.0,38,297.5,0,0,0,308.5,0,0,0
1439.0,208,296.3,0,0,0,307.3,0,0,0
1448.0,46,297.5,1,0,0,309.5,0,0,0
1340.0,6,297.8,0,0,0,309.0,0,0,0
1359.0,21,298.3,1,0,0,309.2,0,0,0
1518.0,195,297.7,0,0,0,307.2,0,0,0
1899.5,172,304.3,1,0,0,313.5,0,0,0
1395.0,33,298.8,0,0,0,308.5,0,0,0
1630.0,2,298.6,0,0,0,309.9,0,0,0
1526.0,30,298.8,2,0,0,309.9,0,0,0
1417.0,223,300.8,0,0,0,311.8,0,0,0
1398.0,122,298.4,2,0,0,308.5,0,0,0
1899.5,67,301.9,0,0,0,310.3,0,0,0
1413.0,97,298.2,1,0,0,309.0,0,0,0
1370.0,199,297.3,1,0,0,308.1,0,0,0
1515.0,6,298.1,2,0,0,308.4,0,0,0
1516.0,25,296.2,1,0,0,307.0,0,0,0
1486.0,127,300.6,1,0,0,310.0,0,0,0
1441.0,96,300.4,0,0,0,311.5,0,0,0
1470.0,125,301.1,0,0,0,311.1,0,0,0
1495.0,111,298.1,0,0,0,307.7,0,0,0
1520.0,40,298.2,2,0,0,308.7,0,0,0
1446.0,82,300.3,0,0,0,311.5,0,0,0
1493.0,90,295.8,0,0,0,306.5,0,0,0
1814.0,59,300.7,0,0,0,310.8,0,0,0
1802.0,83,298.1,0,0,0,309.2,0,0,0
1430.0,85,300.8,0,0,0,311.2,0,0,0
1720.0,146,299.7,0,0,0,309.6,0,0,0
1472.0,93,300.9,1,0,0,311.2,0,0,0
1438.0,105,298.1,0,0,0,308.4,0,0,0
1389.0,187,301.5,0,0,0,310.5,0,0,0
1541.0,156,300.5,0,0,0,311.6,0,0,0
1413.0,203,296.2,0,0,0,307.1,0,0,0
1620.0,112,302.3,0,0,0,310.9,0,0,0
1389.0,214,300.9,0,0,0,310.7,0,0,0
1376.0,186,301.9,0,0,0,311.0,0,0,0
1481.0,160,296.5,0,0,0,307.2,0,0,0
1546.0,7,302.0,0,0,0,310.9,0,0,0
1444.0,178,298.3,1,0,0,308.4,0,0,0
1393.0,65,298.1,1,0,0,310.0,0,0,0
1627.0,7,303.6,1,0,0,312.1,0,0,0
1548.0,65,300.5,1,0,0,310.4,0,0,0
1341.0,51,297.3,1,0,0,308.3,0,0,0
1674.0,172,300.4,0,0,0,311.6,0,0,0
1482.0,47,300.8,0,0,0,310.5,0,0,0
1366.0,206,302.0,0,0,0,310.6,0,0,0
1558.0,110,298.9,0,0,0,308.7,0,0,0
1564.0,150,303.7,2,0,0,312.7,0,0,0
1394.0,210,300.3,2,0,0,309.9,0,0,0
1618.0,39,298.2,0,0,0,308.1,0,0,0
1841.0,125,300.1,0,0,0,309.3,0,0,0
1689.0,100,300.7,0,0,0,310.8,0,0,0
1360.0,93,300.5,2,0,0,309.4,0,0,0
1899.5,195,300.4,0,0,0,311.1,0,0,0
1589.0,144,300.8,0,0,0,310.7,0,0,0
1418.0,116,301.8,2,0,0,309.9,0,0,0
1528.0,99,298.8,1,0,0,310.3,0,0,0
1477.0,13,300.0,1,0,0,309.6,0,0,0
1434.0,80,300.1,0,0,0,311.5,0,0,0
1399.0,84,295.8,0,0,0,306.4,0,0,0
1514.0,138,303.1,0,0,0,312.6,0,0,0
1521.0,13,301.0,1,0,0,311.2,0,0,0
1465.0,113,300.8,1,0,0,311.3,0,0,0
1466.0,183,303.7,0,0,0,312.6,0,0,0
1634.0,50,302.1,0,0,0,311.3,0,0,0
1671.0,108,298.5,2,0,0,309.4,0,0,0
1559.0,188,298.6,0,0,0,308.4,0,0,0
1431.0,113,300.2,0,0,0,310.6,0,0,0
1753.0,42,303.7,0,0,0,313.0,0,0,0
1411.0,43,298.9,1,0,0,308.2,0,0,0
1384.0,188,299.7,0,0,0,310.9,0,0,0
1383.0,26,298.3,0,0,0,309.2,0,0,0
1511.0,30,300.5,1,0,0,311.9,0,0,0
1443.0,151,300.8,1,0,0,312.0,0,0,0
1613.0,142,300.3,0,0,0,311.0,0,0,0
1469.0,26,299.7,0,0,0,310.2,0,0,0
1510.0,66,301.0,1,0,0,310.9,0,0,0
1335.0,131,297.5,0,0,0,308.5,0,0,0
1396.0,117,303.6,1,0,0,313.0,0,0,0
1383.0,35,300.5,0,0,0,311.9,0,0,0
1489.0,114,299.4,0,0,0,309.2,0,0,0
1452.0,198,302.1,2,0,0,310.9,0,0,0
1414.0,162,296.2,0,0,0,307.0,0,0,0
1444.0,83,298.8,0,0,0,308.5,0,0,0
1491.0,120,298.4,0,0,0,308.6,0,0,0
1783.0,118,300.1,0,0,0,309.2,0,0,0
1680.0,140,300.1,0,0,0,309.7,0,0,0
1462.0,22,302.8,0,0,0,312.6,0,0,0
1727.0,213,302.4,0,0,0,311.8,0,0,0
1502.0,157,301.7,1,0,0,310.8,0,0,0
1686.0,25,302.0,0,0,0,311.0,0,0,0
1323.0,178,300.8,0,0,0,311.8,0,0,0
1546.0,23,301.7,0,0,0,311.0,0,0,0
1615.0,183,300.9,0,0,0,310.9,0,0,0
1572.0,173,300.3,0,0,0,309.2,0,0,0
1399.0,111,303.1,0,0,0,311.2,0,0,0
1325.0,41,298.6,0,0,0,308.2,0,0,0
1605.0,18,298.4,2,0,0,307.9,0,0,0
1366.0,74,299.2,0,0,0,308.5,0,0,0
1447.0,104,299.0,0,0,0,310.1,0,0,0
1356.0,119,301.9,0,0,0,311.0,0,0,0
1467.0,36,301.0,0,0,0,311.2,0,0,0
1461.0,161,297.3,2,0,0,307.9,0,0,0
1681.0,171,299.4,0,0,0,308.7,0,0,0
1484.0,73,298.9,1,0,0,310.1,0,0,0
1349.0,6,302.7,1,0,0,310.6,0,0,0
1398.0,176,300.4,1,0,0,311.7,0,0,0
1540.0,21,303.6,0,0,0,312.6,0,0,0
1555.0,131,301.3,0,0,0,310.3,0,0,0
1382.0,134,300.5,0,0,0,309.9,0,0,0
1544.0,136,297.5,1,0,0,307.9,0,0,0
1480.0,153,300.6,0,0,0,309.9,0,0,0
1501.0,171,302.7,1,0,0,311.6,0,0,0
1438.0,106,303.5,1,0,0,312.9,0,0,0
1529.0,237,302.8,0,0,0,312.4,0,0,0
1311.0,19,296.8,2,0,0,308.0,0,0,0
1448.0,83,297.5,0,0,0,308.5,0,0,0
1357.0,142,302.2,2,0,0,311.6,0,0,0
1441.0,88,303.5,0,0,0,312.0,0,0,0
1456.0,199,297.8,1,0,0,307.2,0,0,0
1740.0,182,302.1,0,0,0,311.0,0,0,0
1245.0,120,299.6,1,0,0,309.0,0,0,0
1393.0,193,297.9,0,0,0,308.1,0,0,0
1522.0,107,303.5,0,0,0,312.1,0,0,0
1899.5,86,296.9,1,0,0,307.9,0,0,0
1650.0,26,302.3,0,0,0,310.8,0,0,0
1504.0,74,301.3,0,0,0,310.7,0,0,0
1351.0,37,297.6,0,0,0,308.6,0,0,0
1452.0,72,303.8,0,0,0,313.0,0,0,0
1458.0,103,295.7,0,0,0,306.2,0,0,0
1266.0,210,301.1,1,0,0,311.6,0,0,0
1305.0,202,300.5,0,0,0,309.8,0,0,0
1393.0,81,300.7,1,0,0,309.5,0,0,0
1610.0,24,298.4,1,0,0,308.2,0,0,0
1468.0,168,297.9,0,0,0,308.6,0,0,0
1501.0,4,297.9,0,0,0,308.0,0,0,0
1562.0,170,299.8,1,0,0,311.1,0,0,0
1569.0,146,304.1,0,0,0,313.2,0,0,0
1564.0,105,297.4,1,0,0,308.4,0,0,0
1422.0,140,298.0,0,0,0,307.7,0,0,0
1498.0,81,298.1,1,0,0,307.7,0,0,0
1623.0,24,298.0,0,0,0,307.8,0,0,0
1422.0,215,303.9,1,0,0,313.2,0,0,0
1517.0,167,301.6,0,0,0,310.4,0,0,0
1298.0,10,299.0,1,0,0,310.2,0,0,0
1343.0,142,300.3,0,0,0,311.4,0,0,0
1441.0,14,297.3,0,0,0,308.4,0,0,0
1659.0,44,299.5,1,0,0,310.1,0,0,0
1349.0,127,300.1,1,0,0,309.4,0,0,0
1483.0,223,302.8,2,0,0,312.3,0,0,0
1777.0,200,298.0,0,0,0,308.1,0,0,0
1421.0,0,302.7,0,0,0,312.3,0,0,0
1225.0,37,298.8,0,0,0,309.7,0,0,0
1556.0,44,302.9,1,0,0,311.0,0,0,0
1549.0,61,298.7,1,0,0,310.1,0,0,0
1506.0,63,300.2,2,0,0,309.3,0,0,0
1534.0,127,300.4,0,0,0,309.7,0,0,0
1627.0,166,297.4,1,0,0,307.9,0,0,0
1446.0,133,295.6,0,0,0,306.2,0,0,0
1452.0,44,297.3,1,0,0,308.2,0,0,0
1361.0,106,303.0,0,0,0,311.2,0,0,0
1623.0,127,297.4,2,0,0,308.7,0,0,0
1394.0,130,301.5,2,0,0,310.7,0,0,0
1899.5,19,301.4,0,0,0,310.7,0,0,0
1479.0,150,300.6,2,0,0,310.4,0,0,0
1355.0,195,301.6,0,0,0,310.8,0,0,0
1899.5,164,298.4,0,0,0,307.9,0,0,0
1675.0,11,300.0,0,0,0,309.5,0,0,0
1530.0,65,298.1,2,0,0,309.5,0,0,0
1899.5,45,303.5,1,0,0,312.7,0,0,0
1453.0,24,296.8,2,0,0,308.0,0,0,0
1651.0,186,298.2,1,0,0,309.1,0,0,0
1606.0,103,303.7,0,0,0,312.3,0,0,0
1314.0,19,298.0,2,0,0,307.8,0,0,0
1548.0,7,297.4,0,0,0,308.3,0,0,0
1650.0,195,297.8,2,0,0,308.9,0,0,0
1564.0,34,298.5,0,0,0,308.1,0,0,0
1640.0,118,301.0,2,0,0,311.0,0,0,0
1532.0,119,301.1,0,0,0,310.5,0,0,0
1466.0,58,299.8,0,0,0,311.1,0,0,0
1503.0,166,302.4,0,0,0,310.2,0,0,0
1645.0,137,299.7,0,0,0,309.2,0,0,0
1359.0,180,301.0,1,0,0,310.9,0,0,0
1481.0,124,298.9,0,0,0,308.6,0,0,0
1291.0,29,296.3,0,0,0,307.2,0,0,0
1611.0,144,304.1,0,0,0,313.6,0,0,0
1542.0,179,299.2,0,0,0,308.8,0,0,0
1336.0,136,299.0,2,0,0,310.5,0,0,0
1426.0,97,300.7,0,0,0,311.1,0,0,0
1429.0,129,297.5,1,0,0,308.6,0,0,0
1314.0,179,300.4,0,0,0,309.7,0,0,0
1895.0,134,298.8,0,0,0,309.8,0,0,0
1597.0,68,300.2,1,0,0,311.7,0,0,0
1427.0,13,301.4,1,0,0,311.0,0,0,0
1466.0,2,298.0,1,0,0,308.2,0,0,0
1320.0,100,302.4,0,0,0,311.8,0,0,0
1880.0,207,302.7,1,0,0,310.5,0,0,0
1574.0,177,299.9,1,0,0,309.2,0,0,0
1647.0,6,301.8,1,0,0,311.1,0,0,0
1360.0,187,298.5,0,0,0,309.4,0,0,0
1332.0,100,298.2,0,0,0,308.9,0,0,0
1351.0,78,300.5,2,0,0,311.6,0,0,0
1523.0,119,298.6,2,0,0,309.5,0,0,0
1511.0,75,302.3,0,0,0,311.4,0,0,0
1479.0,87,297.7,2,0,0,308.9,0,0,0
1566.0,204,300.5,1,0,0,309.8,0,0,0
1705.0,146,301.7,0,0,0,310.9,0,0,0
1553.0,135,297.6,0,0,0,308.6,0,0,0
1475.0,51,299.8,0,0,0,309.4,0,0,0
1673.0,181,301.4,0,0,0,310.7,0,0,0
1409.0,12,299.1,0,0,0,308.2,0,0,0
1675.0,129,299.7,0,0,0,310.6,0,0,0
1664.0,190,302.0,0,0,0,310.0,0,0,0
1507.0,173,299.0,0,0,0,310.3,0,0,0
1363.0,194,297.5,1,0,0,308.7,0,0,0
1491.0,187,300.7,0,0,0,310.6,0,0,0
1286.0,0,296.7,1,0,0,307.8,0,0,0
1436.0,156,296.6,0,0,0,307.4,0,0,0
1635.0,159,297.4,0,0,0,308.6,0,0,0
1899.5,180,302.6,0,0,0,311.6,0,0,0
1305.0,26,298.5,0,0,0,308.8,0,0,0
1655.0,136,296.2,0,0,0,306.8,0,0,0
1508.0,69,298.8,0,0,0,309.8,0,0,0
1355.0,6,302.1,1,0,0,310.0,0,0,0
1448.0,150,298.1,1,0,0,309.1,0,0,0
1348.0,22,299.4,0,0,0,310.6,0,0,0
1400.0,47,301.3,0,0,0,310.3,0,0,0
1489.0,27,303.1,1,0,0,311.2,0,0,0
1616.0,183,300.1,1,0,0,311.1,0,0,0
1536.0,4,297.4,1,0,0,308.2,0,0,0
1446.0,164,297.2,0,0,0,308.1,0,0,0
1499.0,88,297.4,1,0,0,309.3,0,0,0
1343.0,25,301.7,0,0,0,311.0,0,0,0
1591.0,192,302.5,1,0,0,312.0,0,0,0
1564.0,15,298.5,1,0,0,308.2,0,0,0
1535.0,17,299.2,0,0,0,310.7,0,0,0
1604.0,45,300.6,2,0,0,311.9,0,0,0
1604.0,9,297.2,1,0,0,308.3,0,0,0
1446.0,66,300.2,0,0,0,311.6,0,0,0
1656.0,44,300.6,0,0,0,310.1,0,0,0
1329.0,99,300.1,1,0,0,310.5,0,0,0
1596.0,134,303.8,0,0,0,312.7,0,0,0
1445.0,224,299.2,0,0,0,308.4,0,0,0
1709.0,100,302.4,0,0,0,310.1,0,0,0
1695.0,32,302.6,0,0,0,312.2,0,0,0
1524.0,147,301.7,1,0,0,310.8,0,0,0
1572.0,80,298.9,0,0,0,308.7,0,0,0
1458.0,44,298.5,0,0,0,308.3,0,0,0
1589.0,198,300.5,0,0,0,309.7,0,0,0
1386.0,142,302.0,1,0,0,309.7,0,0,0
1512.0,51,298.4,2,0,0,309.4,0,0,0
1591.0,32,298.2,1,0,0,308.0,0,0,0
1889.0,194,302.1,0,0,0,311.4,0,0,0
1546.0,177,298.3,2,0,0,309.6,0,0,0
1576.0,109,301.2,1,0,0,310.6,0,0,0
1485.0,78,299.3,0,0,0,308.5,0,0,0
1656.0,181,296.9,2,0,0,307.7,0,0,0
1535.0,210,296.7,0,0,0,308.0,0,0,0
1415.0,184,304.1,0,0,0,313.3,0,0,0
1420.0,136,299.8,2,0,0,309.5,0,0,0
1520.0,73,302.7,0,0,0,310.5,0,0,0
1899.5,5,300.4,0,0,0,311.8,0,0,0
1382.0,37,296.7,0,0,0,307.8,0,0,0
1543.0,20,297.9,0,0,0,309.1,0,0,0
1823.0,219,297.1,1,0,0,308.1,0,0,0
1461.0,0,302.6,0,0,0,310.5,0,0,0
1543.0,205,297.1,0,0,0,308.4,0,0,0
1533.0,198,297.8,0,0,0,309.8,0,0,0
1648.0,90,301.4,0,0,0,310.6,0,0,0
1697.0,175,299.8,0,0,0,310.0,0,0,0
1889.0,170,301.1,0,0,0,311.1,0,0,0
1540.0,119,303.9,0,0,0,313.2,0,0,0
1525.0,0,299.9,2,0,0,309.2,0,0,0
1507.0,41,300.5,1,0,0,311.3,0,0,0
1492.0,137,297.0,0,0,0,308.3,0,0,0
1422.0,148,297.1,0,0,0,308.4,0,0,0
1553.0,128,299.4,0,0,0,308.7,0,0,0
1732.0,218,300.1,1,0,0,309.2,0,0,0
1320.0,142,300.3,1,0,0,309.5,0,0,0
1394.0,16,301.0,1,0,0,311.2,0,0,0
1230.0,162,298.2,0,0,0,308.3,0,0,0
1787.0,47,298.1,0,0,0,309.0,0,0,0
1680.0,185,301.4,0,0,0,310.8,0,0,0
1378.0,166,300.5,2,0,0,310.6,0,0,0
1899.5,54,297.2,0,0,0,308.6,0,0,0
1419.0,47,302.1,1,0,0,311.4,0,0,0
1513.0,80,298.9,1,0,0,310.1,0,0,0
1373.0,55,297.6,0,0,0,309.5,0,0,0
1435.0,147,298.1,1,0,0,307.7,0,0,0
1539.0,216,300.5,1,0,0,309.3,0,0,0
1476.0,14,299.8,0,0,0,309.5,0,0,0
1899.5,75,300.5,1,0,0,311.4,0,0,0
1354.0,103,297.7,0,0,0,308.8,0,0,0
1792.0,217,298.0,0,0,0,307.5,0,0,0
1455.0,183,299.4,1,0,0,308.6,0,0,0
1695.0,188,300.9,1,0,0,310.8,0,0,0
1899.5,38,296.1,1,0,0,306.9,0,0,0
1469.0,144,297.2,0,0,0,307.9,0,0,0
1873.0,87,302.6,2,0,0,310.2,0,0,0
1471.0,25,302.6,2,0,0,311.7,0,0,0
1430.0,24,300.2,0,0,0,309.2,0,0,0
1422.0,117,300.8,0,0,0,312.6,0,0,0
1549.0,206,296.9,2,0,0,307.8,0,0,0
1540.0,45,296.7,1,0,0,307.4,0,0,0
1570.0,189,299.6,0,0,0,309.5,0,0,0
1379.0,46,300.2,0,0,0,311.8,0,0,0
1495.0,75,299.0,0,0,0,308.8,0,0,0
1750.0,67,298.0,1,0,0,307.9,0,0,0
1536.0,154,300.4,0,0,0,309.6,0,0,0
1575.0,139,301.6,1,0,0,310.9,0,0,0
1406.0,83,301.3,0,0,0,310.5,0,0,0
1542.0,42,298.6,0,0,0,309.2,0,0,0
1377.0,8,298.2,0,0,0,309.0,0,0,0
1713.0,154,298.5,1,0,0,308.0,0,0,0
1420.0,73,297.3,0,0,0,308.0,0,0,0
1639.0,95,303.9,0,0,0,313.1,0,0,0
1597.0,69,298.3,0,0,0,308.3,0,0,0
1369.0,208,302.3,0,0,0,311.8,0,0,0
1409.0,52,302.6,2,0,0,310.4,0,0,0
1343.0,15,296.9,0,0,0,308.0,0,0,0
1569.0,140,295.6,0,0,0,306.2,0,0,0
1385.0,34,299.3,1,0,0,309.1,0,0,0
1446.0,147,300.1,0,0,0,311.4,0,0,0
1642.0,149,299.6,0,0,0,310.6,0,0,0
1570.0,23,300.8,0,0,0,310.4,0,0,0
1645.0,129,303.0,1,0,0,312.4,0,0,0
1461.0,158,300.8,0,0,0,309.7,0,0,0
1899.5,136,300.9,1,0,0,310.8,0,0,0
1867.0,118,297.0,0,0,0,307.7,0,0,0
1349.0,30,300.4,0,0,0,309.5,0,0,0
1401.0,67,298.7,0,0,0,310.1,0,0,0
1829.0,172,298.8,0,0,0,309.0,0,0,0
1802.0,71,298.3,1,0,0,309.0,0,0,0
1300.0,92,301.3,1,0,0,310.7,0,0,0
1467.0,153,301.2,0,0,0,310.9,0,0,0
1291.0,137,301.9,2,0,0,311.0,0,0,0
1653.0,62,300.5,0,0,0,309.5,0,0,0
1327.0,21,297.7,1,0,0,308.9,0,0,0
1642.0,100,300.6,0,0,0,310.5,0,0,0
1657.0,187,299.1,2,0,0,310.0,0,0,0
1335.0,109,298.1,0,0,0,308.4,0,0,0
1423.0,80,302.1,1,0,0,311.1,0,0,0
1479.0,143,297.8,1,0,0,308.4,0,0,0
1329.0,80,300.7,0,0,0,309.6,0,0,0
1696.0,76,300.9,1,0,0,310.7,0,0,0
1755.0,56,299.0,0,0,0,310.5,0,0,0
1340.0,89,296.5,0,0,0,307.5,0,0,0
1899.5,60,303.5,1,0,0,313.0,0,0,0
1487.0,206,302.3,0,0,0,311.8,0,0,0
1236.0,12,300.3,1,0,0,311.7,0,0,0
1877.0,0,298.0,0,0,0,308.1,0,0,0
1899.5,21,304.3,0,0,0,313.5,0,0,0
1671.0,170,301.5,0,0,0,310.9,0,0,0
1618.0,160,301.1,2,0,0,311.1,0,0,0
1364.0,123,298.5,1,0,0,309.6,0,0,0
1578.0,127,298.2,1,0,0,307.8,0,0,0
1515.0,204,303.4,1,0,0,311.8,0,0,0
1614.0,106,298.0,1,0,0,308.7,0,0,0
1495.0,132,300.6,0,0,0,310.1,0,0,0
1608.0,86,301.3,0,0,0,310.7,0,0,0
1376.0,25,301.4,0,0,0,310.7,0,0,0
1571.0,162,297.4,0,0,0,308.3,0,0,0
1521.0,190,297.0,0,0,0,307.8,0,0,0
1392.0,140,297.7,0,0,0,309.4,0,0,0
1336.0,94,299.1,0,0,0,310.1,0,0,0
1649.0,41,299.1,1,0,0,310.1,0,0,0
1502.0,69,303.4,0,0,0,312.3,0,0,0
1446.0,7,297.3,0,0,0,308.2,0,0,0
1217.0,103,301.4,1,0,0,310.5,0,0,0
1433.0,14,296.1,1,0,0,307.1,0,0,0
1323.0,88,298.1,1,0,0,308.9,0,0,0
1677.0,49,302.5,0,0,0,311.5,0,0,0
1512.0,27,298.6,1,0,0,310.0,0,0,0
1346.0,147,300.3,0,0,0,311.4,0,0,0
1456.0,156,298.9,1,0,0,308.5,0,0,0
1554.0,192,299.7,0,0,0,311.1,0,0,0
1456.0,205,300.2,1,0,0,309.4,0,0,0
1376.0,181,297.4,1,0,0,308.9,0,0,0
1639.0,121,300.6,0,0,0,309.7,0,0,0
1456.0,29,297.5,0,0,0,308.7,0,0,0
1438.0,16,297.3,2,0,0,308.7,0,0,0
1379.0,34,302.3,0,0,0,310.9,0,0,0
1641.0,21,295.5,1,0,0,306.0,0,0,0
1602.0,100,301.5,0,0,0,311.1,0,0,0
1624.0,117,303.0,2,0,0,312.2,0,0,0
1437.0,40,299.1,0,0,0,310.5,0,0,0
1589.0,5,299.5,0,0,0,310.7,0,0,0
1525.0,90,299.4,0,0,0,308.7,0,0,0
1452.0,21,297.8,0,0,0,307.8,0,0,0
1505.0,146,301.7,1,0,0,310.6,0,0,0
1454.0,140,301.0,1,0,0,311.6,0,0,0
1899.5,210,298.4,0,0,0,309.2,0,0,0
1681.0,116,297.7,1,0,0,308.9,0,0,0
1445.0,125,302.4,0,0,0,310.2,0,0,0
1484.0,182,299.9,1,0,0,310.0,0,0,0
1899.5,132,298.4,2,0,0,309.3,0,0,0
1402.0,24,299.2,0,0,0,308.4,0,0,0
1518.0,130,300.1,1,0,0,311.3,0,0,0
1493.0,79,300.8,0,0,0,312.4,0,0,0
1899.5,208,296.6,0,0,0,308.0,0,0,0
1579.0,133,301.4,0,0,0,310.4,0,0,0
1452.0,60,302.8,1,0,0,312.2,0,0,0
1520.0,122,299.5,0,0,0,308.9,0,0,0
1620.0,75,298.0,1,0,0,308.0,0,0,0
1648.0,46,300.6,0,0,0,310.2,0,0,0
1569.0,72,297.4,0,0,0,308.5,0,0,0
1500.0,118,301.5,0,0,0,310.8,0,0,0
1499.0,16,303.4,0,0,0,311.8,0,0,0
1392.0,178,297.6,1,0,0,308.7,0,0,0
1403.0,54,300.5,0,0,0,311.9,0,0,0
1423.0,187,298.7,1,0,0,309.2,0,0,0
1356.0,101,302.5,2,0,0,310.9,0,0,0
1506.0,141,300.2,2,0,0,311.4,0,0,0
1899.5,5,303.8,0,0,0,313.1,0,0,0
1493.0,185,301.8,0,0,0,310.0,0,0,0
1419.0,108,297.5,0,0,0,308.2,0,0,0
1649.0,152,302.0,0,0,0,309.8,0,0,0
1339.0,34,298.6,1,0,0,309.1,0,0,0
1437.0,149,297.6,0,0,0,308.1,0,0,0
1528.0,228,300.4,1,0,0,309.2,0,0,0
1584.0,227,296.8,0,0,0,308.0,0,0,0
1585.0,147,298.8,1,0,0,310.1,0,0,0
1618.0,53,300.0,0,0,0,309.6,0,0,0
1417.0,186,297.3,0,0,0,307.9,0,0,0
1509.0,125,300.3,2,0,0,309.9,0,0,0
1899.5,171,297.6,0,0,0,308.6,0,0,0
1555.0,128,303.8,1,0,0,312.7,0,0,0
1899.5,98,299.0,2,0,0,308.7,0,0,0
1558.0,34,301.2,1,0,0,310.1,0,0,0
1458.0,0,300.8,1,0,0,310.3,0,0,0
1584.0,74,303.5,0,0,0,312.3,0,0,0
1325.0,220,299.1,1,0,0,308.9,0,0,0
1479.0,173,299.9,0,0,0,310.2,0,0,0
1429.0,76,301.9,0,0,0,310.7,0,0,0
1609.0,169,298.8,0,0,0,309.7,0,0,0
1435.0,16,301.9,0,0,0,311.2,0,0,0
1409.0,120,303.0,1,0,0,311.0,0,0,0
1491.0,29,300.0,1,0,0,309.6,0,0,0
1899.5,71,302.7,1,0,0,312.0,0,0,0
1362.0,37,298.4,0,0,0,309.1,0,0,0
1498.0,11,301.1,0,0,0,311.3,0,0,0
1362.0,28,298.2,0,0,0,308.8,0,0,0
1434.0,133,302.3,0,0,0,311.4,0,0,0
1653.0,137,296.9,0,0,0,307.8,0,0,0
1181.0,203,298.7,0,0,0,309.8,0,0,0
1499.0,65,300.1,0,0,0,311.5,0,0,0
1487.0,164,299.6,0,0,0,310.9,0,0,0
1452.0,122,296.9,0,0,0,307.6,0,0,0
1390.0,83,304.2,1,0,0,313.5,0,0,0
1338.0,158,297.4,1,0,0,307.9,0,0,0
1418.0,59,301.3,1,0,0,310.8,0,0,0
1389.0,123,304.0,1,0,0,313.4,0,0,0
1370.0,162,297.7,1,0,0,308.2,0,0,0
1700.0,185,299.2,1,0,0,308.8,0,0,0
1603.0,190,300.9,1,0,0,311.3,0,0,0
1482.0,17,298.1,0,0,0,308.2,0,0,0
1578.0,86,300.8,0,0,0,311.0,0,0,0
1899.5,59,303.4,1,0,0,312.2,0,0,0
1400.0,194,298.2,0,0,0,308.3,0,0,0
1789.0,114,300.9,0,0,0,311.2,0,0,0
1899.5,183,296.4,1,0,0,307.2,0,0,0
1515.0,183,302.9,0,0,0,312.3,0,0,0
1269.0,87,300.5,1,0,0,311.7,0,0,0
1758.0,4,302.2,2,0,0,311.3,0,0,0
1482.0,73,303.3,1,0,0,312.6,0,0,0
1388.0,27,297.5,0,0,0,308.3,0,0,0
1390.0,195,299.5,0,0,0,309.4,0,0,0
1546.0,94,298.3,0,0,0,309.4,0,0,0
1506.0,158,301.7,1,0,0,311.1,0,0,0
1395.0,95,301.6,2,0,0,311.2,0,0,0
1434.0,138,296.8,0,0,0,307.6,0,0,0
1450.0,160,299.6,0,0,0,309.2,0,0,0
1439.0,184,300.7,1,0,0,310.6,0,0,0
1450.0,35,301.0,0,0,0,310.9,0,0,0
1497.0,234,303.3,0,0,0,311.4,0,0,0
1564.0,99,298.9,0,0,0,308.7,0,0,0
1373.0,74,296.8,0,0,0,307.8,0,0,0
1683.0,85,302.9,0,0,0,312.5,0,0,0
1557.0,21,298.5,1,0,0,308.8,0,0,0
1507.0,163,303.0,2,0,0,312.5,0,0,0
1580.0,119,298.9,0,0,0,308.5,0,0,0
1503.0,68,300.6,1,0,0,309.6,0,0,0
1609.0,99,299.3,1,0,0,310.6,0,0,0
1670.0,139,303.7,0,0,0,312.5,0,0,0
1607.0,105,298.8,0,0,0,310.1,0,0,0
1588.0,207,297.4,0,0,0,308.4,0,0,0
1463.0,190,298.3,1,0,0,308.0,0,0,0
1441.0,169,299.1,1,0,0,308.6,0,0,0
1415.0,192,300.4,1,0,0,309.9,0,0,0
1373.0,108,299.1,0,0,0,310.1,0,0,0
1333.0,177,300.7,0,0,0,310.7,0,0,0
1520.0,149,299.5,0,0,0,309.3,0,0,0
1304.0,157,300.8,1,0,0,310.2,0,0,0
1558.0,113,300.5,0,0,0,312.0,0,0,0
1666.0,33,304.1,0,0,0,313.1,0,0,0
1367.0,203,299.1,0,0,0,310.0,0,0,0
1608.0,221,300.6,0,0,0,310.4,0,0,0
1350.0,50,300.1,1,0,0,310.3,0,0,0
1314.0,136,298.6,1,0,0,309.7,0,0,0
1839.0,30,301.8,1,0,0,311.0,0,0,0
1604.0,225,297.9,2,0,0,307.4,0,0,0
1513.0,78,297.2,1,0,0,308.6,0,0,0
1378.0,63,297.4,0,0,0,308.4,0,0,0
1593.0,203,298.5,0,0,0,309.8,0,0,0
1540.0,196,303.7,0,0,0,312.7,0,0,0
1397.0,187,303.7,0,0,0,312.5,0,0,0
1573.0,2,300.9,0,0,0,310.7,0,0,0
1696.0,5,303.6,0,0,0,312.2,0,0,0
1708.0,77,301.7,0,0,0,311.3,0,0,0
1599.0,208,301.6,1,0,0,310.6,0,0,0
1446.0,95,302.1,0,0,0,311.4,0,0,0
1730.0,135,302.7,0,0,0,311.1,0,0,0
1335.0,96,298.4,1,0,0,310.1,0,0,0
1423.0,95,301.6,2,0,0,309.9,0,0,0
1680.0,158,304.1,1,0,0,313.3,0,0,0
1899.5,148,297.8,0,0,0,308.4,0,0,0
1355.0,76,297.0,1,0,0,308.1,0,0,0
1665.0,178,298.7,0,0,0,309.6,0,0,0
1336.0,68,300.7,0,0,0,311.0,0,0,0
1630.0,104,303.9,1,0,0,313.2,0,0,0
1627.0,168,303.0,2,0,0,312.4,0,0,0
1393.0,82,303.5,0,0,0,312.7,0,0,0
1496.0,126,297.4,0,0,0,308.5,0,0,0
1556.0,145,302.2,0,0,0,311.7,0,0,0
1375.0,98,303.7,0,0,0,312.3,0,0,0
1405.0,10,303.5,0,0,0,311.9,0,0,0
1766.0,145,298.3,0,0,0,307.9,0,0,0
1881.0,23,301.8,1,0,0,310.9,0,0,0
1752.0,77,298.1,1,0,0,309.3,0,0,0
1584.0,104,304.0,0,0,0,313.2,0,0,0
1621.0,184,300.5,1,0,0,310.6,0,0,0
1472.0,187,300.4,0,0,0,311.2,0,0,0
1474.0,10,301.3,0,0,0,311.3,0,0,0
1519.0,139,303.0,1,0,0,311.2,0,0,0
1564.0,199,300.5,0,0,0,310.5,0,0,0
1480.0,176,303.9,0,0,0,313.0,0,0,0
1566.0,36,298.6,2,0,0,308.8,0,0,0
1341.0,174,303.0,0,0,0,311.2,0,0,0
1449.0,181,302.0,0,0,0,310.0,0,0,0
1340.0,90,302.9,0,0,0,312.2,0,0,0
1693.0,188,297.2,0,0,0,308.3,0,0,0
1329.0,154,302.3,0,0,0,311.0,0,0,0
1532.0,126,300.9,1,0,0,311.4,0,0,0
1586.0,0,296.4,2,0,0,307.4,0,0,0
1657.0,217,303.1,0,0,0,311.3,0,0,0
1302.0,87,300.6,1,0,0,310.0,0,0,0
1488.0,69,297.3,0,0,0,308.4,0,0,0
1377.0,92,299.0,0,0,0,310.2,0,0,0
1272.0,198,300.4,0,0,0,311.8,0,0,0
1457.0,193,300.6,1,0,0,310.7,0,0,0
1386.0,170,300.8,1,0,0,310.7,0,0,0
1440.0,191,300.2,0,0,0,310.2,0,0,0
1681.0,44,298.6,1,0,0,310.0,0,0,0
1506.0,21,300.1,0,0,0,309.8,0,0,0
1597.0,50,301.9,0,0,0,310.9,0,0,0
1556.0,135,302.9,0,0,0,311.1,0,0,0
1477.0,112,299.9,0,0,0,309.8,0,0,0
1594.0,160,299.2,1,0,0,308.5,0,0,0
1414.0,69,295.6,2,0,0,306.2,0,0,0
1325.0,208,302.1,0,0,0,310.7,0,0,0
1843.0,212,296.8,1,0,0,308.1,0,0,0
1723.0,168,298.2,1,0,0,309.0,0,0,0
1391.0,52,302.1,0,0,0,311.4,0,0,0
1292.0,62,296.5,0,0,0,307.4,0,0,0
1401.0,203,302.5,0,0,0,311.9,0,0,0
1709.0,64,300.5,0,0,0,311.4,0,0,0
1523.0,210,302.3,1,0,0,310.9,0,0,0
1497.0,56,297.4,1,0,0,308.5,0,0,0
1380.0,17,304.2,1,0,0,313.2,0,0,0
1716.0,119,298.1,1,0,0,308.6,0,0,0
1430.0,178,297.5,1,0,0,308.0,0,0,0
1349.0,74,298.7,1,0,0,308.3,0,0,0
1622.0,68,302.4,0,0,0,311.6,0,0,0
1880.0,176,297.8,0,0,0,307.2,0,0,0
1582.0,11,298.8,0,0,0,309.7,0,0,0
1499.0,140,301.0,1,0,0,312.2,0,0,0
1333.0,147,299.5,0,0,0,309.3,0,0,0
1548.0,75,303.3,1,0,0,311.8,0,0,0
1397.0,2,300.5,2,0,0,311.2,0,0,0
1385.0,120,300.1,1,0,0,309.2,0,0,0
1544.0,184,300.4,0,0,0,310.1,0,0,0
1500.0,10,299.4,1,0,0,309.1,0,0,0
1899.5,36,302.2,0,0,0,311.8,0,0,0
1662.0,190,296.3,0,0,0,307.1,0,0,0
1760.0,76,301.3,0,0,0,310.9,0,0,0
1790.0,8,301.5,2,0,0,310.7,0,0,0
1338.0,194,302.4,0,0,0,311.0,0,0,0
1684.0,200,298.1,0,0,0,307.5,0,0,0
1444.0,24,299.4,0,0,0,309.2,0,0,0
1387.0,4,299.2,0,0,0,309.1,0,0,0
1445.0,65,302.3,1,0,0,311.5,0,0,0
1541.0,96,300.1,0,0,0,309.6,0,0,0
1639.0,47,301.5,0,0,0,310.1,0,0,0
1492.0,162,302.1,0,0,0,311.2,0,0,0
1578.0,120,301.5,0,0,0,310.6,0,0,0
1521.0,202,302.1,0,0,0,311.3,0,0,0
1533.0,24,300.2,1,0,0,311.6,0,0,0
1697.0,12,299.2,0,0,0,310.2,0,0,0
1577.0,78,301.3,1,0,0,310.4,0,0,0
1397.0,210,300.5,2,0,0,309.9,0,0,0
1335.0,62,300.7,2,0,0,312.2,0,0,0
1535.0,5,302.3,1,0,0,311.7,0,0,0
1559.0,191,301.6,0,0,0,310.9,0,0,0
1467.0,80,298.2,0,0,0,309.1,0,0,0
1529.0,53,298.9,0,0,0,308.8,0,0,0
1567.0,131,297.8,1,0,0,308.3,0,0,0
1518.0,194,295.5,1,0,0,305.9,0,0,0
1630.0,52,300.6,1,0,0,311.6,0,0,0
1453.0,168,299.6,0,0,0,309.5,0,0,0
1410.0,98,299.9,2,0,0,309.6,0,0,0
1482.0,45,298.8,0,0,0,309.9,0,0,0
1519.0,208,301.5,0,0,0,310.6,0,0,0
1899.5,44,300.2,0,0,0,309.4,0,0,0
1421.0,124,298.5,2,0,0,309.3,0,0,0
1899.5,201,299.8,0,0,0,309.4,0,0,0
1366.0,143,303.8,1,0,0,312.5,0,0,0
1576.0,183,299.9,1,0,0,310.5,0,0,0
1550.0,167,297.1,0,0,0,308.4,0,0,0
1378.0,212,302.0,0,0,0,310.9,0,0,0
1459.0,146,298.0,0,0,0,308.2,0,0,0
1424.0,131,301.2,1,0,0,311.0,0,0,0
1403.0,70,296.4,0,0,0,307.4,0,0,0
1398.0,217,299.1,0,0,0,309.8,0,0,0
1521.0,90,300.6,1,0,0,309.4,0,0,0
1410.0,161,301.3,1,0,0,311.0,0,0,0
1532.0,161,304.2,1,0,0,313.5,0,0,0
1416.0,225,300.8,0,0,0,310.6,0,0,0
1590.0,98,300.7,0,0,0,312.4,0,0,0
1468.0,76,300.6,0,0,0,309.4,0,0,0
1386.0,35,303.5,2,0,0,312.3,0,0,0
1495.0,175,299.9,2,0,0,311.2,0,0,0
1561.0,70,299.0,1,0,0,309.4,0,0,0
1588.0,204,297.1,1,0,0,308.4,0,0,0
1502.0,198,298.7,0,0,0,309.6,0,0,0
1324.0,131,302.3,0,0,0,311.3,0,0,0
1416.0,45,297.9,2,0,0,308.9,0,0,0
1492.0,100,298.5,1,0,0,309.6,0,0,0
1318.0,146,297.5,0,0,0,309.4,0,0,0
1567.0,87,299.4,1,0,0,309.9,0,0,0
1680.0,95,298.8,0,0,0,308.6,0,0,0
1712.0,48,297.1,0,0,0,308.5,0,0,0
1509.0,66,297.2,0,0,0,308.7,0,0,0
1559.0,127,297.7,1,0,0,308.5,0,0,0
1635.0,147,297.0,0,0,0,307.9,0,0,0
1650.0,93,299.2,0,0,0,308.7,0,0,0
1284.0,94,303.5,0,0,0,312.4,0,0,0
1378.0,104,303.1,1,0,0,312.4,0,0,0
1829.0,17,297.7,0,0,0,308.7,0,0,0
1494.0,149,302.7,0,0,0,311.5,0,0,0
1678.0,142,300.2,0,0,0,309.7,0,0,0
1899.5,12,301.6,0,0,0,310.6,0,0,0
1542.0,208,298.4,0,0,0,309.3,0,0,0
1355.0,142,298.2,0,0,0,309.3,0,0,0
1306.0,50,298.8,2,0,0,309.2,0,0,0
1451.0,194,302.5,1,0,0,310.4,0,0,0
1475.0,147,300.7,0,0,0,310.8,0,0,0
1761.0,195,301.2,0,0,0,311.0,0,0,0
1750.0,207,300.5,0,0,0,311.9,0,0,0
1744.0,94,300.5,0,0,0,311.6,0,0,0
1580.0,142,299.2,0,0,0,308.4,0,0,0
1782.0,54,297.4,0,0,0,308.5,0,0,0
1532.0,194,303.7,1,0,0,312.7,0,0,0
1691.0,40,301.6,1,0,0,310.6,0,0,0
1503.0,191,303.5,0,0,0,312.4,0,0,0
1433.0,62,298.1,1,0,0,308.8,0,0,0
1495.0,69,300.2,0,0,0,311.5,0,0,0
1460.0,169,299.8,1,0,0,310.0,0,0,0
1581.0,65,298.9,1,0,0,309.3,0,0,0
1325.0,92,302.6,0,0,0,310.2,0,0,0
1409.0,43,296.9,1,0,0,308.0,0,0,0
1596.0,15,298.6,1,0,0,310.1,0,0,0
1420.0,150,298.0,2,0,0,307.6,0,0,0
1431.0,160,297.3,1,0,0,308.6,0,0,0
1478.0,199,299.7,0,0,0,309.2,0,0,0
1554.0,62,299.7,2,0,0,309.2,0,0,0
1513.0,188,299.9,1,0,0,309.1,0,0,0
1488.0,198,299.0,1,0,0,310.0,0,0,0
1544.0,159,298.7,0,0,0,308.5,0,0,0
1357.0,7,298.0,0,0,0,308.2,0,0,0
1596.0,75,296.4,2,0,0,307.5,0,0,0
1321.0,166,299.7,0,0,0,309.6,0,0,0
1425.0,184,303.4,1,0,0,311.6,0,0,0
1461.0,0,300.7,0,0,0,309.5,0,0,0
1386.0,30,299.3,1,0,0,308.5,0,0,0
1453.0,129,301.5,0,0,0,310.5,0,0,0
1546.0,190,298.9,2,0,0,309.6,0,0,0
1546.0,114,298.9,0,0,0,308.7,0,0,0
1585.0,9,304.4,0,0,0,313.6,0,0,0
1382.0,201,296.2,0,0,0,307.2,0,0,0
1355.0,122,300.4,1,0,0,311.4,0,0,0
1538.0,126,297.4,0,0,0,308.8,0,0,0
1536.0,45,300.9,0,0,0,310.4,0,0,0
1474.0,87,300.6,0,0,0,309.4,0,0,0
1690.0,244,299.0,0,0,0,310.2,0,0,0
1512.0,92,296.5,0,0,0,307.6,0,0,0
1761.0,12,300.5,0,0,0,310.4,0,0,0
1360.0,107,298.2,2,0,0,309.0,0,0,0
1488.0,43,298.6,1,0,0,308.2,0,0,0
1431.0,90,296.5,0,0,0,307.6,0,0,0
1517.0,124,302.3,1,0,0,311.7,0,0,0
1399.0,207,299.5,1,0,0,309.0,0,0,0
1781.0,201,299.7,0,0,0,309.2,0,0,0
1351.0,10,302.7,0,0,0,310.5,0,0,0
1403.0,43,298.0,0,0,0,309.9,0,0,0
1388.0,221,303.6,0,0,0,312.4,0,0,0
1727.0,127,301.0,0,0,0,310.7,0,0,0
1409.0,134,296.1,0,0,0,306.7,0,0,0
1440.0,146,302.7,0,0,0,311.1,0,0,0
1464.0,29,300.3,2,0,0,311.5,0,0,0
1517.0,113,301.7,0,0,0,311.2,0,0,0
1462.0,4,298.7,0,0,0,309.7,0,0,0
